yield,tmax_apr,tmax_may,tmax_jun,tmax_jul,prcp_apr,prcp_may,prcp_jun,prcp_jul
4.194061627,26.94488525,31.19171524,33.04782104,34.50531769,197.2272644,133.3863678,137.9431763,186.3011322
7.157391997,19.69148636,23.37956619,27.37834167,28.90687943,64.96595764,128.2302094,273.5812378,253.7940216
9.17085526,16.24800682,21.38882065,25.12904739,27.09906387,81.54554749,136.4491119,167.2242126,122.7377777
7.172859635,19.6135006,23.48887062,27.32250023,28.71177483,59.56999969,123.5299988,280.1000061,241.8899994
9.197967714,17.86322212,22.61749649,26.06964874,27.14673424,89.19959259,138.738678,218.3459625,111.9895477
10.83018658,17.46556664,21.89287949,25.88042831,27.24497986,64.94299316,174.8325043,249.3298492,84.73915863
8.746102742,19.46736336,23.96743774,27.3762722,28.60442543,61.45185471,144.7799988,265.9755554,150.3574066
8.311580032,18.40320587,24.5680275,27.13696289,28.09506226,85.42481995,146.4276428,244.811615,101.935173
8.328031587,19.20491982,24.54771042,28.04529953,29.197052,76.15828705,141.8943024,225.7083435,77.85515594
5.414834183,19.58851051,25.25609398,28.70701599,30.07340431,106.8709564,135.5541229,320.5220337,87.27745819
6.357241745,20.25806427,25.24801064,28.83140945,30.42574883,105.980423,188.7001495,247.2878876,89.60456085
8.934004115,16.77979088,21.8828373,25.39767456,27.04820442,87.20379639,146.1069336,202.7580414,111.5800476
8.882190799,18.60258102,24.14888954,27.26888275,28.19722939,69.64626312,166.9008179,226.0146484,158.0424194
8.987679337,18.57175255,24.71695518,27.36076546,28.42160797,75.8075943,104.4198227,226.8911285,51.45379639
7.715166701,18.45283318,24.82521248,27.39682198,28.46673393,124.1626434,85.77966309,236.8252869,48.85059357
6.306830366,19.14517403,24.96867752,28.23755455,29.59817886,95.89778137,159.1311188,315.387085,114.4570923
7.116269994,18.11394691,24.16084862,26.86159325,27.9348259,60.28500366,136.7992859,237.1004639,153.9819794
5.273986224,20.19907379,25.06809998,28.54444504,30.35573578,96.71111298,114.9333344,218.3222198,100.4888916
7.653000413,19.17149925,23.75870895,27.17099953,28.26499939,54.72999954,143.9799957,244.2200012,167.7100067
6.808324282,20.4334259,25.23789215,29.42068863,30.71232986,175.9161682,87.71035767,187.7563171,155.7616119
6.924747583,19.75427246,24.46866035,28.02088547,29.32815552,89.03147888,167.2203217,243.3314056,245.4957275
7.224158897,17.78058624,23.31776237,26.40335464,27.91951561,73.01667023,129.7922211,326.1159973,124.30867
7.79392201,19.44516182,23.16504288,27.21772385,28.66009903,59.93708038,140.4197235,262.295166,196.1933289
8.903929895,18.96850395,23.21233177,26.99497986,28.25787735,47.62587357,138.0611572,240.2000732,239.8133087
8.615583035,18.08876419,22.8554554,26.48026848,27.59818268,65.556427,127.7973862,234.444397,115.7700882
5.844001109,17.82553673,23.93398476,26.54754257,27.80870438,71.10134888,151.6067963,290.9460754,209.8759766
6.501642214,19.3521595,25.17432213,28.52278709,29.81807137,109.6899948,126.2787704,296.4077759,76.05432129
4.703673752,20.01810074,25.03741074,28.36995316,30.21843338,112.6349945,121.3605576,234.867218,106.6788864
8.332654447,16.55124092,21.90794563,25.35924911,27.35613251,106.6823654,138.609314,216.4462585,123.4731979
4.698281947,17.29789734,23.20960617,26.06673241,27.72714806,76.1969986,134.0905457,362.3131714,142.6899567
9.130282841,18.37864494,23.12662315,26.60419655,27.68813896,58.66694641,136.6551514,211.4631958,144.3363953
7.872039211,17.97200394,23.06117249,26.32516861,27.62565613,83.75789642,147.5457001,243.7442932,103.1290512
9.429279238,17.32283974,22.12792587,25.69520187,26.92905617,77.65200806,158.6855316,257.0718384,116.0486755
7.935375157,18.1918869,23.84613991,26.84436989,28.02585793,60.28419876,132.6420898,262.6731873,161.3357086
7.906844761,19.13331795,24.16458321,27.47345161,28.52060509,59.091362,180.2453461,262.9372864,171.2881775
9.187362761,18.8632431,24.3007431,27.48308945,28.53315544,64.74700928,151.684021,173.8594055,119.523262
6.947800168,19.4330616,24.40870857,28.01403809,29.182724,82.8020401,154.0455627,221.5023956,170.0772247
6.940164778,20.0862999,25.10961342,28.85136032,30.31354904,113.2868881,182.3728943,234.1364441,105.3057709
6.116527861,19.61962891,24.98279572,28.32786942,29.88001823,111.5111084,161.2333374,292.4333496,85.67222595
8.709906084,18.50162506,23.60223579,26.89738083,27.96347809,88.27639008,147.6761169,239.9377594,119.2149963
8.079584779,19.27101898,23.56093597,27.16840363,28.33834839,58.60778809,154.3447876,282.4428711,198.4381409
8.512118425,16.38866615,21.67080688,25.25566673,27.33338737,86.66000366,134.6699982,164.8699951,125.4300003
8.549126147,18.46414757,24.11371803,27.2075367,28.13502693,65.85073853,155.3852692,244.6925201,172.7652588
8.969227508,18.48423767,23.05625153,26.85637474,28.08439636,50.39360809,126.7490387,209.0759735,162.4859619
5.791899941,20.92659378,25.31162262,29.40750885,31.07526779,102.7477722,188.5638885,295.4888916,121.1944427
7.349097978,19.29637718,24.60783195,28.34913063,29.51613235,99.80119324,148.925705,229.8486176,92.83847809
8.12056496,19.46168709,24.14570999,27.57086754,28.78158569,63.63844681,158.8576202,245.9212799,204.7773895
8.886588785,18.64400291,24.49130058,27.46074677,28.60156822,68.67425537,118.7142639,221.6483154,80.87129974
9.425038234,17.14308739,21.80278778,25.71195412,27.12072945,65.2325592,161.0398254,232.3516235,88.7059021
8.269272576,18.74433327,23.68344116,27.13916779,28.1754837,81.35666656,136.1100006,280.6266785,141.5466766
5.038485097,20.23870277,24.98261642,28.42759323,30.35627174,106.5222244,157.0666656,263.1777649,118.6444473
9.704260559,18.5402565,24.39040184,27.28959465,28.2806797,70.11222839,134.0675354,193.5294495,107.3810654
6.445316697,19.88850021,24.16806412,27.76733398,29.2017746,49.61000061,126.7200012,256.3099976,246.2700043
4.948232944,21.1210289,25.44867325,29.68369484,31.46261597,99.74777222,212.984436,293.6077881,120.7383347
5.975743502,19.62756348,25.28985405,28.8884964,30.12831688,126.8586273,134.8776398,294.6486511,79.55382538
8.779445962,18.12356567,22.77758026,26.60242653,27.80301094,74.41333008,122.8050003,219.0411072,128.0655518
8.54730216,19.33405876,24.30133247,27.73006439,28.86824036,63.30561829,166.8269501,226.0232086,134.6218262
7.66103763,18.91008568,24.56346893,27.78136635,28.98211288,77.47567749,119.5627289,228.8271484,63.34518814
5.988283756,20.81265831,25.43462753,29.3841362,30.99534607,97.94577789,178.2099915,269.9559937,126.9082184
9.534108347,16.92078972,21.44291687,25.50435638,27.04380035,45.25992966,174.1335297,225.5538483,66.68978882
8.266634361,19.06833076,24.10657692,27.4927063,28.48580933,70.5528717,157.3605499,334.9868774,170.6912994
7.400733291,18.17952156,24.55091476,26.98552132,27.9319458,91.48742676,159.6553192,245.8204651,109.587944
8.970771537,18.84552193,23.37508583,26.91159058,28.08648491,48.34658813,141.0219879,233.2921295,232.4052277
5.619738911,20.30603027,25.13669014,28.67839622,30.44252586,93.96593475,195.5318451,270.0252686,100.7524033
6.200485933,20.10980034,25.39702034,29.25988579,30.59862518,158.6912689,95.98983765,217.7536774,121.7399216
9.39988938,17.82274437,22.42483521,26.16212654,27.35592079,72.07203674,139.0347137,239.055542,133.6384277
8.572226476,16.79927063,21.49480629,25.52740669,27.09031296,63.29488373,153.7051086,201.1364441,74.29377747
8.55645859,18.60110092,23.87111282,27.18659973,28.12992287,64.97169495,116.3003922,237.1659393,142.5293732
4.364891117,16.8135643,24.04249573,25.74596596,27.37613487,86.00461578,128.0381775,351.5189514,227.8664551
4.834773849,16.69797897,23.85194016,25.67269516,27.29339027,82.50184631,140.6086731,307.3701782,181.2587891
7.607607844,17.3998661,23.87851334,26.37631798,27.53313637,76.12363434,167.3673401,262.4632568,208.4943085
4.813028885,16.95974922,24.07317352,25.85793877,27.32742119,113.3707581,130.8246155,271.6430664,187.2878113
5.861040266,17.41830826,24.22354507,26.65895081,27.68491554,143.3018036,110.1295242,243.9974213,244.6163635
7.059030976,17.09353447,24.18433762,26.34638786,27.60847664,110.9052963,109.9040451,283.6758118,107.6225052
6.128310685,16.91508484,24.20233917,26.15808296,27.49919319,99.02999878,127.2100067,358.8699951,74.33000183
6.51551307,17.26179504,24.23752022,26.47175217,27.56393051,123.8649216,110.8449936,247.3929291,162.5541229
7.963817298,19.92277336,25.46249199,28.87965393,29.84501648,178.3003235,80.28188324,278.2767029,90.39442444
7.562958795,18.79715347,25.21213341,27.41457367,28.45698357,126.8648376,69.74268341,213.5867767,185.8697205
5.386183889,17.21454239,24.24099541,26.15078545,27.50267792,110.8197937,139.0083923,262.3068848,147.2801361
7.386981493,20.2136116,25.4877243,29.07916641,30.01801109,238.6611023,93.0166626,262.5610962,132.4611053
7.022876494,16.26461983,22.99687958,25.37387466,26.88351822,55.18964767,127.8087616,137.0405884,212.895752
7.270275341,17.90446281,24.79199982,26.77513123,27.93986511,117.0699997,85.21444702,228.9572296,124.8227844
6.560872885,16.65867043,23.84339905,25.85052681,27.25426102,83.2547226,117.5158386,313.8489075,97.18000793
7.505904023,20.14814186,25.49565125,29.47244835,30.43120766,192.0105438,96.7950058,230.723877,144.7505646
6.134806864,17.39518929,24.32464218,26.44538879,27.66786385,132.722229,108.7686157,265.2408447,154.4199982
6.145546177,17.83589935,24.63971138,26.80397224,27.97435188,126.227829,88.17023468,227.1417542,172.0275574
6.483206185,17.68851471,24.30122566,26.88325119,28.01707268,143.8209686,88.19277954,217.2797089,285.9058228
6.443339454,17.42035103,24.42056656,26.41900444,27.61504173,129.3854828,109.1134033,248.5312347,116.7126007
6.544874894,16.97195053,24.24137497,26.13428879,27.48973083,101.0895309,142.3780975,284.9312744,76.41951752
6.080312246,19.76916695,25.68128967,28.64583397,29.6295166,163.2700043,60.38999939,204.7400055,210.3099976
4.823474159,16.98437881,23.48476791,26.02778244,27.50271988,72.50933075,163.9841003,355.9082336,150.600647
4.622930278,17.01841545,24.18419075,25.93301201,27.40201569,89.53487396,128.9094391,318.062561,204.3659058
6.590460895,19.90234566,25.51354027,29.07732773,30.03913307,183.4798279,87.3513031,258.3478394,95.69363403
7.56831524,16.47720337,23.23319054,25.55224037,27.0854187,54.99962997,119.6344376,177.0537109,165.8533325
6.88415821,16.14065933,22.74494934,25.33238983,27.26086044,62.73110962,163.7562256,188.7175598,134.2822113
6.843364961,16.07971191,22.84225845,25.22900009,26.71371841,67.92166901,122.6927795,154.3194427,192.9322205
5.823183559,17.32240295,24.28048325,26.3113308,27.59934044,120.4097519,123.8827286,242.7202454,130.0666199
6.54335865,16.47841454,23.31205368,25.56999397,27.12255859,57.51422119,148.4173279,236.2302246,167.6437836
5.627952509,16.80230713,24.11501884,26.0019207,27.38438225,89.19944,115.730278,332.7424927,92.24250031
5.561951735,17.31701279,23.6235466,26.23522949,27.65222168,70.15045166,192.7364349,348.9468689,195.9429016
7.68544713,19.67773247,25.19479752,28.3601532,29.48800659,208.5863037,91.28030396,236.4694824,159.8372803
6.633720917,16.27990723,22.82222366,25.47444534,27.34041214,58.97222137,151.2611084,213.2166748,127.7111053
7.673806896,20.21826553,25.42579842,29.57344246,30.66422844,170.0529633,85.6444397,186.979126,129.3222198
5.321822108,16.7638073,23.65306473,25.86323357,27.36519241,80.21019745,149.3389893,308.1136475,135.4907074
6.010424748,17.18768692,24.33888817,26.19094467,27.43831444,100.8881378,135.5030212,265.9959412,142.471405
7.282469877,18.16385651,24.89332962,26.9354496,28.06200409,115.9334183,91.71310425,215.8275299,171.2803345
6.511262324,18.58989906,25.12822151,27.41031837,28.51111794,119.5234756,75.03491974,219.8243561,216.8640137
6.816694906,16.3623333,23.02322578,25.49500084,27.12935448,51.84000015,148.8500061,182.5500031,170.0399933
6.664045823,19.64924049,25.45180321,28.7197113,29.83119965,165.2711029,87.70815277,210.7322235,78.98519135
7.375865408,17.99419785,25.01508141,26.89765358,28.06189537,140.3309784,55.11717224,209.8922577,116.1609497
7.181399842,18.36466599,24.86016083,27.32800102,28.32709694,121.4700012,92.97000122,260.3200073,45.08000183
5.713605394,16.64648628,23.89730644,25.83421326,27.1936245,77.63066101,94.11799622,301.4511108,109.6964493
7.94284249,17.84051704,24.34113693,26.77623558,27.74522018,90.40916443,138.1159973,238.4351501,171.3218536
6.338497769,20.58611107,25.65878105,29.67944527,30.74856567,183.2888947,93.83333588,215.8444519,164.6888885
6.78077581,17.34766197,24.49311256,26.38472366,27.46009445,126.9696884,132.6394043,236.1997986,109.6971664
6.086923836,17.05023766,23.80455589,26.20089722,27.48735619,87.19400787,136.410141,298.631897,144.1118469
5.630177436,16.55481529,23.66212845,25.57410812,26.93787193,80.56861115,102.9741669,269.5797119,145.1216583
7.4848351,17.24561691,20.75338936,26.69325066,28.14844704,89.80541229,182.4238434,182.6493683,165.4177704
7.20951337,17.49801254,20.74149704,27.04449081,28.57098007,88.60103607,192.3551941,171.9398651,229.5964661
8.665764839,16.04461288,20.68214417,25.29040527,27.01873589,96.20201874,126.1767731,186.1464691,50.77777863
8.078343937,16.99318314,20.31359863,26.43253326,27.63544273,114.6704559,160.5521545,199.6797333,138.1174774
8.141512522,17.22190857,21.37418556,26.07352829,27.59545135,71.27545929,119.3852615,244.2568054,101.4964981
8.724038756,16.79908943,20.99254227,26.07483292,27.45203209,82.79759216,125.1858215,174.8211975,97.06320953
8.816698911,17.19018173,20.9041729,26.30160332,27.66478348,111.832077,139.1159973,224.8271637,131.9431763
9.392529631,16.25169182,20.50188828,25.81554794,27.18502617,95.74880219,139.3242645,135.9549713,95.00189972
9.478538698,16.67153358,20.89327621,25.82395935,27.21191788,72.44668579,123.4111938,181.0905914,70.43041229
8.63008185,16.68920326,20.31369591,26.34168053,27.7211647,96.89677429,121.8705673,95.97441864,119.6786652
8.80042487,16.35386276,20.52877808,25.9563694,27.43733215,109.4135895,114.1624603,141.3475037,113.3644409
8.478098976,16.89678383,20.37789345,26.25547409,27.52128983,116.5690308,142.1163635,157.2333679,108.3513641
9.00359902,16.95437813,20.22661781,26.3658638,27.52533913,118.3111191,152.3428345,191.5529327,160.0003204
8.320820993,17.35751343,20.73043442,26.90122032,28.33301926,97.69826508,150.1564941,157.6008148,137.5698547
8.441035685,17.82270813,22.21222305,26.50214195,27.84386253,63.79423141,160.4423981,227.7644958,83.17816162
8.888795515,15.77621651,19.95401382,25.66781807,27.32877922,115.4416809,125.372879,144.8972778,157.780426
8.920798415,17.0569973,20.63486862,26.74052048,28.03667641,83.92284393,118.7382202,95.70237732,186.1549835
9.241529674,15.82909107,20.14414406,25.52924919,26.99092674,94.90211487,121.4034729,143.6184998,85.47622681
8.783623513,16.74773598,20.56481171,26.48235512,28.21151352,82.6027832,94.03581238,66.11585999,85.93582916
9.929934281,16.16212845,20.78346825,25.27580643,26.96858597,91.30555725,115.0105591,186.6699982,57.2155571
8.885419063,17.70639038,22.15028,26.27793312,27.62333107,64.28983307,165.6217957,239.9315491,74.54871368
9.018293659,17.06160927,20.30156136,26.63319016,27.77498055,123.775444,157.9117889,132.0812378,181.2730865
8.107274401,17.50573349,21.26896477,26.6375618,28.13862801,96.76670837,149.0317535,262.0568237,186.7861176
10.31704187,16.49022293,20.75799751,25.4796505,26.95603943,72.1445694,133.1503448,193.5766449,63.01311111
7.528021808,18.73134232,22.81869507,27.02191544,28.37181473,63.38489914,135.8946533,179.1676331,208.4896851
8.346377918,16.33490753,20.15015793,26.12583351,28.15260887,72.35137939,98.18883514,67.92259979,77.9338913
10.67340373,16.50240898,20.73057938,25.24327278,26.81679535,66.08660126,141.9414063,202.2075806,45.30483627
9.03020716,16.18031693,20.10000038,26.00819969,27.70193291,76.05686951,130.5387726,84.63440704,68.88600922
8.844173731,16.18928528,20.45917702,25.59671402,26.9431572,92.0425415,132.927948,148.6737976,87.42510986
8.673098204,15.81927681,20.05735397,25.58705521,27.15690231,110.7502365,99.94901276,140.5840759,127.0961838
9.356105086,16.21424484,20.25635719,25.88846207,27.45979309,107.659996,121.7824249,163.1576233,125.2841949
7.521745962,18.20403099,21.34680748,28.25133133,29.70717239,100.0363617,185.7280884,191.1473694,140.3377686
8.391193211,17.21387863,20.79388809,26.4430542,27.7428875,116.1989899,145.8925323,216.2141418,120.299324
8.864750412,16.62693596,20.7519989,25.95943642,27.42054176,94.9319458,133.6382904,153.8551788,131.2572174
7.927748121,17.14874268,20.71985626,26.53178406,27.83595848,115.1085129,157.0401459,252.0500336,152.5590057
9.167192595,16.72421646,20.50370407,26.00049591,27.46273613,96.0711441,129.687851,125.8761063,119.1555405
9.392436168,15.89296341,20.00338173,25.78725433,27.38328171,130.7846069,141.8745117,144.4341125,109.2566833
9.487339658,16.64312172,20.61489296,25.99235725,27.45573425,104.2922058,134.0219269,134.0119629,143.9759674
8.298386544,17.74063492,21.10501862,27.60879707,28.97725487,110.4554825,164.4582214,132.3395233,139.4367371
7.695327852,18.68917274,22.63952637,27.00171852,28.42727852,72.05851746,136.0207367,176.1890717,213.2581635
8.926655094,15.34518147,19.74084473,25.27987862,26.8526516,106.7890396,119.6837692,175.8697205,109.6764679
8.588061032,16.60513687,20.31660843,26.12777519,27.60663033,108.0391388,151.1993103,147.1059265,84.27319336
8.930698664,16.77892303,20.22508049,26.53654099,27.66987991,110.4455414,141.4471436,102.8820496,219.93396
8.560688234,17.73327255,21.81218719,26.32049942,27.93955231,85.18151093,140.8819733,224.3157043,127.4428253
9.308019329,17.45364761,21.85062599,26.01023674,27.41932297,62.62123871,173.4624023,234.2011871,80.02197266
8.620712563,17.65745544,21.44464493,26.24317169,27.85048485,76.93963623,97.53688812,215.9608459,179.2053528
7.322785814,18.57796288,22.35806465,26.86518478,28.45806503,84.84444427,137.1555481,173.4333344,192.4444427
8.108204605,18.04811287,22.33164406,26.6797123,28.2004528,84.48813629,132.2976227,171.1782684,120.2383194
8.976483997,17.34459877,21.54769707,26.03832817,27.44668007,66.93144226,149.6419373,220.5962982,54.68610764
7.737378938,18.16849518,22.0898037,26.59932137,28.23718452,97.48291016,148.4420319,177.1364594,142.7071686
9.04073086,16.25386429,20.31450844,26.11098862,27.66883659,99.30531311,150.843277,122.8016052,93.35939789
6.405279133,19.08144379,22.6757431,27.0553894,28.56686401,46.73555756,143.6755524,217.7188873,219.0666656
8.529663168,17.37162781,21.60032654,26.18884277,27.70501137,79.45553589,126.3891907,239.1047974,76.07630157
8.030741059,18.52136421,22.75854301,27.01366615,28.37939262,66.99889374,141.9981537,163.8566742,185.4833374
8.967459409,17.46944427,20.62976074,26.68263054,28.7614212,36.35139084,112.0890121,109.2512436,87.78103638
7.09334726,17.59667969,21.24152374,26.84282684,28.43615723,85.22727966,160.6593323,183.7085876,173.016922
8.335569673,18.25724602,21.9093914,26.603508,28.28479958,86.29127502,113.8874817,193.2490845,190.6805115
7.479629081,18.12398529,21.70165062,26.52344513,28.20271873,78.84289551,104.2271042,212.3994293,231.3779907
8.519345934,17.09830093,21.08010483,26.06760597,27.54874802,91.30505371,116.9605103,195.7384186,201.2242432
9.382331053,15.25765133,19.54023552,25.21082306,26.85192108,118.5909729,119.7434235,182.6399384,161.0220642
7.475352125,17.72154045,21.05938911,27.61087418,28.82591248,102.5759964,137.925415,109.758461,142.7890778
7.644880657,17.7352047,20.93258095,27.48065376,29.02876663,95.66215515,165.5143433,175.4316711,163.7818146
7.889009449,18.15744781,22.64621544,26.8385067,28.15776253,60.82374954,165.0180511,196.918045,136.2111206
9.001702167,17.15719223,20.74568367,26.70970917,28.3643322,67.94464874,106.8694229,71.34011841,106.1432037
8.864074461,16.73492813,20.18215752,26.28253937,28.28980064,57.68294525,109.4443512,80.68021393,87.55332947
6.910241566,17.99727631,21.0489521,27.77359962,29.27838326,99.46363831,187.668808,204.0740662,210.6898956
9.078155573,16.54001045,20.37938881,26.23070526,27.83297539,94.21827698,126.4643555,98.34924316,79.84149933
8.824146541,17.86889648,21.20889091,27.23586845,28.65198898,59.95453262,100.0021667,97.51622772,132.064621
9.058155359,16.73810005,20.35280228,26.26929855,27.70397568,106.1284943,126.9493637,136.1585541,83.99846649
7.930826236,17.55917358,21.35724449,26.37902069,27.94121552,86.73809052,130.6703033,229.4924927,201.3309784
8.539053655,17.53443718,21.45169067,26.10128593,27.71369553,88.02776337,107.7366638,246.7746277,159.6906891
6.352779125,17.74337196,20.82853699,27.09680748,28.62513161,76.57037354,179.2215424,176.334671,263.0697021
9.009412409,16.76238441,20.14983749,26.31224632,27.51276016,113.8783798,136.3124084,130.6984406,166.317276
9.045802857,17.99203873,22.55570793,26.61344337,27.83322525,51.34223557,154.2604523,237.7354431,139.2510834
8.452443057,17.31789589,20.63880348,26.84289932,28.10606956,127.3810043,151.6948547,165.7749634,132.3972015
9.552089131,17.92818642,21.23542976,27.11121941,28.8838253,48.99793625,104.5467224,87.55373383,90.75321198
8.337377683,17.14865494,21.01980019,26.16757202,27.64320183,98.41552734,120.3010864,192.0426483,196.7806854
8.259594682,17.00226212,21.09077644,25.97095108,27.46935463,73.19803619,113.5157013,208.3188629,140.7723083
7.01742741,18.11037064,21.58843994,26.66620255,28.38073349,81.41111755,106.5999985,181.3166656,273.1499939
8.515260011,18.23673058,22.3945446,26.76783371,28.30610847,92.67932892,133.3283997,171.8984528,163.8456116
8.779414627,16.83976746,20.45534515,26.12689972,27.51028442,117.6068802,148.3950806,149.0807495,96.35863495
9.163348788,15.6185112,19.95454597,25.67839813,27.31095886,129.6140137,132.9525757,135.5068054,115.0738144
9.177226524,15.83393574,20.34536362,25.33665276,26.98204231,97.64099121,130.5231628,175.3282623,71.19380951
8.808318707,17.56258202,20.95384789,27.31908989,28.45193672,89.07160187,123.7737427,105.4967575,197.0532227
8.77240813,15.32206917,19.60448647,25.3442421,27.04324913,132.5298309,124.4841766,180.4558868,157.7307739
8.839689686,16.32546997,20.198349,25.92862511,27.44901276,107.2117844,131.9865875,142.0942535,99.29979706
5.702393599,19.53979111,22.12590599,29.15219116,30.23997498,68.13578033,263.5346069,226.2377319,179.2730713
7.030514103,19.04534531,21.87068367,28.70013428,29.89521408,67.40154266,247.0039368,258.3705444,173.7939301
5.533190562,18.5591011,21.52322006,28.69861221,29.96302795,71.14550781,165.6636505,242.4634705,145.3199463
2.617682825,20.61833382,22.57054138,31.95422363,32.95951843,79.21338654,219.9267578,88.23232269,108.9002533
4.363895636,20.00907326,22.38637924,29.48907471,30.58064461,98.2555542,271.1222229,119.7222214,140.222229
5.909387045,18.58875084,21.41319466,28.44186974,29.65815544,55.82577896,194.3536377,256.802124,149.8039398
2.242707951,22.11708832,23.01213646,32.61618805,32.97105408,95.78134918,296.5050354,63.11583328,210.7776337
4.92676946,19.15340805,26.20161247,28.42935562,29.10447311,254.8409119,77.92045593,189.7045441,251.2272797
6.565264081,21.67486572,26.16795349,29.99672699,31.37926292,236.5800018,158.2040405,49.08585739,189.1816559
6.806005951,20.89520073,25.73663521,29.55660057,30.77723885,215.2858429,90.97912598,173.1296387,204.8367157
6.417478403,21.7230587,25.5343895,30.66703415,31.69386673,211.8206024,198.5479126,59.99088287,206.5687866
4.925326467,19.80611038,25.96863747,28.62333298,29.24444389,302.6666565,72.26667023,179.7444458,271.6777649
6.152101796,21.5970974,26.51287842,30.1201973,31.39763451,210.8564453,116.5892792,92.77082825,186.390274
6.947019474,20.84759331,25.92598534,29.20536995,30.14569855,212.8444519,68.19999695,159.077774,151.2333374
6.204878529,20.04185104,25.96827888,28.94888878,29.62616539,279.2666626,43.64444351,178.7111053,258.3333435
6.095152192,21.4749794,26.5544548,29.97504616,31.24484825,196.3610077,97.91656494,89.3731308,191.8191833
6.319267605,21.57416344,26.30879593,30.01941872,31.37903786,253.24646,165.1593933,74.18384552,201.0642395
6.568572499,21.84454727,26.09623718,30.07033157,31.44015121,236.2789001,125.7833328,85.42500305,274.1900024
7.577938891,20.76814651,25.4826107,29.76919937,30.9101963,196.334549,93.89194489,184.7000427,184.4567108
6.808423249,21.55421829,26.66679764,30.10148239,31.45186615,218.5626221,87.01161194,95.19444275,185.8146362
5.500842179,19.70777702,25.94892502,28.75203705,29.31827927,310.6555481,86.5,157.2555542,265.2555542
3.394137154,25.81919098,29.24079514,32.18064117,34.69729614,227.4141388,237.9090881,160.9393921,68.10101318
3.406910183,25.46722412,29.05268478,32.38813782,34.67028427,157.794281,245.6256561,135.6096954,73.73480225
3.563298148,25.46228981,28.99625206,32.26380539,34.46611404,135.808075,221.3939362,102.2121201,93.16161346
4.907260154,24.76901245,28.61213493,32.44319534,34.46408463,145.7169952,179.0956268,105.9202042,116.3910751
7.114586932,25.32626343,29.03341866,32.63282013,34.73054886,143.3686981,248.9707184,117.2468033,69.21717072
4.43125177,25.03303528,28.90185547,32.6269989,34.60584259,150.5732422,222.1021576,105.2164078,58.98825836
6.263808615,24.65408325,28.26257133,32.22812271,34.35968018,121.5306244,200.6206055,126.7017441,109.8470154
5.378900068,24.93064117,28.62895203,32.47205353,34.55702209,127.9242401,232.2727356,152.3535461,68.07070923
4.376800842,25.30371094,29.16298485,32.68586731,34.58565521,122.4201965,199.6631317,95.64898682,57.432827
5.587690344,24.78713989,28.48290062,32.39245224,34.47726822,134.2528839,189.6088409,131.3377686,115.29039
7.024334264,14.31886292,21.94110107,24.37465096,27.14318848,75.73244476,89.31666565,110.3948822,63.28710938
6.188314447,15.69666672,23.05387115,25.23450089,27.05290413,66,120.3099976,213.3000031,120.2399979
9.017045769,11.61434555,20.49703979,22.460495,26.11773682,62.65096664,70.43806458,99.48525238,71.05838013
5.659421219,13.81166649,21.76435471,24.28483391,26.99725723,84.18000031,97.66000366,126.0599976,55.54000092
6.366519525,15.75635052,23.46833992,25.30789375,27.51232147,60.17713928,122.7456589,228.1147919,103.215126
6.012910224,15.43391609,23.29252243,25.24594688,27.7039566,62.5595932,132.6184387,236.4025726,80.15492249
6.715419847,13.7966671,22.30532265,24.55183411,27.5324192,61.77999878,86.34999847,120.1399994,49.93000031
7.046427018,12.16696835,21.31207466,23.08164406,26.6315918,49.45701218,84.96602631,99.47653961,61.08766174
7.722661362,13.28145027,21.90887451,24.04366302,27.14743805,61.76586151,78.15005493,115.7883453,59.68564987
7.889972597,14.45143127,18.98566246,24.96729851,27.27504921,34.69191742,140.997467,109.8055573,184.0176697
6.426510984,16.10194778,19.04779625,25.95783043,28.11870766,17.5589447,158.0820007,47.93575287,102.8838654
8.621987107,15.92417812,20.27628708,26.05850983,27.72813034,65.74823761,152.765625,138.6768188,134.1546478
8.203129467,15.98424816,20.04066658,26.10383034,28.0460968,40.91991425,138.199234,129.5363464,104.9958496
8.856593004,14.73744297,19.10823631,25.39618874,27.22053528,52.02845383,134.5816498,109.6141434,170.4720612
8.394635424,16.21260452,19.96642876,26.51104164,28.50648117,25.07828712,167.9619446,81.74685669,116.447464
5.541699832,15.50529861,18.6706295,25.39020348,27.93254089,33.02472305,154.1292572,89.97934723,97.84970856
8.489043299,15.86940289,19.57744217,25.68604469,27.7002449,41.58769226,146.4971619,125.3874741,101.0584946
9.352876579,15.02651119,19.64661789,25.26779366,27.20922661,64.73506165,108.5662231,163.9131165,203.3137207
8.943703039,14.6434288,19.09256363,25.00203133,26.56904221,101.6350784,131.032196,170.2989807,142.7926636
9.105798658,15.87294674,20.31811714,25.98584366,27.60452271,87.94646454,131.8852539,121.006752,109.5491486
9.024825996,14.94040394,19.42500305,25.01567268,26.5667057,123.7912521,134.947464,169.2619476,113.8885498
8.87271699,15.10808182,19.5240097,25.34604263,26.9386425,123.0919724,123.5766754,191.7497101,145.689743
9.357024008,14.74795628,19.24742699,24.91612816,26.64539528,71.49443054,114.7789383,158.4908752,139.5209808
8.440454388,15.96979523,19.67791557,25.71240807,27.7355938,52.74248886,149.6605835,81.38723755,78.31430817
8.449752772,15.21982193,19.32596207,25.68564606,27.54607964,32.06587219,127.981514,94.52472687,99.73167419
7.084803854,16.50826836,19.69525909,26.5357914,28.58477592,24.05530739,146.605484,71.3370285,106.9804459
8.246505955,15.29681015,19.63760376,25.66784859,27.34414864,68.12690735,132.9902496,116.9099655,201.1024933
8.153985805,16.32497787,19.78610611,26.17564011,28.51982498,19.61300659,138.7885742,117.1943817,100.207695
9.209884903,16.08631897,20.16386986,26.01766014,27.70749474,60.72240067,157.4519348,89.10903931,82.72384644
8.438940927,14.78386116,19.04245186,25.46975327,27.22239685,39.02450943,141.4149017,89.96997833,128.1541443
8.717725884,14.36058998,18.88709641,25.06093788,27.46370888,24.77083397,121.2083359,98.86458588,132.3333282
8.648646159,14.71885395,19.10939598,24.9365406,26.48940659,132.6641388,136.3787842,195.289856,151.5878754
8.386296188,16.03973007,19.45815277,25.68157387,27.76260757,33.86170578,152.9866638,122.7174759,136.5914001
9.273154954,15.52223301,19.71247101,25.87892532,27.56011963,50.89237213,145.7776642,118.9458694,145.8581085
8.463570532,16.34390831,19.69905663,25.87125015,27.91752052,44.56727982,133.5819855,100.3110809,100.2268448
8.447058125,14.89146423,19.54543495,25.12778473,26.62533379,122.0566788,143.5597076,151.6971893,130.2123413
6.378306552,14.94130993,18.43821716,24.78724289,27.30348206,28.5024929,175.2394409,116.9650269,77.66631317
7.437478306,15.29135704,19.07665062,25.45834923,27.59230614,32.50944901,161.9610901,95.6459198,101.3167801
8.24598993,16.19896317,20.09631729,26.36382675,28.53691864,27.43429375,123.247818,109.8964157,95.78840637
8.224724577,15.60488319,19.6777401,26.06007767,27.98910141,28.08400917,139.1580353,94.40435791,92.65234375
8.62759227,14.99467945,19.36544991,25.3660717,27.08341408,68.10504913,114.9585876,131.5043793,186.1457977
8.801179757,16.93193626,19.9922657,26.15661049,28.29406738,31.93276405,126.6826553,105.9930496,103.0424118
8.303940157,15.10867405,19.35381699,25.69262886,27.35876083,43.85504913,133.6721344,95.10648346,133.2528687
8.155856084,14.60675716,18.80910301,25.02726555,27.07954597,38.41333389,140.131485,138.0858917,150.7046051
8.983579933,14.89726162,19.30078888,25.31601715,26.92934608,90.00562286,121.497345,182.6425323,150.1578064
7.660286919,15.81234264,19.22532845,25.79336548,27.94949913,29.74989319,172.9051514,71.64339447,95.38040924
7.774610183,16.03193665,19.66058922,26.25324631,28.23215675,28.07130814,162.986908,87.5480957,98.50330353
6.60588035,16.01724052,19.08002281,25.68226051,27.97157669,20.68689728,187.7177734,94.61086273,77.40149689
8.876296494,15.28601074,19.68642044,25.63105774,27.25145912,77.75241089,121.562706,170.1353455,164.0953979
8.935287759,16.02869225,20.07686424,25.97085762,27.835783,51.83947754,146.0829315,112.0525742,90.87454224
7.791610959,16.43852615,19.92666245,26.43695641,28.73045158,21.7537365,154.2285309,93.89984131,97.18143463
4.173365154,23.94503212,27.83016205,32.15123749,33.68722534,167.6138,184.278717,43.75120926,84.58354187
5.019449144,24.83006096,28.64878082,32.19935989,34.10651016,138.0518951,206.190033,91.28610992,63.87664413
4.501197578,24.71694565,28.59354782,32.41675949,34.27768707,135.805542,166.9777832,82.1444397,107.7388916
5.756907334,24.33599091,28.20529366,32.02250671,33.86706543,171.7031097,164.5857086,65.87393951,56.26753998
5.120925888,24.24708366,28.32318497,31.93520737,33.85806656,154.6499939,114.1125031,69.33750153,50.95000076
3.172567115,23.91316414,27.68387604,32.12772751,33.53419113,182.7505951,170.6031952,63.99174881,126.3643875
5.82178709,24.78525734,28.65631676,32.32343674,34.2424736,135.795517,188.4060516,80.52020264,82.19062042
4.044466132,24.20492744,28.11799622,32.12617874,33.78695297,161.2159119,175.7801208,54.16207123,58.18505859
4.212118174,24.08445168,27.99706841,32.20038223,33.78268051,210.116333,194.3104248,65.56481171,105.5526962
5.0522248,24.38716125,28.27461052,32.21095657,33.97336578,145.7867432,189.9815826,76.33705902,93.17698669
5.026848068,25.09313965,28.97527695,32.48247528,34.44635773,144.3131409,172.3641357,118.6388855,63.9515152
4.391985168,19.80086327,23.12354088,27.68966675,29.36407661,75.58742523,186.6469269,345.3694153,178.6303558
5.123249739,20.41013145,23.56070328,29.82831192,31.35357666,102.7146454,269.2519531,199.2521057,131.1669159
4.226368313,20.31016922,23.62338066,29.63816833,31.22682953,107.4154663,257.5735779,189.4760437,145.5757446
3.607107865,21.98073387,26.05150604,31.50280571,32.57098389,157.0339203,174.2166595,68.94464111,147.0090942
4.564351205,20.22425842,22.85017967,29.17740822,30.80358505,108.7333298,233.1888885,193.3666687,141.8222198
6.262080062,20.04337311,22.73562431,28.5860157,30.19577789,85.45616913,206.0806122,257.3335266,168.0186768
4.916751413,20.50884819,23.30943871,28.39753151,30.19534111,80.14814758,185.1358032,286.7654419,192.1358032
5.467344354,18.52342606,21.23380089,27.96384239,29.31997299,88.89630127,245.3913727,170.1711731,296.4704285
4.202847967,20.33440399,22.9494915,28.59651184,30.31473351,96.07249451,193.7275085,265.0783386,104.7801437
5.59389189,19.78333282,22.21516228,28.95866585,30.01822662,74.05000305,302.6199951,282.5599976,283.1199951
6.993982739,20.20989799,22.9936676,28.55682373,30.12584305,90.55469513,202.0131836,228.2393036,213.4322205
5.622271722,20.48900032,25.02000046,28.80450058,30.28338623,111.6900024,119.2399979,242.8200073,144.4499969
2.319320136,18.10362053,20.75740242,28.32238007,30.47826958,86.64573669,112.8069534,183.0000153,89.10501862
2.388641837,17.69399452,20.23335838,26.90484619,29.14888763,53.19584656,113.7548218,142.6799164,113.9046326
2.62279328,17.67747498,20.32039833,26.93276024,29.22996521,57.29650879,105.8551636,102.1237793,115.0784836
2.311409544,17.87421989,20.38512611,27.94373894,30.59290504,80.61052704,72.35716248,170.0297394,51.06509018
8.192449792,17.92586517,21.23128319,27.8032608,29.28470612,103.2528,144.8946686,119.4344406,142.1627502
3.063420948,17.73320198,20.69583702,27.3556385,29.278162,101.9667892,151.4382477,154.1568604,87.79351807
7.488530493,18.00770378,21.06441307,28.053936,29.63271141,90.27172089,214.2294769,160.8144379,138.9704132
3.344327574,17.94538307,20.83036804,27.26241684,28.82875824,44.70609283,77.5861969,101.0677414,118.7022781
2.49983108,18.34122276,21.15277672,28.46762466,30.33599472,70.38614655,129.3659363,229.5063477,108.6276703
3.624596411,17.83688736,20.87781525,27.30857277,29.18699265,98.0920105,131.7828674,155.0303802,100.0983429
3.94536948,17.77852249,20.92705345,27.31927872,28.94829941,97.45108795,119.2832642,132.8448486,141.9877777
8.532166444,17.94101143,21.07232094,27.63586044,29.36455345,99.88318634,170.3289337,134.1528168,146.793808
2.468098168,18.43439102,21.43460083,28.3825798,30.0201149,67.33161926,164.078064,254.2806854,116.1757813
2.693689489,18.27496529,21.35330391,28.33080482,29.75122643,79.94578552,196.3653412,251.0920258,122.4817886
10.88908442,18.03725815,20.68356323,28.10773468,30.49900627,95.58855438,79.47670746,203.7553101,72.19924927
3.37129643,18.09383583,20.87916946,28.04868507,30.0144043,91.17648315,104.0243835,201.3738403,107.4727173
9.84180157,17.60753632,19.82249832,27.1185627,29.87041855,57.19796371,102.3805008,126.6139069,115.9464264
2.535365617,18.52861404,21.65576363,28.68861771,30.17915726,81.35700989,201.7750854,297.3962708,92.9419632
2.253974855,17.85411263,20.35391617,28.07248878,30.37255287,90.79499817,101.4402161,176.1493378,67.82372284
4.5737234,17.74398994,20.3418541,26.96002007,28.72843361,36.28892136,91.97763824,94.43824768,117.8512344
4.264926015,18.16786575,21.16450119,28.17803955,29.80373192,73.32588959,270.6851807,228.6522522,92.76655579
3.121607976,17.58627319,20.47756386,26.83223152,28.84630966,60.30102539,101.508728,135.4310455,117.1535416
2.072036272,18.13139153,20.86747551,27.88116074,30.01226616,76.32355499,91.41917419,152.4101105,108.2897568
6.971994153,18.47735786,21.5725193,28.4350605,29.77571297,79.64048004,217.8098145,194.7441559,178.5697784
6.57856698,18.27683067,21.35066032,28.35277748,29.8344326,86.73898315,238.8737335,221.9953156,143.4366608
3.720487137,18.28253365,21.29839325,28.21484947,29.5079422,73.84797668,210.884613,249.718811,162.1112366
3.326670742,17.79304123,20.12897873,28.07107162,30.38469505,68.69517517,100.7451324,147.3392944,76.33926392
2.858237535,17.61423683,20.39449692,26.8341217,28.69387817,44.90978622,107.0884628,145.8123474,117.610817
3.020446539,17.77179909,20.67368889,27.13378716,29.17568016,85.78234863,121.5272217,150.5439758,82.39993286
2.575735256,17.90846634,20.78669167,27.50831985,29.45317459,101.3736115,99.85176086,170.4453888,120.9116364
4.227981149,18.78790665,21.78218842,28.56032753,29.84766769,82.98989868,196.5505981,253.78862,176.4386597
4.639999892,18.38386917,21.4395256,28.31511879,29.85853958,70.33763123,257.2080994,316.1637268,64.27452087
3.181434404,17.92781067,20.91410446,27.746418,29.52116776,102.0408783,215.3381042,155.3039246,91.36559296
2.663386524,18.08150864,21.09638786,27.9327507,29.61882973,75.52653503,205.2905579,239.5996857,80.80999756
2.54056918,18.64725685,21.7041893,28.97909355,30.56737518,78.11314392,230.5765533,270.1911011,82.41407013
8.906418205,17.57620239,20.59713936,26.92143822,28.5639267,58.78217697,85.17511749,157.4311676,113.9757614
3.511843552,18.14518738,21.09404755,27.99657249,29.75888062,81.31490326,144.4110565,208.2602997,111.901535
4.832729484,22.314394,27.59420776,31.7742424,31.99578476,136.4204559,99.85227203,185.3068237,118.3863602
4.071494342,15.5160675,18.39455986,25.43253899,27.83474541,16.55070114,170.1056824,86.90764618,48.35696411
2.124536427,13.68910217,18.24364662,24.76480103,27.61101913,14.86481571,81.14945984,100.969162,71.15061188
4.851839517,16.07422829,18.79550552,25.74627304,28.18452072,21.97135544,188.2733459,103.0944748,88.81739044
4.005361735,15.42523193,18.11804962,25.3239727,28.39361382,16.4027462,160.6560669,112.2155075,44.65865707
4.099268319,14.65624714,18.28109932,24.88134766,27.26667976,22.39090157,139.0720367,91.87582397,135.5423431
2.592253738,13.83684635,17.57189369,24.3737793,26.55153656,23.01866913,142.6684723,98.21855164,151.2798767
3.729837256,13.97481346,18.57190132,24.32851028,27.01198959,22.16293716,137.2297974,110.8642273,100.9857483
2.902051499,13.17486858,17.6358223,24.1266613,26.61898041,19.01108932,124.3548279,82.05414581,105.3308258
5.445524001,16.41451073,18.91470909,25.99984741,28.5712719,13.43320942,175.4791412,99.61859894,43.26934433
5.912289509,16.23695755,18.88093948,25.70837212,28.31715202,17.08424377,189.3069153,94.68170929,67.11631775
5.282041021,16.31847572,18.69475746,25.93260956,28.59879684,12.11178684,175.1158905,65.7853241,61.09467697
4.248854221,14.91602325,18.07165146,24.93931961,27.16381836,21.49102402,145.8591461,94.82847595,89.83354187
3.268542263,13.93369293,18.16970253,24.429245,26.9313736,22.5790062,136.8868561,93.91830444,130.607132
3.130991843,14.07105923,18.24303818,24.81236076,27.82727051,22.5633564,88.74518585,118.2597122,73.63569641
3.199116963,14.49610901,18.40632248,25.08972549,27.8377285,6.90162611,126.6903152,77.18822479,85.17627716
4.910152957,16.82575989,24.32381821,25.93088722,27.40608025,88.67705536,142.4076538,318.449646,159.9789276
5.415089888,16.88455772,24.38677788,25.96426964,27.30694199,98.25590515,135.8286285,319.9122009,178.1752777
7.348342878,16.792696,24.78422546,26.09702682,27.14209938,130.9975586,79.37186432,211.993927,133.9688416
7.377496662,17.19795418,24.85602379,26.25388908,27.23804665,146.0997467,72.80934143,282.5181885,166.1368713
6.802786228,17.88782692,25.36236191,26.8326416,27.6817627,140.4156647,55.20643997,258.1074219,160.0823212
6.735819176,16.22102547,24.3711853,25.92385292,27.55759621,102.0301132,100.5494003,188.625061,94.04431152
7.007085839,17.29200363,24.57085037,26.36310577,27.48340416,109.3321228,96.66909027,212.4485168,182.7958527
4.596349711,16.53828621,23.76197052,25.80288887,27.53231239,64.89359283,146.0543365,245.8853302,115.4099426
6.957800453,17.72425842,25.18064499,26.5644455,27.83763504,105.5666656,112.4444427,205.3333282,132.4777832
6.945644417,17.76835251,25.40839005,26.726717,27.67846489,129.1324463,42.96615982,238.0815582,130.7501221
6.673064884,16.03043175,23.62165833,25.5551281,27.50842857,62.63377762,125.022522,223.5814514,133.6059265
7.507211604,17.56172943,25.09150314,26.51620102,27.50318909,149.8396301,64.07601166,279.1179199,178.7583313
5.420509648,16.64620209,24.39790154,25.93639565,27.42643929,81.8164978,112.3760986,228.0265198,127.7858887
5.035877067,16.63121605,24.5528717,26.02965736,27.34616089,97.43497467,105.6663208,261.2001648,132.4657135
6.121233974,16.49786186,24.04447937,25.83280373,27.62670708,72.64112091,141.3774719,236.2661591,133.4998932
5.811939861,18.03186226,25.57526779,27.00537109,27.75258255,154.0137329,46.10141754,229.8319397,168.6254578
5.849335252,15.79805565,24.01048279,25.64638901,27.42580605,96.03888702,105.6611176,177.1777802,121.4444427
5.807591011,16.74110985,24.60149956,26.01348686,27.19690132,109.2045517,112.1626892,243.2451172,149.2131653
6.622039313,17.35061073,25.06606483,26.45385742,27.44591522,123.3703308,66.61104584,268.8016968,144.6324005
5.783183515,16.69486809,24.79091835,26.25454712,27.59544182,115.335083,114.2033997,206.6854095,111.0319595
5.315097664,16.98052597,24.27232552,25.97630119,27.37519455,88.77165222,154.8822021,323.4743347,226.0241852
7.110467104,17.02937698,24.67979431,26.1977787,27.28133011,120.117424,94.42399597,205.171463,145.5434265
6.400686497,17.73191643,24.88138962,26.76865768,27.77041245,129.9049988,69.45944214,205.347229,118.7988892
4.227740316,15.58354187,23.63248634,25.40318298,27.56115723,79.8057785,112.7146378,263.127655,104.5051575
4.537980576,16.69914436,24.01389503,25.85878944,27.66072655,75.80697632,150.0019531,305.3727722,161.5293579
6.725870975,18.19222641,25.8889904,27.00191689,28.0987072,122.3424301,51.85344315,188.1127472,115.0647278
6.5160426,17.57012558,24.70587349,26.65881348,27.68677139,142.1954651,86.08081055,224.0919189,108.8707123
4.773798609,16.80632782,24.29107094,25.95075226,27.58059311,94.10681152,140.2751617,287.3465576,170.5563354
6.233448964,15.83390999,23.94779587,25.56236076,27.48655128,86.50784302,111.1857071,229.400528,145.710022
6.340567515,16.0680027,24.14908218,25.73084831,27.47742081,86.89021301,98.46334076,189.7401428,137.1016235
6.025675432,16.85582733,24.49752808,26.05281067,27.22147942,107.7290039,110.7956085,275.9150085,175.1233215
5.62821419,16.88831139,24.93880463,26.32291794,27.47967148,113.6945419,96.76261902,198.3525085,112.9004059
4.175600948,16.80824471,24.1592083,25.85357857,27.5031414,85.67422485,155.6762085,354.1716309,236.3685455
5.808419978,16.06296349,24.54007912,25.74259186,27.52948952,96.1818161,124.515152,182.3333282,90.62625885
5.941622452,16.19240952,23.4356823,25.64016151,27.39399147,61.85838699,135.2697449,222.4790039,119.3993683
5.516560785,16.2788868,24.10847855,25.69238472,27.56335258,73.8786087,144.7035065,218.4394531,131.4527893
5.920485058,16.52129555,24.54901886,26.06491661,27.57808113,88.21372986,102.6761017,207.6160583,115.4358368
2.190260022,22.03300095,23.38209724,32.74133301,33.48467636,134.9700012,279.7799988,53.97000122,118.8199997
1.800174724,22.27499962,23.27688217,32.81759262,33.25501633,96.3666687,300.1222229,52.61111069,218.1000061
9.731378307,17.78911018,26.41046524,26.80028534,28.8853569,50.7443161,70.3863678,199.6534119,109.6306763
8.62102644,17.2327652,25.98332024,26.21742439,28.51961136,78.11363983,95.03408813,248.25,68.60227203
6.586482191,18.00357819,19.93177032,27.1818676,29.73800278,17.1933918,142.5715332,119.7928162,97.81194305
7.460292958,16.15403938,18.82413864,25.4188633,27.78847313,17.42245865,130.8656311,96.0898056,123.9377289
6.014285064,17.21992874,19.08372307,26.69276619,29.32414818,12.48143482,184.8520508,71.56536102,101.0998383
6.008179516,17.85331154,19.57560158,27.43273926,30.33276939,17.54878807,128.5038605,86.05197144,153.5892792
6.435677164,18.0954113,20.05808258,27.60916138,30.21693802,32.89044571,116.0456085,74.84949493,123.6128693
8.192364267,18.42743874,21.44466972,27.65715027,29.26571846,39.95904922,76.31256104,83.55690002,152.9262848
5.296847972,17.26776505,18.90745354,26.63975334,29.67913818,14.0304718,173.8815765,73.57369995,91.47348785
6.976287977,15.99416733,18.62174034,25.73199844,28.05641937,17.82582855,115.6035995,59.00392151,117.9438477
7.141688086,16.04390907,18.4706459,25.56171036,27.94956589,19.8732338,109.1212158,106.1091385,124.6552734
5.821406759,17.5004425,19.25845909,26.88565254,29.8768177,15.82520676,173.8448486,113.9530029,91.29190826
6.871377159,18.35751152,20.78952789,27.55143356,29.50959587,38.77732086,125.4853745,97.62753296,110.6578293
7.372039401,16.86351395,19.31988907,25.8057518,27.94716835,20.24217033,113.2341156,114.966568,133.0281982
7.735283776,17.94998169,20.98769951,27.01411247,28.92360687,31.44692802,97.97640228,95.69628906,104.9557877
7.164185838,17.69283104,20.18356323,26.62719727,28.59640884,33.35431671,102.7563629,98.96575165,136.6597595
8.320842188,17.26269341,20.07725716,26.2529583,28.34690094,30.9716053,121.0038834,108.0968094,119.3973999
8.37753406,16.61882782,19.37278175,25.7089653,27.94498253,23.83143806,128.9658508,128.9383698,144.544342
5.976437461,16.81022835,18.73732758,26.20737076,29.8331604,11.97558975,170.5644989,81.74316406,73.71443939
5.90249261,15.97168541,18.59449387,25.6410408,28.17173195,17.16365433,150.7476196,58.63990402,110.5008163
6.284934483,18.34007645,20.47031021,27.40909386,29.77219582,21.47727394,134.6739655,132.2196503,95.10044861
5.798642877,17.65090179,19.38965416,27.00821114,29.59512711,14.2346735,161.7031403,79.30262756,103.4128952
7.783699479,18.06794357,20.8444767,27.17627716,28.99441719,29.11538124,87.28672028,95.00218964,119.2227325
8.015042627,18.3192749,21.42980957,27.53548241,29.03904915,50.93583679,91.23155212,93.61213684,127.7887878
4.163620345,22.38689041,26.19382858,31.2018013,32.41996002,131.0500946,186.1048431,91.11454773,113.490921
4.446464057,22.93629646,26.59480286,31.38907433,32.75698853,135.1222229,173.4666595,52.7444458,97.71111298
4.869106323,22.22303581,26.00653076,31.05265999,32.19805145,150.4660034,193.3068542,95.23474884,122.1498489
4.0531091,22.47476768,26.23376274,31.25510597,32.48413467,132.3953705,194.8078156,81.22351837,107.8800888
4.466602303,22.35425758,26.11203957,31.34682465,32.46648788,134.2377167,187.6407471,70.09696198,119.8888855
5.695530065,22.6831646,27.49250603,31.35858536,32.20429993,162.3939362,149.7171783,94.66666412,102.8888855
6.145319782,21.77926064,25.59885979,30.85368919,31.80428123,216.3308868,182.2740021,52.25911331,176.0455475
5.393449034,21.53314781,26.49085999,30.03327179,31.30376244,173.1666718,95.28148651,82.02592468,151.0592651
4.201895959,22.62887955,26.3143158,31.38240623,32.64518738,134.5232544,189.5203094,68.55506897,107.424118
5.61747289,21.96051788,25.70258141,30.7918129,31.90191078,202.1814117,185.2807617,68.11676788,140.6395874
4.003339339,27.05148697,29.50409508,32.15550613,34.70863724,172.9612885,207.7670898,253.6377258,21.67650223
6.788246554,13.67365265,19.75423431,23.52331543,26.13098907,72.80302429,122.6313095,131.4393921,81.71717072
8.918142718,15.41352272,21.12361145,24.92282104,26.76059723,128.3310547,111.7959595,97.70479584,128.2641449
8.438463369,14.53011322,20.78674316,24.63967323,26.51593018,115.7848511,107.1316528,93.21482086,122.2366943
8.362066156,13.96701336,20.62876892,24.48545074,26.78509331,90.48694611,127.5602722,94.55389404,66.15999603
9.386792903,16.41983986,20.96787834,25.07120705,26.77630043,52.77243423,148.747345,166.4203033,55.32307053
7.479543782,11.3992424,18.29999924,22.18287849,25.86128998,70.84545135,96.69091034,100.6363602,37.80908966
6.515585575,13.56279469,19.72271156,23.42811394,26.11225128,71.30303192,125.3636398,128.9797974,82.07070923
7.255236695,13.45233345,20.63435555,23.66449928,26.90967751,58.09000015,107.8700027,102.5500031,72.04000092
8.161360068,15.92656708,20.95157242,24.91408539,26.69289017,57.5513382,120.6926727,175.7842255,85.19889069
7.076364921,11.61590767,18.60520554,22.41915703,25.93859291,76.25222778,94.18499756,99.98555756,46.26666641
7.84020928,14.35168362,19.40925407,24.35858536,26.60931969,54.5252533,122.9292908,141.2727203,181.8282776
3.1126733,23.79561996,27.55405807,32.12928009,33.49518967,168.241684,178.095871,48.68488312,121.3031311
4.351690727,22.35515976,27.64727402,31.81309509,32.07526779,117.8928604,92.90476227,193.5714264,137.2142792
3.727282319,22.09047699,27.05194855,31.10476112,31.44993782,143.5194855,61.84415436,198.2207794,139.5714264
4.134663523,23.55770302,27.09928703,31.94834709,33.15867615,152.3542938,194.2423859,56.7340126,135.7455139
6.165187631,14.74255848,22.35645103,24.73132706,27.41693115,54.08222198,89.96533203,120.6604462,75.27955627
7.664102619,12.98674202,20.26605606,23.80560684,27.03885651,83.94999695,122.3272705,97.36817932,41.97727203
2.045202818,22.78377724,23.44314575,33.54286194,34.17379379,133.0794678,231.6501617,77.340065,171.8831635
8.13142915,18.72500801,24.7540226,27.58803558,28.79110909,82.20443726,105.0472641,227.3549652,61.0596962
6.150896316,19.4584446,25.31793785,28.5635891,29.78816223,127.8388901,86.88822174,236.8446808,69.9093399
7.117304231,18.99500084,24.91255188,28.03325844,29.37115669,91.8088913,116.1472244,282.3749695,80.57795715
6.234753213,19.3449955,24.91589928,28.27856445,29.67783546,109.3608322,167.7177734,311.2588806,112.3172226
8.426181887,19.36507225,24.11161995,27.47267151,28.59875107,62.78860855,183.0394592,294.7205505,125.2072296
3.062226745,19.98443222,25.38095093,28.91799355,30.40547371,150.6479492,123.7167816,277.6425781,94.47607422
6.677612765,16.9695015,22.74919319,25.9173317,27.8833065,76.47000122,113.9100037,274.0899963,110.5449982
6.54825947,19.16365051,25.410429,27.86852455,28.92805481,130.4041443,77.86087036,213.6916046,260.9555054
2.959529116,16.43925476,23.39352226,25.50411224,26.97605515,61.04528046,146.7624969,224.0805511,111.0211105
5.102798226,16.92728043,24.12472343,25.9432354,27.34943581,100.0961914,127.5980988,277.3325195,139.0834808
3.290603432,19.59680557,25.28606606,28.49501801,29.58120918,148.9816589,80.14500427,277.6988831,79.3972168
5.063713556,16.73270798,23.97366905,25.78276634,27.17485809,87.70774078,131.2067566,348.7644043,162.3084564
7.303544465,17.50021172,24.28688431,26.73973274,27.6575985,137.214386,101.9237823,267.6837463,230.6376953
6.594162514,20.64537048,25.62974167,29.30104065,30.41775894,214.37677,88.65075684,215.9275208,183.0522766
4.995010419,16.39949989,23.04725838,25.48600006,27.2612896,57.16999817,179.3399963,224.1600037,149.2899933
4.703360513,16.79734612,23.98312378,25.75067139,27.26241684,89.13066101,128.6724243,355.6781616,210.6442108
6.165173053,19.19035149,22.2445488,27.15225983,28.62061882,58.30999756,141.2802734,310.9447021,274.9533386
3.121747845,17.42869759,20.74311256,26.87280083,28.38925171,84.97084808,212.4133301,156.9118958,248.2777252
6.808227858,18.68803978,22.25260162,26.86299706,28.46834564,91.57778168,129.6359558,199.8474731,203.8522491
1.38921592,19.22157478,22.23863983,30.3368969,31.79096031,94.88451385,154.7959595,184.5097656,116.1525269
3.750692858,19.11995125,21.77518654,29.91511726,31.70676422,59.1385498,218.4279327,144.7053986,104.6195297
5.352579394,18.7615757,21.7523098,29.58983231,31.14669418,82.93930817,181.0055847,179.8991089,97.99336243
2.920780508,21.68000031,22.72374725,32.41092682,32.81586075,85.08889008,305.5111084,117.9722214,163.8388977
3.322330281,21.91159058,25.78673744,30.47985268,31.79018021,185.5711212,136.7844391,97.52223206,187.3533325
3.754751843,21.71259308,25.56475639,30.51524925,31.70041847,183.5518341,147.9444427,100.829628,216.4000092
1.88333671,26.00376511,29.26578903,31.58892441,34.04213715,296.0169067,230.2455902,188.3320313,61.75930786
1.74881266,25.90448761,29.20531464,31.80705833,34.32952881,285.133606,176.830307,165.4818115,45.70025253
1.345240507,25.75128365,29.17581749,31.63345718,34.13145447,275.3949585,165.52034,195.3730011,81.9961853
2.320539875,26.20093536,29.36432266,31.90365982,34.29549789,287.5261536,176.2708893,196.970459,73.05467224
4.217708288,13.61616611,22.18209648,24.55800056,27.69516182,68.42333221,80.83666992,145.7966766,52.69666672
7.003491443,15.00565338,22.18960571,24.56770325,27.28181076,49.6269455,101.723053,111.7411118,70.92055511
2.931914246,14.04498863,18.74360085,24.43680191,27.0170536,29.50229836,125.7313156,104.294632,121.602356
3.290417101,14.17363739,18.5486393,24.52234077,26.88251686,18.10135651,121.332634,86.28756714,135.5432739
4.069489777,14.63347149,18.54582214,24.84787941,27.22732544,14.45472336,110.0316086,98.32311249,120.3069077
3.232643391,14.05603695,18.24415207,24.46632576,26.77875137,11.66289425,111.3001251,97.20867157,123.3301239
2.499583779,13.13259029,17.88812256,23.78459167,26.30628014,11.37949371,115.6784363,79.60730743,142.5189972
5.389159216,15.76698017,18.79328537,25.32767677,27.87558174,20.95865822,174.9351349,99.37728119,73.18128204
5.104196376,20.04895401,22.75552559,28.56201935,30.08898544,81.39863586,183.252243,204.5406189,190.9022064
4.066840588,19.80258751,22.58344078,28.40814209,29.98378754,82.19407654,146.5948029,204.3059082,202.2937012
2.586990963,21.94659424,25.94086266,31.29683685,32.37944412,181.0895996,164.391983,72.37158966,187.041626
2.902012348,22.09423065,26.1201458,31.60401726,32.56921005,152.9955902,166.8409119,70.18809509,127.9966049
2.893169768,21.82717514,25.8003521,31.08076286,32.29767609,164.1074371,163.0569305,85.94606781,222.166153
3.116047465,18.01968002,20.01928329,28.11452103,30.70049477,76.60323334,101.8074036,104.480957,60.90007401
1.674759339,17.83097267,20.95700073,27.76948738,29.43219566,110.8395157,177.7332306,132.4484406,96.59280396
2.419850545,18.25456619,20.90875435,28.67765427,30.70954895,74.12253571,110.3765182,163.8810577,71.36430359
2.416257232,13.66562176,18.02607346,24.60420418,27.27732849,8.510684013,111.645813,67.22316742,117.4458694
3.167732263,12.79321003,17.47915649,23.6917057,26.14928627,20.10991669,99.32559204,107.6545334,71.74755859
5.01015755,16.32099724,18.4251194,25.75048828,28.46949196,8.131041527,207.8738251,109.3984604,56.99987411
3.669350241,14.55342197,17.87431908,24.86757088,27.06037521,19.57438469,148.7038727,80.33259583,87.89700317
4.57735802,15.68091011,18.17206955,25.41134644,28.10656548,11.17508793,195.317688,118.001358,50.92757797
3.081378299,14.01144218,18.39875412,25.15369987,28.21366882,13.73211384,82.23693085,96.27236938,66.35289001
2.918421273,13.53893089,18.04211235,24.68388176,27.58782768,8.129541397,85.48986053,85.47795868,85.06993866
2.58071432,14.00438118,18.32209587,24.83769989,27.66501427,14.44534683,77.36250305,93.55128479,57.17096329
2.876557571,12.75077248,17.42140579,23.98381424,26.7989006,12.02886009,82.2828064,102.7871399,73.42570496
3.205265991,14.7188673,17.89770126,24.88341522,27.56212807,12.72025776,184.0437469,106.1365509,61.10350418
3.121376086,12.89385986,17.54979706,23.93592262,26.64424515,11.90269661,91.67797852,97.15284729,78.83925629
4.713261599,15.39226723,18.51630974,25.31146812,27.67394638,23.42300606,136.1463165,101.0880661,105.4824219
5.307356741,17.07351875,25.14354897,26.55666733,27.69014359,107.6888885,97.8777771,194.3444519,102.577774
6.08651355,15.59565926,18.02161026,25.19368744,27.81480789,18.12065125,115.5399246,92.23860931,111.8862534
5.322452498,15.6180191,18.07158089,25.24841309,27.98028755,12.67391872,134.4753265,79.48609161,134.210144
2.816823911,15.51792812,18.07096481,25.31571388,28.01472473,15.62321281,151.3764343,56.10736847,110.4907684
3.551320207,13.80622864,20.76164818,24.38922501,27.09986877,81.86869049,131.1010132,88.72727203,55.69696808
5.642322684,25.83825684,29.98130417,33.35520935,34.59439087,160.0454559,61.21022797,131.4602356,93.22727203
8.393632352,18.1501503,22.51418686,30.9425087,29.41767883,78.17287445,113.6810074,23.26904869,172.8794403
9.392399259,14.49268818,21.18982506,27.21918678,28.28284836,64.16932678,88.49689484,83.31889343,158.0468903
7.957629008,18.18600082,22.50290298,30.82450104,29.29435539,61.79999924,129.6199951,24.84000015,177.2799988
9.833427661,15.81497288,21.88520622,28.55534554,28.06230927,65.86565399,106.0296402,164.2517242,162.2042389
12.18516236,15.30932236,21.99255371,28.07570648,28.25159264,62.93528748,108.3729324,137.4026337,136.8725128
9.660406933,18.35178375,22.64395332,30.76698875,29.303442,63.27740479,105.8099976,38.91259384,177.1218719
9.177111193,17.58258629,22.33341026,29.62306595,28.63169098,88.92124939,94.5291214,141.0920868,153.0753326
8.942928466,18.81300545,22.91282654,30.8831234,29.63342476,99.58571625,83.76866913,67.44043732,202.5542145
5.614635769,19.5269413,22.83041191,31.34047318,30.48290634,141.6828613,92.05064392,59.8968277,175.6711121
6.453291034,20.30765343,23.11938667,31.64110565,30.88267899,117.4321747,118.9115982,28.98085403,151.3387146
10.26274268,14.90570068,21.32524872,27.47627068,28.04419518,58.44318008,156.0635223,110.7908478,153.1944427
9.084987976,17.73760605,22.61579323,30.0743103,29.1170826,65.7594986,127.0222244,83.94120789,208.1258698
8.956296462,18.0935421,22.43372536,29.93997955,28.91644287,103.6812057,88.68917084,110.8179626,161.8661041
8.450416611,18.27392769,22.5081768,29.8743515,29.01089668,145.4286346,86.53016663,124.1354675,178.4566498
6.753246291,19.07534027,22.68202591,31.10501671,30.1199646,163.1619263,94.31333923,53.05528259,204.2197266
8.613296563,16.86860275,22.09804916,29.49711037,28.6940403,70.43737793,112.0838852,107.7741241,173.1523132
4.230359905,20.49814796,22.95125389,31.32370377,30.98297501,116.7777786,144.0888824,48.52222061,233.8777771
8.288082591,17.50483322,22.30112839,30.04899979,28.58919334,54.40000153,98.76999664,63.72999954,182.8600006
6.522204171,20.97312546,23.18177223,31.37830353,31.37331772,118.5219727,166.9914093,93.47702026,266.0037842
8.275389299,19.35786438,22.94402122,31.33250809,30.00088692,80.07549286,91.85387421,40.0141983,251.6725769
8.878156288,16.18623352,21.94991493,28.94019127,28.79743385,46.84022141,105.857338,138.687561,203.6777802
9.087036884,17.59333801,22.30421829,30.53923225,28.97323227,82.85889435,98.08041382,26.70513916,180.9848633
9.698039632,17.11130142,22.22575188,30.06764221,28.58253098,73.69239807,98.00614166,72.43972015,203.7830658
9.2971903,16.12314606,22.16952324,29.10601807,28.23515511,64.61026764,101.3092575,128.8642426,198.0964355
8.246219208,16.36139679,21.74826813,29.11792374,28.45120621,73.65382385,94.26348114,111.5389709,201.5783386
6.608554691,19.29733658,22.819664,31.10593987,30.13818741,148.3707428,94.87271881,75.12555695,188.08815
4.502923289,20.25014877,22.77100372,31.27503586,30.79005432,115.0372238,135.4861145,67.79055786,193.9250031
9.307929088,14.86651325,21.31278419,27.4803257,28.42007828,62.61889648,162.0013885,93.43041992,147.3601379
8.564266831,15.68033028,21.44583511,28.67172241,28.56133461,65.21666718,92.20400238,97.21578217,205.9847107
9.6210128,16.62011719,22.01203156,29.4210186,28.18370819,67.24763489,101.9180527,103.7361145,184.4761047
8.835927643,16.17204666,22.05466843,28.74701309,28.57107925,54.5250473,113.1083374,153.914093,164.4964294
10.00420416,15.23315239,21.59504318,27.88892937,27.91645432,61.39590836,133.6670837,166.9462891,143.387085
8.921721049,16.81417084,22.25642204,29.56869507,28.99241829,52.4865303,112.8466949,126.0684814,196.2721252
9.982843864,18.04288673,22.74006462,30.31476593,29.18618011,51.32089615,114.2421417,74.22661591,188.6951752
9.543792959,18.1012249,22.61687469,30.26792336,29.23396492,76.78520966,105.663681,70.56546783,153.2498474
8.72434369,19.090662,22.90542603,31.10019493,29.6949234,93.30518341,98.70851898,45.19407272,209.5074005
7.007177926,20.10210228,23.15607452,31.51618958,30.60595703,122.1937714,114.6259995,39.67621994,193.5262146
5.629294144,19.60731506,22.60412216,31.2232399,30.39122009,137.1888885,112.6388855,57.23332977,160.4833374
9.548443077,16.92150879,22.44600296,29.57732773,28.88323402,44.45861053,99.66694641,117.6849976,159.9158325
9.334599708,17.57701302,22.25910378,30.17556763,28.68010139,61.23126221,103.1775284,40.78453064,163.3298645
9.279111459,14.73633289,21.26967812,27.39033318,28.5045166,68.48999786,102.9899979,90.37999725,150.2200012
9.18102838,17.4306736,22.56059265,30.03733063,29.18289566,54.88198853,136.7089081,102.6832123,186.03302
9.428095721,16.63885498,22.33263397,29.82279396,28.53061104,68.04180145,109.7037582,127.3383331,195.2981873
5.585667034,21.06894302,23.67943573,31.87718582,31.468853,93.66333008,181.9294434,45.68777847,152.980011
8.527632227,19.20689201,23.04063416,31.11303329,29.74443054,112.9969711,97.58133698,52.64916611,201.8974762
9.150038935,18.68276215,22.77589607,31.0262661,29.51734161,72.80521393,88.01809692,46.86375427,226.160553
9.105824525,18.16734505,22.43007851,30.23773003,29.21152687,115.5137024,84.84833527,97.04555511,145.6651917
11.07525786,15.11156273,21.72911835,27.77974129,28.15385628,61.02230453,114.1670074,114.1671906,139.2073517
9.317355731,17.1040554,22.30505371,29.79294395,28.56806374,49.4066658,111.9133301,99.28333282,159.2899933
4.526564818,20.52574158,23.0338707,31.50462914,30.99605751,116.422226,159.5111084,52.2555542,138.3999939
9.455911051,17.78811264,22.52929115,29.91498947,28.9604969,85.74773407,120.2764053,98.12605286,175.8554688
8.522781322,18.72616768,22.96500015,31.39500046,29.92290306,52.81000137,104.7699966,22.31999969,193.6900024
5.288699534,21.42552757,23.89223862,32.08477783,31.79315376,95.54389191,193,60.09222412,141.9283295
5.913761281,19.63644981,22.87577248,31.2319603,30.44380951,134.1756897,100.2290039,67.71383667,155.6500092
9.330241697,15.99968529,22.54076195,29.08362961,28.47130775,66.09555817,114.8927765,136.4511108,204.1877747
10.28818628,18.60659981,22.80404663,30.81034088,29.49548912,81.96799469,77.08467102,52.96496964,236.6344757
7.861935082,18.51226044,22.62606049,30.62676048,29.51589012,111.5550613,90.17889404,81.80592346,177.2241974
6.530313495,20.90975952,23.61014366,31.98906326,31.3955574,95.21133423,154.5419922,38.61310959,167.4524384
10.32686846,14.87647247,21.64619637,27.56575203,28.02996063,55.45420837,88.00020599,136.8734283,123.1579514
10.09278412,17.76894569,22.74206543,30.23420143,29.1132946,49.21360779,117.0055542,73.36434937,179.1381378
8.731918111,17.37539291,22.12452316,29.40815163,28.46320152,89.21638489,90.10508728,132.1184387,189.3341064
10.24916465,17.07834816,22.18748093,29.89651489,28.43938637,69.83158112,104.6329346,96.0443573,189.0212097
5.481993842,20.48417473,23.08529091,31.62246513,31.02223206,109.7261047,138.346756,51.48657227,128.5074921
5.33925545,20.56637764,23.08606911,31.55195808,31.26176643,131.3344727,163.903183,126.8554611,253.5051727
10.24962313,15.65056133,22.16734505,28.57611084,28.34246063,71.13407135,111.3795242,173.1361084,167.1084137
9.129807939,14.85115528,21.58324623,27.55244064,28.13287354,61.3793335,99.99821472,111.3340073,152.5791016
9.89587345,17.2712059,22.58917427,29.95064735,29.17599487,36.50270844,102.5173111,91.71534729,155.290863
6.497165723,15.73374462,21.2719059,28.13724518,29.20048332,71.71998596,80.5674057,97.42700958,51.93841171
6.346626594,15.50718403,21.23365974,27.85855484,29.30150986,78.96881866,88.01480865,113.312233,46.5261116
8.695699339,16.09436035,21.370327,28.73689079,28.06268883,87.0750351,79.50341034,130.875473,188.6008148
6.866279633,16.39185333,21.43575287,28.20501328,28.8380909,66.09820557,76.88956451,73.81141663,75.77432251
7.751431503,17.23240089,21.40775108,28.39275169,28.23313332,106.6374664,77.99385071,149.5849152,139.106781
8.745194812,16.4181881,21.48201561,28.67163086,28.43442535,89.76148224,66.49697876,150.4229889,112.4462204
8.36271187,16.35975075,21.44693565,28.51408386,28.5933075,109.8650055,74.75500488,194.2149963,92.58499908
8.287259219,16.91585541,21.44303322,28.41932487,28.13542557,98.00032806,76.28975677,170.0905609,126.7213593
7.798360128,20.01614189,22.95049477,30.60216141,30.00213814,124.08815,121.6674347,99.9990387,173.2476959
7.552605801,18.6062336,21.92327881,29.13277435,28.9179306,146.2687836,92.17625427,135.0489502,149.9780273
6.951057206,16.93399811,21.62011528,28.41443825,28.8716774,78.49639893,79.68613434,111.8553314,81.2453537
6.400432167,20.28175926,22.79623795,30.58055496,30.22688103,149.2000122,129.7611084,69.6277771,234.1944427
7.399600163,15.02547169,21.06339836,27.46756744,28.78576469,88.4944458,75.80399323,112.0485077,62.0476532
7.36218763,17.69668579,21.54275131,28.75495338,28.74319839,132.3999939,74.47611237,162.8144531,99.94721985
8.077950503,15.64890671,21.1569252,28.24217415,28.53365517,112.382782,74.14138794,105.3824921,115.6377716
6.901062979,20.33126068,23.07159233,31.09897041,30.67912102,146.2483368,147.4061127,63.40815353,214.7907257
7.459489645,17.28633308,21.67805481,28.5278511,28.54182434,92.81388855,91.98083496,150.1511078,101.8552856
7.025950788,17.76597977,21.71233177,28.81458855,28.78669548,122.622406,93.32819366,131.2547913,106.6208572
7.830204046,17.7007122,21.54775238,28.66399956,28.56449318,118.2556915,91.07207489,119.8950043,137.6165314
7.454181911,17.34852028,21.41843605,28.46234703,28.59729004,113.1189041,81.47875977,153.7526093,91.64060211
7.865861845,16.58640671,21.47855568,28.4235096,28.53352165,97.99810028,73.43460846,145.0503235,84.07857513
6.303983764,19.95266724,22.82709694,30.15983391,30.08919334,132.8500061,106.7900009,111.1999969,168.9400024
8.463121484,15.64020729,21.13668442,28.51289749,28.2088356,89.33410645,68.11299896,101.6979904,198.1958771
6.782375578,16.40104866,21.4592495,28.36286545,29.08805466,60.98223495,73.90145111,82.54946899,62.44120026
7.396921167,19.9855938,23.04216194,30.90726471,30.1624794,128.93927,123.8521652,87.47550201,165.1818085
7.43417834,15.19066715,21.16937256,27.65901184,28.82110023,71.52444458,79.55296326,127.3040771,60.02110672
7.038880302,14.97300434,20.78875542,27.74408531,28.46905518,94.71133423,102.4357758,81.16333008,121.4093399
6.46166189,14.91741657,20.92765236,27.2678051,28.68893433,89.85055542,75.81277466,108.7799988,72.83666992
7.486300007,17.10295296,21.68358231,28.51890564,28.74542618,88.7386322,79.59860229,129.3429718,85.25614166
7.703673674,15.19822979,21.05099678,27.7752018,28.63958359,77.42578125,88.92134094,109.5308838,92.47489166
6.673165898,16.22926331,21.3591938,28.23633385,28.6515789,100.1022186,83.1213913,136.9241638,80.75945282
9.26635847,15.84520435,21.34328079,28.76636696,28.23933029,84.95733643,78.62510681,124.529335,217.0639954
7.252294442,19.84227371,22.53535843,29.93963814,29.82044983,149.9125366,129.8903046,136.9843445,188.7686462
7.487606056,15.08250046,20.86809921,28.00027847,28.49112892,94.68333435,83.2333374,49.80555725,145.0611115
6.2261378,20.63409233,23.09339142,31.3809948,31.19297028,133.6239014,161.236145,99.24130249,230.6388397
7.139661014,15.60857582,21.09020233,28.38923836,28.36401939,115.6983719,69.38343048,80.31586456,142.9683838
6.948996036,16.83750534,21.56251717,28.42768478,28.9355545,78.61482239,77.44192505,96.02250671,80.33763123
8.168357393,17.91619682,21.59194183,28.8222084,28.6757679,136.8648529,74.82277679,149.2223511,117.1272125
7.167418227,18.54144478,22.04950333,29.33204842,29.04138756,135.4128571,80.64324188,113.1245575,169.856369
7.090399905,15.0508337,21.05999947,27.65749931,28.69032288,69.65000153,108.9300003,126.2399979,78.41000366
6.472366329,19.76425362,23.08353233,30.89528465,29.99594879,129.6385193,94.98740387,98.06925201,144.2792511
7.559159839,17.7616272,21.62346458,28.88014412,28.9378891,131.851181,81.33265686,108.7733994,115.9154892
8.757898058,18.30166626,22.61709785,29.79833412,28.98983955,131.4499969,102.7900009,145.7400055,183.7200012
7.153032789,15.81721497,21.25608253,27.85731506,28.77176285,98.63600159,98.5779953,158.6639862,68.39533997
9.361593703,16.85204697,21.77694702,29.07126045,28.2215519,85.90899658,87.17208099,127.057251,166.575058
5.392666584,20.80092621,23.19372749,31.17425919,30.9247303,151.7555542,125.0111084,77.47777557,223.8888855
7.061442742,17.11684036,21.51962852,28.45484352,28.6907711,106.8783798,69.46121216,98.46929169,84.0111084
8.524260748,15.90015793,21.19934464,28.58222961,28.12061882,88.96453094,62.55567551,116.0565414,170.5652924
6.84680172,15.59526443,21.0382309,27.48570824,28.68268013,89.50749207,102.0038834,165.5138855,61.46639252
8.109723441,16.72929764,21.1409111,29.92348671,28.22023773,106.728653,143.0855255,29.36470795,150.3101501
7.908905436,17.21245193,21.25647354,30.06715393,28.48233604,124.4732819,148.7723999,46.71897888,210.1377258
10.15433879,14.70597649,20.97776031,27.03745651,27.29358101,32.63131332,119.7727203,173.6010132,195.6111145
9.035260203,16.12895966,20.87473297,29.73589325,27.87367821,105.4727783,180.1064453,56.34204483,141.4115601
8.937523496,15.80473232,21.66676521,29.03593254,27.84385681,59.45740128,87.21996307,166.352417,117.8361816
9.704982615,15.42130661,21.59534264,28.51958275,27.5639534,50.72563171,95.09275818,189.7983398,128.0118256
9.765345934,16.55018997,21.52704048,29.84011078,28.22914314,82.97468567,137.6344757,44.19917297,206.8777313
10.07942452,14.84457397,21.28727531,27.79221535,27.20936775,44.29511642,103.4163895,194.2108307,173.6526642
10.37649582,15.05405426,21.49462318,28.12746239,27.35437012,48.21392059,104.1913071,169.0062714,140.1296692
8.765606358,15.19770336,21.3637352,29.22840309,27.9700985,155.3701935,112.8751221,42.85829926,145.4654541
9.794120898,15.11995506,21.26024628,28.16724777,27.40008545,48.39030838,102.0261154,208.2408447,149.0458069
9.400725596,15.92197132,21.20563889,29.52423096,27.90652847,88.59241486,126.766922,55.67944336,159.8830261
9.625673152,15.94014168,21.01142311,29.78195763,27.91748619,91.84700775,148.0514526,68.76869202,133.1842499
8.422968352,16.93166733,21.28198242,30.14330482,28.33940506,118.905899,174.0851898,38.11822891,190.9985046
9.599558292,15.83845234,22.21919632,29.13623047,28.03722191,67.58904266,110.2362671,169.8969879,186.6808167
9.230921605,14.71316147,20.75374031,27.71567726,27.19863129,38.90990448,129.0194855,164.0324707,178.508728
9.573350251,15.56305981,21.71715927,29.54323769,28.40975952,144.1209106,142.9729919,50.50545502,92.27574158
9.805334118,14.51838493,20.89675331,27.19551468,26.99863052,40.67728806,101.7328339,175.0283051,237.2976837
8.887362185,14.92358971,21.5367012,28.85491562,28.17422104,163.0533752,140.6282806,85.00085449,104.6329498
10.59612066,14.67399025,21.07033157,27.15903664,27.31698036,36.88277817,113.2694397,171.0872192,195.1350098
9.86313048,15.4736681,22.22740364,28.66241074,28.05279732,68.87149048,108.9230652,151.6437988,184.2599487
9.952679409,15.96554756,21.17705917,29.95711327,28.13851166,117.0047607,132.9117737,44.28440475,130.9239197
9.252963041,16.99692917,21.77252579,30.39750671,28.63578796,85.19818115,129.9048004,54.48845291,178.9965973
10.70282296,14.63761139,21.19536591,27.6659565,27.09266663,52.61301041,103.7745438,173.1004791,151.8321075
8.867948095,16.83535767,22.06287956,30.21306992,28.41229248,58.27767944,118.5301056,70.23394012,225.3243408
8.071570072,14.52860451,21.14003754,28.15612984,27.94522285,153.6125641,167.6972809,125.4667816,116.6876526
11.09183843,14.35702038,21.04437447,27.33777809,26.97947693,57.68983078,118.9961548,212.3703156,178.0218506
8.971534027,14.7063179,21.09297371,28.17617989,27.70269203,120.3635712,134.9582977,86.12849426,142.9108734
9.60772631,14.68076515,21.18937492,27.52209854,27.08679771,43.4645462,116.4241943,154.9239197,180.2088013
9.047527907,14.56102848,20.86831093,27.43444443,27.07466698,40.37943649,102.1745682,203.2754974,195.2392578
10.0929351,15.170084,20.98637581,28.30289268,27.4523735,42.96509552,124.6920319,161.4336853,151.2426605
7.76738276,18.53665352,22.3419075,31.23589706,29.37083054,160.5323334,181.7981873,71.17778015,148.5277863
9.480299978,16.546381,21.45519257,30.10936546,28.29495621,79.71588898,156.298111,55.76821518,174.7616425
9.041516602,15.52261925,21.29413605,28.70414352,27.5382576,53.10999298,96.02105713,192.4050293,103.9151154
8.591887535,16.53231239,21.25675011,30.05117607,28.21087456,93.26758575,163.252533,45.66102982,140.7061462
10.15127952,15.87242985,21.23714447,29.00221634,27.79164124,52.46143723,127.3519592,96.67502594,142.908844
9.766342997,14.91124153,20.79322815,28.01346397,27.42660332,43.53691864,130.7697449,110.2994919,163.0796814
10.23756633,15.66327667,21.20345116,28.89980507,27.65989685,57.48329544,107.9453506,154.6216125,119.8335876
9.303157604,17.21228409,21.99096489,30.95067596,29.11444855,144.3475647,121.2137299,30.24213028,129.2992096
8.589697794,16.95942688,21.97370148,30.25958252,28.43031311,51.43759155,113.7609329,46.35407639,199.0442657
9.184354302,14.12966156,20.54336548,26.66187477,26.82271767,42.5412674,108.7219315,170.7456055,239.5860596
9.459568255,15.41687679,21.21584511,28.85729599,27.87631989,63.29300308,101.7966309,35.5766983,127.200737
9.920190513,15.67156506,21.38428116,29.75227928,28.17347527,131.4022522,123.7839203,48.40314484,116.142807
9.191441505,16.31880569,21.77646446,29.64118004,28.25879097,66.42794037,106.6548538,113.0567474,158.9581909
10.06179525,15.13277626,21.99111176,28.31949997,27.91178513,70.5103302,97.02085876,164.2415771,186.9160461
9.428954818,16.50240707,21.49725342,29.60023117,28.15473175,64.47825623,98.61282349,80.16860199,156.6139221
8.190552408,16.92055511,21.83673859,30.17185211,28.46935463,53.02222061,111.3888855,45,194.422226
8.044159026,16.41679192,22.19043922,29.87858772,28.37654114,54.37904358,122.4637222,160.7090302,150.7694397
9.919870443,15.17950726,21.81840706,28.45762825,27.60951424,63.31753922,108.7118225,180.6793823,168.6652832
8.879539456,16.64442062,21.84430885,29.95664215,28.49873734,60.4348793,104.4608688,60.86515427,198.6552734
9.602464143,15.08628654,21.15070915,28.39544678,27.85872269,71.9759903,116.0763855,78.79647064,156.3628235
8.444761962,17.28901863,21.92656708,30.43121338,28.5602951,59.30055618,81.75054932,13.52722168,175.6194458
9.090481836,15.70030212,21.95300102,28.97732735,27.9216156,63.11994934,97.55919647,180.4017792,136.3636169
8.570587549,16.72097588,22.15431976,30.18231392,28.42154121,52.57852173,129.6040649,105.9029541,194.9651642
9.581182622,15.21730423,21.65733719,28.99390984,28.88696098,114.6687317,135.5179901,91.52926636,62.35808945
7.845751485,16.9743309,21.52015114,30.1619606,28.44404411,93.35580444,110.3295441,39.3535347,165.2416687
9.071902049,16.76922798,21.70993423,29.92568398,28.49793625,62.39596939,86.66858673,40.63019562,198.2673035
8.325073603,16.84245682,21.66393852,29.91492462,28.4406147,69.69905853,92.30508423,55.96653366,201.1953125
9.351006661,16.06542397,21.37854004,29.26669502,27.87988281,61.57065201,93.05402374,129.1075287,122.0024338
9.582984715,14.06716251,20.45232582,26.83867264,26.82098198,42.66679382,116.7169418,153.9620819,218.3162537
8.1396411,16.8654747,22.13636208,30.90565491,29.2948761,152.7772522,130.3733826,31.80620384,109.9750137
7.94974759,17.73182487,21.73553276,30.54010963,28.78165054,151.4390564,172.8578339,58.7719841,263.2434998
8.922390508,16.29757881,22.38704109,29.65138054,28.32572746,53.68624878,108.2200012,147.5963898,160.4497223
9.231849364,15.24597359,21.59918976,29.01349068,28.32504272,127.3796616,146.8848419,102.8701401,95.26902771
8.746783779,14.70914173,21.11333466,28.30249596,28.11457062,123.1136246,156.8622742,120.0021896,98.84600067
7.928077702,18.04964066,21.87736702,30.68888474,28.96954727,154.3598633,164.4178314,65.45716858,194.8146362
9.27029544,15.02125263,21.36291313,28.76248932,27.99915123,124.3304825,124.608696,53.36664581,140.6758575
9.125407431,16.11805916,22.19457626,29.97021103,29.20387077,137.2273102,161.4760895,75.65110016,58.89778519
9.207473636,15.35218334,21.31323051,29.1622467,27.95615578,107.3730316,99.51978302,28.410532,153.5482635
8.684489186,16.78960228,21.74239349,29.91725922,28.4217453,86.60546875,103.7421722,91.80433655,190.3276825
9.172655069,16.22693825,21.38230896,29.41440773,27.9990921,56.17583466,96.98006439,87.66805267,147.541626
7.065261152,17.24501228,21.15408516,29.92782402,28.54554176,102.2114487,128.0370331,50.23905563,172.4269409
9.493111821,15.62670135,21.14696693,29.56787682,27.89097023,118.8293304,114.1936188,58.70014572,142.9243469
9.832130201,15.95325089,22.43667793,29.07611847,28.20129776,59.003582,118.5264435,142.6487732,181.1432495
9.479810047,16.5069313,21.28739738,30.16840553,28.28835106,121.8425446,154.1905823,43.7913475,139.9459686
9.966871442,15.76174164,22.05875206,29.51564026,29.08971214,123.4074936,144.1484528,76.57104492,61.14421082
9.821322611,16.33647919,21.52381516,29.54800797,28.10933876,81.6125946,118.1429443,68.03845215,168.0141754
9.001668923,15.81186295,21.36586571,28.98068619,27.70090675,47.10532379,84.37293243,152.8391113,103.052803
7.642344062,17.12509155,21.76433563,30.12888908,28.61711502,78.16111755,111.2944489,72.68333435,200.6055603
8.976244511,16.61667061,22.04421997,30.04674339,28.43429756,53.67550659,124.9909821,101.6480331,170.0584869
9.255904436,15.88416672,21.23348236,29.20752144,27.85450935,61.18283463,137.5737457,74.22631073,185.8981323
9.438519631,14.66492748,20.67781258,27.65318489,27.30744743,50.47105789,106.0390396,127.4515381,216.1562347
10.48188938,14.57025528,20.85340118,26.91303253,27.11425209,36.56097031,107.0794983,160.2149048,238.25177
9.056807332,16.4433403,22.15244484,30.45563507,29.2247963,141.5974274,147.7789307,51.46105194,77.8819809
8.803383053,14.25794125,20.42006111,27.21020889,26.95686913,38.32868576,116.933403,159.4433136,233.9689026
9.319797205,15.33755112,21.0083065,28.48615837,27.60515404,49.65985107,151.2039795,108.4153214,134.7238007
6.545128809,19.9535141,22.43493843,31.8927784,30.72627068,166.6327057,180.1884308,15.74048901,140.3931122
7.36610719,19.67495728,22.49237633,31.89483643,30.26052475,174.0305786,144.5153809,23.1869812,117.243248
5.291368705,19.55105972,22.37769699,32.00943756,30.79533768,153.5945282,178.0967712,26.40161705,92.40449524
3.744964309,21.26882553,23.25768661,32.55355453,33.23571777,117.9179382,173.5626221,72.50202179,174.8179169
4.88304537,20.25537109,22.45089531,31.55537033,31.09677505,81.09999847,151.6555481,80.31111145,138.5333405
6.424899962,19.40981102,22.1565876,31.73423767,30.29674339,163.3996277,153.8540344,29.41896439,113.4448395
2.689213948,22.17643738,24.06615067,33.13043213,34.11155701,121.6689606,170.2391815,66.22940826,129.9763947
5.434029454,20.33124924,22.27620888,29.470644,30.16568947,88.42045593,156.5909119,109.5681839,121.1818161
6.990516395,22.08458138,23.83600807,31.02008629,31.81284523,84.32727051,193.4590912,146.6269379,414.7249451
6.56962561,21.10447884,23.13608742,30.9362793,31.01237679,126.6461411,147.222229,106.2973099,314.5030212
6.399575647,22.06175232,24.36209297,31.54486084,32.3417244,107.8411713,155.1407623,78.11798096,158.465271
3.951429009,20.59037018,22.57150459,29.80833244,30.40752602,90.71111298,206.777771,110.422226,177.9888916
6.482496772,22.18300438,23.73958206,31.10033417,32.01016235,79.88118744,219.9664154,82.41970062,367.5600891
6.46025032,20.99500084,22.59910393,30.460186,30.77240181,121.2222214,153.8111115,67.23332977,196.1999969
5.796821127,20.47740746,22.69802856,29.96629715,30.43333244,101.1888885,141.2111053,74.8666687,266.0888977
6.932342288,22.24857903,23.62953568,30.94112015,31.90151596,69.03313446,285.5973511,101.0959625,339.2504883
6.953304762,22.01840782,23.70991135,30.98436356,31.84143639,81.9468689,239.2258606,140.5632324,403.0486755
6.424148246,22.23912048,24.02541161,31.25617599,31.94445419,89.48555756,186.8144531,87.58999634,416.4389038
7.498112096,21.19518661,23.29646683,31.26671791,31.45401382,139.3794098,153.6182861,69.65550995,274.8190918
7.01131589,22.42675972,23.84321404,31.13222122,32.02109146,63.37070847,254.9550476,89.33686829,342.8666687
6.477476293,20.43092537,22.57240105,29.84666634,30.37042999,78.6222229,165.5333405,103.7666702,166.2666626
4.439318304,25.78956223,28.53013992,31.8656559,33.90892792,87.05050659,80.19191742,177.1212158,98.34343719
4.699050373,25.4976902,28.40092087,32.12953949,34.32375717,97.45277405,91.59909058,124.3362122,85.11358643
4.628580997,25.33686829,28.25969315,32.00134659,34.1511879,82.31313324,99.28282928,114.1919174,91.26262665
5.799523715,25.10894585,28.16151237,32.7300148,34.42542267,233.9116211,75.02609253,128.9580841,132.1272736
8.56225262,25.57216072,28.4467144,32.46762085,34.64210129,114.6713791,94.85454559,126.5292969,86.5848465
5.582348504,25.46878815,28.55705452,32.8950119,34.56375122,303.0425415,74.97045898,135.8299255,162.7111206
6.765965136,24.88586998,27.78916168,32.59358215,34.51021576,245.5708771,97.55252075,160.7651215,163.165451
6.781242361,25.2219696,28.19004631,32.66481781,34.52899933,279.1565552,114.1111145,151.6313171,195.9040375
5.569108827,25.58517838,28.58526421,32.64431,34.51313782,152.9994965,62.06211853,138.7712097,85.14898682
6.491717212,25.02101517,27.99581909,32.62475967,34.45202637,240.6973267,84.18494415,143.5011749,149.825882
6.832882976,11.93672657,20.90041161,26.4410553,28.79449081,79.20400238,82.96888733,20.94266701,99.23088837
6.709857581,14.47966671,20.91596794,27.60716629,29.27177429,76.76000214,77.34999847,88.11000061,128.3399963
8.170320796,9.039150238,19.0725441,24.26389313,27.25966072,60.67405319,43.89430618,63.50535965,75.89640808
6.023116625,11.53800011,20.93612862,26.16333389,28.72161293,73.83999634,75.69999695,23.67000008,89.69000244
6.705137309,14.26632214,21.3637104,28.07650185,29.90507507,71.18877411,89.96077728,54.45370102,118.1503296
6.45654148,13.58455849,21.40769005,28.19174194,30.12833214,67.25671387,74.77178955,41.27626038,89.47840881
6.481989593,11.50633335,21.25693512,26.47283363,28.93290329,65.93000031,64.52999878,59.65999985,93.27999878
7.248540855,9.842730522,19.32174492,24.76387978,27.48184395,63.2293396,55.22012329,55.81164169,83.9018631
7.184705674,10.95875168,20.72413254,25.87639236,28.43955231,59.09801483,53.29365158,48.50831985,104.707634
7.915635063,12.00315666,20.76502991,25.24642372,26.97808838,47.20707321,57.72222137,80.66413879,228.5101013
7.136961337,13.62218952,22.14148521,27.59366989,27.6609993,67.75591278,37.00857162,20.51402283,206.6287537
8.239619588,14.75934696,21.27834892,27.60011864,27.81552887,69.67793274,116.7203522,124.5425568,192.5335388
8.30105254,14.65647316,21.41315651,27.44728088,28.01337242,77.57808685,145.5165253,118.4724579,168.4204407
8.762937288,13.58789063,21.0526886,26.36631775,27.66547585,85.32610321,81.2067337,113.0629578,132.4669952
8.84033276,14.43160439,22.35630798,27.67806816,28.08315086,52.16167068,69.83653259,78.08312225,183.6184845
6.218993237,11.48900223,22.21079445,25.7742672,27.19129181,69.962677,54.01708984,64.50752258,165.2922821
8.57991313,14.34304428,20.88505173,27.28699493,27.54714775,85.65085602,148.445755,97.13716125,182.919342
9.379591534,13.54763031,20.98391724,26.19483757,28.06991005,49.70663834,60.47618866,127.7782059,162.7116852
9.248389173,13.56821156,20.46273422,26.30810356,26.92653656,45.71515274,106.1503754,152.1478882,185.9131165
9.282991227,14.83498287,21.09744072,27.79325676,27.66522217,65.00631714,105.0662537,100.746788,201.5600891
9.55509378,13.81292343,20.37615013,26.20446777,26.6980896,44.06734085,122.1410828,163.5060577,185.576767
8.92956306,14.15506935,20.45445061,27.05700493,27.03832626,46.76644135,110.0594177,129.6822662,238.8743286
8.989153187,13.3625288,20.54869461,26.01825905,27.22130203,47.41278076,85.51753998,136.3901062,148.382843
8.332583442,14.32172394,20.77215767,27.5511837,27.59255981,95.95258331,155.1746979,125.023468,165.0269928
8.974578761,13.55963707,21.31651878,26.39293671,27.25351715,47.04725647,109.3556442,108.2112732,176.1294098
8.052851283,14.53319836,22.40786362,28.35445976,28.4551754,57.75071335,41.56138229,52.05466461,172.052124
8.259853761,14.26370144,21.08566284,26.90709877,27.68529129,59.61105728,101.3871155,135.3791962,173.9168549
8.846627842,14.50304699,21.67239761,27.96431351,28.31069946,73.16698456,85.93245697,63.67324066,136.3029022
9.571437979,14.75241566,21.10822487,27.89974976,27.74946976,89.62190247,140.276535,101.6113052,198.5998383
8.277053797,13.64177418,20.97996902,26.3382473,27.38866425,86.71466827,111.623436,142.9073486,148.301239
8.486722748,11.88767338,20.78125,25.11406326,26.95782852,50.5,62.27083206,75.125,241.3645782
8.931358028,13.5983305,20.22480011,26.34729004,26.65834999,45.43237686,132.1047516,154.1254578,200.2043304
8.297728447,14.12699699,20.8522892,27.53103256,27.69102097,84.80490875,124.946022,81.8303299,124.5279617
9.720693644,14.36129665,21.15786552,27.00209999,27.70474434,72.58899689,123.0716324,149.1977539,152.5619049
8.031190575,14.36798286,20.82445908,27.84326172,27.8609581,103.3372192,152.1435547,123.5448074,95.90068054
9.106313927,13.49682999,20.61943817,26.15108109,27.02646446,41.46442413,117.1591415,168.50383,164.1415253
7.116710286,11.90253067,21.40878677,25.4984169,26.76723289,67.79459381,42.37693024,60.3859024,185.6676941
8.315438694,12.94526958,21.51292419,26.20061493,27.059412,43.05183029,68.21140289,47.56310654,214.5618439
8.583031543,14.76200485,21.80364609,27.66103745,28.24020386,63.40763855,116.316597,86.55973816,149.8071594
8.751983605,14.25261879,21.59230614,26.98316956,27.75044632,56.67653275,119.1621552,115.1291122,162.1313171
8.360989644,13.99533558,20.93223,26.70523071,27.61506462,48.40908813,88.54006195,129.8000031,181.9518585
8.951753524,14.69041538,21.26466942,28.41392517,28.40965462,100.0653381,118.468544,93.64467621,91.05303192
9.110954507,14.02089882,21.02803421,26.61504555,27.55879402,74.10791779,111.3557281,140.8726349,145.1874695
8.787434991,12.44510174,20.80834198,25.46824455,26.74404907,41.43967438,78.28209686,121.6506271,194.2284088
9.259443599,14.02166748,20.71909714,26.81457329,27.2397995,47.52401352,103.2986603,114.6662521,221.3095551
8.882473432,13.37647247,22.02425766,26.94781876,27.38098145,56.60259247,50.77991486,34.32240677,222.7641907
8.963559929,14.0282793,22.25998306,27.39169884,27.7302742,52.31672287,65.4850235,51.33383942,215.3737488
7.639823108,13.25918865,22.15740013,27.05897141,27.46606827,54.69701385,33.24534988,39.72568893,176.0968323
9.331031717,14.42645741,20.97756577,27.20036125,27.4965744,53.67770386,100.6802368,105.1643066,221.245224
8.458975237,14.67060947,21.21320152,27.66855431,27.95456505,88.39196777,161.5253296,127.0344696,216.5254211
8.480429977,14.65811348,22.16282272,28.14627266,28.55680466,62.83422089,67.10121918,75.51423645,135.1320648
4.940754222,23.80113411,26.93436432,32.39847565,33.50627136,162.8247986,101.282959,71.47897339,172.4996033
5.139488373,24.75302124,27.90024185,32.71350479,34.08644867,142.291153,51.71350861,116.773613,115.2873688
5.072207426,24.91092682,28.09560966,32.79018402,34.29301071,159.0722198,55.5055542,115.1277771,88.83333588
6.071884453,24.17498016,27.34308624,32.59880829,33.68955231,144.2737274,49.18039703,101.2105026,152.1249237
4.179327192,24.32541656,27.82741928,33.53250122,34.62842941,146.8249969,61.71250153,82.71250153,79.0625
2.626878281,23.72491264,26.74977112,32.75830841,33.52973175,167.5806427,111.4158249,58.41835403,106.00354
5.924918111,24.88658142,28.03933907,32.79546356,34.2200737,147.7489166,57.66132736,114.3304443,92.06998444
4.947367241,24.07038879,27.27828598,32.5318718,33.66727448,168.1924286,74.06712341,95.03605652,175.6644287
4.953126073,23.91815186,27.06668091,32.78881836,33.69160843,143.402771,93.38552094,58.64882278,120.2062302
5.635455676,24.37333107,27.55312729,32.52641296,33.96445465,151.4295197,76.18911743,121.1743774,139.8489075
4.981396635,25.23204422,28.37068176,33.09051514,34.47147369,181.5964661,33.6277771,112.0131302,117.6727295
6.424740984,19.31267929,22.72697639,31.2025528,30.12033844,88.23137665,112.0617905,46.53688049,222.3583984
5.729684317,21.41663361,22.95366669,31.39303017,31.82056808,117.7167206,211.138504,105.1954117,158.1299744
4.970251969,21.22327042,22.88466263,31.22135162,31.7399292,127.8113861,215.788208,99.96133423,120.6953354
3.274044588,22.5759964,25.09793663,32.17094803,32.86096573,93.66869354,174.1233368,45.90080643,98.09374237
5.65712418,20.39666748,22.84265137,31.48814774,31.13673782,95.26667023,160.3555603,50.82222366,230.1555481
7.517812575,19.6370182,22.76786804,31.25253105,30.57378006,83.15666962,147.9277802,45.35293198,249.7368774
5.633382893,20.38209915,22.96037483,31.05905342,30.67721939,115.7530899,111.8395081,53.07407379,150.7901306
6.951268868,18.39855766,21.94616508,30.99759102,29.35249329,151.5935974,132.4029541,64.51998138,119.1524811
6.065514363,20.14559555,22.76595497,31.0108223,30.67895317,78.08722687,149.3409729,39.52416611,214.8615265
6.630107997,19.81150055,22.55177498,31.75349998,30.82161331,167.6300049,279.019989,24.02000046,220.1000061
7.828140204,19.51358223,22.95090294,31.17172813,30.42458916,67.98274994,138.2230072,59.51993179,243.6914978
6.594164668,20.29883385,23.41161346,31.76316643,30.95451546,109.2399979,108.2300034,17.64999962,248.7700043
2.193182192,18.17722321,21.58587265,31.61739159,30.96543694,157.1416168,113.1702499,20.4521389,65.25319672
2.373753,16.14624214,21.47510719,29.83273888,28.73437691,145.9059906,175.5702667,66.51104736,106.6621017
2.871093164,16.92939758,21.53448486,30.18559837,28.67985725,138.9671326,138.8771057,57.84271622,122.8001862
2.436226336,17.5698185,21.31694412,31.24163437,30.53071022,204.4406891,86.55479431,32.61863708,102.2281113
7.888697142,17.28476334,22.29698563,31.16464424,29.4759407,177.1796722,124.2656555,38.87540436,125.684433
2.987436036,17.95798302,22.07987976,30.5661335,29.53325081,153.6998291,179.8642731,56.77939987,95.07315063
5.003061442,18.38087654,22.16534042,31.09333038,29.37842941,155.6473999,187.5118866,69.68384552,128.0755157
3.052621781,15.80631351,21.85420036,30.0558033,29.48598862,144.8001709,151.8635254,64.56090546,53.12509155
2.239064423,18.58213234,21.95195198,31.79541016,30.75513077,116.2516632,145.6099548,14.36032391,76.5773468
3.33653716,17.58472252,22.12218285,30.66039276,29.37224579,153.4653778,139.9703217,106.5931396,107.1739502
3.99590034,17.07574081,22.12084007,30.73333359,29.26163292,154.7996216,128.4862061,83.56396484,106.189621
4.057576381,17.72178268,22.32122421,31.09240532,29.57592773,177.8174591,140.2007599,152.5687408,108.333519
2.511865655,18.85803604,22.12502289,31.70652771,30.35063553,111.3314972,184.9475861,11.26765823,78.10270691
2.685747956,19.14171791,22.26493263,31.71963692,30.27756691,121.4820938,158.5768585,45.26821899,80.65384674
2.752658678,17.93481255,21.74419785,31.49504471,30.55469322,168.6442871,127.8121872,12.66727257,135.6448059
7.872851385,18.25466347,21.89046669,31.39083481,30.32508087,114.9710846,170.9020691,17.4847374,110.2825851
9.949765779,15.67004585,21.33168602,29.92164421,29.55460167,158.8662415,197.1147766,61.18587494,101.2035522
7.016564322,19.38333893,22.41905022,32.03271103,30.70246124,100.8458023,157.2335815,17.12078857,77.62281799
2.220823984,17.75609589,21.15465355,31.24173355,30.84151077,193.1260986,87.45280457,22.8570919,69.22806549
4.11528516,15.41222763,21.36388397,29.57291603,29.06766129,139.2184448,144.4725189,61.41427994,52.41840744
4.401193937,18.76704597,22.35655785,31.39388275,29.79999733,126.795372,185.9056091,53.95671082,125.1064453
3.240410663,16.70091629,21.62743759,29.96795082,28.5950737,138.7675781,141.7988281,58.02490234,96.35325623
5.619299019,18.15840912,22.10085869,31.22099113,30.0633831,134.6713104,155.3834381,15.80501461,81.92701721
4.128769066,19.07950783,22.52778435,31.74837112,29.81005669,157.0693359,148.1574402,28.86060715,115.1447372
4.602066876,18.69232559,22.31241226,31.41540146,29.58945274,157.9479218,196.886795,43.97929001,140.6993866
6.178808073,19.12091637,22.20217133,31.64157104,30.07414436,161.8613586,139.2664185,29.25618744,91.43850708
3.21019406,17.50561333,20.83662796,30.87572289,30.56276131,220.4844055,104.8156357,58.78778076,74.5369873
2.752355036,16.00449753,21.55012894,29.72414017,28.76196289,133.5219116,148.6113129,51.05884552,71.37254333
2.924221961,17.42946625,21.93006516,30.41001129,29.13539696,154.267868,125.3632278,54.66742706,111.3436432
3.594933064,18.13581657,22.08206558,30.75162697,29.74817657,137.5647125,153.4803314,18.04416275,75.91580963
3.424036303,19.49116898,22.72410774,32.00282288,30.07522392,160.0067139,124.9912796,21.43718719,109.5359879
2.700682428,19.01734352,22.27800941,31.67375183,30.17281532,112.5626678,181.0776672,30.24704933,88.88031006
3.156865425,18.16170692,22.35322189,31.10934067,29.66541672,163.4268646,177.2859497,128.3578796,105.599472
2.806033592,18.57658577,22.22704506,31.0373497,29.7865448,120.963089,185.0486145,20.47863579,95.24604797
5.753654471,19.39115334,22.38427544,32.13364029,30.92160034,119.791008,190.4146881,10.46744156,79.59593964
8.788941532,16.26342583,21.81261063,30.1534481,28.98687553,131.2723083,141.5455017,76.03995514,40.85965729
3.333972009,18.52751923,22.12563133,31.22928429,30.05543137,108.1175919,181.3223267,13.00117493,96.1065979
4.75755509,21.81515121,25.23863602,30.28125,33.223423,118.5795441,144.5909119,146.6022797,192.75
5.426454354,11.22613811,21.82019615,25.82478523,27.30109215,62.21860123,94.0884552,89.12789917,120.1493073
3.239045419,11.32545853,21.21276093,24.70936966,26.25731659,51.42796326,70.59151459,109.5784607,73.65520477
6.06887819,11.4672451,22.54098511,26.2105999,27.56852722,71.50157166,75.04441833,52.51610947,133.5020294
6.488015647,12.72380733,21.10699272,26.75095367,28.09332848,94.50740051,53.74100494,40.50259781,151.4686432
4.824216009,9.909150124,21.62697601,24.68304634,26.37650681,54.95168304,89.94496918,100.112381,175.8175812
3.406202879,9.472055435,20.90022659,24.33362961,25.72312355,63.41507721,82.1604538,110.5202179,167.847641
2.924669592,9.096458435,21.72015381,23.83526611,25.6615715,72.46340942,95.20528412,137.5639191,232.9440308
3.841317355,8.924616814,20.74574089,23.83466721,25.22972679,65.88001251,83.25910187,101.1171875,194.2947083
6.99879771,12.3007412,22.46915245,26.73400879,28.18186569,72.36786652,70.26802063,54.45052338,100.5025864
7.146970222,12.7265749,22.44795609,26.85940552,27.86822701,72.54660034,42.74229813,38.00757217,135.3534698
6.963238559,12.79229832,22.19117737,27.00736618,28.07814217,70.02648163,47.01159286,50.04161072,130.1823578
5.496499335,10.23174,21.44184303,25.02957535,26.48941231,68.04821014,98.00567627,88.20714569,153.0051727
3.780978988,9.267282486,21.45735931,24.12118721,25.81401825,67.7712326,95.22161865,122.0465698,236.491333
2.596541584,11.97438812,21.29312515,25.24634743,27.12628746,87.28510284,57.92287445,83.51390839,88.43236542
4.330678643,11.05432796,21.36789322,25.38407516,26.81692314,69.87516022,49.85569,48.48937607,114.4845505
6.116599761,15.5341177,21.44365883,28.24780464,29.61019707,77.18758392,85.30014801,124.7795029,32.40129852
5.691054186,16.04986191,21.38711739,28.40213585,29.488657,63.79941559,70.76454163,73.31401062,34.85577774
6.863247104,16.49025345,21.06554604,28.33230209,29.2129612,75.01947784,90.08253479,86.09783173,81.89610291
7.167459092,16.82638931,21.04492188,28.39971924,29.03570938,95.1623764,108.9060593,69.2613678,114.8967133
6.976296372,17.66922569,21.22862244,28.63586044,29.19624901,109.4467087,114.5957108,64.19456482,110.9926758
6.476387213,15.02451897,21.1452446,28.00017738,29.69389915,104.0711212,97.5027771,81.44525146,42.06830597
6.857217817,16.96107292,21.66751289,28.60441589,29.26285172,76.48458862,62.03272247,81.25983429,67.65945435
5.579754467,15.22008133,21.37058258,28.18955994,29.95434952,83.74567413,74.84481812,106.6509705,54.04344177
7.208859766,17.72277832,21.71541214,28.7142601,29.55376434,111.1777802,81.08889008,103.3666687,79.6111145
7.145047818,17.65774918,21.30121803,28.69766045,29.28456306,98.2250061,109.7457123,51.1856041,106.6391449
7.324720564,14.66112709,21.34186554,28.20219803,29.91870117,73.03898621,81.89265442,73.10771179,95.92870331
7.431676985,17.18622017,21.1748867,28.56562042,29.13295364,104.515152,96.42247009,75.16868591,105.2568207
5.438695139,15.27769184,21.53405762,28.24352455,29.75545692,90.73016357,90.44116974,113.0582047,28.4457016
6.29013946,15.73549271,21.2768116,28.25336266,29.53295326,77.03123474,86.44851685,113.4114609,42.88302231
6.716572083,14.98037529,21.59615135,28.41872215,30.0739193,79.28255463,72.35899353,79.87077332,70.7502594
5.442519697,18.13059616,21.26193619,28.66231155,29.24176598,122.9816132,136.5002136,73.34303284,124.1489029
5.858239385,14.24259186,20.90582466,27.71036911,29.74229431,109.6388855,96.83889008,68.16111755,64.0111084
6.304151876,16.1926403,21.16062927,28.37825775,29.45196342,64.82508087,82.89740753,57.02912521,45.32477951
6.888192312,17.01579666,21.2963562,28.54501724,29.29395103,80.69412994,104.3746338,74.38832092,118.8573151
6.174499907,15.93382359,21.4676857,28.39682579,29.72933388,74.31010437,78.06978607,112.1934814,58.22975159
6.843620241,16.24201965,21.48664665,28.45874596,29.36928558,57.82352066,66.27419281,68.24646759,41.84268188
6.143700161,16.70491409,21.38629341,28.5093174,29.39128876,74.29924011,80.87272644,77.30555725,38.22247696
6.886241934,17.41372299,21.71383667,28.7838974,29.21952438,88.54777527,91.50444031,99.60610962,102.9577789
4.853017358,13.7151804,21.1935482,28.14298248,30.19848442,84.25912476,73.42375183,48.85548401,71.75588989
5.521587518,15.35127163,21.47107315,28.27321243,29.92869377,77.78873444,77.60847473,109.1126785,46.45859909
6.793366735,18.25702095,21.85335541,28.96720695,29.69601631,82.9101944,112.5930099,64.40532684,93.70937347
7.441266302,17.27088547,21.55053711,28.56090164,28.79050064,105.5378799,84.26716614,84.92677307,105.834343
5.678489938,15.36605644,21.62989044,28.33521652,29.8507328,89.90380859,85.22206116,149.3448639,43.88168716
6.312559581,14.09768677,21.15847397,28.09115601,30.08367157,103.5348511,93.82598877,57.41259003,71.26829529
5.762553089,14.51529503,21.18377113,28.02997971,29.89417648,102.8167572,98.96266937,63.17407608,53.49104691
5.606424934,16.26263237,21.26971436,28.40385437,29.40932655,60.7761879,68.04545593,55.26709747,37.56083298
6.327507879,16.39647865,21.39748764,28.48418808,29.57971573,71.33152008,93.10727692,114.7205048,85.40636444
6.10489988,15.58121204,21.39650726,28.2899704,29.59272957,69.84964752,80.94301605,80.00379181,35.6841011
6.505772746,15.43771076,20.98224258,27.60521889,29.69126701,92.49494934,86.53535461,53.77777863,72.60606384
6.343210257,14.97073078,21.18671227,28.01985168,29.70874023,69.08699036,78.14133453,109.9226456,77.43269348
6.118880034,14.55007362,21.61193657,28.42410469,30.15205383,93.73928833,79.90184784,50.62565613,55.51135635
6.091988924,15.37348652,21.43418121,28.28730392,29.84021568,94.12136078,85.77419281,95.68969727,36.38327408
2.608364086,22.61216736,24.84661293,33.44366837,34.66677475,118.7200012,75.37000275,60.70000076,127.6600037
2.512550933,22.46351814,24.45573425,33.38296509,34.30878067,146.0222168,163.722229,75.56666565,168.2888947
8.94455825,16.59346771,20.85089874,27.56003761,30.87628174,77.26704407,133.9034119,86.2443161,130.9318237
7.054772551,16.21628761,20.68438339,27.23522758,30.77107811,102.75,99.27272797,63.76136398,100.2954559
6.234469614,14.98045349,22.0149765,29.172966,30.20274925,117.5708923,87.5705719,50.42086792,46.87090683
9.123405103,13.81471062,20.72460556,27.50185966,27.80901146,66.20088196,87.10882568,93.80896759,153.0495911
7.609491584,13.90458107,22.36479759,28.04165649,28.83115768,100.7694855,61.41268539,51.98390198,113.7513123
5.503315329,14.92893505,21.52988243,29.69019318,30.95646095,147.7144623,108.8336868,40.18002701,30.81481361
5.667428269,15.31799316,21.70477295,29.92857933,30.62997627,152.3498383,185.5579681,40.43648529,58.60261536
7.073455412,16.0192318,22.33522034,30.39848328,30.14115334,127.8720703,136.9451447,53.62710571,51.62797165
4.741087003,14.32465839,21.79606247,28.06292725,29.38858604,102.3372955,78.78150177,66.44168091,51.08624649
7.648126192,13.6850071,21.6479969,27.7579155,28.0051651,70.92753601,45.9322052,32.95832062,160.2117615
8.931283304,13.76254463,20.79658127,27.44823837,28.05723953,67.32881927,84.30297089,34.51102829,125.7759933
5.059076482,14.7675066,21.52140427,28.58859253,30.06753922,119.1460876,84.20314789,51.34023285,34.49496078
6.506611903,15.45859909,22.08229828,30.13415146,30.24007034,119.953537,167.8712311,46.10061646,47.30450058
8.186686007,14.20877075,20.92214966,28.03080368,28.28666115,75.54672241,133.2927856,81.30110931,74.92182922
7.398571074,15.45856667,21.95116997,29.57767296,29.49547958,109.1888123,137.716156,50.98852539,41.85804749
7.735221938,14.89543533,21.55459213,29.1432991,29.27861404,88.26651001,155.2472076,67.06519318,57.64760208
8.426657986,14.74215031,21.42887878,28.69985199,28.75861168,102.1507797,126.4028091,71.33537292,74.63470459
9.954620189,14.20986462,21.00374985,27.9981041,28.08211708,77.18689728,117.9198837,93.23062897,111.3744507
4.568458872,14.53920841,21.3120575,28.16521263,30.04636002,143.1032104,63.52000046,57.23874283,34.98558426
7.437424286,13.23648643,21.90708733,27.39865112,27.77903366,69.6476593,33.78376007,28.73369598,164.1504364
7.171479595,15.20184612,22.10403442,29.71160316,30.5367794,122.5205078,121.8804932,55.09861374,56.45667648
6.253555681,14.64207458,22.12145042,28.67765045,29.60261345,85.44722748,70.74217224,38.44299698,67.93669128
7.505302329,15.3698349,21.95679855,29.79332924,29.74263382,102.4978027,137.5521545,42.100811,39.73923492
8.162376554,16.182024,22.32816887,30.27458382,29.82881355,132.9688263,136.4090729,76.89337921,49.53267288
4.182958811,22.50816345,24.89464951,31.72426224,32.60805893,111.0311127,143.4020081,97.7462616,87.06545258
4.067232441,22.85796356,25.55895996,32.17573929,33.01917648,150.6666718,162.6222229,71.03333282,99.34444427
5.077145164,22.32057762,24.66385269,31.60462189,32.58359528,105.6734161,133.1628113,80.85559082,87.80522156
4.132400139,22.58307266,25.04447937,31.76667404,32.58409882,114.2544022,152.8461761,112.2826767,96.71356201
4.445210177,22.57626343,25.10214424,31.73418236,32.4188118,122.4436035,148.4215546,90.04293823,88.73973846
6.134325627,23.09629631,25.95910645,32.24629593,33.11779022,103.8585892,43.13131332,97.46464539,136.5353546
6.022877891,22.08353996,24.40830421,31.44034195,32.37572861,106.3788834,142.8748932,85.81333923,105.7246552
6.083168893,22.19672585,23.71505165,31.03833199,32.00256729,73.22592163,221.8518524,77.0222168,347.1518555
4.643711016,22.68205261,25.33882523,31.96308899,32.63741684,149.7513885,173.1250305,75.94654846,101.006424
5.363315564,22.06961441,24.42265892,31.46827698,32.48017883,102.9029541,129.6807861,81.27996826,89.23429108
4.783612346,26.851408,29.02169609,32.47992706,34.71303177,151.8303375,156.677124,118.7657089,64.48163605
7.435287958,10.96245766,19.91161537,24.62037086,26.36086655,62.68181992,86.54040527,124.1161652,136.8535461
9.493412599,13.39785385,20.98347092,26.66189575,27.82442093,45.83282471,87.18106079,131.8906555,146.4656677
8.811685901,12.7205162,20.77004433,26.21596527,27.71505165,43.06431198,96.4276123,129.1020203,107.7808151
8.88548762,12.27783298,20.82187653,26.04158783,27.98340988,38.33944702,108.2963867,107.7561188,102.1347198
10.05620501,14.38028336,21.2781353,27.03500366,27.47537804,50.08765793,106.9501419,153.9706573,156.9189758
8.235691532,9.200454712,18.33225822,23.86681747,26.49266815,51.36363602,68.03636169,107.9545441,145.1363678
7.040835233,10.86161613,19.8823719,24.55909157,26.30677795,64.4747467,88.01010132,120.0505066,137.5757599
8.38235485,10.47316647,20.24032211,25.02616692,27.02274132,69.59999847,63.56999969,136.5700073,124.6399994
9.523842004,14.10366631,21.00307846,26.88102341,27.86141396,55.49311066,84.95710754,108.496666,157.6922302
7.592414921,9.504036903,18.56056595,24.07086945,26.71914864,49.75166321,76.21277618,101.4777756,123.0588913
8.420166617,12.30269337,20.34978867,25.11548805,27.09107208,61.1717186,50.77777863,131.3030243,142.030304
3.13406145,23.59291267,26.59336472,32.54086304,33.38841248,160.7241516,118.9777298,47.67271423,109.5513
4.851396734,21.87043571,25.35752678,30.34781837,33.36271286,107.3928604,160.3095245,161.1428528,175.3571472
4.0366042,21.31558418,24.49916267,29.76363564,32.79430389,93.74025726,129.4155884,129.1038971,111.0259705
3.501116455,23.22933769,26.09398842,32.40963745,33.17454529,174.1085815,111.5711746,57.95888519,123.3291931
5.492409253,12.48189354,21.11193466,26.92127419,29.16679382,70.69799805,78.13822174,28.36911392,109.4815521
4.59077881,10.69333363,19.91620255,25.11878777,27.35036659,46.5681839,76.93182373,137.9772797,154.9818115
3.026332786,22.75636864,25.04879951,34.0007019,35.81515503,92.41144562,106.8653183,50.88047409,86.92154694
4.210602788,18.33271217,22.48733521,30.28355598,29.26330757,118.0017166,77.81454468,90.35413361,147.0789948
3.832523206,19.45723343,23.00569534,31.06754684,30.01599503,139.4204559,91.1780014,82.90466309,161.3653259
7.298077462,18.7839222,22.66790199,30.84409523,29.83048248,139.6277771,79.91555786,60.92815018,188.9626007
6.637038511,19.32711411,22.61872482,31.15924644,30.19555092,153.9891663,97.41722107,72.00805664,179.8091736
9.32424374,18.24414444,22.71894073,30.52907372,29.23781013,59.04249954,105.9219513,57.2250061,147.5845947
3.256683226,20.16761971,22.96442223,31.47528076,30.96060753,121.6733017,138.8489075,59.70680618,172.5384369
3.712863801,15.30066681,21.37983894,28.39341736,28.79991913,62.81500244,104,104.9199982,214.3249969
6.792110475,19.23733139,22.41202354,29.70129013,29.41877174,142.4972839,80.39577484,74.99460602,212.6930847
5.609048018,15.15612507,21.01198959,27.61026382,29.31468964,96.99333191,82.52555084,106.3763885,47.34027863
4.038350856,16.4331398,21.4252758,28.19746399,28.70528793,84.61000061,82.29682922,106.3220673,70.89286041
6.328046859,19.75276947,22.79639053,30.30784225,29.8235321,127.9383316,101.9544449,117.6816635,178.6505432
3.874292661,15.97446442,21.25609398,27.83632469,28.75030708,88.33519745,88.80211639,155.7735138,74.11891937
8.511750084,17.32042694,21.67203522,28.74958611,28.31701088,101.1805191,90.48631287,125.3519592,136.3632813
6.200341942,20.78347588,22.83862305,30.76891518,30.62212563,140.6070709,151.816925,106.014389,277.2921753
6.606216617,15.16383362,20.92241859,27.86483383,28.529356,87.56999969,110.9000015,104.6399994,95.40000153
4.21577679,15.96410656,21.25457764,27.99184608,28.86793137,79.0916748,76.99182129,112.2512817,67.56889343
7.682841719,17.40029526,21.64161682,30.27258873,28.78116989,58.85000229,93.53083801,27.16805458,142.946106
7.83552163,16.97477341,21.05866814,29.82158089,28.35041809,110.89785,127.3630524,44.25320053,181.9263
8.547385322,17.02150917,21.81912041,30.1442337,28.56378746,54.06141663,97.11585236,45.09154892,184.2320099
3.784054517,20.5888958,23.23212624,32.89765549,32.17182541,101.7636414,226.2064056,32.98888779,127.7080765
3.120643478,20.0807972,22.60455322,32.5230751,31.8350544,140.3705444,187.5671844,25.13720512,128.4909058
6.009683779,19.82170677,22.56905746,32.42987061,31.45412254,125.0378036,203.1555481,23.94185829,126.0110703
3.920064895,21.78379631,23.63100433,32.94620514,33.85080719,142.5722198,192.9611206,114.1777802,168.1333313
3.229741368,22.19466782,24.35089493,31.54681396,32.32125092,117.3088837,181.0666809,88.29777527,392.7111206
6.073220124,22.01296234,24.27843475,31.51024628,32.19360733,108.8740768,156.159256,76.9888916,251.4962921
2.192742027,25.88118553,28.27694893,31.61174011,33.15446854,178.9213562,319.3942566,168.435791,77.78918457
1.984229748,25.98244858,28.42842102,31.73696136,33.50535202,146.3434296,213.8797913,157.9212036,80.92752075
1.621014811,25.65051842,28.13931274,31.55233765,33.36705017,161.7261505,313.4400024,190.8021698,104.9876556
1.822800888,25.82571411,28.36126328,31.90381241,33.25171661,159.6006927,272.5320435,172.2041931,160.5741882
7.05528104,11.18416691,21.12177467,26.24983406,28.84897804,64.87999725,67.95666504,51.12666702,72.65332794
6.98616012,12.62159729,20.89416122,26.79317665,28.99814987,82.57444763,95.45584106,24.63500023,84.28527832
3.243253723,9.178149223,21.73122025,23.87919044,25.9192028,53.6863327,84.2569809,162.5671997,150.4755554
3.41515873,9.471492767,21.48784637,23.99996185,26.16941643,48.11899948,97.94850159,118.1202087,146.7043915
4.583237133,10.09544373,21.61777306,24.58286858,26.54263878,40.65661621,89.85964203,78.2062912,153.6768188
4.41039897,9.720508575,21.03867531,24.00100327,26.13597679,40.59627533,82.10791016,71.42932892,142.1690826
2.698991667,8.543001175,20.61131668,23.01359558,25.59978485,40.29010391,102.5055695,168.5652313,116.5770645
6.158072716,12.43442822,22.21782112,26.31008148,27.43695831,77.19651031,44.18815231,47.47525024,165.0024567
6.208382273,19.42272568,22.87089539,31.33586311,30.45322037,82.43914032,125.260376,55.63567734,213.5864105
5.36605767,19.1264801,22.80228233,31.35622978,30.24957085,67.41629791,119.8314819,105.0588913,124.0607529
4.104654606,22.55737686,24.89491463,32.20149612,32.84000778,95.37770844,185.9306946,47.21213531,114.6098022
3.691219046,22.59423256,25.10177422,32.14444733,32.85265732,82.49555206,148.4319763,66.29920197,72.85188293
4.353852377,22.44864464,24.73501396,32.20253372,32.72442245,117.9555435,205.9789581,26.4754734,146.9083862
11.07649652,17.30920982,21.05328178,30.67737389,30.15816689,186.4413757,115.4525528,68.92732239,95.3599472
3.553766788,17.93590546,22.31759071,31.16464996,29.53005409,184.5424652,168.768692,123.6240845,131.2083282
2.684227316,18.6047802,21.6389389,31.73361397,31.33872414,149.1194153,127.1923904,20.18611145,57.42938614
4.026383567,10.0336504,20.89784622,24.45364189,25.9114933,56.80361176,54.83893967,81.14952087,140.3042145
3.173948895,8.283321381,20.60538483,23.13875008,24.61672783,76.6489563,129.3359222,146.5937195,241.6845703
6.819172125,12.61815929,21.7896347,26.47590446,27.83483505,106.8156052,63.75329971,84.68553162,134.4590302
4.430119186,10.31407356,21.1205101,25.04947281,26.28313255,49.90339661,80.52671814,81.85128021,144.5246582
6.190520016,11.83823204,21.61619377,25.95689964,27.48539925,93.23937225,81.14753723,85.98242188,121.508934
3.891671801,11.5893383,21.56089211,25.29944992,27.06461716,60.9772377,57.84219742,83.81376648,97.27079773
2.81166863,10.48264885,20.97819901,24.50491524,26.07956886,55.6438942,52.27795029,88.28833771,121.0384369
2.732556273,12.08026791,21.33743477,24.83746529,26.6503067,59.04327011,83.42726135,107.5301895,55.74708557
2.673552515,9.619608879,20.29382896,23.65956879,25.05081177,57.71427917,61.24748611,115.3291931,118.2383041
5.05911221,10.90705585,21.08844948,25.33792305,26.74518967,67.04959869,65.18769836,63.11700439,136.7470245
1.872092169,9.168046951,20.4591198,23.51424599,24.96271324,62.34743118,73.30758667,117.0573959,154.9549103
5.4965557,10.56203461,22.05864906,25.36803818,26.90648842,55.45588303,92.73130798,75.31420898,151.2086029
6.122688439,16.50166702,21.66756248,28.62925911,29.8270607,71.30000305,85.53333282,124.422226,81.83333588
6.437594955,13.35074997,20.8861599,27.30187035,27.95707512,68.58273315,59.02944946,33.28770065,108.3643188
5.861679234,13.12115765,21.18157959,27.10966301,27.76123238,69.34815979,52.37569046,36.54403687,128.2743683
7.617270639,12.70307446,21.43249893,26.78198242,27.47514343,66.76964569,36.6741333,40.23560333,166.8027649
6.817619919,11.7069025,20.6423912,25.7195282,27.81948471,36.46464539,101.5454559,113.0101013,90.5252533
4.764825818,28.44744301,30.17741966,30.56752014,33.20491028,103.6306763,118.8295441,221.2045441,149.0227356
8.132422529,19.74832535,23.16149521,29.28452682,31.43246078,175.2651825,125.0739975,80.04471588,52.07611084
8.181349775,16.69114304,19.58133888,27.32793236,27.46517372,166.7864532,127.8073349,189.5228882,223.4577942
7.856898648,19.85233307,23.15322495,29.28466606,31.40709686,195.2100067,145.3099976,71.91000366,62.06000137
9.950120027,17.61214256,20.7839222,28.30898476,28.6446209,168.2550812,106.186882,114.4559097,184.4895172
12.34900952,16.94053459,20.54682732,28.14548111,28.44239998,157.2960205,125.0364685,102.751091,264.1064758
8.809565679,20.26814079,23.15064049,29.56762123,31.32908058,200.5407257,127.5674057,42.52962875,60.1362915
8.767328817,20.03674126,22.34019852,29.30888748,29.89969254,156.6452789,134.8279114,52.04951477,77.71726227
9.216941131,20.712183,23.52291679,29.71747017,31.55274582,188.1886749,149.5881653,60.01377106,119.4482498
4.792225276,21.29089165,24.05199814,29.96644211,31.76766968,225.2822418,143.9695129,69.76110077,97.41095734
6.21063509,21.30472946,24.40319633,29.82238579,32.54544067,230.6555786,118.7840118,80.17568207,89.47397614
9.348903018,16.99125671,19.98942566,27.83023071,27.75630569,165.7608032,111.3200989,110.8045959,209.9038544
8.562028357,19.75905609,22.51825714,29.3890686,30.33829308,138.8190918,82.6639328,39.88080978,74.90979767
8.800307789,20.4113903,22.68581581,29.26080132,30.22163963,190.2684174,162.0393524,58.976017,98.9048996
8.565665726,20.76660919,22.88362694,29.16891479,30.09031868,197.9500122,170.9967346,95.591362,90.90461731
7.426605524,20.91611099,23.61761093,29.73013306,31.56083298,219.9511108,184.7848816,81.31236267,96.44472504
8.848450221,19.41201591,21.80949974,29.17894363,29.51599693,128.7304688,108.9313583,117.2436447,85.63999939
5.109164353,21.57036972,24.33351326,29.49851799,31.63225746,289.5,77.45555878,97.33333588,99.27777863
8.293659928,18.86416626,22.27693558,28.90133286,30.11838722,156.3800049,121.3199997,42.18999863,187.5800018
7.317991058,22.31469154,24.18347168,29.66555023,31.6043911,313.4684448,96.01768494,74.17045593,65.10101318
8.671423473,20.83908463,23.67083549,29.59016037,32.01115036,224.1850586,130.9294891,85.30106354,73.88563538
8.627919216,18.4490242,21.06377792,28.72313309,28.94860268,168.3200073,112.8873291,122.9862289,147.0799866
9.264873727,19.06191254,22.91973495,29.34742165,31.13960266,162.1038971,91.14430237,47.5601387,94.49638367
10.18582742,18.51100731,22.38960648,29.07258606,30.3747654,162.3396759,94.693367,45.83486938,133.3359222
9.42823672,17.79837227,21.46588898,28.69461823,29.31628227,164.2844086,94.98962402,107.8815842,163.9849548
8.387699531,19.19777679,21.35931206,28.86143875,29.13448334,141.6664429,141.3456268,167.6796417,88.96387482
7.207583725,21.23977661,23.84504318,29.84765244,31.38609123,229.7035828,160.0115967,83.97938538,93.44506073
4.380445172,21.37928772,24.18842316,29.48461914,31.61682892,258.9411011,87.35777283,101.214447,82.27166748
7.696328354,17.24647713,20.08472252,27.87315178,27.85996628,155.1177826,106.2181931,119.9112473,181.7784729
8.511502061,18.48152161,20.76983261,28.65649414,28.81566429,130.3849945,109.7821655,125.4371185,176.368927
9.73784672,18.07344437,21.72115326,28.66676521,29.63249016,158.585144,103.2701416,79.26319122,126.7893143
8.87785064,18.08803177,20.94415665,28.53596497,28.79143715,194.3368835,106.7034454,94.45921326,168.4788361
9.935141902,17.04594421,20.24742508,28.04864693,28.04628563,169.6001282,120.5759125,99.27462769,225.865387
8.590904402,18.97553253,21.57052612,29.02203178,29.43810081,145.3526459,102.5825882,129.3117065,122.9561539
9.219691654,20.06652069,22.9701519,29.52008438,30.70438194,150.2784119,81.8372879,36.62563324,115.7992554
9.133640148,20.14100456,22.95541,29.44320488,30.76873779,164.2002563,149.0193176,41.00077057,102.816246
8.179280003,20.74056244,23.57796669,29.6549511,31.79602051,208.3386993,158.9924164,76.26036835,90.29074097
7.14884753,21.37510681,24.37830544,29.84757423,32.54793549,236.0951233,138.0213318,96.34156799,119.1417694
5.489974249,20.85796356,23.7763443,29.50259399,31.81908607,235,134.5888977,71.60555267,85.55555725
9.769918827,18.68190765,21.6782856,28.86034203,29.61579895,188.4333191,89.21389008,79.24694824,126.3880539
9.582865103,19.09340286,22.52693748,29.01726341,30.46646118,166.0580444,117.6900635,42.33451462,130.4991913
7.780582121,17.01083374,19.84016037,27.59666634,27.66693497,163.75,121.5,193.5,231.3500061
9.25104976,19.45014763,22.15461349,29.33531952,30.04730034,122.4404755,70.74581909,77.8850708,70.76251221
10.18602899,18.13191605,21.98510361,29.06874466,30.02183342,150.644165,75.84152222,58.46388626,136.1434631
4.865664582,22.06290817,25.08544922,30.22212029,33.19830322,254.6749878,124.2605591,61.6511116,59.92388916
8.238401621,20.91285706,23.77742958,29.76414871,31.87360191,208.0482025,156.6124573,76.20565796,114.5433197
8.335988753,20.46761131,23.29668617,29.60852814,31.58952522,207.6963959,147.1588745,47.73371887,65.94972229
9.120915519,20.27430916,22.82027435,29.28980064,30.67871857,193.465744,155.8612823,59.04185104,133.8220367
9.838489377,16.87144279,20.31663895,27.98264313,28.12158203,165.5378571,124.9152145,104.23983,243.4791412
9.766468131,18.69922066,22.05360222,28.85133362,29.92908669,199.9400024,101.1666641,76.82333374,144.280014
4.45828026,21.2238884,24.35680962,29.39592552,31.79928398,276.3333435,122.1666641,98.3888855,70.3777771
9.176448988,19.96269417,22.57904434,29.34160423,30.27684593,148.7567902,128.4162292,38.05258942,85.13093567
8.205153111,20.5031662,23.54580688,29.77216721,31.97887039,190.3899994,164.6499939,63.09000015,57.08000183
4.95614417,22.26608276,25.34584236,30.36692619,33.17887878,301.0650024,108.9361115,66.20388794,76.95555115
6.005903078,21.55167961,24.26524734,30.0311718,31.6210022,206.4134369,138.8612366,77.60098267,94.92925262
9.937471347,17.66636276,21.4217186,28.7780838,29.22917557,163.1261139,101.5088882,115.9483337,205.6372223
9.884424415,20.49856567,23.34576988,29.65555382,31.41456985,185.9982758,140.6181946,61.81781387,110.7473373
8.127430522,20.49024773,23.18912697,29.50049782,31.24617767,194.3640747,153.7488861,60.54962921,111.4599991
6.365780769,21.95019913,25.05433464,30.26898575,33.15350342,247.6413269,131.9717712,71.7519989,80.22666931
9.801523418,16.62230873,20.16238976,27.68741417,27.94737816,140.8034973,135.7222443,134.5875854,250.7943878
9.828063117,19.61931038,22.6177597,29.32655525,30.41931152,158.6092377,78.34324646,52.74333191,121.0914001
8.275401451,20.02972412,22.1064167,29.03485107,29.51258278,182.4116364,178.4153748,96.58695221,68.81748199
10.58268707,18.44450569,22.10643959,28.87912369,30.0188446,156.1894379,104.8454666,51.71554565,157.1762695
5.414523388,21.31594658,24.43061256,29.63287544,32.2693367,254.4718628,115.1094437,89.70861816,70.02092743
6.517097651,22.16736603,24.55535698,30.01729774,31.73167038,301.491333,81.78088379,67.97692871,77.66585541
10.37569764,17.40553665,20.81812859,28.42747498,28.77551842,175.8171387,131.1324921,109.4569473,213.641037
8.000644764,16.69464684,20.03933144,27.65871811,27.87701035,152.687561,132.5757751,147.6019897,221.0855408
8.88319839,19.05038834,21.95724297,29.08982277,29.91026306,170.7260284,79.09666443,94.26890564,77.58430481
6.187846251,19.06513786,20.69224358,27.65183258,28.12362862,124.8701248,212.0635986,151.5727386,141.4398651
6.085494288,18.75068855,20.46569443,27.69577026,28.08311081,124.1471405,203.9888306,138.6772614,122.6716919
8.574163327,19.05830956,20.94571495,28.46569443,28.61750603,153.8503723,158.5866699,159.5368195,117.2766647
6.349719897,19.39783669,21.02143669,27.6395092,28.27492523,156.4714813,200.7878265,155.2763214,107.378891
7.125504708,20.05619621,21.62254524,27.85498428,28.52577782,179.2154388,187.5858612,132.0363922,177.5829315
7.835242506,19.25926781,20.91529465,28.08513832,28.50465775,122.8615265,170.3631439,203.7935638,168.843277
7.656795721,19.11558342,20.80628967,27.95916748,28.38088608,132.4599915,172.625,215.7250061,205.2299957
7.61249086,19.62140274,21.28808975,27.90845871,28.4307518,143.8610992,210.4584961,159.0930023,205.0845032
8.532788512,22.59275436,24.32341766,29.58976173,30.84660721,129.4196014,179.4162598,89.39788818,143.7549744
7.703582869,21.93432045,22.57043076,27.63848114,28.93602562,134.00737,184.623642,181.7068481,174.5851135
5.994895552,19.8857975,21.37135696,27.72735214,28.48283195,140.2151031,197.6425171,215.7634888,146.6053162
8.416019493,22.78435135,24.53969574,29.3625927,30.89050293,247.1666565,155.3888855,106.7833328,204.0222168
7.752008449,17.95141602,19.98188591,27.25491333,27.87026215,99.83214569,153.6881409,53.32100677,94.43159485
6.794795494,21.07038879,21.97525024,27.40212059,28.55443573,105.371109,206.9294434,154.3372192,219.6466675
8.695221887,18.68015862,20.36835098,27.88704681,28.08602905,112.9822159,152.440567,145.2674866,163.0614014
7.698156903,22.54629707,24.92239189,29.84721947,31.4888916,272.0455627,122.9346313,112.4162979,92.25945282
6.610632824,19.91877747,21.51127815,27.90799141,28.55130386,154.9280548,206.5441589,152.5619507,193.2380676
6.291873139,20.81236649,21.92427826,27.66477013,28.71701622,114.7771606,207.8152771,151.9365845,224.6794434
7.367363765,20.44615173,21.98443604,27.96303177,28.84447861,185.4719391,165.1745758,144.3106995,168.1222229
6.529367508,20.53365707,21.61502075,27.36227798,28.35899734,105.1999283,206.9424744,190.0851746,219.4820557
7.256727511,19.260746,20.99645805,27.88383865,28.37646103,140.2431793,199.7238007,194.8381042,204.4082336
6.252464376,22.99933243,23.89177322,28.8156662,30.41629028,152.4700012,228.8600006,162.3999939,101.5400009
8.238721318,18.73384094,20.48870087,28.43195152,28.42352295,148.7969971,118.9337769,122.4416733,137.5043488
5.9439204,19.62801361,21.06771088,27.61592674,28.22921944,106.2768097,203.4748688,157.9587555,119.3250732
7.463124171,22.31288528,24.49556541,29.85521317,31.15315628,169.9589996,165.8596344,90.20012665,102.1501846
7.368073009,18.20569038,20.16332817,27.48600006,27.95445442,102.3629684,133.5685272,69.35518646,160.7863007
6.920511262,18.27298355,19.79124069,28.01112747,27.98944664,133.2086639,109.0228882,82.83599091,145.3791199
6.60372258,17.75294495,19.84719467,27.09537125,27.83164978,98.40222168,165.2616577,61.47222137,93.00332642
6.398201536,19.91392708,21.44051933,27.80332375,28.56176186,144.3826599,191.9826965,202.1939545,161.02771
8.066365526,18.24858856,20.11978722,27.65886497,27.93902588,105.8451157,133.6333313,80.86399841,196.0882263
6.173660917,18.9856987,20.74725342,27.80714798,28.25932693,129.2666626,187.3513947,182.0713959,186.5236053
9.014874786,18.87554932,20.78777313,28.60207748,28.70622253,146.9202271,134.912674,148.7244568,116.8604355
7.965560571,22.64859009,23.65638733,28.66277695,30.15280533,141.4283447,190.4911194,117.4833832,189.6577759
7.629818658,18.36435127,19.97992706,28.27444458,28.16693497,128.7333374,100.4444427,81.83889008,178.8944397
7.519348091,22.49298668,24.55309868,29.86181259,31.68672943,310.9363708,100.7940445,78.07318115,106.5527573
7.933868368,18.75350189,20.34314919,28.14105225,28.20658112,125.6890793,125.9242401,116.2963638,163.768692
6.692935376,20.15277481,21.39570236,27.63475227,28.35926056,98.44676971,186.424881,184.2187195,140.2036438
7.655595222,21.26707268,22.07045746,27.38415337,28.58010864,100.5355682,206.2566528,148.1247864,241.9386597
7.128340735,21.6193676,22.5524807,27.92098427,29.13181114,112.5634842,160.7299042,167.3926697,177.467514
7.674849785,18.08383369,20.00290298,27.49166679,27.91241837,94.94000244,125.6399994,56.04000092,162.6600037
7.181269735,22.00809288,24.18100548,29.82804871,31.03947449,154.9203644,149.9837036,78.86333466,117.6666641
7.654555947,21.17594147,22.10734749,27.50385094,28.69430351,138.9437714,182.6346893,136.4680176,155.6218872
7.844222789,20.88949966,22.91177368,29.14299965,29.91354752,177.8099976,166.7700043,115.75,107.8499985
6.579785074,18.68754959,20.54008102,27.66411209,28.08709717,113.6346664,194.2226563,163.1764374,186.6555481
8.755167799,19.68268394,21.5899601,28.67743111,29.05188942,175.4812317,180.2569733,129.6068726,95.40435028
7.08560164,23.16111183,25.34677505,29.76481438,31.58960533,177.5555573,112.7777786,73.5,112.0555573
6.932099666,20.54974365,21.62954521,27.54454422,28.29380226,92.86061096,211.0074768,206.2347717,179.9044495
8.187235871,18.92912292,20.60036278,28.21441078,28.37259483,145.0082245,137.3217621,167.929184,137.5078125
6.906079246,18.48724174,20.31227112,27.35491562,27.78029442,124.8950043,201.3372192,180.1141663,164.4155579
7.161853284,16.48789978,21.96780014,28.78619957,30.79095078,107.7525024,143.3908234,84.74899292,28.96964264
7.414677058,16.83615875,22.35785294,28.84417152,30.77666092,109.3276825,119.6009293,120.1914444,40.741745
9.322044395,15.10353565,19.82730484,26.96119499,27.87748337,155.4797974,101.4040375,136.5202026,122.3030319
8.739965856,15.54226589,21.50545311,28.54201317,30.14798355,95.38434601,150.6985626,66.25922394,73.27879333
9.146041093,16.46904182,21.15484428,28.44005203,29.27769852,141.5395203,91.83583832,88.24508667,70.3806839
9.512857027,15.89831161,20.88278961,28.13166237,28.68886185,121.148468,81.23869324,124.2721939,72.71516418
8.724343641,16.18980789,21.98265266,29.00270271,30.4779892,121.8736877,111.0363312,74.38105011,47.87759018
9.678825915,15.28717995,20.42487717,27.66218758,28.19176292,126.9096222,108.8438797,177.4523926,173.349762
10.69454171,15.83379078,20.55485344,27.84486961,28.33491135,120.6014557,79.70573425,139.6787872,130.2718506
8.093418226,14.87431812,21.33690643,28.45525169,30.10993004,98.25397491,114.6362534,58.77185822,29.00046349
9.475639497,15.3390255,20.76611519,28.00046921,28.58211327,110.3421173,87.82833862,173.1871033,100.1503448
8.559150551,15.44874382,21.45843124,28.75516319,30.15106773,114.2097015,111.0185089,54.41348267,49.07358551
9.570255965,15.34250832,21.45517159,28.77571297,30.2659111,94.80794525,127.5260696,48.58491516,94.58889771
8.277035669,16.45775986,22.18859673,28.8568058,30.62441635,106.1318512,147.138855,84.8066864,42.35974121
9.646665515,17.32313156,21.47150612,28.70468712,29.35697556,143.4374695,110.5322418,88.88134003,165.3734589
9.250467049,14.61817837,20.35117531,27.67609978,28.43991852,122.1144714,109.9866409,104.6089401,81.94686127
8.658657918,15.03971577,21.47379303,28.76319504,30.45396423,95.54716492,108.1177826,74.35231018,27.62875366
8.920130348,14.73455811,19.97182655,27.24700737,27.96688271,130.684906,117.4594193,179.03862,189.5751648
8.479622123,14.72383499,21.35921478,28.33453178,30.03938675,94.07670593,107.1732025,82.94387817,21.2239399
10.60719173,15.3547039,19.89495468,27.08559227,27.86382675,142.5627747,91.93556213,158.2177734,168.3194427
9.878556699,17.15168571,21.09960556,28.44082451,28.83697319,155.6633759,102.2947845,119.0930023,173.6750336
9.77713798,15.24189568,21.59006691,28.90381622,30.43924332,93.83614349,141.7498169,61.82013702,84.63271332
8.242193104,16.73258781,22.40078735,29.46806335,31.10199928,111.2654648,121.052681,70.15870667,52.36027145
11.49441334,15.80423069,20.213377,27.51023293,27.96878624,120.7156143,77.70892334,181.1515961,166.2968292
8.559326754,17.96793747,22.11466408,29.24873352,30.84129143,141.3100586,61.14525604,44.70505142,113.4692993
8.358504242,14.12715816,20.67895508,27.81075859,29.42935371,88.65858459,119.7025528,120.1659012,16.37763405
11.24196718,15.88212299,20.01329613,27.26435852,27.7058506,126.7222672,86.23972321,146.7331085,217.2255402
9.208774429,14.26148701,20.77122879,27.70565414,29.0525341,76.80232239,106.6706924,100.8891754,24.11636353
9.483061244,15.23601341,20.15375137,27.44410706,27.94504738,118.4130478,94.34860992,174.3294373,191.4892426
8.809879908,14.72347546,20.21969604,27.50811386,28.20589447,128.0158997,104.8644257,139.5241699,157.7841644
9.641796356,15.08728313,20.80694199,28.11986923,28.85354042,106.9228287,97.24167633,149.960968,63.42298126
8.390814205,17.58632088,23.59289932,29.89300537,31.18482399,127.9596939,116.9747467,141.0309143,96.97192383
8.884357044,16.03867722,21.89395332,29.14967918,30.58967972,119.2858658,120.1531982,47.37468338,74.01514435
9.485579093,15.73136997,21.01825333,28.28451729,28.95157814,112.818573,92.69221497,134.0973358,70.25443268
8.461292897,16.07827377,21.87025642,28.94928169,30.55987358,106.720192,150.4632721,65.02011108,70.21187592
9.085031137,15.62387276,21.43566132,28.51563454,29.69433594,111.3084488,99.2666626,104.1059952,30.90402031
9.243982144,14.60972786,20.57205963,27.82248688,28.80668831,109.0996628,108.9360809,81.80426788,51.26284409
10.20957347,15.63321209,21.2679882,28.47122765,29.33851433,113.5836105,103.4485397,127.1238327,55.00425339
8.481186479,16.31712151,22.76828003,29.73692131,31.10974503,122.6349411,143.4393158,98.04044342,69.5914917
8.450566666,17.89344215,22.11341095,29.37726021,31.16770172,140.9955597,78.41370392,45.35888672,100.7001877
8.767769572,14.14881706,19.52760887,26.85807419,27.71149826,137.0560608,108.9909058,123.050499,128.7961731
8.775617229,15.18519306,21.21512985,28.38368416,29.61394501,102.4454575,92.36801147,69.43757629,19.70000076
9.412640945,15.02578545,21.42324829,28.79553604,30.40482903,92.47381592,126.2306595,53.45941162,72.57667542
9.160154016,17.16388702,21.64208031,29.06907845,30.28922653,123.2486649,100.7075729,63.42438889,65.21616364
9.943103222,16.88188744,20.80290985,28.17534256,28.56777954,143.3414001,110.5482101,121.7951279,169.4949799
8.858873062,16.8951416,21.92286682,29.04790497,30.46777534,106.5043106,95.42399597,59.43914032,50.68798447
6.985662275,17.73722267,22.03100395,29.4807415,31.48960495,141.3222198,86.56666565,32.31111145,26.75555611
8.940014353,17.55729485,21.81565285,29.1917038,30.25776863,120.4720078,103.0147476,82.23383331,118.086525
10.22717102,16.74078178,20.93051147,28.15687752,28.69621086,143.2704468,108.673851,130.2879181,159.5666656
7.530331934,17.51808739,21.93201637,29.38712311,31.05398369,118.1898117,99.20173645,45.63796616,42.66126251
9.259268183,14.70719719,20.93597412,28.01600075,29.20602036,88.16409302,95.41557312,84.9262619,41.71559906
7.591491623,18.26395416,22.5532074,29.50805473,31.54335022,157.8172302,62.56222153,36.14333344,67.06944275
9.570281451,16.70939636,21.21030235,28.43499947,29.15197182,149.3652344,102.4801865,113.4419174,120.3800049
9.173742246,17.84391975,21.92780113,29.27025414,30.64328957,135.4633331,74.91370392,67.46630096,127.1537094
9.907297309,14.74423122,20.96216202,28.33125496,30.32819748,94.73942566,77.47733307,88.0927887,23.78477859
7.025516703,16.96850967,22.3712616,29.35673904,31.30912781,92.16741943,111.0838394,69.8638916,36.47247314
7.810072041,17.54011154,22.08277512,29.36183739,31.23811531,128.5944061,84.0488205,54.54549026,24.08712578
7.535291012,17.45126152,22.23610687,29.31410789,31.15197945,140.3733978,83.8181839,73.08805084,25.51862144
9.455385029,16.27223015,21.54634476,28.69967461,29.77911758,109.3987274,112.2444839,80.47162628,45.30968475
9.642776886,14.1062727,19.6757679,27.00914574,27.82390213,131.6015778,107.0222549,108.7673645,139.3111267
8.448524469,15.88034153,22.40955734,29.85866356,31.2898407,101.5062866,135.786911,78.34137726,63.81285477
8.161471657,17.05883789,22.9092083,29.26620865,30.79946899,108.0711136,128.1907959,124.538063,62.02929306
8.827689467,17.65094376,21.76463699,29.06506348,29.83686638,123.148056,100.8423615,112.9838867,174.8097229
9.231269886,14.78625774,21.26401138,28.47275734,30.22926712,99.88792419,98.68346405,116.1441422,25.19836617
9.165278986,14.14145279,20.50862503,27.9147377,29.66207314,97.27547455,102.1216888,92.67183685,19.69041824
7.829829327,17.24824715,23.17764473,29.403862,30.87277794,117.1527252,99.16915894,138.8037567,94.63783264
8.950854676,14.81489658,21.21137619,28.2005825,29.60559845,82.18553925,97.00856781,77.0983963,19.13580894
8.403387305,15.49453831,21.79050636,29.37211037,30.97922516,104.2606735,107.3016205,66.48703766,22.92952728
8.448551876,15.11296654,21.33742332,28.48970032,29.9279995,101.8581009,108.6196442,58.18367386,22.19518852
8.439046273,16.82843399,22.397892,29.276577,30.80693626,115.4436569,125.8757706,93.77427673,71.07154083
9.309831151,16.79073906,21.4755249,28.8737793,30.15967751,124.5231018,90.88450623,65.56558228,63.44618225
6.539422835,17.00453949,22.36360931,28.90460205,30.94319344,131.8178558,104.5430984,130.3531952,38.02963257
8.465131585,15.08468151,21.3380661,28.67550659,30.18221474,98.93540955,121.4237213,47.82324982,71.00227356
10.0302978,17.47630692,21.5326519,28.78473473,29.23382759,137.6185303,98.2516861,114.1475067,178.3507385
8.866898876,15.78491211,21.99624252,28.99436569,30.49451828,101.4446793,142.7638092,83.87853241,64.29284668
10.27034603,15.25865746,21.5498867,28.96063614,30.70447731,104.5607147,95.87366486,85.84616852,24.96519089
9.132121075,16.24919891,21.92631721,28.88757706,30.17844963,120.932579,119.1157074,76.82975006,67.5111618
9.335012096,16.16428185,21.09617424,28.41659164,29.27746773,121.8863983,87.70613098,93.55259705,72.55622864
7.159394739,17.52157402,22.62347794,29.5674057,31.51102066,146.5388947,100.3388824,71.55000305,29.78888893
9.604484975,17.62763786,21.87646484,29.32681656,30.78171921,121.7337189,102.8035736,58.25065231,89.21253204
8.656267745,15.53153896,21.44834709,28.57624435,29.92310905,116.466629,107.2975159,82.83769226,28.46969604
9.326653928,14.23730278,20.30267334,27.4747467,28.49176788,98.88277435,93.31278229,91.75624847,76.68201447
10.02344822,14.74585819,19.71482086,26.92305756,27.82251549,148.9291992,110.8630371,140.6190796,113.6826935
8.566792896,15.53805637,21.95657158,29.60697174,31.12731171,93.62013245,116.1027222,59.14011765,36.70282364
8.331303645,14.08798218,19.86302567,27.19797134,28.04802704,129.5335388,102.066803,93.74445343,108.6558762
9.151195428,15.08624935,20.95828438,28.2027359,29.22473145,112.377861,93.93380737,108.7806778,26.83039093
6.260563909,18.53752327,23.83331108,29.50756836,31.90076637,169.0658722,131.6478424,138.2429962,56.22957993
6.127623139,18.10905838,23.7407093,29.74297714,31.95482254,161.4602051,88.81922913,89.64020538,32.37201309
3.644127684,17.91314888,23.62467003,30.10585022,32.76696777,128.1981964,123.9792328,79.09983826,47.01181793
3.001737476,19.48411179,24.91660309,31.63780785,34.17604446,168.9565582,95.76615906,82.3833313,46.82979965
5.148690645,19.46333313,23.98781395,29.13074112,31.29498291,214.6666718,162.8333282,141.7444458,214.3000031
3.90380783,17.80706787,23.43290138,29.62127113,32.30958939,145.4780426,105.5002213,66.98818207,33.79091263
2.559084825,20.407547,25.82553101,31.40967178,34.2792244,151.9621887,134.368042,114.105423,26.46998787
4.89547886,22.46609879,23.61656952,28.17197037,29.90011024,84.0568161,156.4772797,122.6136398,109.9318161
6.937840181,23.522789,25.64030457,28.9519558,31.80022621,131.23349,129.8572388,155.3745728,91.81801605
7.33611587,23.28278923,25.17243004,29.2605114,31.27137566,105.0461197,131.9474792,81.95690155,96.35824585
6.801684319,23.22136497,25.91343117,29.64725494,31.74711227,176.6894836,132.1867218,120.1561127,105.2671661
4.434565198,22.91907501,24.12329674,28.22425842,29.9756279,70.3666687,154.1444397,151.777771,103.0111084
6.475811222,23.58547974,25.5301857,29.00856781,31.94820976,140.620697,132.2816925,152.0424347,103.4636383
6.427124267,23.12685204,24.24032211,28.69796371,30.73387146,143.6555481,223.2666626,117.6555557,109.8000031
6.183393637,23.07407379,24.26630783,28.63351822,30.31272316,158.3333282,129.5222168,128.8666687,93.77777863
6.657182828,23.71574783,25.46996117,28.84445572,31.73753929,144.5791931,179.4090881,167.3161621,112.4521255
6.491558457,23.40886307,25.49811935,28.92166519,31.85356522,155.449295,141.8369598,159.1793976,96.23313141
6.614565629,23.76323318,25.89467621,29.11639786,31.91602135,117.3861084,127.9122162,157.7355652,74.86499786
7.736293612,22.92788696,24.49274445,29.52251625,31.76942444,195.6091003,119.1623077,84.83647156,62.55925369
7.103627919,23.83013535,25.567873,28.95461273,31.87813568,132.4924316,201.9737396,173.0641479,104.3217163
6.307045416,22.79055595,24.14498138,28.39907455,30.04623604,92.41110992,137.5,157.5222168,98.97777557
4.353762376,26.87289619,27.65721703,30.18535423,33.03339767,258.8181763,136.1010132,221.5252533,149.1212158
4.575851441,26.78625107,27.56120682,30.23406601,33.15644073,206.4054565,141.8701477,185.399231,106.0998993
4.115600325,26.66986465,27.40143394,30.085186,32.97360611,196.5757599,144.6262665,194.2020264,118.8282852
6.074974965,26.47754669,27.35299873,30.46280479,33.44096756,186.3560638,119.5656509,178.6136322,95.24157715
7.813538182,26.87914848,27.63827515,30.38037682,33.36190033,201.5996552,147.897644,167.3057251,107.5693588
5.440952008,26.77723885,27.59957314,30.52278519,33.42946625,228.0256348,127.6799164,198.2453308,133.7744904
7.394306291,26.43744659,27.36131096,30.48810196,33.56877899,171.8167267,119.0443268,213.1440125,123.5169983
6.061488483,26.67558861,27.51767731,30.55555725,33.54072952,188.5101013,139.9898987,227.0959473,123.3131256
5.365600102,26.87020874,27.66469574,30.36556244,33.2733078,202.6489868,165.8863525,195.2853394,136.0404053
7.104378133,26.5055275,27.39891624,30.48270226,33.48260498,179.301178,127.1416855,199.3575592,104.4017639
6.247862785,16.84182358,19.97979546,26.63014603,28.16881371,163.6035461,45.1780014,146.3202209,63.78977585
5.817191281,17.76183319,20.00403214,27.62866592,28.09435463,126.9199982,116.6699982,69.40000153,122.5599976
8.321633468,14.28953934,17.25291252,24.32119179,25.54150963,167.3788452,78.12918854,169.802597,71.42007446
5.446248803,16.65233421,19.9043541,26.4418335,28.15709686,162.4100037,46.15999985,300.1499939,58.34000015
6.67075848,18.08115196,20.34197426,27.98792458,28.4118557,103.0933609,110.271492,75.72632599,81.55189514
5.985875684,17.92816162,20.21928024,27.85599327,28.46891975,84.19767761,129.5623779,80.5644455,85.60395813
6.039406505,16.44599915,19.52580643,26.15866661,27.44677353,175.4100037,47.15000153,181.1499939,44.31000137
6.748997147,14.78124714,17.48893929,24.75138855,25.91909027,154.2937622,81.08863068,148.7385406,81.84463501
6.780655537,15.87000847,18.91124535,25.63405228,26.84593964,167.7816772,60.11605835,168.0116119,53.27817535
6.749079969,13.09692764,19.12043953,25.39435959,27.42175674,112.4166718,89.67676544,87.26010132,98.64141083
6.602701012,13.83046532,20.48289108,26.71633911,29.09180641,66.28156281,69.067276,107.8264236,45.51772308
8.576437766,14.36387253,20.48777008,27.43488884,28.64744759,106.3180313,92.0089035,107.106369,127.1662064
8.323883776,14.18752766,20.34177208,27.29115868,28.71893883,117.7254868,120.479599,82.22200012,75.81407166
8.76079582,14.17031097,19.58661842,26.5575943,28.43997955,118.1680069,119.6971359,92.08990479,94.81414032
8.552364026,14.24671364,20.70147514,27.14448166,29.47721291,67.93943787,88.91468048,80.03250885,50.30493164
5.829986374,13.3818264,20.00615311,25.66351318,28.28964424,46.34968567,37.5337677,82.04678345,50.62933731
8.607802022,13.52244473,19.87556648,26.93621063,28.53391838,101.9986115,119.0022736,97.74195099,68.16173553
9.190051662,14.16298389,19.38949203,26.62354088,28.34856606,142.9868622,151.1466064,89.53636169,132.7363586
9.081941941,13.65716267,19.23505783,26.43058014,27.57860565,119.6724701,109.9382553,121.8481522,108.9137955
9.147980257,14.33377743,20.55846024,27.54663277,28.70408058,89.30846405,79.99260712,119.5236511,106.2276993
9.786823278,13.79082966,19.1436367,26.42092705,27.35354614,126.082489,105.7872086,142.9959564,92.79797363
8.941415696,13.86236382,19.74921036,26.97805405,28.00839806,109.8328247,93.02542114,122.2829971,120.212738
9.271588707,13.78281116,19.10110855,26.25382233,27.68652534,117.6806564,137.2678375,102.884697,129.3229218
8.489705248,13.68777275,20.11601257,27.23818779,28.77219009,87.59043121,117.5830307,119.2445755,30.02736282
8.762601552,13.70541763,19.7010231,26.18763161,28.39929199,100.4890442,79.06236267,96.9390564,59.86767578
7.452438683,14.07170296,20.77488708,27.32693863,29.69180679,64.08580017,91.85723877,69.94309998,38.3035965
8.28703088,14.22768021,19.9200058,27.01953888,28.5084095,125.029129,108.9859085,99.7610321,124.0606003
7.748088219,13.59557533,20.1650486,27.10883141,29.4281826,93.99021912,120.1611099,72.02222443,78.96369934
9.315568683,14.17459106,20.64068985,27.54006577,28.84988403,82.57842255,91.7986908,111.0469589,58.55217361
8.393475438,13.9964447,19.50640488,26.38839149,28.22784233,126.8716049,112.142067,80.41873932,83.45411682
8.211475748,13.0270834,19.03326607,25.33124924,27.3998661,103.9791641,90.75,80.78125,114.1145859
8.996507365,13.6160965,19.24233437,26.50032616,27.37787437,123.2017212,99.57387543,134.3978271,128.2338562
8.237333206,12.99588108,19.37428665,26.56459045,28.62099075,98.11314392,113.3252792,109.7285995,75.58112335
8.932765929,14.18919277,20.00638008,27.02196312,28.43572617,122.3242493,120.2366867,82.10618591,88.12904358
8.265629487,13.48168659,19.79925919,27.18016624,29.06287575,95.52773285,96.2699585,118.6272888,27.3397007
9.233659984,13.88247204,19.18660736,26.37755966,27.48889923,139.819519,138.5130157,170.3163605,103.905838
6.65870034,13.15908241,19.45287514,25.31652832,27.57428932,69.53959656,56.42343903,118.2812271,76.68359375
7.844129092,13.51222134,19.62410927,25.80194283,28.0240612,78.06268311,85.00336456,116.8566284,59.24576569
8.354849,14.11491871,20.50930786,27.42320442,29.30772018,109.138298,99.50456238,83.83265686,75.03560638
8.530463988,14.03699303,20.15603256,26.8782196,28.87756157,111.9529724,83.74594879,88.38813019,61.00066757
8.433608488,14.09827709,19.6649456,26.85150909,28.35492516,120.5272598,128.060257,99.159935,131.4040375
8.95978947,13.97652912,20.23060608,27.48710823,29.73101997,78.22601318,74.74905396,91.87320709,25.72611809
8.676884538,14.05310249,19.69732475,26.71187592,28.34331322,124.7040329,113.4485626,85.51102448,82.39806366
8.197488069,13.19671726,19.05420876,25.35720634,27.53412056,93.58338165,91.26208496,93.83061981,55.65116119
9.171223147,13.96224976,19.65437126,26.8507328,28.08947945,108.1252518,116.770195,113.1406479,119.3290482
8.104989878,13.76851845,20.18462372,26.36525536,28.58469009,72.20023346,80.90579987,108.08461,45.2881012
8.224058454,14.10597229,20.45394516,26.75974464,29.0948391,77.68754578,88.36463928,89.6567688,50.42690277
7.096170646,13.77711868,20.4054985,26.47871017,28.67148209,64.59766388,58.19385529,120.1716995,37.73046875
9.066686063,14.21118927,20.04290962,27.15694618,28.44133377,101.173378,104.8861008,113.0391159,136.6183319
9.254597532,14.15214062,20.46033859,27.41996574,28.70056915,103.4761581,105.901741,84.80982971,81.81012726
7.995061725,13.9914341,20.65263939,27.38153267,29.77674866,72.4512558,96.16896057,64.77407837,59.79359055
4.252569202,25.57386971,26.94751549,29.93634033,32.80598068,175.836731,151.466507,132.7039948,58.5964241
3.790779301,26.43059158,27.60474968,30.42322731,33.19673157,232.693573,130.1963501,174.3200836,117.9013901
4.349906837,26.3159256,27.2884407,30.37657356,33.24739838,186.7944489,124.8611069,153.1499939,82.1166687
4.447445727,26.06897354,27.40405464,30.25756836,33.10405731,168.9624023,100.6418076,155.0991974,85.72499084
5.818285323,26.81916809,27.64858818,29.71604156,33.40040207,154.9375,131.75,211.0375061,58.09999847
3.206433887,25.58870506,27.15582275,30.18287849,33.22511673,159.7472076,172.389389,132.2836609,61.29511642
5.40893178,26.38422585,27.4465065,30.38932991,33.23330307,220.3858643,130.1529541,165.7766266,103.5536728
4.93915129,25.93272781,27.23361588,30.16507339,33.00397491,185.5385437,111.854187,134.1033936,88.74777985
4.55996326,25.84459877,27.24881554,30.1841259,33.19132614,156.1945343,132.8162994,126.6399841,51.19613266
5.314306257,26.04817963,27.22554398,30.17111015,33.04574203,174.4316254,100.8336945,150.1110382,102.5793533
4.622892464,26.66183472,27.76850891,30.52943611,33.35723495,262.1242676,179.8651428,233.6358643,74.3292923
6.602152632,20.43522263,23.51735306,29.13710976,31.41195107,215.3844757,159.5166931,124.6234131,109.5541306
5.592085063,20.65383148,24.80842781,29.18997192,32.18654633,371.2122192,206.131134,156.9882965,92.57039642
4.516996103,20.74862289,24.6689415,29.03430557,32.21379471,356.6385803,221.9257507,142.3807373,68.87654114
5.053192472,23.54354286,26.22056961,30.52985764,32.23892975,201.0448608,141.9892883,115.7569656,77.66615295
5.82177768,20.14240646,24.59462357,29.54555511,31.64874649,204.4666595,118.7777786,110.1888885,178.5222168
8.099760234,19.61028481,24.08371735,29.33449745,31.24705124,185.1950531,94.29181671,167.9178925,153.6854553
5.855086346,20.81646156,24.09378815,29.2644043,31.75169182,245.419754,196.0370331,112.4567871,91.14814758
6.995420427,17.59465027,23.44360924,29.49806976,31.16410637,155.8722839,77.65070343,181.8390961,98.2543869
6.379818537,20.14177322,24.02246094,29.16267967,31.35387611,222.6113892,100.7934723,155.5255432,110.27388
6.601549992,19.09866714,24.11887169,29.70599937,31.54354858,194.4799957,133.1100006,137.6000061,82.44999695
8.160225665,19.82466316,24.1137886,29.39974785,31.33099937,194.8985443,98.09047699,240.6275482,84.88420105
5.606463011,21.64983368,24.52629089,30.04283333,32.87322617,219.2899933,142.3999939,109.8499985,66.13999939
3.364701876,17.48106766,22.66124153,30.38740921,31.74967766,109.6694031,178.2210083,44.64539719,114.6634369
2.260729658,15.44119358,21.23186302,29.6200428,31.25826454,152.4877777,103.6505737,19.13527107,73.80866241
2.601796996,15.92655659,21.57110405,29.76502609,31.1005764,130.5909882,99.14091492,22.67666817,56.50819016
2.468192544,17.05774879,21.91811752,30.2712822,31.51236725,83.46363068,137.2809448,43.22836685,93.70782471
4.668768556,16.04726791,22.70020676,30.05189323,31.34514236,113.3312149,133.0339661,85.38550568,85.49246979
2.959368104,16.55323982,22.71879578,30.08870316,31.08786583,118.2297592,136.6291046,90.34436798,88.35919189
7.437093104,17.3833046,23.32374573,29.87809181,31.1005497,97.42222595,163.8843689,152.5136719,88.45044708
2.940719444,15.88712692,21.59840393,29.78831482,31.63003922,141.5476379,107.5341568,28.55831528,37.05917358
2.391299787,17.62299728,23.06723595,30.53970909,31.86932373,107.3903046,154.2125397,43.49647522,73.88664246
3.158810199,16.13072777,22.59511948,30.17983055,31.42166138,113.0903473,132.2680511,80.15660095,80.43680573
8.944398166,15.71997833,22.35264969,29.9705143,31.35726357,113.0886002,119.365036,71.4352951,49.60837936
8.606277967,16.3147583,22.91415024,30.21622276,31.53613281,101.269516,137.9520721,91.34529114,79.63905334
2.343455435,17.60319328,23.28103638,30.48112488,31.81067276,85.93186188,150.8334808,55.50612259,64.15511322
6.201964805,17.60885811,23.46433449,29.98324585,32.01813126,101.8693619,129.4374084,95.92079926,74.24771881
2.97041087,17.24128151,22.45897102,30.44112778,31.55739021,88.27409363,163.4199982,56.11988831,98.0520401
3.462240495,17.30440903,22.82058716,30.50975609,31.47052765,89.23353577,153.9809265,59.18993378,101.7635574
9.836922113,15.34556103,20.80791283,29.10649109,32.19724274,108.4818649,114.2138443,5.898899555,108.8141251
6.31737104,17.74363327,23.54156685,30.39587402,32.37307358,96.03921509,170.3382263,57.29017258,46.21209335
2.547844102,17.31300545,22.17089462,30.27409935,31.63459206,98.39834595,172.1109009,41.11705399,131.0445862
3.79511007,15.42773247,21.09044647,29.32994843,31.23731422,138.7815552,103.7549362,23.53063774,38.35791016
6.772731221,17.54798126,23.4618721,30.01976776,31.30696678,94.67699432,163.9114075,141.7803955,109.9488602
3.022314947,15.69174385,21.67728233,29.71290016,30.99911308,114.7026138,102.6160507,42.851017,57.05177689
8.964481668,17.1106987,22.68122864,30.63898849,31.68889999,96.95223999,130.038208,61.25656891,64.57574463
4.640928823,17.77864647,23.77468491,29.98635864,31.69211388,124.5765457,94.04725647,98.26284027,64.44091034
6.963914805,17.63866043,23.57754135,29.96315956,31.46683121,112.490921,130.3800507,124.9357071,95.83768463
5.152235813,17.60713005,23.43431473,29.73732758,32.03922272,123.75,107.4996185,78.05189514,50.27500153
2.315762074,17.29999924,21.8099556,30.42313576,31.75175667,94.13298035,133.4276581,27.99100113,127.144516
3.516150096,15.5049696,21.36765671,29.60817528,31.19213867,124.6009521,112.1529541,26.35201454,41.52801514
2.780082131,16.23315811,22.24283028,30.10267448,31.27311897,127.1743469,121.2474518,42.85855865,82.61181641
9.052968176,16.88074112,22.78161621,30.42461205,31.33879662,113.5775986,139.0422516,79.89458466,78.07243347
6.679330742,18.01616096,23.90855598,30.05762863,31.94717598,146.6972504,81.83278656,94.16225433,36.85693359
2.554885032,17.59761429,23.41028404,30.22363281,31.71051979,89.05323792,160.5885773,74.18139648,57.0439682
3.077644268,16.95470047,23.1145153,30.14868355,31.28565788,105.5838547,162.4711456,92.67505646,74.71859741
2.816596259,17.26214027,23.19907379,30.14471436,31.10414696,92.01413727,143.575882,109.7470703,128.7760925
7.980556452,17.84387207,23.48915672,30.66522598,32.50757217,81.26192474,163.8042145,36.679142,61.2613678
8.099962313,15.64386082,21.80442429,29.81334496,31.34069061,121.4031372,118.2604599,38.31570435,34.23303986
3.481891771,17.32758331,23.09329414,30.50373268,31.40871239,87.9533844,137.8726501,74.62940979,114.8354034
5.730235072,25.42556763,26.57074738,29.97821999,31.88599777,120.6590881,186.375,134.0454559,164.8181763
4.435456513,13.15275002,20.34004402,25.87298393,29.46022797,41.75672913,34.45065689,60.52691269,32.11594009
2.926732191,12.02159119,20.21632195,23.94852448,28.92108917,16.08017159,19.14564705,69.39100647,23.85988045
5.464167331,13.57398796,20.61673546,26.25846291,29.14255524,39.78821182,29.34768295,85.00514984,46.4214325
3.921991715,13.50835609,21.1374588,26.5711422,31.31231499,19.77344704,20.86626816,57.79931259,59.96568298
4.449207695,12.27420616,20.00788689,25.03234291,28.35241127,45.32401276,32.13869476,172.5604706,25.05336761
3.419017007,11.67128086,19.27804756,24.18510437,28.04773331,37.92194748,35.76317978,116.3099594,28.12962532
3.875894007,11.82851982,19.58874702,24.26593971,27.40689087,10.52350426,34.59541702,69.37480164,54.05577087
3.716330285,11.19957733,19.00742722,23.37268066,27.55530357,16.63425064,24.93443871,83.77925873,28.37711525
6.249394293,13.99445438,20.80000305,26.79096031,30.05641937,51.99162674,44.37779617,64.95742798,29.42502975
7.036852718,13.9035635,20.6287632,26.57849884,29.14980698,65.10135651,40.80703735,89.80823517,48.68209839
6.273114056,13.82669544,20.55774498,26.81402397,30.07281494,50.676548,44.22786713,83.52853394,32.59025192
4.967088128,12.37074375,19.90531921,25.17930794,28.55386734,46.0315361,46.2817421,141.3122559,58.81592178
4.152157604,11.72763443,19.54135704,24.2957058,27.76013374,20.4968586,34.06910706,112.2141571,37.14389038
2.37494196,12.22417068,20.60594749,24.73505402,30.40851402,23.22383118,24.93938255,40.47809219,15.15460396
3.908700708,12.42988396,20.37787437,24.97948647,29.73550797,22.68664932,15.87967777,90.85617828,21.80433083
6.15822871,19.71182442,20.8663578,27.51794815,28.04179192,97.39726257,198.6405487,142.3220673,205.297699
6.423330276,19.89523315,21.12853622,27.41529274,28.0179081,93.98368073,198.8492279,173.2663879,198.3990173
7.743947043,20.4964962,21.5508709,27.11236191,28.02522469,117.3911972,133.0547028,130.6500702,164.8536835
7.799380848,20.64739227,21.70454216,27.03202057,28.1660347,120.2815704,163.9590759,150.4335938,180.7194519
6.92382478,21.12397003,22.08905411,27.22498894,28.41122055,136.3224792,100.9683075,183.2047882,134.1698151
6.782422964,20.075634,20.61619949,27.16047287,27.87668991,91.53824615,166.9864807,122.2584991,159.8340149
6.763780075,20.56566429,21.67762375,27.6210556,28.39359665,94.41493988,185.6066589,153.3673401,147.2176208
4.684508483,18.6473465,20.30569458,27.8825798,28.213377,106.0257492,147.7345734,133.9887695,129.9511261
7.399374664,21.60592651,22.13476753,27.80426025,28.23476601,114.3777771,131.5222168,106.577774,282.6889038
7.238022042,21.13597679,22.1267662,27.43779373,28.46397018,124.1021423,108.4661636,179.2775269,180.2193146
7.136673127,18.23944473,20.27955246,28.03604698,28.3014183,105.6596527,115.4516602,96.23365784,106.7276382
7.612347761,20.89040375,21.90042305,27.15135002,28.32423019,118.425499,133.092926,202.5361176,123.432579
5.99166961,19.83184624,20.83267975,27.60954475,28.06970215,101.4522934,167.7051849,131.4160461,190.9372406
5.537310907,20.11619377,21.03172874,27.33313751,27.91849518,100.9095078,158.7993011,163.7460327,200.4701538
6.431513032,18.95274925,20.46355247,27.92478943,28.2259388,97.93300629,157.4780426,141.9534149,132.7214203
5.522011058,21.29830551,22.27893257,27.34490967,28.54620361,162.5315247,114.5741425,191.0008087,119.5100937
5.703822538,19.55092621,20.16962433,27.15907478,27.79435539,117.5944443,140.8611145,99.6166687,151.3555603
6.164931848,20.11847496,21.28769493,27.2253437,27.94678497,108.3777847,150.3819733,179.7711792,168.0423584
7.197759883,20.98357201,21.8556118,27.36637497,28.31646729,119.1204529,149.5889587,132.5734863,233.8843994
5.837406666,20.62234306,21.22058678,27.46341705,28.13188553,91.46785736,136.6113892,148.8298492,194.7259827
7.082342798,19.76896286,21.11993217,27.55467606,28.12977219,90.92830658,217.4660797,159.9137115,159.5423126
7.40864709,20.52126312,21.70661354,27.33904076,28.2238884,107.2934418,174.7694397,157.2510071,149.847229
6.444459028,21.10404587,22.14690781,27.64751816,28.69973946,120.7233353,167.7083282,168.797226,148.2899933
4.417332092,18.56184196,20.12054062,27.80709648,28.11963463,95.12030029,120.7956619,98.44656372,107.6656494
5.186284224,19.02072334,20.56447029,27.88222694,28.30623627,103.0837631,194.0954285,148.1637268,164.5533905
6.980278114,21.88458061,22.63159943,28.18242836,28.97086716,119.6118469,94.69743347,136.0784302,218.8509369
7.026329621,20.82669067,21.86766052,27.49702835,28.4336834,116.3489914,185.3181763,166.2227173,148.734848
5.78430508,19.55914307,20.77550125,27.74353409,28.21974373,107.7979736,190.1177368,135.5161438,170.0245667
6.252905095,19.07426834,20.25857162,27.66018867,28.02145576,101.1631088,156.2424927,116.402916,170.2057343
6.173228447,19.52801704,20.39807701,27.44384193,27.94516754,105.8906174,170.3688049,100.1143188,176.7922974
6.634973453,20.07220459,21.26233101,27.26750183,27.95555496,102.4013367,167.3928833,180.1061707,181.4675751
6.387347908,20.76434708,21.51633072,27.42327309,28.1330986,99.9037323,115.1665497,126.15242,157.1085815
6.092573999,19.27271843,20.77887154,27.69385529,28.19917488,107.9157486,213.6710663,142.7855682,157.2240448
6.828330489,19.81582451,20.44868088,26.5429287,27.75415421,99.73737335,161.3232269,116.2626266,120.5353546
5.799940375,18.18204498,20.18341255,27.88904381,28.20178604,122.7402496,126.0881348,88.27384186,120.6313324
6.00862634,19.12533951,20.53068924,27.94968033,28.2252903,87.03401947,155.7473297,136.809845,159.5699463
6.173878662,20.14530182,20.91967773,27.53978729,28.07688141,92.6313324,172.3405304,126.2829819,198.0684052
2.891148502,21.0265007,26.4458065,31.88983345,34.83822632,135.9600067,85.05000305,49.29000092,86.02999878
2.080010545,20.91277695,26.25107574,31.66963005,34.51774216,163.1222229,105.1888885,55.51111221,36.6222229
9.771698455,20.22007561,20.88590622,28.16571808,29.54573059,95.71022797,100.7215881,102.664772,104.7215881
9.381065072,19.95435524,20.46169281,27.59337044,29.01429558,74.6818161,136.4772797,134.1136322,137.1590881
5.519490556,15.03477859,21.57907867,28.43056297,31.76944351,45.75281906,45.18397903,76.27271271,106.7642593
7.585170092,13.01276207,19.4539032,26.14772606,28.90906334,59.23786926,99.29858398,53.03289032,121.9176102
5.614947442,14.46043015,21.43232536,27.56587029,30.89376068,37.94803619,37.13751984,82.30489349,51.50337219
4.209115596,15.1761961,21.26502037,29.14659882,33.63531113,83.77503967,50.27946091,25.57634926,39.05860519
5.230971418,15.49992752,21.1942234,29.16090775,33.00026321,84.19177246,78.31343079,24.7171669,37.07104874
7.522859536,15.95596981,21.72775078,29.77800179,31.79189873,125.7934875,100.6025085,50.52927017,34.64625549
4.283096291,14.91556072,21.74735451,28.2081604,31.90462494,28.62592697,21.70098877,76.49623871,76.08152008
6.114435113,13.42965794,20.16795158,26.36638832,29.16652107,66.9241333,75.52017212,91.65610504,54.28167343
7.147088494,13.05865192,19.69445801,26.00652504,28.90513992,51.80702972,76.52140808,87.24694061,91.61681366
4.143592981,15.03063107,21.64953423,28.51096344,32.41004562,29.06201935,28.00222969,83.17845917,69.47650909
6.217010433,15.70438957,21.37161827,29.17074776,31.79041862,90.15424347,75.18237305,72.29062653,35.48058701
7.712538717,13.84099388,19.92083168,26.86299706,29.76522827,70.27751923,87.34163666,53.35312653,71.37045288
7.294588325,15.25590229,21.28974915,28.85395622,30.9425602,107.3790512,84.92461395,90.74094391,28.38019371
7.069664238,14.92563057,20.74707413,28.09835625,30.74224663,85.37586212,82.29872131,67.516716,57.23791504
7.961118242,14.4287796,20.52880478,27.68484688,30.24849319,84.53898621,79.01628113,81.13368988,31.46920967
8.188424269,13.53209972,19.82976723,26.78668594,29.50929642,74.16689301,92.61707306,62.96986771,66.20389557
2.954636473,15.14561081,21.66982841,28.50795555,33.06868744,36.70349503,20.26567841,87.27545929,80.08218384
6.483652493,13.59699059,20.44676781,26.47356224,29.31174469,56.66691589,51.77337265,97.7487793,45.73390961
6.528619604,15.36554432,21.60585976,28.85492516,32.04313278,62.04873657,53.46401215,38.77082062,112.0710297
5.337026541,14.77608204,21.59378433,28.05502129,31.29920769,33.06393433,32.01096725,104.0894165,61.23538971
7.210101106,15.41622257,21.20486069,28.87955093,31.1543045,105.9417953,80.1545639,101.2665939,31.92149353
7.828785116,15.80206776,21.8451004,29.80114555,31.56682396,111.4303513,119.0233688,52.89889145,32.30384445
3.709991809,23.81356621,26.26615334,29.85494423,32.21609116,123.751915,122.1606064,79.4499054,108.0513153
3.547437395,24.51222229,26.61505318,30.0040741,32.70161438,148.6111145,107.711113,100.3000031,159.1111145
5.186317727,23.62456512,26.18495941,29.7418251,32.02876282,141.643692,130.4853363,111.545784,135.744278
3.7572806,23.88558006,26.24684143,29.84728813,32.27806473,140.754837,127.180809,83.15065002,112.754982
3.807072453,23.75780487,26.14572906,29.89220428,32.13641739,140.7361908,129.5536957,109.5212097,127.4957962
6.514848364,25.13821602,26.1917572,28.9276104,31.7699585,170.3333282,189.3636322,170.808075,174.6363678
6.451285901,23.25055122,25.92480087,29.64033508,31.64921188,164.6802216,116.6551132,103.1955566,123.746666
5.600893451,23.65098572,25.58870888,28.96993828,31.86415672,146.4296265,129.9592743,153.1999969,100.2592545
4.258851288,24.11320114,26.33012009,29.94306564,32.38963699,161.996521,127.9922485,112.4864273,140.5861511
6.082492259,23.37153625,26.01593399,29.53295326,31.76917076,150.1382904,116.3087387,113.2636642,146.0066681
2.909407159,27.78481865,29.85361671,32.37711716,34.81000137,115.1311874,96.20186615,137.9352264,35.28479767
6.669567665,13.18888855,17.70446396,24.2191925,26.54227829,147.8181763,131.2020264,160.1616211,71.3888855
9.188654246,15.83447742,19.27271461,26.31768036,27.27877426,153.3002625,87.73257446,181.2232361,172.5679321
8.502492094,15.09486008,18.78404427,25.6402874,26.80085754,158.9518433,96.76834869,175.6868744,123.4363632
8.443485095,14.81226349,18.74264336,25.63456535,26.99680138,167.2527771,85.60166931,167.928894,102.9166565
10.18290927,16.06679916,19.89865303,27.09414101,27.56513023,127.2886276,111.9318314,154.8422852,220.470047
7.940671738,13.12469673,16.54428101,24.53181839,25.72961807,146.0727234,74.47272491,170.2181854,81.29090881
7.470581357,13.10673428,17.55783653,24.11935997,26.46595001,148.030304,127.0404053,165.9090881,63.13131332
7.3057853,13.98216629,18.20999908,25.10583305,26.89177513,131.2299957,60.40000153,145.2299957,113.9599991
8.691914792,16.22824669,19.24386024,26.89068985,27.31341171,161.3166656,131.7713318,163.7551117,218.7671204
7.218632197,13.49172211,16.82145119,24.88247299,25.90370941,145.4850006,64.56611633,133.6927795,88.02055359
7.828277016,13.52710438,18.33088875,25.24528694,27.08455467,110.2929306,174.8686829,113.272728,69.16161346
2.326452885,25.36518478,27.01876831,30.07525826,32.93961334,163.8097534,191.1977234,143.3559265,58.9654808
5.351765514,25.42996025,26.68663597,30.01071358,31.91090584,128.5357208,153.5714264,122.7380981,168.7380981
3.165536117,25.1785717,25.99601936,29.78614807,31.69710922,66.37662506,185.7662354,115.5714264,223.3376617
2.655359385,25.01565552,26.97811699,30.18008423,32.75683212,154.4466858,216.2858429,175.3763275,126.004364
4.804975685,16.80078125,19.88900375,26.77044106,27.92507362,149.0502167,55.86777878,95.69244385,48.6471138
7.411025906,14.12575722,18.09714127,25.43984985,26.91114426,135.8818054,91.66363525,219.1999969,82.6136322
2.19505246,20.72049904,26.25570107,32.43117905,35.25781631,139.8730621,113.7124634,71.29932404,62.60067368
8.652381491,20.64936066,22.99272728,29.36689568,30.62615967,202.7526245,163.8322144,79.62919617,91.74980164
6.966451926,21.47639084,23.89312172,29.78977394,31.13399887,191.8966522,155.2080078,70.43933868,98.30912018
7.172050369,20.94318581,23.48019981,29.69505882,31.25628471,214.8168488,179.312973,77.6472168,82.30888367
6.503795338,20.76915359,23.61720848,29.5447464,31.73116112,221.3861084,163.75,82.76861572,83.69944763
9.475383598,20.23918915,23.15628433,29.60271645,31.0130806,174.4155579,91.28041077,32.27375031,121.0105591
5.986311113,21.79218864,24.54473877,30.03576088,31.85651779,238.051651,109.4433289,87.70407867,75.06196594
7.319941751,18.17916489,20.58024216,28.59199905,28.76741791,140.9700012,106.5850067,55.24499893,220.6849976
3.770731779,22.29813194,23.07345963,28.2754879,29.62679672,125.0224152,168.5131531,175.5047302,132.1707916
5.833498865,18.16020393,19.96146965,27.39802933,27.81865501,123.4955597,160.6147308,107.2013931,92.77861023
6.022329786,19.22703743,20.97944069,27.71138954,28.2816124,148.2626953,210.2214355,152.0871429,132.5961914
6.541413766,22.29461098,23.98088646,29.40683365,30.56657791,133.5866699,170.5161133,90.13500214,123.9861145
6.168932603,18.93080139,20.68152618,27.58103752,28.04182434,144.7115936,225.9069061,162.9350739,152.1240692
8.152501014,20.06050873,21.79387856,28.21281624,28.83988762,162.34758,180.7723236,125.4757385,178.1842499
7.646918787,23.0161438,24.83223724,29.19625473,31.03066254,149.6600952,142.2959595,89.26641846,138.890152
7.706548885,18.43099976,19.96854782,27.91716576,27.99564552,122.4599991,106.7900009,72.29000092,174.7700043
6.775112239,19.05710983,20.7181015,27.60613441,28.08244324,137.1628723,199.888031,149.8319702,128.4805908
4.538785025,18.07692146,22.4349823,29.26226425,31.54689407,147.6564026,62.62361145,71.40916443,35.05638885
6.174669739,16.78303337,22.08973885,28.77159309,30.92078209,117.0960846,126.8815079,123.7141724,25.53857231
6.34457203,17.7900486,22.17586708,29.46755028,31.62360382,139.4791107,72.14959717,31.91653252,14.74680042
3.272219559,18.64076233,24.24329185,31.21213722,33.70104599,116.4565659,156.0717163,86.37945557,48.3286171
3.188326712,18.35060692,23.75658989,31.03279877,33.41423035,89.52272797,155.9456177,60.04646301,55.75084305
5.746599181,17.96763992,23.57499313,30.82161713,33.00914001,91.49698639,179.3746338,68.03072357,60.65275192
2.705053247,19.76638794,25.29471207,31.45546341,34.20304871,162.0388794,138.8055573,80.9888916,28.3777771
5.217495198,23.51159286,26.04648781,29.50784874,32.04021454,159.1244354,160.5666809,134.4599915,124.9822235
6.544784108,23.29740715,25.9322567,29.49709892,31.86505318,171.4111176,146.2518463,146.8259277,103.1148148
2.596314179,26.83258057,27.61429977,30.02219963,32.44088364,176.6868744,269.7875671,245.1253967,150.7505035
2.569409369,26.89341736,27.6813755,30.10150337,32.67756653,239.8739777,232.7219696,229.3037872,122.8022766
2.105301394,26.56085205,27.62725258,30.07686615,32.4228096,242.2470551,333.0761108,270.5629272,155.5666809
2.394528103,26.66815186,27.77716255,30.12916946,32.76059341,94.85508728,289.2625122,236.5559692,130.2477112
6.171300795,16.3081665,19.48693657,26.07983398,27.51204491,162.5333405,43.05666733,261.1600037,37.19000244
5.65835019,17.04103279,20.12134361,27.06703377,28.29968262,147.9463806,45.97972107,65.14833069,24.70083427
3.027277265,11.84506989,19.35808754,24.25264359,27.4084816,23.12830544,35.79681396,66.11465454,35.22867203
3.437599941,11.89262962,19.25096321,24.28905296,27.60477448,29.25967979,31.27553177,96.51165771,29.49974632
3.50203254,12.29446316,19.43874359,24.70916176,27.91982841,32.1541481,35.87976837,110.3291016,32.59323883
4.085744002,11.86332226,18.67977905,24.01101494,27.37623787,25.43803596,35.94307709,101.4349289,25.5006237
2.370303504,11.27172089,18.07341576,23.05591202,26.68363571,25.4411087,22.39624214,95.57775116,27.90202904
5.944723338,13.6846571,20.22064972,26.07640648,28.27523613,66.20996857,39.85969162,91.78948212,71.22673798
6.366471258,19.51342201,24.12967491,29.47934341,31.34499168,163.8952942,90.92630005,231.7440796,83.59012604
5.120868294,19.1756916,23.98957825,29.74980164,31.51965904,148.7281494,81.59333038,210.0985107,104.1077805
5.432658685,23.37636375,26.17641258,30.51062393,32.17126846,197.4792633,147.0382233,91.16142273,90.88601685
3.661401447,23.63413429,26.3033638,30.46206093,32.19696426,164.5278473,123.8278427,107.9333725,82.35343933
5.187722013,23.14536858,26.02311897,30.54056168,32.27378464,245.0042114,185.7155762,71.950737,87.88794708
4.472949146,17.34582138,21.55460548,30.51752853,32.17402267,88.70999908,100.6339645,39.00396729,70.7304306
3.23423927,16.88230324,23.15426064,29.99833488,31.2094059,99.59246826,151.7076111,79.48973083,94.71111298
1.629537271,17.62623978,22.82551193,30.43888283,32.25246429,104.9990234,172.3901978,88.8636322,114.8545761
3.440906673,11.83691406,19.68751526,24.14393425,28.68892288,23.97743797,17.30425835,91.15061951,29.38779068
3.297946334,10.69294453,18.58167076,22.83222771,26.58771324,12.1534481,32.07419205,82.73710632,49.22095871
6.017490406,13.84050274,20.60172272,26.86867142,30.41197205,34.48040771,54.86094666,56.12933731,43.37822723
4.081227555,12.45424652,19.87493515,25.03764725,28.90668869,42.87792587,29.42482758,82.81922913,29.49834251
4.609589698,13.47977257,20.3743782,26.34536743,30.09531021,41.86855698,34.60178375,47.49777985,32.33526611
2.070743164,12.60290909,20.77724648,24.8781395,30.07655907,13.31923294,15.64791298,52.73271942,29.77892685
2.28018266,11.97556305,20.05346107,24.2820797,28.96940994,19.32900238,21.18024635,77.182724,34.59505081
2.548595109,12.17448235,20.46935654,24.11365509,29.64111137,14.03641891,25.86255074,54.31416321,5.606046677
2.576381414,11.18165874,19.32250595,23.30399132,27.80586433,14.46419907,21.02529144,72.34951782,29.55639267
4.204104308,12.54888058,20.05226326,25.18625259,29.56603813,36.1294632,21.1451416,67.18617249,21.53414154
3.356751304,11.16526699,19.09656525,23.13132095,27.43723488,12.04227638,21.40686035,67.48141479,25.98583031
5.182719875,12.86574268,20.220438,25.59407234,28.55118179,42.10943222,31.18364143,121.5853882,53.50673294
6.361654711,21.13833237,21.66684532,27.68111038,28.32562637,107.0999985,125,119.4333344,163.9888916
3.19593636,12.85581207,19.64728165,25.71438789,28.90730476,59.94224167,56.05047226,115.3212433,62.18901062
2.853695604,13.29900742,20.12428856,26.02954292,29.6769619,40.77867889,38.10426331,103.3951721,47.11122513
6.475615247,13.44507694,20.21884727,26.21569443,29.81864929,53.03609848,44.28160095,96.26235962,39.96941757
6.764930045,14.72020149,18.71652031,25.65555573,27.23867798,136.3030243,57.75757599,179.1818237,84.83838654
3.65463482,25.36732864,30.83751869,33.13882446,32.93254852,128.8409119,172.7727356,110.9659119,172.7215881
8.277415841,13.94682598,28.58437157,30.39656067,30.14332581,27.3927269,62.68634796,76.25119781,114.8939209
8.861273424,10.05034065,24.70164871,26.07860756,28.01148415,45.17644501,152.2259979,251.4429016,66.16510773
7.871067284,14.0010004,28.72661209,30.30233383,29.93306351,41.95000076,74.43000031,73.94000244,132.1000061
10.16246881,11.72553444,26.60475922,27.82596588,28.19677544,30.69858551,136.2607269,165.9358978,113.9052429
11.38375954,10.58851814,25.76566696,27.32359123,28.20096207,34.17402649,132.5299988,240.3134918,85.24753571
10.11131934,14.49604321,29.13723946,30.08647728,29.48058128,64.03592682,102.1500015,101.2688904,139.2792511
9.42572162,13.91783047,28.64848518,29.14607048,28.50799561,58.04684448,90.71582031,182.4083252,110.2172089
9.71296441,14.89543152,29.14149284,30.40979004,29.40229416,68.61112213,82.97452545,209.539978,151.7230835
6.701877126,15.60211182,29.42893982,30.89480019,30.56129265,77.68079376,66.9654007,219.3568115,111.8530197
7.29877643,16.01449394,29.26102448,31.33657074,30.85419464,80.28479004,77.40766907,170.8209076,84.77683258
8.987250948,10.74885082,25.37680244,26.81959152,28.04510498,31.76005173,171.1382294,212.5927582,61.46096039
9.640528706,13.86227131,28.75774574,29.42532539,28.69297981,59.75655746,76.4278717,132.1041412,104.5957565
10.26625852,14.32711315,28.75400734,29.46445274,28.75171089,81.14805603,88.25759888,204.0926666,115.2562027
9.002607143,14.39184666,28.88347626,29.42963982,29.12472916,122.1797409,114.0319519,177.9985352,91.45744324
9.182422471,15.06234646,29.1762352,30.56629562,30.03114319,89.57736206,53.48305511,214.4317932,160.625824
8.529480351,12.87548065,28.2573719,28.93106651,28.6896019,56.31682587,61.80420303,172.8651581,83.19626617
4.731544711,16.36870384,28.8645153,30.9381485,30.63942719,88.57777405,124.9777756,115.3666687,73.52222443
9.101943097,12.88583374,28.07064438,28.94283295,28.7906456,32.93999863,58.16999817,91.05999756,90.02999878
6.373313829,17.00699043,29.10370636,31.00108147,30.69582367,118.7078247,160.3671722,155.8482361,42.35581207
8.910396228,15.22950554,29.14262581,30.85125923,30.1768837,60.44428635,131.0469513,89.42707062,95.64463806
8.488760297,11.73633385,27.05302811,28.20030594,28.55389786,44.89400101,87.21044159,147.8939972,60.40200043
10.03553025,13.31667995,28.22628403,29.90186501,29.71272659,27.01374817,57.87319565,122.4919434,72.45013428
9.811201739,12.6645174,27.84301186,29.33369255,29.12804222,27.49652481,77.22711182,108.4741898,47.47163773
9.682097116,12.06370544,26.9924202,28.47180748,28.60058784,27.17569542,108.5203629,139.3566132,92.23421478
8.156756699,12.56695843,27.85400009,28.67490387,28.66235542,53.0137558,57.15164948,141.8039703,62.84695816
7.936152657,15.33241272,29.39756584,30.60530853,30.37947655,84.96099091,76.77456665,217.553833,127.1487656
5.346637966,16.13001823,28.83649635,30.86470413,30.58778763,75.04277802,95.97166443,132.5583344,61.12944412
8.404549221,10.70223141,25.29792595,26.77906036,28.42633247,40.37625122,204.7972412,209.7108459,55.06875229
7.990996977,11.64398575,27.07325745,28.23975563,28.72816849,48.21800232,60.24583054,126.799942,62.74644089
9.836783146,12.2086668,27.32846642,28.67790985,28.58900833,27.5676384,90.86167145,120.8688812,86.81999207
9.237946389,11.87002373,26.78112221,27.87908363,28.2563076,34.02005386,116.3814926,168.7115021,83.0456543
9.793111848,10.96828365,25.84373474,27.20702362,27.9354496,28.86842537,160.5425568,221.9532776,89.55422974
8.712871539,12.29991436,27.78114891,28.63708115,28.60262108,46.73884964,72.73107147,184.0760803,73.62722015
10.11281953,14.42607212,29.09388733,29.63484764,28.88038254,56.75489044,81.550354,122.3823853,115.3181229
10.39844428,14.55178165,28.93514061,29.78994942,28.79756355,63.30401611,66.78060913,169.7352905,137.9459839
9.123334061,15.01712322,29.10619354,30.60552406,29.74158669,67.02204132,102.5313034,102.6548157,131.1796265
7.795943238,15.86535168,29.21622276,31.2597599,30.65517807,84.56422424,97.40200043,125.6377716,99.85799408
6.693133797,15.42398167,28.97795677,30.88064766,30.35564423,74.28334045,69.4888916,222.4777832,96.05555725
9.297562289,12.63288498,27.61495018,28.5995388,28.55563736,37.49166489,139.11026,163.6997223,68.6902771
9.855475892,13.0884304,28.22558975,29.24394417,29.06005859,37.07673645,65.59928894,111.1860962,78.37259674
8.61533369,10.29866695,25.02016068,26.34666634,28.26822662,45.47999954,173.6900024,227.5899963,49.54000092
9.52499577,13.11015415,28.46804619,29.14329529,28.7436924,49.2935524,61.06614304,134.5979004,69.74718475
10.16024389,12.26945972,27.37835312,29.23207092,29.15808296,30.31874847,82.21569061,127.4763947,40.19208527
6.07168945,16.53596306,29.4094429,31.55101013,31.25927353,78.78334045,121.789444,124.1777802,125.3177795
9.341135938,15.0421772,29.08619308,30.66614723,29.66093445,69.68054199,90.27909088,155.3776093,132.9670105
9.967514126,14.74469376,29.18670273,30.35577393,29.62771988,70.71398163,110.4128571,80.68006134,155.6728516
10.07822758,14.43284607,28.79097557,29.85630608,28.89378166,86.26296234,65.13870239,167.6950073,150.0796356
9.616568413,10.51390457,25.42348289,26.91844368,27.95088768,32.64273071,160.4966583,264.9812622,77.25393677
9.8536064,12.86994457,27.85973167,28.92744446,28.75010681,36.01333618,106.9033432,115.753334,61.74666214
5.335849094,16.03444481,28.82670212,31.01055527,30.70967674,93.54444122,141.8333282,150.6222229,91.67778015
10.15372867,14.15995216,28.73873329,29.46457863,28.53989029,61.60415649,66.38191223,144.5811462,119.1959686
8.050073883,14.60983372,29.22935486,30.81183243,30.24387169,47.83000183,91.29000092,73.33000183,118.2600021
5.708442524,16.68482399,29.50170135,31.68199921,31.34521484,89.26777649,142.5149994,150.0605469,128.5911102
6.627859135,15.78264332,29.49035645,30.82490349,30.73992157,78.09925842,78.26506042,195.636795,91.81741333
9.810882968,11.97381401,26.77734756,28.43992615,28.80380821,25.76610947,124.7016602,157.8816528,66.20166779
10.14805945,14.85593796,29.21129799,30.23373604,29.38159561,67.9178772,91.88072968,147.9253235,139.5882416
9.310121613,14.62641525,28.91266251,30.17864037,29.19970703,80.55519104,72.16925812,204.4806061,155.64888
7.093022759,16.55014801,29.48821449,31.6214962,31.28223228,75.37199402,113.156662,120.0815582,105.3746719
10.17073487,10.09415913,25.16366005,26.63735199,27.96777916,36.41229248,134.7154846,235.9072418,87.84630585
9.98771861,13.78289318,28.72624207,29.33787346,28.90090179,51.19425964,103.8009262,112.2126083,84.20388031
9.345132671,13.70931816,28.5009613,28.90491295,28.53980064,74.59597015,102.4348526,168.7910156,84.8429184
10.441922,12.48206425,27.72097969,29.01513863,28.84289932,28.67333603,64.48729706,106.2513428,66.95714569
6.36274662,16.10938644,29.03886223,31.21948242,30.85758972,74.9771347,111.6358414,163.2638702,81.13712311
6.245102417,16.87338448,29.27358818,31.02417755,30.74008369,94.95874023,147.3923187,141.705658,51.29547501
10.81145051,11.34496307,26.35467529,27.89517975,28.47252655,29.42685127,146.0775909,182.992691,94.77823639
8.60631188,10.13495445,24.95919418,26.46952248,27.94770241,35.05466461,142.4911194,269.7046509,75.72688293
9.325193878,12.8206358,28.04195786,28.89987183,28.71100235,40.95209885,89.74797058,135.6687164,52.54624557
7.368889506,12.14328861,26.47991943,27.60831261,28.37085152,72.09214783,82.70587921,192.2540741,110.9150085
6.951812224,11.99760151,26.0302639,27.25056839,28.44596291,69.81845093,95.02442932,166.8379059,95.14220428
8.695131998,12.48044872,27.46907425,28.18623161,28.15221596,61.53778076,83.74806976,168.2333374,68.31762695
7.157983219,12.59648514,27.09945869,28.01873589,28.18067169,88.73484802,59.74633789,160.8656769,150.3744202
8.205445882,13.40223217,27.70259476,28.42753792,28.30238533,102.6570282,62.86655045,157.0452118,69.52753448
8.492630788,12.47945881,27.32186127,28.24647141,28.25856972,67.49091339,92.26616669,164.5582275,99.0936203
8.411629158,12.25491714,27.09370804,28.16941643,28.24782181,70.83999634,85.39500427,140.3850098,142.4899902
8.758748246,12.95265198,27.55921745,28.31804848,28.11271477,84.63658142,57.24730682,135.5242157,87.78078461
8.506561032,16.52124214,29.57232475,30.36770439,30.59688377,82.8766861,72.97975159,189.7694397,76.36561584
8.382438214,14.99380302,27.98834991,28.55887604,28.82439423,132.4849854,93.63937378,200.6073608,114.6527252
7.565893343,13.12024307,27.59556198,28.40952301,28.31315231,95.94589233,33.86761093,150.7710114,148.9566498
7.538398921,17.01157379,29.44847488,30.58611298,30.81818962,97.06111145,118.5500031,202.8777771,109.4833374
7.860515711,11.60665798,25.22929382,26.3013649,28.14430237,81.46580505,145.2090912,116.0140839,95.10694122
8.099973741,14.03186131,27.77899551,28.31968498,28.52038574,120.8127747,71.04110718,146.0305481,136.7666626
8.397887277,11.76523113,26.4284668,27.61326408,28.31725883,75.25416565,92.35028076,109.8766632,84.18110657
7.437976497,16.92735863,29.427948,30.99847221,30.99458504,93.72702789,199.7335205,219.0896149,66.00055695
7.043828531,13.27741623,27.73908997,28.63300514,28.39531708,98.61750031,42.18888855,140.8386078,106.1544418
7.125484864,13.91422749,27.9776268,28.65268326,28.70527649,116.8804398,71.47154236,158.435791,170.2096405
8.314652809,13.81170273,27.94856071,28.67386436,28.78829384,122.8781967,58.61430359,175.4630737,81.95430756
7.589421167,13.60202312,27.68090439,28.28460693,28.28055191,109.3362961,63.87865448,169.9454498,137.6302185
8.592690634,12.46067524,27.24812889,28.227705,28.16238403,77.88793945,63.27539825,169.6250916,166.4782562
6.717919052,16.6364994,28.74596786,29.67766571,30.0316124,117.8399963,102.3799973,167.7899933,85.81999969
7.790159002,11.92623901,26.84910965,27.94758224,28.27924728,53.3121109,85.82154846,140.1697693,46.90522003
7.174211077,12.68124962,27.05520821,27.96916389,28.23021507,107.5155029,66.12490845,138.6800995,113.3671112
7.083394962,16.43129349,29.70863724,30.68803787,30.88498688,84.97975159,90.90735626,206.4880219,73.1728363
7.911523752,11.83235836,25.57354164,26.7332058,28.30717468,78.80258942,136.4570313,80.05445099,94.51555634
7.297184463,11.17929268,25.60544205,27.1202507,28.25659752,56.45266724,119.7551117,85.15488434,75.30000305
6.498703986,11.35824108,25.01167488,26.03743553,28.07436371,75.99499512,176.7166748,132.492218,79.03388977
7.937758961,13.19759083,27.67457199,28.54384804,28.39555931,92.74214172,38.94684219,152.0851135,140.6303864
7.823923832,11.60236931,25.76414108,26.9730587,28.37119484,77.8666687,139.5848846,82.58332825,97.92644501
7.126736771,12.23490238,26.87948227,27.97614861,28.23764229,70.85083008,77.59083557,157.0213928,150.7219391
8.803918465,12.1615963,27.25568581,28.26071739,28.42037964,53.8722229,69.12510681,157.5706635,64.22110748
8.402127866,16.15298843,28.57138634,29.58831406,29.94290733,106.7729797,113.3182297,201.0830383,79.44439697
7.834026252,11.33055496,25.90681076,27.43074036,28.31541252,47.32221985,114.9444427,91.4888916,59
7.419742418,16.92623329,29.29373932,31.05716896,30.84920502,102.2178421,169.7779999,169.1879883,69.63344574
7.562121445,11.78229141,26.53863716,27.7242012,28.27312088,66.8879776,87.93201447,126.3327332,61.15485001
7.458734254,13.21726322,27.43250656,28.10446358,28.14191818,107.3558578,60.86403656,143.2741241,131.8206482
8.266922031,14.1287117,27.83253479,28.36732674,28.56206894,131.6241455,76.45159912,154.2853546,138.9087982
7.723013862,14.64261436,28.23054314,28.81427002,29.11774826,129.5768127,81.3380127,183.6582794,120.4644928
7.514209696,11.53199959,25.46741867,26.62283325,28.27435493,78.80000305,163.6000061,86.23000336,119.7900009
7.162655332,15.94683838,29.73252106,30.56488228,30.75351524,93.07814789,97.47592926,200.3011017,88.14629364
8.251245305,14.31232357,27.7741394,28.42350197,28.81527138,138.4030304,111.3656616,113.2605972,108.9653244
8.452538966,14.40933323,29.04354858,29.45383263,29.2612896,121.8600006,103,180.5099945,87.16000366
7.76014324,12.19764519,26.35446167,27.550457,28.30825806,66.80821991,108.7751236,99.00644684,122.0979996
8.836568319,13.28797913,28.07130051,28.52670097,28.29972458,66.56744385,102.0377274,167.2840271,78.49416351
6.100364561,17.4216671,29.22652245,31.05870438,30.9718647,88.73332977,193.4666595,197.7888947,82.73332977
7.675889119,13.62775421,27.5717659,28.0788765,28.10308838,116.882019,69.87272644,149.0509186,154.9925232
8.515053587,12.15577316,27.04757881,27.96086121,28.15151787,63.9803009,92.61331177,167.3271484,63.5673027
7.217295403,12.10739803,25.93598938,27.12454987,28.02396011,68.61277771,97.91110992,125.0166626,126.2305603
6.424401707,12.06556416,26.57081604,28.53716087,29.08307457,29.74288177,116.0353622,232.0439453,24.51657867
7.177525319,12.71138,27.23626328,28.961689,29.38597679,26.23051453,88.76879883,218.2903137,34.85480881
10.1584613,9.128536224,24.44240761,26.72634697,27.77729034,88.21212006,236.3535309,211.2171631,84.45454407
7.736454605,11.23553181,25.88331223,28.17581177,28.3676796,42.54766083,112.7552414,268.0191956,23.95864868
9.250285174,11.046628,26.07290268,28.27744675,28.36116028,28.91431999,124.5598984,180.7189789,71.42952728
9.456583294,10.16815758,25.57627678,27.9167366,28.11417007,47.70975876,98.64899445,194.0681915,75.66438293
8.614983359,11.3141098,26.21037102,28.45993042,28.92186356,53.02996445,102.7311478,275.4375305,42.82492828
9.907386983,9.229748726,25.00024605,27.40060425,27.85775185,59.1041069,148.604599,269.0841675,76.16725159
10.18948448,10.05495453,25.30434036,27.53665733,27.99255753,36.28932571,131.137558,215.583786,86.39896393
8.223020996,9.167573929,25.17702293,27.92912865,28.16236496,72.24211121,110.3726349,226.4864197,60.46465302
9.575921086,9.334866524,25.24035835,27.74555397,27.983881,64.7520752,126.680481,209.0950928,80.48183441
8.274522651,10.20574379,25.52634048,28.07234764,28.32489967,64.47297668,109.0203094,273.8954468,47.54217529
9.601212575,10.69514751,25.63265038,28.17672348,28.35717392,55.50195313,89.95960236,278.7264099,35.09548569
7.20947678,12.28021049,26.72687912,28.68801308,28.96962929,22.39505768,98.15254211,255.035614,25.41322327
9.734559927,11.81751156,26.69327736,28.51242638,28.8916111,24.89648628,110.1107559,160.2028503,52.86562347
8.219942694,8.193137169,24.70874214,27.32328033,27.6404686,104.5741272,172.2777252,294.7332458,111.655426
9.106271705,9.713133812,25.36611748,28.18372536,28.40598488,71.80669403,109.3852692,241.7467499,56.65189362
8.891543813,8.517334938,24.54426956,26.96007919,27.53962517,83.10045624,209.0456543,267.3894958,87.54368591
6.967889843,8.486498833,25.0975132,27.91419029,28.33893967,73.01752472,123.9605408,274.6143188,69.71118927
9.972214975,9.379490852,24.59931946,26.69412994,27.8639679,70.39555359,220.5800018,189.7972107,90.19777679
9.666749202,11.29039001,26.35809135,28.04159546,28.61564255,26.25285721,115.1274261,175.2025604,51.98262787
9.53243986,10.89511871,25.58866501,28.36102486,28.35186577,39.98674011,87.40520477,240.9573517,55.60533142
7.717653297,12.0542469,26.6272316,28.74271202,29.42619324,38.02837372,121.186058,272.7082214,19.16008949
11.66483173,9.94775486,25.11945152,27.12691307,27.85156441,40.72646332,144.2362518,190.9597778,94.80614471
8.357852214,12.47205162,27.43174744,29.39349365,29.36618805,23.25414276,86.58045959,133.9691925,37.37055588
6.800986905,7.384086132,24.50992012,27.47657204,28.09001541,80.76416016,147.7430725,324.0793152,79.146492
11.057726,9.891365051,25.03975487,26.78479195,27.67710304,46.77602768,138.9877167,176.8833618,89.6075058
6.809002039,7.111807823,24.36346054,27.4014492,27.85065651,105.3201141,177.7485962,270.6204834,95.39523315
9.328466451,9.227758408,24.76994324,27.15237999,27.77490234,52.69105148,165.0434875,221.3298645,87.82110596
8.241588406,8.396073341,24.65406418,27.12862968,27.54694176,87.35732269,180.9380646,264.2440491,86.32711029
9.724203954,9.098810196,25.20068169,27.94108963,28.11780739,98.58428192,150.3008728,204.588089,82.47894287
7.92484142,13.91875744,28.26689148,30.02448463,29.96707726,14.88707161,96.22990417,190.9938507,87.62162018
8.772701624,11.15077496,26.06256294,28.42770195,28.87913704,54.37441254,103.2455292,274.952301,28.32080841
9.779707011,10.08457947,25.65826988,28.14518738,28.10632706,46.06508255,95.06932831,203.7153015,78.63084412
8.057639968,11.55066967,26.19293976,28.40459251,28.85773277,47.00067139,119.2622986,266.2178345,21.36734009
8.636785566,10.2902956,25.7178688,28.28186035,28.49102211,73.65711975,135.6325226,264.2669983,56.63979721
8.082255868,8.010601044,24.77353859,27.55594063,27.83891487,110.9007263,169.7868042,282.1776733,101.5159454
10.17027642,10.1734314,25.72146034,28.3376236,28.35504723,60.54393768,112.5518112,209.8590546,80.78009033
7.783829493,12.50255108,26.39722443,29.15864372,29.09854507,20.7015152,105.8138809,266.909729,44.06753922
8.41837036,12.55609226,27.38382149,29.40327644,29.46973991,17.04907417,109.5296326,133.6303711,45.3446312
8.422813785,7.825448036,24.0670948,26.52449989,27.24363136,94.93888855,195.9107666,254.102951,89.86277771
7.271696708,9.006555557,25.2532177,28.09004974,28.3104744,86.83361053,145.2182922,253.4939423,62.42794418
9.715460149,10.34522057,25.37652969,28.17977333,28.31003571,43.43017578,104.9048843,197.2279816,57.99934769
9.104913222,11.79925537,26.66932106,28.83120918,28.8788166,19.92350006,121.1639786,172.0317078,97.03728485
9.866163315,10.85016155,26.03562546,27.70897102,28.41881561,29.02171898,104.6134872,216.9236298,73.93598938
9.370726782,11.9354887,26.6006279,28.64524841,28.98392868,26.65028381,101.7466049,268.5282593,39.74493027
8.382263913,12.56833363,27.25250816,29.25944519,29.38566208,13.76666641,127.7333298,143.4777832,62.55555725
9.06277538,12.14036083,26.88804436,29.01140404,29.17351341,20.65277672,99.73796844,164.7661896,70.82195282
10.21152546,11.16979599,26.10161209,27.85924721,28.36446571,27.18775177,137.2154999,165.9890594,82.37552643
8.649366422,12.23860741,26.98334122,29.05044174,29.18098068,15.114748,111.6216354,179.7484283,82.87272644
8.104981792,7.783735275,24.81849289,27.73749542,28.04442406,90.97714996,151.9672241,243.4978638,92.68119812
8.624339952,12.9992218,27.83454132,29.72925949,29.70558167,15.65944481,77.87444305,99.61166382,55.56555557
9.560657093,11.25476456,26.11442375,28.2060318,28.50671387,26.12402344,127.8362427,205.9005585,78.68999481
8.40850596,12.29059219,27.19185066,29.31895256,29.43109131,23.26185036,116.8670349,140.0066681,45.84777832
8.871449174,8.637674332,24.95863152,27.8878479,28.59545326,75.40388489,97.00855255,325.5595398,71.48046112
7.020754096,12.37255478,26.88406563,28.8273201,29.57131386,25.17424393,124.8957062,203.6030273,16.96338272
9.105180967,12.43304729,27.04945946,29.04906654,29.36375237,15.52684021,94.69870758,200.9667511,57.54605865
7.929964024,12.55244732,26.99855614,28.89768791,29.49040985,21.58525276,95.01821899,231.7098846,25.53417397
9.792928006,11.06215,26.20298195,28.46640015,28.51522636,35.99837875,101.1096649,257.4819336,76.24330902
8.942086507,7.567622662,24.08499718,26.60454559,27.12590218,99.95119476,191.1157684,233.5847626,87.01318359
7.919549041,11.88257504,26.00012779,28.93202019,29.13061905,32.29065704,120.2439957,213.5745087,55.65259933
7.882856928,13.14772511,27.57186317,29.37105942,29.43509483,15.11851788,92.15731812,195.5787811,69.8946228
9.233216146,12.0780983,26.99588966,28.97803688,29.24822807,22.13069534,112.1038895,168.8341827,53.54916763
8.657049296,8.772777557,25.13306999,28.07710457,28.36560249,101.6772232,126.4424286,305.6848755,67.46050262
7.799772051,7.572485447,24.53894424,27.63045502,28.17635155,84.34658813,116.1799622,341.1216125,67.99575806
7.742972148,13.47789669,28.15250015,29.75222969,29.86636543,16.57494926,104.9461288,163.2282867,64.20140839
7.179798477,8.131024361,24.92213821,27.91939545,28.20429039,107.4664688,155.1450043,271.7144775,93.56364441
9.045973527,10.31322575,25.43579865,28.4060173,28.73025131,55.43378448,91.14083862,237.5898438,59.93610001
7.709250579,9.116708755,25.23703384,27.97828102,28.22544479,88.16815186,122.9608536,282.276062,75.91366577
7.93949668,12.21290112,26.6866169,28.6529007,29.23557854,38.11279297,119.4127579,399.5775757,20.8678112
9.29619316,11.49298477,26.44326401,28.62082863,28.65641212,20.48415565,120.2167816,196.4911194,81.90566254
6.208582527,12.93506718,27.49398804,29.1106205,29.8759594,27.62558937,128.0541992,174.2926025,30.69966316
9.071212149,10.04830742,25.33733559,28.02879715,28.18168259,49.40459824,95.5460968,213.341507,58.91577911
9.92685041,11.88135719,26.7875576,28.50737381,28.92744446,29.05004883,123.8796768,151.4507904,41.47518921
8.363563662,11.72147655,26.09048843,28.58803368,28.57423019,35.38336945,93.20710754,266.9882202,29.56785965
9.828362595,9.452424049,25.25593376,28.26497269,28.64481354,66.26376343,99.97151184,297.1402588,65.89276886
8.466778168,11.38645935,26.28822708,28.52009964,28.8106041,54.4807663,117.6275101,367.3276672,63.54197311
9.490666335,10.70553589,25.9896431,28.29847336,28.2258873,31.34861946,118.6752014,175.0702515,62.93824768
6.643334373,12.81601906,27.12643433,28.97833252,29.77983856,24.40555573,102.3666687,235.672226,12.25
9.362409255,12.23843861,27.00117493,29.10885811,29.24454117,17.50399017,120.0427856,150.6652374,66.86804962
8.148642508,10.07950497,25.56838989,28.12136841,28.41538048,83.81698608,136.0530243,282.3687439,45.26147842
8.125222781,7.316853046,24.46397591,27.11995697,27.43759155,94.78436279,153.4736938,282.0628052,121.5147858
9.652236748,8.682216644,24.3571949,26.69633293,27.61353302,87.58633423,217.7515106,253.801651,88.0982132
9.344674046,11.17545986,25.67310524,28.54343224,28.9263134,40.28036499,96.5211792,208.0178528,45.57711792
7.929813998,7.357103348,24.20714569,26.76338959,27.14371872,109.9751434,180.2523804,270.4641724,110.1488953
8.091227648,9.066398621,25.2083416,28.00025177,28.23643494,99.42154694,157.4837952,231.5647125,61.24119949
5.869550115,14.55037403,29.68970299,31.0779171,31.71515083,28.65984917,103.5351791,151.1950226,51.29348373
3.50011527,14.36359215,29.6257534,30.88222313,31.19030762,20.62859154,86.56040192,140.2446594,52.75193405
3.264912961,14.44719219,29.13772011,31.55096817,31.38294029,25.5560627,102.5787964,156.5532684,55.16702271
3.052762639,16.95754623,30.20692825,33.40869522,33.18639374,39.03610992,121.6573257,76.24217224,135.9977112
4.059143968,15.15351868,28.9530468,31.12462997,31.8007164,35.33333206,110.1888885,74.72222137,52.53333282
4.245558473,14.22557926,29.2317543,31.07447815,31.29992676,29.16746521,87.22866821,114.2501297,42.83076477
2.534270673,18.30429459,30.53261948,32.69234467,32.96528625,58.93399048,122.2818298,150.3123169,135.5473022
5.202338341,16.20719719,27.91293907,29.30435562,29.8273468,107.9431839,145.1363678,131.3409119,221.2159119
6.454244968,17.79483986,29.01741028,31.37250328,31.40300751,106.1856918,184.4058838,136.9934387,75.69882965
6.953486708,17.45348549,29.05665016,30.92640877,30.88667297,104.4215469,207.9646606,194.3353424,64.5218811
6.301296026,17.65814209,29.52408981,31.77509308,31.93232918,138.7745056,182.730072,76.95484924,48.04144287
5.44934384,17.03111076,27.941576,29.54555511,29.93512535,114.4777756,206.2555542,154.1444397,147.3777771
6.129120514,17.31179047,29.17363548,31.48443604,31.6405983,113.5124969,175.9782715,120.6085892,75.33800507
6.000368503,17.00111198,28.84247398,30.20296288,30.47957039,84.47777557,126.922226,169.3999939,109.5444412
6.728188183,16.91703606,28.35824394,29.87259293,30.13799286,108.0444412,146.6333313,141.4333344,159.0222168
6.649635611,17.33492851,29.11712646,31.45961952,31.63542747,122.1747589,174.0254517,125.8802032,102.7054596
6.746598309,17.36917877,29.01207542,31.29563332,31.41924667,112.582016,201.0153503,130.4602051,79.75050354
6.575838084,18.2076664,29.2124176,31.57920456,31.56925583,141.3094482,175.3933411,170.9238892,77.4366684
7.655157976,17.09075737,29.14614868,31.18973923,30.9224205,125.6610336,191.8887482,186.430542,47.54701233
6.802480184,17.63684273,29.25286865,31.52207184,31.59121895,117.0853577,167.2227173,117.6641388,99.24343872
5.765142503,16.76333427,27.97580719,29.59314728,29.93512535,114.7444458,206.4555511,139.7888947,161.8888855
3.826374659,23.77996635,32.10068512,33.07743835,33.99755478,120.8080826,28.83838463,75.97979736,93.8888855
3.983467442,23.2262764,31.95178986,33.09932709,33.95632935,132.1343994,72.30879211,63.55838013,75.2901535
4.100930409,23.13282776,31.84359741,33.04124451,33.85907364,157.8787842,75.63636017,59.36363602,81.31313324
5.661530352,22.30774689,31.80802727,33.09981918,33.23136902,125.0808105,80.60404205,124.5131302,92.26330566
7.53602056,23.04167175,32.01529312,33.2046814,33.84672165,132.4545441,77.19226074,55.72053909,81.54276276
5.740229784,22.78092575,31.98578453,33.19408417,33.42478561,126.0963364,93.84191895,102.0340958,110.2792892
6.447495457,22.311306,31.87955475,33.36945343,33.67458725,116.5723343,67.85564423,122.0099411,74.05425262
6.363383842,22.6485672,31.93010712,33.30555725,33.60198975,114.4242401,83.71212769,81.28282928,89.62626648
5.51601497,22.98197937,31.95716858,33.21619415,33.60836792,162.7883911,91.92222595,53.86363983,137.962616
6.565018404,22.40617943,31.86493874,33.22978973,33.47613144,121.135582,68.27713776,117.9261246,73.44560242
6.887284571,9.749567032,24.13855553,25.73922348,28.88299942,78.47533417,95.23377991,113.7148819,37.67866516
6.043710387,11.34866619,24.89096832,26.34449959,29.00806427,95.25,187.2400055,83.55000305,74.19999695
7.522597689,7.22997427,21.74279785,23.57691383,27.30400276,118.6334305,64.2336731,38.77135468,46.23249817
5.275025381,9.49750042,24.07758141,25.64699936,28.98919296,83.40000153,123.0999985,90.61000061,34.34999847
6.375884393,11.69531727,25.12435913,26.84799004,29.6061554,99.33694458,173.097641,70.97971344,48.90129089
5.762220612,11.41395187,24.6930809,26.6493187,29.48854446,92.36820984,161.4421692,64.48439026,60.1976738
6.422943969,9.273333549,23.87419319,25.78733444,28.75612831,90.01999664,73.73999786,57.41999817,44.06000137
6.457533353,7.752779484,22.28084755,24.07087898,27.40335083,120.778511,73.56957245,53.94644547,54.12265396
6.659846108,8.663233757,23.40184784,25.33451462,28.40174294,91.07358551,76.63247681,43.72636032,41.62280273
8.063451621,7.841119289,24.67354965,25.60513496,27.20194054,39.90908813,43.00757599,101.4747467,116.5606079
7.467246035,7.737144947,25.63621902,26.86923599,27.56702805,30.44660378,33.28714752,132.9081573,165.2551422
7.385463555,7.284841061,24.85917854,26.59970474,27.66241837,82.39785767,130.4177246,274.9413757,117.0652695
7.073143743,6.86530304,24.89982414,26.25119591,27.7635994,71.23622131,110.9306793,287.6237793,129.6277161
7.946609942,7.491916656,25.15146828,25.84432983,27.55832672,55.37828064,107.0114517,165.2402496,102.8574142
8.292306338,7.692828655,25.78103065,26.73919678,28.06441689,48.92119217,34.35174179,212.8183746,141.0676575
6.736678883,7.516433239,25.06628799,26.78750992,27.30360603,14.65929985,42.8334465,135.6323242,105.7026749
7.370678344,6.097460747,24.31772614,26.45031166,27.71178627,73.81330872,134.5583649,261.4254761,117.8565521
8.962787207,7.85152483,24.82006645,26.31357384,27.80772209,52.83246613,119.0301514,140.5323334,87.37821198
8.882854709,7.023728371,23.90446281,25.94841194,26.98230171,77.28633881,173.1811371,172.0885773,97.85299683
6.996630426,7.286518574,24.68137741,27.00661087,27.59189415,73.02657318,148.0127716,243.3601074,118.1564941
8.841285438,7.46902895,23.69841576,26.12615204,27.03451347,97.59967041,189.2649689,236.6235809,82.98417664
7.594957496,6.904954433,24.05194473,26.48047638,26.99518394,92.8306427,163.0385437,224.3093872,109.1669006
8.68140199,7.386277199,24.28324318,25.97440529,27.2479763,67.96709442,141.0155182,159.6862488,71.70375061
7.028183857,6.415223122,24.16253662,26.93501854,27.86791229,82.18998718,156.3951111,275.4933777,82.79538727
8.851404465,7.109716415,24.9985466,25.79962921,27.1792984,46.75920105,47.24364853,185.8414307,172.7886047
8.051259573,7.514894962,25.84257317,26.9988308,28.13853073,42.59007263,25.53592682,160.085144,111.9799042
7.548329179,7.331896782,24.80502129,26.15690422,27.53080559,65.17575073,106.4240494,196.2670288,104.7214661
7.836913858,6.627394199,25.04613686,26.54705238,28.01717567,61.91168213,83.28257751,224.40271,196.2321777
7.064899307,6.904970646,24.50658798,27.0180912,27.84502792,84.89344788,164.8504639,260.8151855,107.4330292
7.800900245,7.038036823,25.03367805,25.63448524,27.24970818,61.72192001,76.65671539,186.5002594,107.4178009
8.86548101,7.793229103,24.5656929,25.49374962,27.15977859,33.20833206,41.45833206,130.7395782,104.5208359
8.534666576,7.003385067,23.66019249,26.10577965,26.7887516,96.6802063,187.4304504,201.1361847,97.0438385
7.082569189,5.93488884,24.13474464,26.27316856,27.35505676,63.16853714,94.55492401,287.8395081,164.7921143
8.231841855,7.116456032,24.93655014,26.01972198,27.53277588,68.23351288,96.97351074,251.7656555,122.9968796
7.157726128,6.60001564,24.17588043,26.95915794,27.72031975,69.77430725,110.0432129,299.5617981,101.1316605
9.073272962,7.595518112,23.913414,26.15775299,27.25785828,85.49484253,158.7064056,186.6174927,78.04534149
7.101512212,7.453855991,24.67994118,26.21365929,26.65458107,16.50459671,27.88224792,152.0864258,121.1899567
8.07074772,7.682792187,25.23157883,26.24731445,27.33852577,22.68465233,38.54244614,175.0566864,127.1854706
7.123168152,6.899618149,25.2221508,26.47230721,28.06507111,56.21357727,92.26811981,240.9337616,193.1944885
7.913522909,7.067246914,25.21179581,26.00860977,27.56725121,58.50833893,71.69068909,234.6195374,178.490387
7.813632045,7.311060429,24.5567112,26.0867672,27.4126358,66.69562531,118.2717056,152.1063995,100.1208725
8.015491847,7.685770512,24.61129761,27.1876049,28.11166382,72.19181824,97.42371368,289.8766785,91.25127411
7.832762379,7.079086781,24.97916794,25.80143356,27.38733864,56.84208679,88.6252594,202.2574005,122.8664169
8.397019707,7.324756145,24.70521736,25.59676933,26.93135834,31.4048748,37.17366028,160.1809082,139.084549
8.499013047,7.01138258,24.18869019,26.17075348,27.14594078,82.3020401,157.5146179,182.1206207,93.5605545
8.450032195,7.849285126,25.59389687,26.75598526,27.48898697,25.8402462,40.33275604,152.0542603,155.9471741
8.839376381,7.818509102,25.72391701,26.74143982,27.87376022,33.08702087,34.63208389,168.455719,147.2616272
7.524917084,7.907809258,25.55678558,26.88180351,27.31035614,18.71281624,42.35096741,143.4652557,161.4486237
8.821153164,7.135302544,24.50229073,26.41362381,27.35191154,79.34802246,137.7979736,200.1440887,103.4861755
6.831073264,6.845808506,24.71077347,26.59062004,27.83096886,83.34635925,146.9714508,294.9619446,109.5140915
7.998590612,7.211410522,25.56833458,26.75790215,28.24107361,62.22052002,55.25492096,217.985321,154.6985321
4.369917873,20.52791786,31.01703835,32.72132492,32.75241089,169.8856506,90.85667419,107.52948,93.73377228
3.958794606,21.56480217,30.99764252,32.6327858,32.73096085,136.1142731,66.00100708,78.76249695,70.26200104
4.772604572,21.8118515,31.35161209,32.79777527,32.83028793,129.7666626,78.75,114.6166687,88.56666565
5.531587777,21.02305031,30.87628365,32.58955765,32.83154297,137.5381622,113.8443756,99.20033264,71.99703217
5.46603732,22.07937431,31.0173378,33.05208206,33.30867004,176.25,103.1624985,45,117.5749969
3.022522923,20.17494392,30.95655823,32.89577866,33.09346008,194.7371979,114.711792,125.6762695,89.81885529
5.276894524,21.69634438,31.23044014,32.71617508,32.76900482,133.4201965,71.61457062,101.8477707,79.51212311
5.358481865,20.79093552,30.93944359,32.60124588,32.69979095,144.7118988,94.73575592,115.5381317,84.71762848
3.639035721,20.57426453,30.97532463,32.76659012,32.99617386,169.059433,129.8943634,117.4935226,65.2358551
5.83178707,21.16017532,31.06374168,32.66846848,32.69480133,139.2073059,79.42730713,109.7645187,89.25280762
4.102485929,22.23959541,31.41771698,32.88015747,32.98620987,142.3050537,109.9105988,75.62878418,157.2398987
5.373676922,15.06611633,28.60919762,30.76781082,30.95642281,20.94219971,87.10619354,99.47353363,54.29719162
4.50868818,16.80487633,28.95984268,31.60126877,32.53664398,44.56921005,119.9298325,61.484272,62.47306061
4.236965783,16.86857605,29.01848602,31.79140472,32.67663574,52.92842484,102.2021942,73.55175781,75.56305695
4.415497837,18.05184555,30.15883255,32.62787247,32.93429565,132.9124298,176.5601196,65.76242065,10.34414005
5.646643886,15.29648113,29.22222137,31.25518608,31.78351212,42.35555649,105.5,98.5,91.04444122
6.95920968,14.57780075,29.19576454,31.21915436,31.48259163,23.87919235,67.30142212,78.81151581,63.39494705
4.571679159,16.24938202,28.49203491,30.82592583,31.33353233,27.46913528,117.9506149,144.3086395,52.53086472
5.239278031,13.69973183,28.95931435,30.25292587,30.81988907,25.07561874,82.05953979,113.8363647,38.35286331
5.511320811,15.18752575,28.78416634,30.75451279,31.17718506,28.77291679,112.4505615,133.5926514,80.54457855
6.005635161,14.836833,29.42741966,31.13999939,31.76258087,29.29000092,124.1999969,118.4300003,52.25
6.150126035,14.82555866,29.27887726,31.24831963,31.48309898,14.39473534,60.50738144,54.37637711,83.81758118
6.222957261,16.08333397,29.36935425,31.52883339,31.05161285,43.81000137,144.3500061,145.7200012,33.16999817
3.597547596,13.73341942,26.0012188,30.6674881,29.88490486,27.82390785,89.65359497,163.5583496,54.9532547
3.49120232,11.57613659,24.48586464,28.06210518,28.61592674,64.9017868,80.92677307,214.2000275,154.0381165
2.763151014,12.19313335,24.9999752,28.65968513,28.56548691,28.20583534,82.5484848,242.2273407,93.4322052
3.830042852,13.3158989,25.10987282,30.16057396,29.38622093,40.11372375,162.0349121,135.2173615,103.6291733
7.907240098,12.46255684,26.02787018,29.10999298,29.12870216,34.08611298,142.1996155,242.5708923,60.94244766
8.496155599,13.30995369,26.53373337,29.53692627,29.12338829,17.56558228,64.24869537,238.5512695,65.42826843
5.425758672,13.85469818,27.54115677,29.84469414,29.69359779,11.22661972,61.89845276,189.199295,79.56459045
3.285370217,10.92162609,25.17232513,28.3428669,28.77003098,72.9200592,81.14520264,331.7987061,123.4072876
2.455541846,13.90401268,26.66997337,30.72527695,29.91579056,23.97405815,70.14102936,172.9523163,76.2603302
9.112435107,12.68976879,26.09642601,29.21580124,29.06537628,21.49038506,78.20510864,301.7839966,90.56803894
8.686901993,12.06200314,25.6056881,28.91441917,28.87545395,26.18132591,90.42774963,336.335907,68.46181488
3.253428409,12.97047424,26.3701458,29.45929146,29.32939529,14.59729481,86.39228058,259.1254578,65.56169128
9.214838906,13.9754467,27.21037292,30.63656616,29.76778221,20.73744392,63.70217133,159.8642883,64.53736877
7.201273468,14.22512722,28.274786,30.78098488,30.41355705,20.92030525,114.5870972,177.1989746,71.24921417
3.252246325,13.42042065,25.59415817,30.23376274,29.57995415,32.97376251,147.7406616,129.9761505,78.49962616
10.85927162,13.6353035,26.26008415,30.24732399,29.48909187,22.641819,115.8066254,155.3710327,98.28713226
9.846975195,11.19689083,24.17177391,27.70598984,28.96202469,74.18858337,88.17839813,173.671463,152.5648499
7.688284105,14.36033916,28.19971848,31.13328934,30.4396286,25.83745575,93.004776,187.0515747,93.63796234
10.1033044,13.60265827,25.46329117,30.5814724,29.64227295,39.62502289,105.5736084,130.7013855,104.5030518
4.750009114,10.57945633,24.76395416,27.88203621,28.45374489,80.12003326,80.77433014,270.4991455,167.5453339
7.305234826,14.28735542,27.57184982,30.15246964,29.85583305,15.68681431,69.61270142,205.9577026,68.07569885
4.031258994,11.88822174,25.13302994,28.41009903,28.50300598,34.73320007,71.25128937,247.9802399,110.668045
6.011792665,13.52285862,26.16087914,30.00315475,29.43749809,24.0340786,116.4008713,196.953949,96.39237976
7.304371964,14.25567341,28.8639431,30.40017128,30.44622421,23.45266724,119.3963165,137.0147858,55.98910904
4.390820329,14.13707447,28.12820816,30.1522274,30.07456589,15.37156487,72.75762939,153.832428,57.12450027
6.273220378,14.14970112,28.80236816,30.75055504,30.765028,27.26502419,124.3614807,136.8204498,62.99596405
7.412001846,13.82120132,25.29160118,30.6607399,29.54965973,38.11360168,116.7744446,145.9675903,96.12128448
8.699159163,11.24063683,24.778862,28.05372238,28.48822021,56.45597076,71.33363342,250.4429474,141.2282104
2.716457271,12.71142387,25.87168884,29.06768036,28.88405418,20.51819611,86.16175079,272.4408875,95.42111969
2.667849631,13.59136772,26.50740623,29.77493095,29.21636772,19.9241333,101.3237762,237.7650757,74.45914459
6.793786305,14.44364548,29.41403389,30.72872925,30.84841156,22.54600716,90.06281281,123.5034714,52.51496506
4.039375696,14.16120911,27.59140587,30.51822281,29.82685852,19.12666702,68.91132355,168.565918,78.24271393
4.543845718,13.68309975,26.9175396,29.7621479,29.53020096,12.98999405,70.66405487,223.3019867,83.98275757
8.410254923,14.00201893,27.10482407,30.07333946,29.47510719,16.04605293,68.89183044,228.8575439,54.20972824
2.378821033,14.4195776,27.89224052,31.35077858,30.50406265,25.67738533,72.0006485,151.4342346,68.41136169
8.872459759,11.32113075,25.07938194,28.37848854,28.53345299,50.55353546,63.21350861,285.9692688,83.92910767
10.19180016,13.83943462,26.80566406,30.23042297,29.45604515,18.09013748,87.15875244,221.8411407,71.95496368
4.783156878,21.49147797,28.31946373,31.11666679,30.43585014,132.1022797,144.6136322,214.9772797,217.4659119
4.715303351,7.033477306,24.7589016,27.002882,27.46177292,12.39634418,65.33232117,116.310318,141.6811218
2.670352645,7.520156384,24.01472092,25.99297905,27.23612404,1.173588157,38.53841782,155.2944336,54.86273956
5.861461663,7.208916187,25.3680706,27.36572647,27.62744141,16.31972694,31.19991875,115.9726334,97.72905731
3.931428492,7.654847622,23.70614052,26.57096672,28.19020462,23.23959541,82.09249115,110.7235413,79.08298492
4.673689845,7.080007553,24.31101799,26.77097893,27.48731232,12.14810562,48.13698578,115.2798157,72.98887634
3.12795583,6.683470726,23.58546066,25.95302963,26.97371292,7.606442451,59.60544586,105.4005508,68.17926788
3.476169929,8.009078979,24.19566154,26.56890678,27.41518784,4.140904427,58.40313339,72.47827148,60.33644485
3.592882303,6.95501709,23.42448807,25.57006645,26.66840744,0.943592668,55.99838257,90.39156342,45.06999969
6.646389123,7.661425591,25.71274948,27.63523483,27.91050529,13.20919418,39.18924332,117.3564758,134.9291382
7.107229547,7.799207211,25.5996151,27.16144753,27.47993279,17.37417603,24.52056694,126.6378174,136.7833252
7.105324339,7.729529381,25.44065094,27.46022415,27.81430054,13.75094318,28.34516525,104.753418,171.144455
5.005172177,6.624991894,24.10828781,26.55846024,27.15993118,23.38368797,47.04961014,99.04673767,70.9602356
3.678569167,7.437826157,24.04771996,26.37222672,27.28112984,5.394734383,58.41732407,88.06974792,64.24594879
1.709762017,6.817629814,23.79129219,25.83885765,27.62046432,2.757697105,49.96016693,153.9414978,38.5854187
3.566249636,7.200614929,24.2846508,26.50971794,27.61427689,0.163995728,49.3968544,117.2853851,55.27141571
7.542210161,12.77438641,26.12019539,27.5663166,28.42544174,91.12467957,66.24977875,176.477066,89.84228516
7.90422436,12.86035347,26.61513138,27.71971703,28.30260086,105.9912567,71.02092743,140.0088196,87.03901672
7.923257781,13.15303326,27.01925659,27.51004219,28.17087364,120.5292892,96.21038818,157.4415436,70.76233673
8.108606979,13.24477673,27.10692787,27.54313087,28.17762184,144.4492493,107.6186905,167.2979736,116.5573196
7.392636583,14.33258629,27.46575356,28.26721001,28.56053352,127.6430511,99.04305267,158.1128845,117.3531647
7.960728375,12.84953499,25.77387047,27.3391571,28.53798485,108.762085,104.5665512,126.239418,73.06549072
8.107209384,13.61565685,27.45103073,28.05099869,28.33082199,118.1861115,89.47444153,119.3502426,133.1338654
5.960848019,12.07397556,25.58907127,27.07671547,29.03404045,73.19141388,136.2569427,119.245575,65.85379028
7.344001987,14.09296322,27.27849388,27.64888954,28.8232975,150.5888824,128.9666595,173.3222198,85.1333313
7.482773969,14.01837349,27.44166183,28.13100052,28.65252876,133.8537903,126.967041,166.3430481,119.1922989
7.070074689,11.98649025,25.26505661,26.93674088,29.46181107,84.48728943,169.4322205,102.6809082,60.37165451
8.100351555,13.67792511,27.34601784,27.82255554,28.38819313,137.5068207,100.726265,179.7398987,115.2916718
6.834783583,13.06431293,25.99972343,27.50668335,28.53566742,91.39557648,84.29074097,142.0571442,80.06679535
7.453277052,13.04458237,26.33858681,27.53020477,28.33628845,100.3815308,88.5986557,141.6188812,96.24477386
6.943362518,12.59469509,25.62671852,27.26292229,29.12226486,70.92404175,128.5077057,135.4249115,54.97992706
5.63800887,14.69192314,27.63363266,28.59865952,28.73074722,129.0280762,104.8440399,173.2547455,131.0973816
5.667217031,12.27750015,25.16514397,26.92981339,28.62670135,100.7222214,106.7944489,113.6444397,59.90000153
7.500070219,12.91036701,26.71893883,27.55112457,28.22631836,112.5092545,79.2791214,127.0473022,94.69026947
7.498355484,13.62297726,27.27962112,27.81581879,28.48664665,128.8963928,127.3559341,168.7386322,101.9603653
7.633529358,13.40520382,26.52368927,27.78292847,28.6876297,110.4265366,88.34380341,140.5740967,78.5880661
8.65424629,12.8007021,26.87410355,27.86393356,28.30589485,99.94137573,74.66866302,132.0082397,105.4537811
7.974706176,13.46417427,27.21982384,27.77015305,28.27509308,118.8555603,109.6290436,98.15833282,116.2100983
7.134866639,14.17078686,27.83825302,28.27204514,28.65995598,135.8405457,106.6933289,119.8583374,106.847229
4.670728087,11.85486889,24.8015976,26.80951118,29.1412487,87.15485382,126.6458969,170.9124146,23.98046112
6.323561364,12.17546749,25.97186279,27.41574097,28.94141006,74.8259201,111.4103851,161.9926453,81.20548248
7.381532475,14.69009304,28.01473999,28.5627079,29.32826614,151.1935883,120.6273651,203.2467346,102.3086395
8.012879895,13.99505043,27.62573242,28.13016129,28.42243385,144.7626343,97.35505676,142.6656494,139.0247498
6.935353533,12.78544044,25.96059418,27.53020668,28.68844795,70.4041214,82.43742371,157.242691,74.33605957
6.702458642,12.21796513,25.15896416,26.99882126,28.98227882,99.75967407,120.5904236,143.1673279,35.2131424
6.558576076,12.54728985,25.44926643,27.15156174,28.74141121,95.54167175,104.0430069,138.7921448,52.36852264
7.852649421,12.9874239,26.80697823,27.64622116,28.17975044,115.934494,85.83174133,116.7922974,92.33614349
6.589699185,13.49872112,26.97088051,27.75309372,28.52903175,108.3065643,88.55262756,198.151001,73.32323456
7.361825497,12.26251316,26.32906151,27.63340187,28.57053185,69.18584442,76.62346649,194.4161987,98.83863068
7.223290009,12.90572357,25.77810287,26.69326591,28.48761749,152.6565704,118.969696,115.5757599,74.13130951
6.60094227,11.78608418,25.24949074,26.77077675,29.14696121,83.2076416,171.2976837,95.62364197,79.19367981
6.449459984,12.69473267,25.51547241,27.25441933,29.0893631,87.30573273,137.9181519,176.5590515,39.37436676
7.122877858,13.12005043,26.11847687,27.62036324,28.70653534,97.07658386,92.83771515,120.4518356,75.06124115
2.187724972,19.37949944,31.15161324,32.73533249,34.3358078,60.91999817,86.12999725,152.2700043,45.29000092
2.180374481,18.71592522,30.78190041,32.70481491,33.25698853,60.63333511,93.31111145,162.9888916,109.8000031
8.837401529,14.5599432,24.74468422,27.07159042,29.61024475,97.24432373,141.7329559,120.8238602,220.7556763
7.808527367,14.185606,24.42540359,26.73958397,29.32386398,131.8977203,144.25,144.8409119,336.8977356
6.481153239,8.813858032,25.69739914,27.90276337,29.43351936,57.33792496,36.33757401,104.0557632,69.44596863
8.035464704,6.607944965,24.03279114,26.14418793,27.28115654,55.33663559,34.02944565,170.6150665,177.3304291
5.685769553,8.508869171,25.95931244,28.33266258,28.68356705,19.57411957,26.59469986,71.27812958,114.5484772
6.42408999,9.078032494,24.75754738,27.38389778,29.56613731,56.72744751,52.54576492,148.722641,74.80857086
6.679296646,10.00968552,24.78510284,27.66790771,29.27837181,59.09508896,55.31099701,170.1255493,124.4399719
7.248886611,10.65059185,25.4394474,28.5623703,29.101408,72.97257996,84.77404785,313.8175964,87.66867828
3.587041535,8.719284058,25.60923576,27.87119865,29.1486454,33.51776505,28.07764816,103.2861023,119.3883057
7.264230974,7.043430328,24.87892342,26.51732254,27.42649841,38.4216156,43.72995758,111.5282898,105.5144196
7.855356553,6.883568764,24.11085892,26.35522652,27.37436676,39.46086502,41.74404526,122.2925339,88.83883667
4.94006792,8.703734398,25.39482689,27.55957985,29.3559742,46.20381165,40.02731705,138.8439331,100.1716003
6.868156211,9.927155495,25.2812252,27.94483185,28.98007774,90.60745239,51.30416489,243.2704773,70.16927338
7.985905689,7.531378269,24.36804581,26.77830505,27.80184364,74.52448273,53.55413055,177.7894592,93.64796448
6.760362191,9.517232895,25.14354515,28.04216194,28.73584366,78.83393097,85.32696533,268.7831421,76.44345856
7.413367992,8.648662567,24.95347023,27.51492119,28.49148178,78.04250336,49.57793045,217.4643097,67.06521606
8.033391337,8.304319382,24.76793861,27.26298141,28.25377083,97.82534027,66.25427246,273.3592529,74.38638306
8.337295231,7.248978615,24.35380936,26.59537125,27.71969223,71.28085327,54.23635101,248.2933655,110.8764877
3.423101678,8.829592705,24.55692482,27.10979462,29.36244774,46.36058807,63.61206055,139.6578369,76.89667511
7.347495548,7.529354572,25.16010857,26.81814003,27.41021347,23.69449806,52.99685287,108.5475693,166.121521
6.808825077,9.106054306,25.75195694,28.00967026,29.51644516,62.92513275,28.76224899,139.2904205,56.96135712
5.524137146,8.698277473,25.78792572,28.21846008,29.23929787,28.29846954,32.69303131,75.22813416,94.6105423
7.27294462,9.632799149,25.17909622,27.98378372,28.77775192,83.00784302,68.63619232,258.9782715,67.04905701
7.647333551,10.64867973,25.48611832,28.52946281,29.05612373,62.18601227,89.77359772,279.4751282,66.67614746
3.595884489,18.53632927,29.707901,32.0066452,32.29298782,151.3951569,141.3715057,106.6967621,131.2971649
3.246577028,19.02851868,30.15483856,32.57463074,32.84318924,170.7888947,104.4333344,139.777771,78.69999695
4.675584666,18.07279205,29.56818581,31.73853874,32.06325531,146.0547791,183.4549408,96.02703094,84.49388123
3.596655615,18.79986191,29.81760025,32.2211647,32.49872971,149.9220886,117.3463211,101.0079346,84.06060791
3.259846239,18.7222805,30.15498161,32.41503906,32.67167664,158.8245697,151.3942719,91.58670044,48.61565781
6.667980964,19.60925865,29.01417351,30.98871994,31.20674515,210.1111145,108.3737411,156.5555573,43.18181992
6.081596949,17.64665604,29.51124573,31.63126183,31.89098167,130.2884369,195.0888824,85.39266205,56.33821869
5.855495813,17.14685249,29.12246132,31.41907501,31.67819786,125.6407394,177.5111084,95.1222229,80.64073944
3.824035171,18.88666153,30.23901939,32.54806137,32.7995224,158.7649841,126.9838638,115.7969208,62.59824371
6.047003813,17.75527573,29.44857788,31.59113503,31.90303421,137.4738617,188.0097198,95.39472198,56.90633774
1.707475484,25.1623745,31.9975872,33.44887543,34.52828217,54.34070587,59.71797562,175.6504669,66.92605591
5.285399631,6.865404129,23.95861816,25.24789429,27.24893951,64.4747467,75.93939209,141.5353546,44.45959473
9.039086061,8.797340393,24.03215027,25.51945686,27.98909187,65.10479736,213.0467224,175.9260101,76.03030396
8.617821281,8.012104034,23.46883965,25.07136536,27.50164604,90.62895966,187.9434357,115.8363647,103.2202072
8.375791416,7.827810287,23.41033936,25.32089043,27.86438179,101.8511047,204.7680511,80.99333191,94.62528229
9.85888133,9.604919434,24.83278656,26.24614906,27.79644012,37.52323151,136.3460846,177.1540375,103.4509277
8.075367331,6.954999924,21.14442825,23.13924217,26.5004406,85.00909424,121.2545471,89.78181458,103.3545456
6.679520398,6.767508507,23.91609573,25.16835022,27.18849754,61.74747467,71.71717072,144.3535309,46.38383865
7.526683588,7.525000095,23.31483841,25.01616669,27.57629013,112.6399994,102.6999969,120.1399994,75.58999634
8.479392165,9.444529533,24.30763817,25.68631935,27.83293533,48.00866699,140.7033386,227.4750977,72.81889343
6.857264675,7.228416443,21.38801956,23.26834106,26.81440926,83.3722229,124.4672241,63.21222305,84.01499939
7.264072177,7.39511776,24.33105278,25.328619,27.01580238,34.90909195,78.65656281,98.8181839,66.1818161
1.681270965,20.04447365,31.00308609,32.8527832,33.00359344,198.2348785,92.18062592,115.5933838,91.18083954
2.28333401,21.47460365,28.26478386,31.16150665,30.38459969,135.1428528,169.1071472,223.3452454,196.1309509
3.650971836,20.99047661,28.23963165,30.75887489,30.395895,136.3636322,174.6883087,162.0389557,246.6233826
2.71230851,19.77811241,30.95909309,32.95967102,33.06969833,211.1811523,88.5403595,94.88505554,72.34079742
3.557766029,9.788170815,24.1099205,25.87389183,28.90289688,80.06400299,109.4942245,87.94200134,40.1760025
7.191937423,7.574166775,22.7868042,24.94091034,27.66253662,109.3727264,188.7590942,118.345459,93.8636322
1.459467244,20.02417564,32.31541061,34.0203743,34.25829697,37.15185165,132.9447784,140.608078,108.2831726
9.786605017,14.49811649,28.87364006,29.78564644,29.12208748,123.8273849,95.97797394,218.1109009,124.9169846
7.793891455,15.41396618,29.52500534,30.53964806,30.54180336,93.13000488,110.9748917,228.6982117,119.3708878
4.636788186,14.88062572,29.14768982,30.3065033,29.74588585,128.7907257,71.44963074,229.793335,157.8683319
4.121934805,15.10839272,29.008955,30.73489761,30.08512497,82.43972015,62.14194489,210.6463776,123.640274
4.721794181,14.62455845,29.20832825,29.83759689,29.13660622,64.71444702,89.04083252,115.8629227,113.417366
6.639951168,16.34894562,29.30259323,31.01205063,30.81739998,71.87218475,84.26912689,206.5684204,77.84343719
7.463278443,11.26966667,26.55500031,27.99224854,28.89274216,49.02500153,62.02000046,179.4199982,52.23000336
7.158899233,15.64438152,28.42376328,29.03820419,29.41772461,113.6374969,103.6580582,186.8261414,112.0828857
5.706357337,11.62142086,25.29380035,26.50677872,28.39562225,79.39471436,146.6711121,113.8911133,64.08444214
7.459971011,12.52081776,27.08201599,28.07271385,28.17390442,78.06190491,52.44317627,170.3995361,158.7108002
7.202485673,16.10604668,29.31070709,30.03991699,30.2578125,90.12944031,53.56944275,194.2766724,92.8861084
6.669162691,12.30141068,26.53500557,27.62782478,28.13836479,70.31543732,80.2550354,156.7021332,127.0224609
4.381065587,13.41642761,28.03726959,28.54608345,28.4673233,104.4394302,82.28720093,207.9585419,78.19719696
3.497625319,17.25866127,29.01969719,30.65935135,30.77439308,95.71035767,189.889389,203.6977234,74.84545898
3.679232788,11.36266708,25.77177429,27.04649925,28.2824192,63.88000107,137.9799957,79.23000336,78.68000031
7.780961246,12.25639915,26.60920143,27.66174316,28.18557739,72.59596252,70.39762878,190.6913757,128.688446
3.401387247,13.08001423,27.75367737,29.79035568,30.21187782,12.48861122,67.44445038,78.48527527,66.81832886
6.452206022,12.52700996,27.03061295,28.7844944,29.42580986,25.47470474,119.8562393,219.5760651,21.57982826
4.116435953,12.72166824,27.33487511,29.32143593,29.53538704,10.1727953,106.7141495,151.8299408,52.36212158
3.28094797,15.68725109,29.56641579,32.80616379,32.35864639,24.57710457,136.9616089,145.8666687,68.64848328
2.503905717,15.14252472,28.21011162,32.26227188,31.47546196,25.92710304,98.6402359,184.6178436,76.08805084
3.154631996,14.90096283,28.38747978,31.97728539,31.22288322,28.36538506,74.50114441,161.7839203,89.19358826
2.765322292,17.75296211,30.39435577,33.02759171,32.93996429,49.64444733,119.672226,138.7444458,153.4333344
5.373828781,18.24685287,29.55086136,31.97318459,32.07885361,172.5177765,162.2599945,98.25999451,57.34000397
5.456413662,17.8927784,29.48829079,31.84395027,31.94109917,172.3444366,187.0666656,83.10370636,53.11481857
2.017860761,23.89844894,31.50710106,32.3291626,33.17316437,102.1538239,14.84790707,60.41904068,197.126709
1.957324938,23.98159981,31.78209114,32.58435822,33.4515419,106.158844,10.36161613,76.12374115,180.0775299
2.589587977,23.7740612,31.38759422,32.28886414,33.27292633,86.83974457,39.92012787,96.58177185,144.6467438
1.762265065,23.85949707,31.4668808,32.37631989,33.32106018,86.37805176,46.09513474,93.21746063,211.1201172
7.005942249,9.262833595,23.69844055,25.47899818,28.68682861,81.92666626,81.6966629,50.84000015,40.97666931
3.507807527,10.06981468,24.27141571,25.99449158,28.98352051,81.98472595,98.95889282,113.5572128,20.95722198
3.449014368,8.113337517,24.12248993,26.57847977,27.54381371,5.072822571,60.63127518,88.65602112,45.32078934
3.124468439,7.72902298,23.9643898,26.43462181,27.38984489,10.11876774,63.14751053,95.57469177,53.67619324
3.699807054,7.428772449,24.19413757,26.62014008,27.38150787,11.68068695,51.66146851,129.9237213,52.78503418
3.414428033,7.313605785,23.59348679,25.96403122,26.86707306,14.97758865,55.23913574,116.2958527,50.16318512
3.278648117,7.330262661,22.88103104,25.56182289,26.62675667,6.932325363,59.51321411,67.91654205,44.86090469
3.331151807,7.771912098,25.31414604,26.85158348,27.1279068,16.45830154,26.11582947,152.5516815,122.6586838
2.755155257,14.59285831,29.36037445,31.25043106,31.6641407,15.04432201,63.60876465,61.87198257,87.8866806
2.981090792,14.58037567,29.23460197,31.00726128,32.04887009,14.89777756,70.09370422,70.59444427,57.67814636
3.383279876,17.81762314,29.98831558,32.49785614,32.67172241,131.5574341,189.0925903,71.5823288,23.07411575
3.967165888,18.09804916,30.12615585,32.43742371,32.69713211,136.9326782,199.3199005,56.83594131,16.22372246
5.351328724,17.68781281,29.93653107,32.63479233,32.85453033,132.5297241,145.944519,85.46359253,20.16933441
12.03554805,13.9719162,25.22991371,30.25836563,29.5406456,31.82648849,153.6639404,146.497879,110.4253998
1.760522243,13.46442699,26.77540016,29.53585243,29.43570709,12.43708038,84.80387115,260.4432068,69.62133789
2.850700594,13.97108746,26.49647903,31.09120178,30.30778313,22.83686638,75.3904953,170.092514,68.13285065
3.432338813,7.099805832,23.79914093,25.87350845,27.25652504,0.048704952,55.58939362,135.3721313,42.36950302
3.357699813,6.85341835,23.13582039,25.183321,26.14577675,5.806347847,54.11874771,90.42245483,58.90063477
2.961786818,7.691684723,25.06220627,27.48418427,27.85308456,14.7746048,45.69395447,98.29425049,156.0404816
2.984680731,6.73678875,23.99057007,26.36111832,27.25668526,8.120355606,61.78821945,111.1569672,83.0499649
3.186614797,7.283004761,24.64334106,27.11843681,27.57080269,19.84277153,73.51361084,87.1537323,170.3148346
1.661372027,7.487590313,24.35420227,26.51843643,28.00505447,1.00860095,40.32647324,139.3079376,35.05323029
2.845183673,7.25122118,23.93550873,26.01751518,27.45302582,0,47.06678391,158.237854,45.15239716
2.68051627,7.180767059,23.98380852,25.82340431,27.3708744,2.754929543,54.8437233,165.2022705,67.71782684
1.814402425,6.878253937,23.26926231,25.2362709,26.70012856,0,46.14097977,209.6140747,46.92072296
2.666265954,6.74295187,23.94983673,26.41131592,27.21250725,10.29273319,84.65951538,106.6108475,118.7846909
3.082855569,6.920599937,23.26575851,25.26623535,26.52772141,1.442330718,55.64633179,168.833374,33.06628418
3.192098111,7.005130291,24.71737862,27.07493401,27.48959732,14.91787529,41.73946762,90.68764496,57.29081345
3.862674675,13.83444405,27.11684608,28.04074097,28.8213253,106.2666702,87.05555725,186.2333374,67.1333313
2.967436393,6.595106602,23.97148132,26.26457214,27.19320488,35.98526382,58.19276047,103.3884964,67.34968567
2.89353208,7.150717258,24.51445007,27.06000519,27.63563728,30.68026161,56.78790283,64.38845062,128.3074951
7.154990945,7.422300816,24.87984848,27.11789131,27.6160984,19.58026695,37.32485962,86.5486908,200.3725281
6.789148827,7.92744112,23.46008492,25.44579124,28.0464325,105.242424,189.6969757,103.0606079,101.0101013