EVI1,EVI2,EVI3,EVI4,EVI5,EVI6,EVI7,EVI8,EVI9,EVI10,EVI11,EVI12,EVI13
0.162301088161302,0.200656995099503,0.247509290995858,0.288901940912307,0.403251110177896,0.585854300269914,0.66315105133694,0.662395168574495,0.675651036824718,0.585800058965107,0.48652085799879,0.274430542341884,0.229612219574041
0.157385145019095,0.179305109201218,0.197638947706846,0.308672875161839,0.594411098615205,0.672585192222257,0.738921264405486,0.717851637364782,0.643941308844247,0.413259991928778,0.259150981120546,0.195521219813171,0.174039398223825
0.250305656492653,0.285843077293727,0.300923211439608,0.380242901186698,0.40246594576949,0.58331540889753,0.579282643505897,0.625142741086423,0.591133125360406,0.391654672974122,0.351611609805567,0.264231418623152,0.216435908115849
0.308441221166993,0.345208273606801,0.309433861678737,0.328384347352856,0.404829485379069,0.480014892992857,0.525214192195519,0.585356512487517,0.58201736060549,0.475477928632836,0.406814703699467,0.320020186122226,0.253751470210243
0.15198237095514,0.181881846517027,0.207539725230596,0.231362470449902,0.385657442417855,0.562261056818728,0.667458862654616,0.66523192739314,0.674734934005881,0.62183004027327,0.441048564681129,0.226850773990473,0.196658456013841
0.233046679400238,0.283424726811896,0.300475063808152,0.398650999136116,0.390965562143594,0.590331718874073,0.58618613727901,0.651044889280934,0.609054383488608,0.417716814561614,0.346769164609847,0.254708969984026,0.217587824203654
0.324616399765016,0.368387826013565,0.383613480806351,0.421259393548957,0.397186859750745,0.564142275571822,0.587580634307872,0.643509892606747,0.614539949226387,0.483839276790622,0.406118293952941,0.303144869565963,0.24915004267693
0.148181809136829,0.178793411758863,0.192836234026444,0.267262467826332,0.423749614982555,0.496277615577153,0.625096005305105,0.609373275648668,0.583812405006052,0.499561427480478,0.308443398528831,0.216858832526316,0.178842993458112
0.171869891187928,0.211607504799958,0.257306049782739,0.28899735640013,0.393024523540613,0.545539667998333,0.602590900615136,0.609136261972422,0.634436760181855,0.598968263752588,0.452497305876854,0.273714685439563,0.227189033557232
0.179729705636077,0.219053546988328,0.26210829034283,0.384266147757883,0.431594670100498,0.63193917308367,0.688552607328548,0.717324658589081,0.669660320308817,0.480136769065159,0.367178351520656,0.235576559405578,0.216435930129609
0.150357643135836,0.172862843672174,0.199386854916254,0.226276988367029,0.412905621598149,0.561965165375948,0.661627682652506,0.680867377452844,0.666663889797515,0.535906407954778,0.395048793028771,0.213180273234944,0.189614766162408
0.280067168688851,0.307143959280378,0.291736576249102,0.309700913218873,0.469192781598402,0.549140349025591,0.559271925536163,0.607649214941865,0.604740768605704,0.454888803310792,0.379698079127117,0.290242277117362,0.211697459296767
0.247969411753853,0.273840421289476,0.284952544214468,0.302617890272001,0.355680739131391,0.52367943410771,0.533732506424755,0.614612712735601,0.587921348393625,0.424689831497137,0.368164727862173,0.279495778367475,0.218924945390123
0.398925570601924,0.406606333799732,0.41993400589402,0.3979065694338,0.394366803419475,0.367429397722442,0.466715154208641,0.600579507434569,0.582970537278058,0.539086794990157,0.464066366386205,0.351604870982772,0.225230665391145
0.185518903006364,0.217991357296256,0.275766583059305,0.467305243334154,0.618239554415484,0.651408070018947,0.649691447352517,0.669500491892428,0.553096693674758,0.331334649008068,0.25598868084401,0.217147935318129,0.18398293682434
0.165544762110315,0.202647712677677,0.241297281881428,0.280604612619197,0.447084150146063,0.63806705535975,0.70142148648512,0.690695141097458,0.655440401039912,0.550780515065055,0.453636989085329,0.254873170515469,0.217581039518057
0.181469687335006,0.21537554399538,0.261252063041963,0.440219982196362,0.563114419979882,0.546160204227831,0.527094254380482,0.535845340129051,0.424554097984671,0.307489075178175,0.255207682340764,0.228911408604484,0.191050773944001
0.317770253101063,0.312186154508424,0.327173369732199,0.343112582581888,0.336044610385062,0.317458998334432,0.408574124898632,0.47911220367096,0.488190459913102,0.465586383536671,0.400948497961392,0.311093606100071,0.218230869697453
0.233611326048073,0.279325593711879,0.297358025731029,0.386381322224099,0.409895403388133,0.561377342334162,0.554664646825382,0.598045845466902,0.581874116167767,0.448029309853492,0.34962340564697,0.260974753730908,0.220058390085787
0.226972821676865,0.284465700542125,0.298236932375641,0.406404544217552,0.389831481202131,0.639847326212865,0.635917841204624,0.664025351918761,0.580185478568835,0.41703991293129,0.293939294950448,0.249364882657504,0.203285252142922
0.328698523213764,0.329656385763176,0.292486995886478,0.315488407344843,0.364310913513526,0.430449198106517,0.524886827042843,0.595850684624319,0.604558139064088,0.488692349964461,0.412334544338746,0.301332637818871,0.219434759868208
0.175360185085677,0.227195205498866,0.27762070583568,0.323099012102407,0.439173078330753,0.617276271988012,0.673527142912787,0.680706205579234,0.640206875995555,0.561504346946245,0.48482977135572,0.297046702103839,0.248724677568297
0.179172284378318,0.203024436447595,0.240420294630565,0.345677420774914,0.523084460703458,0.606032190407033,0.604351906598134,0.634433197480302,0.651762853250151,0.443006452682951,0.309602083529168,0.215391717976612,0.189502327000889
0.297680812217356,0.342809034076164,0.337794710688642,0.368760874827786,0.349886542682343,0.481522932773117,0.477346104050042,0.580719515928824,0.587153627615737,0.484282940105032,0.417815239735563,0.334447726129696,0.235281597926753
0.237499255062817,0.277416382343853,0.27916435459584,0.37676660834998,0.361227909422768,0.541882661611435,0.575572793573316,0.612708026326545,0.569176628061159,0.460576797153051,0.339983593945143,0.271884426781897,0.217265692793552
0.171330618900674,0.216311597867012,0.265861417813699,0.318282098665989,0.438679115576259,0.630543647838977,0.679528480460072,0.678559155064762,0.652596499915048,0.538677806866894,0.456708994989076,0.274813590143806,0.234590570576217
0.171171863074209,0.225084985992259,0.258220956272485,0.296765099319879,0.314430626404245,0.328131276111337,0.457169855282209,0.50041696530028,0.563701419260271,0.50942873092571,0.353444591351692,0.263654284264949,0.210281607972874
0.179941116736658,0.218737154640905,0.24515415053646,0.298431155313053,0.338474784095379,0.349667174112458,0.488656715800085,0.537687210241138,0.577447154902525,0.530470813990078,0.383659876037215,0.249394976423839,0.209380264539135
0.174451952248322,0.224396701986341,0.254435361149627,0.28429136446472,0.302140690607785,0.30892737566959,0.448479028010044,0.508914006626096,0.584253574173754,0.508930366467385,0.363450797421162,0.300071361812883,0.196568322536045
0.201659171341956,0.247178538389857,0.257481784777998,0.352560527545801,0.377851851732221,0.638078970367758,0.693548919793822,0.709612543835426,0.696623974122867,0.476525819436542,0.365485968878549,0.228071729817472,0.203959676387559
0.291994053573136,0.344287548946346,0.332298321727608,0.434390929712839,0.418600945779774,0.590462123424706,0.609769434169524,0.639622540596436,0.604085209527087,0.4638914792249,0.379613903172126,0.265170535633194,0.238624958975629
0.231580315679276,0.310154690519353,0.347849291586381,0.401511229798885,0.464187932003379,0.524914832474993,0.663173504575741,0.609069792226147,0.637943779648466,0.534207480265153,0.419872032800272,0.340401035403384,0.285100799048177
0.17974831128572,0.210661277853669,0.242684074806997,0.316110429873263,0.35499485130545,0.54189184946138,0.724270550174873,0.724712659836145,0.71839355629182,0.513370390015697,0.440094215357946,0.215676813342022,0.19123321756038
0.168510775001163,0.201209011803006,0.200932233920036,0.263611696890878,0.426018139102073,0.458044863881584,0.672509393988177,0.638699956865142,0.606636659796484,0.484941472533484,0.275387243537275,0.235110794757349,0.185092715929449
0.204515023886867,0.253663915865645,0.256554155440532,0.395585849971648,0.400613734543042,0.567481993871825,0.620425025987223,0.653032467048073,0.598132350072884,0.486291467371192,0.386361635346994,0.235308045495707,0.190587681072252
0.177130530250998,0.235085125007846,0.24971453123464,0.268292286325979,0.360626026087252,0.41783969171177,0.623221338686544,0.629382145292504,0.659329353347053,0.539161103204453,0.333413055926555,0.220731533390282,0.188644510023478
0.191068247271759,0.23281110861435,0.251017384639949,0.316825735474525,0.366693522174928,0.516581073121968,0.672226319876934,0.699781736398271,0.666886134389855,0.483626881313545,0.378451486790277,0.227753435452799,0.20761916338884
0.178923793365595,0.217306021931504,0.251153570802385,0.294991103057622,0.363830497884733,0.489112053789547,0.607962120431827,0.69207910921649,0.67601093118992,0.523057317705596,0.415586242808537,0.21418180505404,0.193147922678654
0.169974708346999,0.232162708138976,0.269562839375803,0.289246894502642,0.336837329550349,0.353577465709569,0.485141148175619,0.549938108744573,0.594768166971608,0.486028671238201,0.332003279615894,0.240169165374893,0.194943651258172
0.172233871798657,0.210294588710188,0.233002875338872,0.301761206475462,0.421310425326592,0.527586165360419,0.677592366110897,0.627142098023918,0.638120717868769,0.490023673012796,0.291555715361926,0.249504237970345,0.193575230191965
0.182296563340872,0.203344717580933,0.223575914223305,0.29836520603284,0.40401626576018,0.442063683298831,0.665432524674135,0.626516015458564,0.607161104363544,0.541770555590359,0.333073643702904,0.269293614552839,0.225423075339011
0.173943537949108,0.22023332645879,0.246743100090194,0.319328745043417,0.374966135935941,0.507120745748547,0.658164697323437,0.624828748569629,0.632967040086285,0.527775624836728,0.317704625139335,0.269430595283991,0.218783394653472
0.150118619160776,0.182771227512375,0.184784395019155,0.258743191238266,0.419914382494492,0.487539774931469,0.731970735237992,0.694554320265783,0.674055951293894,0.575724348013713,0.308228632351529,0.236427151122222,0.188582034413377
0.168362659655173,0.222585944196491,0.25364280195565,0.258913306943566,0.307667905223114,0.368520924206787,0.534541461784527,0.6008040029272,0.639578751790561,0.497679442432905,0.400413191637745,0.230426455946525,0.189356188111986
0.180786857514209,0.218979880574746,0.23022056302084,0.308526800884084,0.359521930228741,0.57424873116862,0.71037373520898,0.749975595152326,0.720882075655219,0.523247941923176,0.380849887289199,0.203252212800808,0.185086136784996
0.193594298673048,0.231301833457897,0.24140937871697,0.329110699504586,0.377520246971374,0.608396476729561,0.692366941600784,0.690363904977927,0.674178316435428,0.442574804122399,0.333368331056719,0.213069321380674,0.195550540777677
0.179908127899137,0.239708938709876,0.257480211709708,0.320537509075302,0.438183756902862,0.459353237163955,0.628270125910126,0.63265145734817,0.641480972845404,0.48983771251991,0.320789952891881,0.258067176180637,0.21421570791655
0.239410657362919,0.291514927879255,0.288741748327674,0.335637176049231,0.376603362129625,0.438021538244554,0.594713024117604,0.575057840995374,0.49414992958083,0.405156652453538,0.331594489830833,0.23921055905223,0.208719618053177
0.201299815743535,0.264870252347988,0.304047210154926,0.31307364211527,0.378840066138108,0.437463567214381,0.600677206045329,0.632443435861288,0.640610856701944,0.480029804468998,0.424152597470122,0.278804821576839,0.218322180649899
0.155233094557646,0.186861569563059,0.199261431231992,0.262581244202122,0.384526469531627,0.446326549822788,0.60551005520724,0.592968268513365,0.551033797496262,0.459253896801405,0.289849459977986,0.234512911998057,0.178407393376891
0.173906790015501,0.230209763085963,0.254454022317115,0.297867202111549,0.36831865537874,0.385264077613767,0.545558214271844,0.593070952127603,0.625862455322746,0.525346281603881,0.346374414648157,0.271214319442446,0.203874964442331
0.37145214412228,0.411656750248254,0.415784374720661,0.26586617878876,0.25453364216339,0.259543556206398,0.281989572869266,0.273396809803881,0.259300070397161,0.225750859080139,0.20488142600628,0.203477937814899,0.217546371103153
0.373657957662902,0.422320547230147,0.4118867507506,0.284281436091002,0.26778193764677,0.271139651301229,0.274918567929521,0.281760435475231,0.296867421752962,0.251902069211196,0.233548367532251,0.228583355472612,0.232262405579914
0.37014408352905,0.398309528206365,0.453092904469329,0.318367767172628,0.297630047396401,0.308866099069262,0.333141109605079,0.327484114554707,0.379842612139135,0.342522292965988,0.308202706620222,0.241195740025799,0.208551158129672
0.345491424251577,0.371549432293293,0.359164795628651,0.285308654037893,0.271623618166922,0.303199344764774,0.329577574897305,0.368520600136734,0.358218454912771,0.317533793203319,0.291181010351752,0.254348210043552,0.229332937688142
0.430677213338441,0.502753822497934,0.537003137092285,0.595102971736629,0.555407322676659,0.640090680323782,0.65468136873852,0.600302885885031,0.552753693905526,0.479141669729446,0.419967254602619,0.398228056685572,0.392920049910616
0.424293005105627,0.477816849051969,0.438330334872798,0.446191221669852,0.461434908774927,0.511215880828372,0.545436794241987,0.684563186348279,0.618198418147856,0.520460669084679,0.431829027232168,0.282199823534939,0.21365458223626
0.25956286637507,0.316273525358196,0.297750173411357,0.395808038886895,0.416509094635669,0.491686614294325,0.519991681059021,0.578174176305948,0.553164792770051,0.47943189115219,0.378885586728517,0.250494126323835,0.221350816579184
0.352959910904995,0.418378101146552,0.380375536182837,0.489808320126161,0.498824926656067,0.555331393731905,0.598381687340345,0.643264404789557,0.556779384109453,0.476629536923631,0.40298378304691,0.302831600565469,0.243551561938245
0.423269922025373,0.45802355760031,0.444823261008876,0.438151076964676,0.438531749151592,0.491769909182559,0.562160089814881,0.611779996677663,0.566465236785412,0.485216679994971,0.420918599294921,0.29989886700033,0.216885347258291
0.368861600258297,0.467960322805875,0.375323475237208,0.418906886037356,0.410111874123009,0.599933118873345,0.661570096953949,0.642584805558424,0.602663297141352,0.499842170944548,0.425219980143589,0.287602109304359,0.28451400519247
0.398818724817226,0.435804869019132,0.417934440900909,0.438312414271888,0.452447143382797,0.511767990511097,0.570374747723587,0.605937221841201,0.532423996604295,0.46411610269877,0.381099908812401,0.275832018780559,0.225743683433066
0.396523148887375,0.452852851424605,0.41836534943703,0.419670228474117,0.458205877322184,0.526547870038102,0.563001327621306,0.667356831408849,0.597673755224817,0.484410720546876,0.408737471899742,0.279439983686485,0.211160826485215
0.408045871176684,0.491234088236905,0.458079762190271,0.473870441063421,0.486404942662457,0.521504634575344,0.552455881610119,0.620840938740961,0.590093436110083,0.530347889377444,0.450073406320612,0.286119332036933,0.24672585095146
0.265634406380832,0.30006122042704,0.291322650804836,0.411836248156673,0.441586675423132,0.574630027448952,0.627573697469043,0.66417921937424,0.521834205216478,0.426226838566177,0.323259672891286,0.254662554624953,0.204429762201445
0.376980262982196,0.422892182588017,0.405631971520926,0.512117400161735,0.494205743027756,0.528288553720428,0.581833429809565,0.612689954253853,0.478424561959603,0.445840745624624,0.366077016939134,0.289078145984933,0.232799650270207
0.138020528163735,0.183317546001469,0.25166192295412,0.297350355567028,0.343308616134753,0.501173645391279,0.620443396391174,0.628092912878534,0.637317768695054,0.586931632098579,0.504382647301592,0.247371422629788,0.219862654988814
0.169050531373178,0.229669224075236,0.313440722253659,0.368129368096893,0.360917290368505,0.472047154879479,0.570568202009419,0.605863210759489,0.630356829579814,0.505932079431226,0.379539463818448,0.232263029851404,0.247905334145493
0.156303217653161,0.179571566561703,0.249836469709191,0.325657416282434,0.375016034832428,0.4795339884452,0.509577478950175,0.60461874195161,0.629314011968699,0.514723937220198,0.476498587284931,0.323828449635133,0.250315615736196
0.147235505285674,0.198922607153472,0.283037642147222,0.338654904406899,0.367224026851739,0.476278804293479,0.634097707979565,0.661974830208328,0.666497931701681,0.63475379067789,0.578414152709754,0.297949771736551,0.272881491324855
0.150256870242754,0.200971859194197,0.275926190985484,0.331362696628453,0.403199323584084,0.479310496751029,0.574689483609368,0.628156882571917,0.634189358821603,0.509490828611909,0.3885170991411,0.234769823874549,0.225934746896604
0.178772298339238,0.221316683422351,0.325323025403541,0.374717229406742,0.414264069928088,0.454757075516788,0.53122134373696,0.566259395201162,0.553652882127238,0.468899484579222,0.376356987962938,0.287512593418074,0.247066264618881
0.13565090268217,0.137662800431299,0.19950219708094,0.258012929944042,0.411133499212692,0.525992553292212,0.61313646267206,0.645194282669342,0.711151992239242,0.574535245889654,0.456736415480863,0.264407099842795,0.196644314540455
0.162824499831422,0.180486866690225,0.272274822796136,0.306736140148857,0.391420133443074,0.498405075008976,0.568718928886059,0.651063235583596,0.672865823348212,0.577123751760324,0.516939715948672,0.340606335234465,0.247078772285624
0.15214357498926,0.162732476325721,0.232750947769069,0.280910115593632,0.37081493453758,0.491420999514495,0.542889932004234,0.633966894138031,0.683033246528912,0.573374857450501,0.482495775823344,0.288973986773754,0.209712620500642
0.115621033926375,0.12976962720036,0.144725416370959,0.198396410826454,0.31575762836257,0.516792731599228,0.519398617576752,0.577230207544285,0.570496441930339,0.47454217577594,0.270587455825712,0.201638086983255,0.177057245843491
0.130828769630766,0.153985219500696,0.185651421421638,0.245520396721973,0.377399890390744,0.448933050514081,0.632093748995568,0.668145223082881,0.657790040139923,0.557650871064316,0.307176626435346,0.212527748768864,0.184372693743757
0.167928579485982,0.184059197120934,0.235606410733711,0.301044611338066,0.422142371958268,0.472007918537696,0.612849861596888,0.603245681404815,0.568544112219912,0.435983975421843,0.337315259050887,0.279271898294052,0.254890451311649
0.121916605274708,0.134483975088124,0.178933250650536,0.213257627515341,0.332396887404722,0.527655719452258,0.541663982270589,0.543198295894518,0.523535394350285,0.416055523312342,0.28470171242719,0.226684534875708,0.193659809504301
0.129618679850722,0.14538680796727,0.20802814949579,0.244962310109575,0.371356697643617,0.549104402910569,0.564169475896806,0.574494446858603,0.570913042165716,0.45963167443172,0.324491682978172,0.246263255535062,0.219308577717121
0.109354213022882,0.123423981212933,0.16310592382267,0.19372812221828,0.370265956771054,0.476783267755242,0.679510158507801,0.692105324435237,0.645774663448739,0.537854935709671,0.293484901457578,0.195357267004247,0.168439610944181
0.112324367272323,0.126388723307087,0.158975952908056,0.195799179052363,0.308984402756791,0.583031512931169,0.605026129551314,0.628884136111777,0.626729961588727,0.50448804176622,0.291317923747401,0.207649414365745,0.179371768662601
0.114364675447736,0.121924922031726,0.141418966893207,0.171046837151033,0.290122419161762,0.571659983195929,0.576187834793981,0.64182576726599,0.628555544120919,0.484848031786689,0.251927951931088,0.17905585551513,0.153188843868322
0.442569023200461,0.485183544998149,0.520168095599475,0.462139443792245,0.435235327671872,0.459720233333841,0.454214960547128,0.473165413022294,0.519513349501017,0.519065497232041,0.503996050340599,0.458789431641249,0.356482127456389
0.306547651632047,0.325779101789246,0.295630499716451,0.314423659868445,0.320662570104332,0.363185971665634,0.447237554210379,0.553290560759015,0.598286588079992,0.545560185729904,0.463247394371617,0.292741701917652,0.190954421466418
0.468799601518257,0.509447312316191,0.562979248383681,0.57747633080507,0.522613236622372,0.592919424150574,0.515983214263388,0.533327088899209,0.536100327807421,0.536253253093546,0.468776636025536,0.383882988457934,0.314587504860986
0.328905082717438,0.390852466353751,0.427509882298079,0.420925095946016,0.439413653932259,0.512292775139373,0.46620703307932,0.496906540868997,0.481503973070654,0.486401539288633,0.42850921230687,0.368569009812626,0.281951996097186
0.168713197517217,0.208472723778853,0.222852410040709,0.262381185069216,0.381915566321128,0.472150124418371,0.4712101451356,0.510497155332565,0.467877799506563,0.41642298769766,0.354453634322179,0.253590937928141,0.165350050298688
0.16418375026718,0.214884212037225,0.239013025735137,0.285249085680299,0.400894420590343,0.522868403955634,0.555198378331073,0.561449576975523,0.590948872764774,0.543976418187124,0.331100700139134,0.28428143134839,0.220415552468794
0.163895351325166,0.216933119081162,0.241301325197722,0.242859465727786,0.315500101205349,0.382728071138638,0.504510378851535,0.522510602662133,0.527333142914793,0.471648464769855,0.366317711400234,0.191596698796745,0.188017496729638
0.162170225657089,0.204174346945916,0.212872196925834,0.271212059930918,0.355316932200482,0.523440309225196,0.621318996868944,0.628965424945913,0.625487913797948,0.485668383227251,0.333677338842085,0.241589871220188,0.211462678211311
0.159574524459057,0.188234430954266,0.205071807425844,0.270770068793311,0.3929966844251,0.469868347742747,0.584515437761257,0.567078225133811,0.586269771572198,0.478304956323252,0.319660727940435,0.228303495013809,0.17535860757483
0.183421163238591,0.226588933109311,0.264306525944931,0.302091061369339,0.442803691061051,0.491006154104915,0.552245817854096,0.511825764781805,0.555303046584708,0.530910189861088,0.346084516977362,0.269038971350365,0.209342718003144
0.175085880987604,0.223232228359152,0.251305711693989,0.291268088862909,0.333190993725268,0.461931913918415,0.521903322740364,0.599839313391674,0.570361177216777,0.498910030384508,0.412800073064636,0.315291579984918,0.229299693865019
0.17037537779302,0.216256709504743,0.246119993017574,0.280884239402665,0.352057341154749,0.474301369848522,0.573229843078473,0.613430598240873,0.587423231200688,0.48589972899032,0.345594930524736,0.26210924409952,0.212914473976093
0.187996046508077,0.242884968906454,0.285575439050891,0.327005095407132,0.366645031072135,0.463736248441801,0.498186192147028,0.566660230265205,0.531739591208064,0.471743569948008,0.406012023214284,0.320743212649128,0.251290506893691
0.174251051673204,0.1834753252538,0.200509144901944,0.257307333219739,0.349998669511563,0.49986643038605,0.607208427835753,0.620917417266163,0.644055239198527,0.513757565806954,0.342665866426298,0.25245196914558,0.191711993116898
0.158264713043346,0.169311854954804,0.197038726647189,0.209768936977153,0.255749541782585,0.374535254217326,0.516263097870378,0.53518471845689,0.560144232188931,0.518033858305982,0.402979270370684,0.227629813437534,0.21269031372182
0.16874172362236,0.209414976191906,0.241833155342476,0.287342477201279,0.346290146110017,0.495627250694405,0.520872426265003,0.627771299122537,0.629689018569317,0.531880722351258,0.451642056329727,0.311760957338277,0.233670346593316
0.195972693701767,0.254211344427029,0.30680383174857,0.351393171686721,0.365898573916256,0.472572305626174,0.477243064174453,0.516044818605164,0.497353370658452,0.423615581707646,0.37823085509865,0.28940570050734,0.232445597198639
0.180699566229234,0.215723954159931,0.236128154835959,0.282385676641518,0.354452498340036,0.479526674098017,0.57412274200454,0.588182831061447,0.569408037636596,0.491626996883565,0.367887706683092,0.268937226680018,0.216051619065576
0.25763685520899,0.283587885153978,0.277482217806329,0.337002319965711,0.378067313088485,0.533916706901486,0.638530980598057,0.60796550465848,0.657310008508238,0.511870987337731,0.516246930230601,0.358348329267772,0.206688883255902
0.121669896144215,0.137611829854289,0.152078027635623,0.213513178583875,0.303212392503374,0.507375867741673,0.53437267204804,0.520097798009312,0.501347325032993,0.419329580527799,0.272696493034954,0.225617337203962,0.177166573282705
0.123393052847134,0.137365382077712,0.160727222494662,0.250308271697233,0.32794387080326,0.465379670141841,0.55677884144223,0.485132759849137,0.367309090335788,0.30382892684499,0.25801044356761,0.231867350677966,0.210075082153315
0.113486386635495,0.124067701353693,0.15075501111709,0.190561604351779,0.3050984093754,0.432638567264885,0.553958319737492,0.565401532818449,0.56018130360561,0.459532265618056,0.271295748655289,0.203882026696653,0.161343492699798
0.148410718632809,0.187159342376223,0.205428397990555,0.286064482633205,0.377102611104065,0.415119398876732,0.513995200347377,0.447036681323347,0.406465171483102,0.326382204101181,0.250939855946828,0.23178148009137,0.187930292695976
0.110883516183102,0.12823155126347,0.140941857229239,0.23259414840205,0.396277617079451,0.472491049610474,0.562937701486122,0.496289483356962,0.424939558976303,0.347929287838832,0.259690246093265,0.229205704626435,0.170295280015038
0.0951061368008668,0.117066879382782,0.13592953021061,0.222642491711214,0.441044989912409,0.513020235817877,0.612372125496959,0.507784533063964,0.41478563232239,0.318375092357831,0.258838829399415,0.255601662048008,0.16411330680848
0.132925778687674,0.155622693972377,0.161316813691457,0.230387731108905,0.316986426133484,0.54884883083974,0.532289855889324,0.529299057361676,0.498893584966112,0.41561832426965,0.298498922848314,0.257039789976509,0.199127139420012
0.116276063903682,0.128829482245707,0.146233715413147,0.220031808431254,0.332490151854844,0.466294202380806,0.599133564004512,0.560287845562549,0.484669343650702,0.386454216481163,0.24771101408412,0.208321119972247,0.166588765857077
0.104069841274924,0.124058526988889,0.139462821925964,0.226308352624521,0.425659707300249,0.505634678396357,0.561260959034453,0.473336863894885,0.383448226387386,0.305825533335719,0.266827436242771,0.259917694666123,0.173958919548486
0.125530519987945,0.138812818654182,0.162937119781723,0.275065948760816,0.419573637031716,0.466025661609669,0.537146482818529,0.448581540483162,0.320409982433984,0.272428917197305,0.24886166412538,0.233349195372918,0.204869175826177
0.178941596964564,0.215211040644271,0.240130732761885,0.289116192245274,0.363190043899729,0.427559166843155,0.516153608491407,0.566284362949274,0.589417037425916,0.467098126026747,0.370684834188536,0.249421397437123,0.194863555052176
0.178777973233215,0.233211658568213,0.25785678994119,0.28922446723772,0.369297381655348,0.460839761769972,0.573758544005534,0.616615921846327,0.614372718864364,0.432626499327334,0.3649970563751,0.234440936631716,0.199025735026405
0.176889671672317,0.222259580018938,0.273667625404794,0.291344928590043,0.399272422823924,0.593935992695533,0.710079361369946,0.701415348945736,0.650218035616309,0.468436848224263,0.346809826530668,0.248629632244648,0.194951420342359
0.197667228507697,0.244329453142689,0.273058066082697,0.28466525472192,0.441816046806493,0.57411264281086,0.68287783594014,0.69783633480368,0.658189766920011,0.498522766497789,0.362539830319255,0.253621921511446,0.20156538868087
0.169843477081324,0.219480282789262,0.266283763426702,0.330074393895017,0.448904515629021,0.547110620356163,0.618130323789307,0.662882777602979,0.636890319281116,0.55486958885081,0.354882412286686,0.240784961083587,0.220943963147751
0.173582960765972,0.233253699197493,0.256075123697549,0.287575301552122,0.361641098598773,0.506177493673451,0.669115175813324,0.686280377104415,0.663004585569893,0.431812229264311,0.335899485883385,0.228956876799797,0.18836202038267
0.170093966229438,0.211002982539797,0.254660993889377,0.30388778166384,0.332883928596875,0.358155904514824,0.459896608480703,0.482503632646795,0.537127798883312,0.500190749094804,0.404425779646254,0.247290503075109,0.21105698772495
0.214141295875794,0.270055917044361,0.348171852863036,0.381092930210026,0.419621794135324,0.594372842406298,0.613826335343526,0.672002752487729,0.611669277402381,0.472968126601722,0.344829014898847,0.24863560466674,0.246185325514161
0.18189772601639,0.219296744808883,0.244012283283297,0.268473423546787,0.39595631417567,0.556896278061786,0.650460837169053,0.696463935841329,0.677479912598215,0.51481201859369,0.358943335077252,0.196512361008349,0.200767163668055
0.154315520926573,0.203759337812499,0.249787258825581,0.303919595233709,0.384188363486348,0.510356048112857,0.612407232694157,0.617645450070265,0.63850656659722,0.496521384146521,0.380608832164476,0.227211112817807,0.214620120481894
0.188767788909134,0.230882302743933,0.253417592370877,0.276056033636484,0.466033540946787,0.571926702757577,0.66466556112277,0.725499687737774,0.703467977325191,0.528823909583169,0.385792133453311,0.224658479824659,0.186740634982536
0.177492132471824,0.218541864517789,0.243290119190831,0.300540284282996,0.412011673877832,0.457541838913753,0.552498988191355,0.587374886664372,0.600749205335513,0.452927971590565,0.359481286223307,0.234055432684179,0.188256722001964
0.162097234573251,0.206530297629175,0.242248472622939,0.284593838425931,0.361894015901444,0.464005252507608,0.547201846951451,0.589837022104496,0.601706159323931,0.458793426623094,0.369336792104298,0.234789690999592,0.187188495794769
0.165141778347557,0.207126683109503,0.248353781090041,0.295371904035883,0.409384064168899,0.476856605733421,0.53439290982381,0.571739317201733,0.624971900737127,0.482428193724605,0.311243003227004,0.198641450350235,0.174228875635836
0.235156959811917,0.296473149682907,0.355835945041099,0.368760897605718,0.479544916215117,0.549835429775073,0.651420710804604,0.665207873172136,0.698553075680189,0.549491463968631,0.441520750472461,0.277075685687715,0.260827541780295
0.164843455110486,0.212035133546216,0.248533382091296,0.301639147306977,0.420432608815664,0.531804135506226,0.57590731406138,0.630582273133105,0.628714221236113,0.507992957856512,0.40385981145688,0.249321121836453,0.229182567085698
0.171605278024792,0.224180618802396,0.257936677436003,0.283386125089059,0.367692440486618,0.520837319200908,0.610442999398574,0.635336412051269,0.608343388857506,0.446851987287688,0.401641564932739,0.253084904084747,0.199599693740921
0.180703068312379,0.222449288424086,0.24742853581486,0.26640421131896,0.379226235516151,0.525048863100028,0.64155598798866,0.672460238424552,0.62651019836414,0.5143678506344,0.319729644757659,0.20825229679642,0.199685601354365
0.160599671061688,0.204651908449528,0.257456842246227,0.289944157081813,0.418444950385304,0.51442304955405,0.60154724282446,0.632465359634599,0.611073610470438,0.522281096110871,0.357067020553538,0.247845927497177,0.203524511852023
0.180458047954732,0.250723539053866,0.255254408526084,0.271451783047933,0.386523511126872,0.450242500971367,0.573762677588475,0.617785457916307,0.605551288349926,0.424936139864443,0.297293885256601,0.239296215068477,0.196964288876411
0.172024762564874,0.226569187964363,0.256648823322526,0.278497443421075,0.389359613760932,0.546007647575389,0.703732887547946,0.727981321333597,0.694007676967392,0.491482278143955,0.361957468960411,0.234892315248243,0.196308659425847
0.171787152153886,0.207353029760555,0.241572110372326,0.298385821634232,0.330981978456668,0.333191001039924,0.454415408370727,0.4831448769029,0.520194066419142,0.468207291478293,0.335936712137483,0.222762606884611,0.180245475039331
0.20488924759347,0.252729689326161,0.297585071236753,0.329708028851399,0.383165933896839,0.586693192924943,0.657338822834458,0.696969842440205,0.62953917806514,0.483010066220341,0.339394062862295,0.225138608275189,0.226121852914283
0.176809703265274,0.219318685348867,0.21615779699525,0.268648990371842,0.351881873476517,0.482884238773976,0.675345660776731,0.705360470087169,0.691799985301159,0.511369065387037,0.397172271637348,0.204085990990493,0.180556763418696
0.18219693184649,0.220027012493961,0.249878649489706,0.306875159630985,0.373929860002794,0.4209668987097,0.485181229384553,0.538400599031954,0.57867589177004,0.455163502183924,0.297966808846632,0.212302866681409,0.182217598607679
0.181981352590657,0.221859902700297,0.25788921402063,0.300491959855409,0.444125898674025,0.50754666782637,0.553281991646632,0.57390888890666,0.600763792018755,0.49456790988113,0.428170888718623,0.275922630300592,0.217932781188978
0.176070248906359,0.220729812909335,0.25552094622583,0.300447563196827,0.435505904001424,0.507791239137925,0.567857771134949,0.611330254984569,0.623921488215388,0.509839627569923,0.389307625143088,0.253187869793201,0.211615088663074
0.187575430640516,0.2462155276057,0.274246784124985,0.290630041556079,0.360617397184765,0.446487060403362,0.583825284170648,0.625209296300631,0.61109973612884,0.444970808851271,0.396125078102879,0.24811195790956,0.20883385403518
0.182110346216647,0.227778046888178,0.301613687557393,0.313964796125888,0.38801834000453,0.488808559410192,0.589465614210297,0.612979999895899,0.613480229713125,0.564899362311534,0.414940442500187,0.288096051543328,0.221848407535771
0.162505283673848,0.189262535333256,0.207165664528057,0.246823344002545,0.298632383594007,0.319524141263776,0.451760054475651,0.529021776472606,0.552715804826213,0.477931964091329,0.294899063597457,0.225270215816638,0.173497630442085
0.428531072335151,0.404765906658429,0.492386027122882,0.513827557881215,0.552120434971573,0.55333667536946,0.568854808672241,0.603991563423998,0.543593361762352,0.495514923522194,0.486106663990337,0.419782426541243,0.405139818419552
0.173882844332791,0.217948124889794,0.28162753918493,0.33437049825859,0.372776381219954,0.464404709312744,0.550395830999665,0.558595042908532,0.611771360119306,0.537067749067455,0.418516412289785,0.232009711836917,0.213138879103454
0.165977460267142,0.214265798295281,0.249601690067113,0.291236235880149,0.402933605423375,0.447705417541165,0.503258975318799,0.534278357474589,0.586132474363036,0.460263645082767,0.364557665153418,0.223708762597724,0.195890764352791
0.33970545271002,0.365587283387043,0.373834547493985,0.352750775512686,0.305232583616675,0.329105492955825,0.345852360465015,0.346924034196889,0.282285190136737,0.273888572139304,0.262734006591903,0.235095846213048,0.215258575866007
0.37038910661424,0.385878985635289,0.349533699523009,0.255749721387494,0.269978332175971,0.277107554648818,0.304681681930091,0.363242055285155,0.30504305179044,0.296212214878196,0.268521073265463,0.254531924955168,0.22698075592434
0.170795752530328,0.221190958645706,0.258674241219075,0.29454643605544,0.351245904568632,0.451132908487368,0.473894395236345,0.463789042422334,0.485727669990328,0.437374576080251,0.351377590118878,0.308202603926978,0.26299775422827
0.153108955761608,0.186174098216093,0.247103643664457,0.303931045652362,0.4165526000402,0.524109639179532,0.545931378947913,0.578433418743483,0.57530133908149,0.502341685971693,0.369556531190999,0.310575158843246,0.239932705371509
0.152935063382615,0.178131649996278,0.202499511116612,0.246907116970198,0.307334283852904,0.386820777505604,0.469968850021273,0.50294724623435,0.555417876453556,0.476525286018088,0.351607064646357,0.259889369577466,0.21479305581212
0.144881034572248,0.169942326459911,0.195371459679122,0.230998614017762,0.342491362630527,0.532329277044882,0.568612267076835,0.630744092974066,0.624610043395203,0.527405935315147,0.34218125324142,0.279019758346203,0.21498841653713
0.175439838644188,0.218387985837757,0.247305503287348,0.264618008415685,0.354208660624592,0.501419384431305,0.567219634131886,0.615752682146102,0.581016981471034,0.493960572683493,0.323565017959195,0.251583105885586,0.221170542974454
0.15636144544868,0.178074414568216,0.20679507427019,0.239442883003808,0.333723592751292,0.506939942300549,0.528841952288917,0.575895435170143,0.599363494186347,0.516700109323365,0.358687349289,0.29915764380203,0.224492733533355
0.160116356578345,0.194302187518799,0.223342768448512,0.260036541756737,0.407441877688153,0.597602946149516,0.64067105511105,0.653382572240786,0.609128269999273,0.507518439477783,0.302781760773884,0.234370380119536,0.21722754615168
0.32419068363133,0.366639713478564,0.328996675144468,0.366464010407859,0.44765509726479,0.409144284007782,0.578549490547664,0.610467307478426,0.603395816089198,0.514657544164584,0.423795549545816,0.281825095277517,0.23119183449702
0.337164500208406,0.40986532738083,0.377881635198545,0.416288857707348,0.446024720144732,0.444062963321492,0.534659073841752,0.567389933775289,0.568053871627191,0.508746869493675,0.41917672033274,0.285570502027126,0.240166438425473
0.321001904013396,0.372261057742035,0.340876219702667,0.350724176748947,0.453668177271731,0.426078281388419,0.630268972684014,0.615816987816462,0.620232108317402,0.55545471595713,0.474484831492225,0.325181171532934,0.239063575502665
0.379014633529669,0.471817974836826,0.451209956974378,0.539718685408902,0.514255485196968,0.540012742974058,0.647730386274729,0.518727114074088,0.496262867776358,0.484450100763132,0.49671495411036,0.458831368993442,0.314954515619476
0.42382474459198,0.476717663626487,0.470044636273687,0.460584313951988,0.474105482686122,0.545069294720506,0.58445994797802,0.609523290025382,0.560602574976282,0.49958600030498,0.419221914324529,0.333257669506714,0.252958951704201
0.344505343191606,0.427911194064346,0.382723495481567,0.456331401580769,0.490455402444149,0.596149477929498,0.582723246222731,0.588517175832933,0.560074309095279,0.464317959620459,0.369484516958462,0.282029531547051,0.250809097645976
0.240272349323547,0.281282225192055,0.311670752599027,0.321088760083945,0.313969909226766,0.351558367106618,0.364768076896002,0.427088887917471,0.416153457261442,0.376195778124345,0.279797213677626,0.212948663631447,0.209546019654122
0.176355729792733,0.185391850994828,0.16251689144813,0.155513203645997,0.191624001223369,0.238424291094117,0.336861761182056,0.395858427837216,0.366063217074837,0.324786273996047,0.279367423489968,0.202403512838582,0.167816355854906
0.226493371261715,0.243190182807028,0.266592033399146,0.288703335221129,0.251835610472835,0.331975056442234,0.444486135267872,0.555764804205746,0.548184221584845,0.464860929493219,0.373235908939452,0.267206998187254,0.228640760571555
0.16714175806081,0.225867305882892,0.310113052428041,0.335533611632095,0.492725383113513,0.627540415845924,0.671844126077907,0.675877937749467,0.621272236169579,0.554366690727548,0.491171167840578,0.327167739376196,0.278225848829293
0.18443012771454,0.254455408106873,0.344419019053285,0.361920095539992,0.462850155360754,0.610093458140829,0.635149688510875,0.646055240755162,0.599139033621347,0.534523939189755,0.485720600835104,0.345881889047824,0.29635406222758
0.153610834119468,0.193403880726422,0.27692452474888,0.357472316182091,0.458266807437589,0.633474404831217,0.645527686913456,0.642128126338677,0.613491660962836,0.533399745671572,0.478524741176886,0.313127839170927,0.267563908674565
0.151472291368012,0.200344469842965,0.283959929771484,0.340601784129481,0.472839940102907,0.599409789556493,0.663220919647067,0.652006978620494,0.615146288946316,0.539418519737896,0.479111641411856,0.342162497419538,0.274126405502532
0.162915217783673,0.234385674792715,0.373874076854989,0.488006899424454,0.475852392112831,0.531427151971872,0.554757205381812,0.560042857237905,0.581579463760556,0.55929793748819,0.574824119788785,0.470331026834983,0.362512518316681
0.158784074139239,0.204757374143757,0.293435229654144,0.339762719635337,0.462541701850343,0.505571438484468,0.646019984349225,0.623850953980308,0.62045521852238,0.563390615807835,0.490164014723868,0.367289912176489,0.299818361360954
0.152812244612257,0.236549597992653,0.321942669764814,0.423686580417218,0.455314512294536,0.502363314701715,0.548892729895379,0.561694530823174,0.589836488096136,0.557004321332274,0.533911712328062,0.425467758825519,0.334727965214199
0.327266906796386,0.381440143496344,0.429971132507911,0.449417117501703,0.432175114170198,0.509016032977501,0.64514793649251,0.617410283756546,0.684356242864863,0.585110490243032,0.575576794589392,0.423153489561467,0.283961849083839
0.193985503745735,0.205822675069307,0.209624175448158,0.191493093665199,0.211279612401034,0.268815661227026,0.393422283484223,0.446420573858851,0.432794408447345,0.353373949883599,0.284613772286683,0.190924512946698,0.198597923863656
0.353667693662554,0.356819131679656,0.350068891358761,0.32161748023472,0.26688209998189,0.28807306929808,0.290112633214052,0.294127717415244,0.253429139958506,0.235796806841989,0.224052541417628,0.233731854314816,0.235592968838559
0.267903091019308,0.287178111999432,0.289968696161805,0.292738578522551,0.274361848063513,0.281305275945855,0.33263026849189,0.381996605409009,0.381824371830741,0.316665898065266,0.279086275768513,0.222800160816543,0.230090683872283
0.164805915751569,0.203996763439905,0.296286309607979,0.348160648833236,0.392384945461583,0.546667773994599,0.640437341960893,0.62921729504948,0.638711573719289,0.535137472139969,0.432633948343321,0.26828890458768,0.22326276377598
0.183805020346088,0.230757427027347,0.269384008393759,0.28897565497103,0.347054435863142,0.483111251210509,0.506456337801316,0.544046915696876,0.527678362388328,0.461943138985587,0.331857845901545,0.278521633664954,0.23048646341661
0.154446766945646,0.217361845449751,0.313747335600989,0.401355345486936,0.49034125380816,0.551749695746153,0.607147097740883,0.535700001044781,0.572075534466101,0.526263261080468,0.495632321896476,0.400173124316289,0.313025608666969
0.152540184124657,0.232408764547343,0.340280178218763,0.460151352693327,0.420036366766414,0.511445384779514,0.515257999583227,0.619783031328516,0.569428475712509,0.582513756969881,0.551496554022501,0.415883175850335,0.337059938314371
0.262376920028548,0.306225652151002,0.337140142693751,0.304223406439348,0.275819275716109,0.281947941382317,0.359101159645865,0.37368161655592,0.409760650732248,0.319037430005705,0.27010019320526,0.254957785421229,0.204907078932826
0.200666023322054,0.277526768404565,0.290849368512702,0.385964166137519,0.42167905013249,0.545641257840756,0.569337399551602,0.648349496123643,0.598662335917727,0.504248627367369,0.421933990419561,0.25699314390084,0.213894001952413
0.192477782037667,0.234979166048351,0.247513664928233,0.359438949465672,0.38222017687014,0.572936589553051,0.617411626476462,0.686553201690169,0.643939141280627,0.383372959957831,0.317660819622305,0.216390663592812,0.190549520365994
0.237898040094794,0.282218203583045,0.284669317854854,0.397451209862745,0.416322659626666,0.644009078944746,0.615561432614195,0.634250094320401,0.629124839409505,0.422166743106959,0.330116298817677,0.228656371735217,0.203738314780232
0.150034927300211,0.191723304411238,0.199581066282207,0.237089620334703,0.355170614733692,0.381766946635467,0.553563250556303,0.572361013895786,0.61420672840302,0.509656713942099,0.295125188252479,0.2307128474518,0.168237365799499
0.183333117753329,0.227603317665973,0.238891487354575,0.285992035128885,0.453060148293769,0.528031049216808,0.699689997737529,0.67219351903762,0.641881735132492,0.509061524332217,0.31099063222262,0.219584769265487,0.195256286391575
0.162622529852027,0.207070099975894,0.224912605573391,0.272911132134707,0.317286456319062,0.339063199429737,0.474879323300908,0.508916790851668,0.558315417549707,0.485551008360698,0.318804926385259,0.253634919090821,0.18954052295899
0.235523428533231,0.277992153440071,0.315822545818692,0.33102253261777,0.33733693054343,0.361991197696718,0.420047450707738,0.484497990398799,0.499252915762606,0.423689377917915,0.329057918806589,0.270193606449133,0.230875085026707
0.20732159567608,0.267737264735855,0.300142452375213,0.319903035262384,0.355528882999233,0.439974731081153,0.504588533192711,0.54024608677391,0.544559244993919,0.457695001333296,0.329169187926097,0.259791068223498,0.223572738433004
0.356810064105307,0.381958866935214,0.373549920191981,0.279758956480759,0.262964805946497,0.319915021492539,0.346728722630816,0.370098728343481,0.391755980658537,0.339337737119578,0.321201283225424,0.269553506392239,0.236074492917581
0.346131318419428,0.445626341408994,0.411286467106579,0.472303199822731,0.47575148184535,0.571758489757442,0.569538595013397,0.640493463773057,0.559008670594586,0.486817188279445,0.402051311987623,0.274124051236675,0.24565716234585
0.361728593055838,0.444008196641313,0.407046094077326,0.468276512006358,0.495780656249086,0.589211751003382,0.585421551080927,0.653793852285235,0.585666998022599,0.510342726939473,0.428569154738132,0.27731280398866,0.233760832340212
0.175347588295861,0.182542213082372,0.263549143731406,0.315943716953198,0.361995954485797,0.490594514772672,0.513322175377922,0.564411666618234,0.590703551391641,0.505634907985665,0.435346854032696,0.237356465639917,0.218863114745849
0.166561158923025,0.242689677372764,0.336513005655411,0.365980229309876,0.425711454869508,0.555776507258419,0.645785013790336,0.60276856571949,0.625336125183061,0.547532553761463,0.443635628304289,0.293389811954187,0.258445734421065
0.105416519744668,0.117042582105549,0.161360627077559,0.238137866346906,0.44216167864036,0.517393926382603,0.552123181510637,0.467882337360067,0.420115810745202,0.352260976216597,0.267961892086045,0.245864014750681,0.167541388625349
0.111579333580327,0.118592466330675,0.180106802034936,0.245793396317049,0.429506046260222,0.514490519478077,0.586372609014732,0.514208872896828,0.442463675117408,0.356771466381987,0.276553227071775,0.232938506437623,0.15341485749804
0.130662168963296,0.140212792017039,0.22980295373256,0.288421570895513,0.442307553465943,0.527706665033722,0.551741508002394,0.522746581018426,0.452026128559212,0.355423871996695,0.262547150386467,0.226855154972366,0.183491061272429
0.112250484122567,0.122747027426839,0.150010797025217,0.207750543343825,0.351156801446507,0.542448576504336,0.565320350363443,0.557034504718804,0.540693398197197,0.403468216524145,0.26478727022641,0.195997749028346,0.155482547309925
0.212811824033648,0.236284750071418,0.196872050901105,0.237473700076182,0.271303089741906,0.386850118534122,0.488968776647371,0.563728192534863,0.635233278393913,0.56598366366376,0.448138860424436,0.264617991278239,0.168740093299869
0.176004782662514,0.227398214288865,0.249228494343878,0.289672003627473,0.377597925272205,0.445186060762615,0.516941880357921,0.496834057768415,0.519469311129584,0.399762480951823,0.306643792352493,0.225441597414899,0.201844086643144
0.122055716379303,0.140932615211474,0.151099727390843,0.214733108926163,0.358660610264784,0.44463407917672,0.53766007733123,0.44478746103827,0.363643754487937,0.302972831726295,0.259305078659384,0.248208092407953,0.206177354464945
0.103609497377341,0.125271657296044,0.134966176329026,0.187022911529923,0.390704941579615,0.573392229357105,0.6265417728621,0.548080346670342,0.334008106807189,0.244664009070716,0.208403942824752,0.193434511212323,0.150407847158359
0.14150701081808,0.164951491291364,0.176740333278892,0.222981906121303,0.276981729810906,0.403247799071793,0.487997604751464,0.498387687036091,0.515496873848933,0.435397278364904,0.31875203280143,0.267247809839602,0.207641141296627
0.126398025594275,0.142991839721395,0.164064942548141,0.236289112958249,0.35882798886562,0.468168579380968,0.532180914821761,0.489188223798527,0.440856911441238,0.385741540057915,0.280628415267826,0.24238979021221,0.195956502776692
0.127481067636548,0.15303024782435,0.162142081340768,0.245643813786245,0.304469450007689,0.407011803914333,0.508663528420137,0.480367799775965,0.463230689927288,0.371172630122535,0.258216316738514,0.220541025332274,0.179912389451042
0.109576431676955,0.126725620773172,0.136570836937099,0.184658589366382,0.324852568358391,0.491668563930546,0.577852814048614,0.522621025788403,0.394785476182911,0.274950258828772,0.219523059337034,0.213423049095514,0.174396734211337
0.104936815372626,0.116099155290304,0.155405927809952,0.231333010790018,0.365291925234411,0.457747203899208,0.60352948400705,0.568732328443035,0.514045916428441,0.409136416127079,0.249088104514455,0.201358336896285,0.145962452003545
0.16419082868453,0.212159054660747,0.281112352897316,0.251908635920135,0.362200265796333,0.450751139625991,0.571358656765238,0.582916295669782,0.593578976766994,0.616904217454697,0.398236049347506,0.272100328200718,0.226132782313125
0.145534057521843,0.169620690244496,0.200788707843312,0.259980941012759,0.374192750063788,0.508486447086829,0.501463853193761,0.532438189004169,0.529135683354114,0.45124742083176,0.319300656804987,0.275252104146151,0.20900024147583
0.131395102205236,0.153297636547279,0.172704109319681,0.230343507538156,0.327416653235352,0.468614804135639,0.472664384204853,0.48338934398692,0.493977588008496,0.410866969324479,0.290090278691708,0.246608120394352,0.194151776690149
0.148482188476852,0.19026402240811,0.205868713098355,0.261721269123332,0.335711685535235,0.538601428452292,0.485602867582763,0.521325303530004,0.505597363942608,0.431447051132554,0.315092717201354,0.282866326458224,0.21430161561332
0.14680394630451,0.208741839408787,0.304141355047193,0.370158732196317,0.453203253777057,0.536086734801352,0.578092966650896,0.576037614583405,0.565554007133473,0.490546200004406,0.413923462457304,0.339749770442585,0.280769871138596
0.187618963657713,0.241161934015677,0.287472037677208,0.390517816557028,0.400902571369386,0.602040044767695,0.608501209430818,0.670525887775835,0.606406762356927,0.50710682914554,0.380979835851318,0.245420445817059,0.210000003261686
0.242393637210101,0.302231710542256,0.315019178271789,0.409075858812031,0.381657641733266,0.56419185914837,0.59173211671611,0.624708094583845,0.571532959133088,0.465472276122004,0.326785406502172,0.26391079781409,0.2246350904529
0.223600663765121,0.27782359323512,0.290097982131602,0.401676278809315,0.455222871943724,0.557838009007708,0.582490548215081,0.630690704305019,0.579035020534618,0.462734360027894,0.358372703256994,0.249397764425236,0.212180799918992
0.182153562887081,0.201918088496558,0.245759652611124,0.423303755271953,0.59016380957399,0.647345731331968,0.59401319725814,0.586980486232261,0.529562430095771,0.34385755214913,0.264403006963976,0.215416581380412,0.185148498453704
0.292152047555956,0.359169672852684,0.376607374700057,0.424438620053354,0.395430843187386,0.562683146062535,0.591947541021523,0.652215096088028,0.588373162382872,0.499583679690483,0.453185099201483,0.31062440536308,0.244075820336417
0.18877101141456,0.231658960799465,0.26993494602903,0.389047506923881,0.369595369000011,0.573943604943534,0.581071073989094,0.634324067544262,0.55611192552382,0.451622885316941,0.31559185987748,0.236535650516592,0.196120122107543
0.168389440115986,0.197300226099932,0.205350643681992,0.263844142403452,0.41622944373247,0.538179863445991,0.685426604603432,0.683425331835821,0.63580024144571,0.503824663909295,0.279585515866908,0.210504678901096,0.176181546348628
0.237910434827211,0.252870030831918,0.232076052289647,0.216607994137341,0.258657635613543,0.346170058010524,0.350760111243656,0.408608010987938,0.402467145564963,0.351391828474397,0.272413662039299,0.202830442097785,0.20272919863556
0.228522194699755,0.249417938895336,0.317035522305694,0.355825321999009,0.385913041454089,0.533320114774634,0.545061818413813,0.599961281064526,0.593318409585668,0.465384038194262,0.402833558327132,0.294903269308892,0.227243285257834
0.24227129152185,0.292504924398914,0.345381238748946,0.362980672046225,0.302709873687053,0.310703740376416,0.306369744631476,0.403670262242966,0.428353788437482,0.360300107502079,0.284429658808065,0.25386891761488,0.217283238639536
0.3086363540656,0.317154242264138,0.342880409915376,0.28131740491211,0.292237848512358,0.32163860992394,0.328725479365104,0.369158965917733,0.366939860875768,0.296215313325651,0.239943564690267,0.190476540914513,0.198024980236029
0.289051522318447,0.347673470862945,0.404719559160417,0.289562364513487,0.287564728277626,0.257494502016424,0.310528355450361,0.37606693936512,0.437176280859956,0.43812544919207,0.358634039360101,0.340463452194811,0.220038072514061
0.201720951859235,0.236876785772756,0.261901281630167,0.295508739952028,0.276950081606775,0.278392074884241,0.349788692170265,0.408161166525367,0.422530063294111,0.342924749614251,0.278182245721932,0.232500152909264,0.200621153622427
0.208961684783269,0.23450190186714,0.227313487667437,0.240815190713282,0.273728177144275,0.345823038218398,0.414738629398979,0.474095159362176,0.453448460433889,0.377496887523982,0.317481892876952,0.195072917553748,0.175985092382136
0.281288445314447,0.340748559020528,0.327101522880607,0.410549574442067,0.44033169831251,0.551217867841247,0.650359527351451,0.689339223596185,0.608046758417191,0.538701531611598,0.402695751421563,0.265755347636173,0.221792589915531
0.126689430843235,0.139908977727725,0.205647557474739,0.24678172195956,0.391054752896374,0.536534048010529,0.544215593821812,0.539514817109754,0.537505889432792,0.416019120127911,0.327317806713448,0.263202334138716,0.229584641575095
0.110921764611945,0.119908768362236,0.155490083154871,0.175888343138906,0.325093498107805,0.552241196178609,0.588436227174746,0.605357880851861,0.593565405404143,0.463479848658772,0.279944156255165,0.195856539757071,0.164143073960962
0.119721434558276,0.123458764665606,0.197243514379835,0.248902084254688,0.405088070429217,0.496589855450215,0.599813234421107,0.559383774683533,0.524970935945192,0.416761788508272,0.281527093886064,0.217052474848821,0.165007987574956
0.126027257105261,0.137925390798029,0.22152956854167,0.27967259771011,0.45858415651034,0.526225605813833,0.556398879687731,0.498939769191832,0.442043181546509,0.351794219002976,0.268004251411522,0.238375918168623,0.189101633358138
0.143031039840331,0.168393185784341,0.233445369282029,0.313759217218168,0.398732772805274,0.508976953106907,0.614283822511136,0.604816573664252,0.588972265455103,0.526074240786575,0.388057622392172,0.293215846226682,0.231667523231263
0.329814029310826,0.34509719609655,0.367863145816973,0.398688653031534,0.392311929552997,0.432848366117108,0.4347082457766,0.522596536015909,0.516575714248331,0.475969797544096,0.38976482928237,0.326895599080993,0.24773238212429
0.241740678834395,0.283740942978051,0.398127206418733,0.398355683600558,0.447338441849623,0.502969487491533,0.504866910869505,0.555141502296378,0.552865300501897,0.483068104835184,0.456677856676689,0.384976650234811,0.302311420767831
0.219329242308816,0.247337187012663,0.321085207030552,0.480407045164711,0.520654481072725,0.435680257318543,0.456695500240476,0.354554803828521,0.398385694696754,0.323129396112264,0.303619918332988,0.233835785772281,0.213488562255729
0.123640244518008,0.142758988845871,0.163480828778803,0.210427194623016,0.338291609598145,0.382473080384738,0.39396064101169,0.242982523872123,0.227197025037651,0.216644022402589,0.200854839263443,0.145325660667864,0.143038019330728
0.226587706220473,0.268632941855863,0.371111418014027,0.500766570855678,0.484398709444792,0.420187231302956,0.435627314172073,0.353057951748881,0.412960782796888,0.32956023009698,0.306617132832532,0.262521333825963,0.231077762547977
0.282892186690869,0.34557729529106,0.360860011681354,0.44558069392627,0.407758968680704,0.388910403174132,0.417147268855914,0.346008515409917,0.362183506656424,0.34413140165711,0.368784827566881,0.342169524919419,0.301827706895015
0.131949807394107,0.159339553829279,0.191702064987638,0.234689071321663,0.390132188232618,0.414135486577271,0.374670707436648,0.207591964199205,0.203951177456045,0.199410193259644,0.185062718858942,0.176725475189647,0.163390353497303
0.154429484439363,0.181746382528611,0.189569468602168,0.237902274540006,0.360975677202406,0.5412281322043,0.624988978678702,0.613853043107285,0.634499579757737,0.575300419618753,0.372912425387749,0.27288195887247,0.204565175864586
0.316719209846381,0.356292277450349,0.402858111029601,0.422171649180466,0.40950987695951,0.447391632230952,0.598585840908073,0.585034338815768,0.685010911352012,0.598833507390948,0.581348169520408,0.365468328764718,0.2514359273577
0.133260119273781,0.146571084428665,0.174777106712945,0.261575330768107,0.457661664321553,0.474843961697201,0.544634603916033,0.412574573154048,0.310719132170914,0.271536301053712,0.261330189368523,0.262346694172825,0.203972560359103
0.153840729236628,0.168612377049514,0.211207069400534,0.353500700472244,0.457120107581578,0.480913912852579,0.523127079449543,0.399596918435304,0.333581217983051,0.315035109381683,0.282001221964646,0.250578989291447,0.216818673347053
0.128648411450282,0.147459979074996,0.17856377380215,0.288317341926806,0.385642443646508,0.431069346443672,0.49427677680979,0.416538919292705,0.302140321948441,0.256553688011001,0.261057820918739,0.241179083005134,0.210845065080295
0.185932408041412,0.216861216531695,0.287352101397978,0.302971124364147,0.406368720256165,0.465962147167515,0.599531363764685,0.596225988817871,0.602443154079655,0.517617611998968,0.375104362499897,0.254219066097682,0.233329471852167
0.399478794294949,0.326906416428966,0.307847268492715,0.343444228726334,0.37344709425517,0.426562710561692,0.42017740039557,0.398426978619135,0.372481994748969,0.32722302288531,0.276452774061304,0.229277519046599,0.229723226611677
0.318517586049139,0.303129056680772,0.353610665082273,0.31552198582296,0.174067200580377,0.155231838814837,0.152136347242555,0.149735195381707,0.142128658104332,0.151131593453901,0.145845848495282,0.140706646467514,0.127503402028684
0.384880947412707,0.409520009495682,0.397537608065543,0.407304071964525,0.37123796561073,0.297436860322715,0.269826152330989,0.255650808663339,0.241818472429003,0.239357291807126,0.229076536082957,0.204450013892236,0.196301879489656
0.374035485987174,0.324461129051917,0.320185635128201,0.316807811083132,0.194745877005065,0.167512705511506,0.160094197176162,0.159067978944675,0.152589288964447,0.156803649215632,0.154890159779366,0.14905984820174,0.143025730855203
0.181102201591465,0.242616514435676,0.270407975324183,0.291967799188542,0.341276209053709,0.48814233955536,0.498473040716794,0.502124736375306,0.487829162220833,0.430038938138053,0.295955124879548,0.25491551762619,0.21858718464421
0.158940351685496,0.195701763874844,0.231128689987078,0.289125612103366,0.357424501407842,0.427384814843481,0.433727687805379,0.428778037837271,0.46897775162027,0.392223650857663,0.338392749915219,0.29361159671507,0.235672857235901
0.155952375277929,0.183370817835443,0.209274416808379,0.26646951296519,0.331526191502066,0.419846403404143,0.487806633547096,0.460757021849182,0.488437087740131,0.407388268733336,0.357345130657828,0.280331405317016,0.227101168003274
0.315269056159262,0.325050733780232,0.329066107075029,0.375042564282361,0.405515826614566,0.392992026407146,0.409455059951818,0.406635347585515,0.369834739503627,0.331927805214047,0.311792501636904,0.254673552625055,0.253199130730681
0.310224236915962,0.282390276803528,0.328078038597494,0.407237436974825,0.41782709973064,0.372056629515305,0.375783833577431,0.36174329581978,0.310505183698568,0.264542354707016,0.252540466675474,0.225527184256603,0.217727981572615
0.305453207858755,0.409336474310899,0.426189545324769,0.521178066249207,0.475207686423416,0.291328135918713,0.203749343495611,0.188888142118989,0.182834325387421,0.171657067242899,0.167179510785235,0.154282309338575,0.145429516103755
0.301188515715714,0.324875349546426,0.338826426678717,0.365335067636258,0.442251608355617,0.413849402594301,0.461732293863192,0.438921729887452,0.373890241710474,0.333331661293069,0.291346209185063,0.254778198874637,0.255724032967233
0.184755801916682,0.203617727486464,0.223737541531028,0.353281787630585,0.356708366217921,0.262716975382713,0.19632379441699,0.171981037871632,0.166566398007236,0.1573990666762,0.150037905310282,0.152935082188808,0.149183632165706
0.215391096996132,0.262865877220091,0.290823731715531,0.474350652301105,0.453769093647428,0.396905895792669,0.259367404912319,0.209566951293365,0.187965099170209,0.185792388147634,0.163145999410032,0.15008042760967,0.137674838812814
0.342643087738372,0.406162098858361,0.427131533244851,0.419291724020034,0.372500240758906,0.242599293206399,0.203235947749198,0.199291475669508,0.188352577599891,0.179923772921669,0.169629669342102,0.159091102079265,0.146167701672548
0.199161037829359,0.263361109740692,0.290654065331343,0.514722647702317,0.506502036695439,0.438191514457063,0.252781408767387,0.20215853907215,0.178409248937765,0.167687723608816,0.15062422544414,0.142404678881432,0.132831973332302
0.314790196462905,0.287690002455585,0.308449107781307,0.350258495161768,0.371261251858668,0.416905489510008,0.430644629713773,0.435201284876226,0.407883552304164,0.352620597284712,0.301870870020917,0.260345248968474,0.241651757925642
0.184433875044269,0.209176445716525,0.251885009890235,0.295195042884257,0.446366377502529,0.541164911352396,0.676485795758407,0.723258143039421,0.70354812164886,0.581741486510993,0.350199094354868,0.223548602066561,0.217134400266726
0.173073024227961,0.196426004678264,0.191889819837811,0.264863263876929,0.447304931812778,0.594752092133421,0.797233498645589,0.757341362916524,0.741174794560855,0.628664177799757,0.311848874531854,0.18243869929402,0.171727171524642
0.24788379366087,0.314826333470048,0.328230271567598,0.347590051337132,0.334204313838541,0.452428063825433,0.577350055786043,0.772360126982911,0.699194065376626,0.640602512242332,0.429506141482674,0.276731066399932,0.236277050267068
0.288333078394966,0.341218189994099,0.321703220178414,0.385092205082574,0.398358018315826,0.494047942136157,0.599359045177504,0.702029808419975,0.628407494343075,0.519473678604222,0.418168884832107,0.289581770831588,0.257412179169069
0.174204160762275,0.174526216196505,0.208450778851833,0.257651394628981,0.449238813092516,0.569404929999009,0.71134759497447,0.732663757974434,0.722822155545024,0.643009104759611,0.321228802134766,0.187535104441792,0.205759207838429
0.235412603840806,0.292801893793806,0.323511722112631,0.36438302810654,0.376642996878549,0.506661980000707,0.644102329279543,0.761355647265052,0.704202499728689,0.592908327710473,0.430844555113036,0.263343768553614,0.24271352892856
0.315438930606853,0.408924214029322,0.402778568792351,0.40314409570694,0.382481163883204,0.484085836410502,0.530283361005771,0.662553630590446,0.680404962968833,0.561729179525391,0.468622024440783,0.333463622570044,0.281674898052216
0.163752633045324,0.19882974561629,0.190430945200304,0.263683032137765,0.402457555807014,0.526879624296176,0.765333905555905,0.715829768659626,0.722871058032566,0.617483356922023,0.272475962680762,0.183017749473722,0.176644967072954
0.195726187326307,0.220702948593053,0.255896681878147,0.312642714518631,0.434676042924947,0.534226333022644,0.648170073254633,0.684568240481712,0.66481267527755,0.627228107351021,0.33611518509291,0.226056234410477,0.249177489365904
0.19967802860215,0.218044349095601,0.255719317985576,0.306776710987678,0.480839995051922,0.640403119705962,0.774003362590528,0.743193380488227,0.712613743258214,0.6201174520352,0.329929842590223,0.272476217355201,0.226801663317017
0.166869248956536,0.163937584448812,0.187804621436193,0.24818863024829,0.496663174567961,0.613506717528391,0.73565212847372,0.72141088034586,0.70783034706159,0.608523956225814,0.297495709429655,0.188370753324875,0.187624887985095
0.251692426905789,0.284730952482057,0.290463971401562,0.396308251035895,0.445578301597578,0.556636896699158,0.653752279014095,0.692824146697702,0.602808894496442,0.513388626450839,0.379447643146437,0.255041872326548,0.241874527944714
0.246429762005057,0.298966635737836,0.288971283361768,0.316488621059979,0.305994842160294,0.418316239655478,0.541148296058086,0.731294713219999,0.694725048281161,0.590922126596049,0.446328923449197,0.268799279507711,0.225309912717149
0.333498107887389,0.380141905157133,0.39684631562042,0.431488432553245,0.438350391671903,0.532442232079344,0.567794999444118,0.62294007368596,0.605820644768212,0.512273048730149,0.447236665012949,0.321048521920807,0.275357128631325
0.206575977808165,0.220006573450413,0.257605238778534,0.306918619180638,0.527727994416932,0.676101950423681,0.762560052009363,0.772806863426257,0.686296071885265,0.402211850817088,0.261726782957202,0.214720663778495,0.212165197541006
0.185675578166139,0.198968386327535,0.245975782682101,0.290085516521692,0.480092280722175,0.619727105404826,0.747229341680523,0.718608634519804,0.701361478114397,0.608767075694475,0.367587540609885,0.247718607913677,0.211034089092774
0.175119685701329,0.199824139727272,0.244086286396804,0.320965545840751,0.55170775909344,0.64582602532409,0.709018761114488,0.719191484202213,0.581029664534024,0.344019948909178,0.25119346979185,0.212329295997181,0.205004976538332
0.25670744276187,0.305064406572522,0.296629533132057,0.380300786234067,0.369892379275197,0.472354568163343,0.53025578772558,0.608234687715234,0.573235767150066,0.47346392707254,0.411101778884467,0.275944509292422,0.231283372743475
0.263592152182759,0.321634930194253,0.329814466891346,0.351574439355339,0.32929134930315,0.462759829132564,0.589231823426584,0.746855716489907,0.689756795664186,0.586174289425232,0.455398791943821,0.280929595829225,0.241077395014152
0.241086103794531,0.289315436712803,0.295538864366815,0.375792274717927,0.382242554613403,0.551067214145997,0.594246529331201,0.647424806207481,0.609482562005062,0.493374187644067,0.412467889444204,0.264200856211892,0.251274597406565
0.286661938648775,0.296940952055809,0.291032582683744,0.40464397684515,0.433803858893133,0.609264684047664,0.639882049900023,0.695256275530622,0.617183498988426,0.486717081759634,0.378738743394945,0.269939296073373,0.260212815166146
0.189707012231401,0.225281430982588,0.28258720241779,0.324576565606441,0.491294726441739,0.625382388520693,0.752480905601598,0.708350667760726,0.711552998021429,0.568071647783101,0.393900733711864,0.299067354393033,0.247267614176722
0.203249175307426,0.200825824048764,0.233965579146704,0.279161678982448,0.455078388821166,0.597141957226188,0.750155567526936,0.718761699469693,0.663948134595509,0.499893254806443,0.276798905651201,0.219803719758232,0.209707631655104
0.301346357046406,0.358431932127539,0.337473056152358,0.369115445024314,0.365075313479166,0.492005667659514,0.559423020792192,0.705393975484899,0.66365704093295,0.551558214509854,0.468656622774325,0.293452243293328,0.24357816445495
0.268067720950227,0.311564102226767,0.301811606419349,0.349460441236452,0.334475354103026,0.442595149389271,0.556147761483949,0.693187570927858,0.661264905402835,0.528775916947256,0.46436159201052,0.279177782939326,0.260369587972193
0.202785513857889,0.2231533252174,0.27595690819454,0.321140676671878,0.459125892627118,0.578341136181088,0.73058737120683,0.718111226856377,0.694929047977853,0.608450516503907,0.363524250007754,0.253913075212099,0.228290982368503
0.197751348265582,0.229939125078211,0.272243690664945,0.281413264596547,0.350229375136016,0.43902808813447,0.548131753557935,0.655486839857147,0.631683984277171,0.620568712964832,0.49270743289799,0.271382857855506,0.243833777964185
0.198385900196931,0.22712145544267,0.250063710677463,0.269990684720081,0.315051729647109,0.427395109854157,0.525206564617641,0.631364115705432,0.611324773411889,0.610517188457262,0.416558965591356,0.260777429103921,0.245751294007815
0.189435226056468,0.222206854336522,0.268383402158573,0.277187143432114,0.366086490803282,0.443444737562496,0.52248775844547,0.702407034151869,0.706723388114763,0.635874500123254,0.485810687514384,0.250241260983512,0.231031108420571
0.240777618132168,0.266377843901314,0.300602766246225,0.29022061946125,0.317553032484112,0.482230644150339,0.634485300899891,0.763038867061449,0.691924070197847,0.690194674412317,0.530780227685383,0.277782220830864,0.249151433675472
0.352236410010204,0.367246490556062,0.349515096977762,0.38210409474377,0.362385166564653,0.472450257418324,0.633945612479476,0.699427674020928,0.675601644289218,0.566039022941567,0.447222207859876,0.283192302391602,0.275550591478725
0.276878324937702,0.329306669130241,0.333221407503434,0.353778895726946,0.369358812898515,0.428856871666256,0.596801828656236,0.622511670233155,0.62329314694548,0.615648770956604,0.50744522617326,0.345735152004902,0.368131661682903
0.204049992358983,0.235994260236779,0.255878752225278,0.276067547484041,0.355879445514964,0.541880421237388,0.776768140206796,0.754730432631075,0.693056749206453,0.621137404285834,0.412605585615482,0.24246578186384,0.226871581469286
0.171669857023004,0.203491860011404,0.197933936939059,0.210146138530778,0.383172305082299,0.451808821551128,0.68520850016867,0.708941978522717,0.688426837984707,0.6186487048551,0.443912098876757,0.207607952944792,0.194721079110676
0.257480220433921,0.269413268570161,0.256508119846771,0.329351484536528,0.331627142487594,0.505890706877115,0.598775858787145,0.699123517930162,0.655261377551245,0.503869430532445,0.409232481191378,0.232727031782574,0.22139068924975
0.196311078971991,0.231915037245295,0.24624816548283,0.260211665914384,0.349350180873269,0.426526216529497,0.719394613164298,0.715278414000204,0.715262870482729,0.607319660854152,0.380105736529061,0.224859205503566,0.210530415894455
0.221656428362078,0.258438140384389,0.286161566982612,0.283586738480714,0.33154476501886,0.436809921654566,0.611093174397752,0.718097179269918,0.669534099721613,0.603109900130338,0.486280845041026,0.249258208018998,0.248339551900466
0.20265625490015,0.242686284179144,0.268419865920405,0.288045551175826,0.311517758216685,0.466780195931418,0.658882659938711,0.721186126802602,0.698997561918013,0.621262659195159,0.47590184556456,0.246493474358316,0.235981493094734
0.193588350882371,0.227915629215062,0.275013366420541,0.274284505958011,0.35849626675476,0.474934158995689,0.598513138058756,0.653912509391986,0.661149268695074,0.594007615657511,0.489062874999742,0.256665970413382,0.237554876570693
0.188898114332438,0.223765840919883,0.240474388974478,0.259710168447349,0.327445368995642,0.424322192397032,0.656961501709181,0.672528784579593,0.646579435504914,0.618273822981569,0.488088394877079,0.240081573807764,0.242775549769095
0.20567488165915,0.243105158793329,0.236467334828643,0.260810573806876,0.3641962398399,0.44465092353463,0.638424412910824,0.64682184771411,0.593860761770056,0.568148985110755,0.407329727692422,0.236359950111137,0.232793573730065
0.204226932515016,0.245108887426125,0.256502612743934,0.278326826068396,0.356341530015875,0.468537599122415,0.718194098094395,0.708948906597233,0.67438528210714,0.682472309826378,0.466545715710233,0.243079657388161,0.238997934817252
0.173748355977982,0.192647967831836,0.180089357584486,0.245373081055659,0.304585384353673,0.434655527742491,0.652782260658271,0.699792281173082,0.661979035907017,0.597355277448442,0.428569961685281,0.194354800957535,0.180976874740096
0.191701688373011,0.225878443700531,0.255441563900936,0.254864885200171,0.332874055068949,0.489345915940788,0.657994271353544,0.66858451375278,0.676833311767215,0.567329360139959,0.414639576413468,0.224769681482967,0.226938610187595
0.208094607226095,0.237703796218582,0.25703408621798,0.271165920239625,0.310680594892414,0.529464205603382,0.687380397226775,0.762682201281408,0.677267284339338,0.636415573620924,0.430180275257359,0.22885379662202,0.221905385849912
0.23435593880674,0.258303986780295,0.279443461690858,0.275939579625528,0.310921088902324,0.489742376174633,0.639938048663649,0.74283963503403,0.662263014464545,0.630335287473997,0.475738009752675,0.245086604136777,0.228749722880821
0.216795024720475,0.267414164268755,0.301933525728478,0.305235787073345,0.345604971007564,0.424642342101935,0.592595873877595,0.686448895955343,0.662005737470305,0.680072896534835,0.542227313129264,0.271975680784103,0.269551802372121
0.279503886570965,0.312332372852785,0.27967858352075,0.351855421778477,0.317870681173449,0.436579965339594,0.48338060728748,0.555085024559939,0.581420335318873,0.440067776434489,0.398765423301133,0.280442503617613,0.266595101258345
0.234034905667331,0.279203273896312,0.311300358857194,0.317921263010287,0.364738134745199,0.472234635347135,0.660620319507874,0.632114140429487,0.685424982267004,0.577568520873713,0.409336341563396,0.283231733326874,0.271265863204745
0.176922986043688,0.210751638582451,0.200799937543154,0.231719395414887,0.429736069391012,0.53147942350953,0.767535970266563,0.707596923467207,0.678277450945143,0.581721503786718,0.360638613531139,0.19483508322109,0.182561817180938
0.193384235698104,0.243104337435406,0.283377965056597,0.2908158413466,0.313961840737225,0.392260296930442,0.517889163911072,0.630179923417102,0.653476254990402,0.704122286174089,0.521423838811734,0.270194196364159,0.240010518235822
0.42423608145378,0.404549531353284,0.369548893857424,0.268548872713286,0.243387027946469,0.254993403659067,0.258902252987382,0.221660721834751,0.239563717243822,0.246504220752609,0.21441092398996,0.200497552258826,0.221964653485711
0.385590630637192,0.355844056671566,0.363924459377113,0.29901499488856,0.233191687010511,0.260478303056684,0.275716298909314,0.249710187962661,0.271718336671231,0.262232845486707,0.238254261334153,0.207298580260666,0.21916446346259
0.398719293285967,0.382075669713033,0.431994991506562,0.342706421589227,0.241473505965531,0.31232412297916,0.377332485513752,0.352887709171746,0.350191198283237,0.348966183827551,0.367536292487595,0.265326922175617,0.201537163632183
0.377060829617291,0.370272768813818,0.356611168625739,0.282213909780089,0.284846865164952,0.338170380459044,0.351753791624392,0.333921466136183,0.340339793414874,0.344585525354705,0.320566218302927,0.284304663518808,0.22717293938583
0.478933663297684,0.511390678593891,0.560054683769782,0.538674490643756,0.543071339628094,0.589035868008843,0.543982444845518,0.579401352868038,0.551166424676259,0.495111064754663,0.388093800133465,0.357902857628654,0.313983263840763
0.406912334610313,0.419451187870713,0.425309454971799,0.507081660532906,0.46104381641151,0.522054592448563,0.55777391478464,0.617092079510606,0.565878554587843,0.462412531265554,0.425932904282925,0.272885602209581,0.237772834206019
0.268708495069696,0.304288045366271,0.309321788661153,0.397600906727419,0.418420793198463,0.463170004491331,0.612225469888555,0.649591483532269,0.553542197586518,0.501103224826612,0.338058704985054,0.255473429626961,0.247479637835664
0.376919400777759,0.412618634038581,0.402326869257595,0.446665715005704,0.454679656713737,0.488063539196179,0.637791735694942,0.697819622056962,0.584494884112236,0.540689811537347,0.393956746926971,0.295110776855221,0.28946620705004
0.480835462853581,0.427878330713292,0.431264469198265,0.461320240472483,0.434950609179762,0.494067369241502,0.568623097719436,0.615240841907236,0.600331201237479,0.516337922544104,0.451290924739816,0.263175585748151,0.22773994572497
0.41829936253605,0.400951324704578,0.394596805652804,0.372182967202851,0.393098245909257,0.482928284746034,0.700341200144952,0.692009908071424,0.666183573647116,0.601397616943245,0.465095287403282,0.328885283753653,0.300488727631513
0.455092369699159,0.402395196949484,0.40638008289322,0.419500254842094,0.472562033676005,0.551109239031936,0.618497292753758,0.614823063819191,0.570009338431542,0.501621130528764,0.448621610374242,0.296299500005876,0.251302513408755
0.440116621123962,0.392093788469306,0.391603553166971,0.466032939214001,0.425483947690089,0.533918987441043,0.543392557301238,0.625684052868859,0.596871778084844,0.47400775346382,0.422703937615882,0.256545080504346,0.227254288670256
0.389213403229287,0.43738854916872,0.440259417807131,0.538205445657903,0.477104385563442,0.495072292376787,0.568655501640275,0.592556097927549,0.569101436098435,0.481721585774034,0.443197936000264,0.302649792595209,0.279032262192014
0.26390528772794,0.278389493120074,0.279303682587849,0.378237059805269,0.406788247615259,0.600313805916509,0.646971445689212,0.681053462454886,0.588068362498771,0.438225320532838,0.379113388472098,0.269424792028904,0.266134311960489
0.500527813613038,0.443662108638408,0.439632420475684,0.456996128263972,0.451066288915738,0.520949248469991,0.579858104896642,0.647162572585053,0.588950123692033,0.529597818013275,0.461992612505888,0.305056992371648,0.25163133999537
0.178027147205565,0.2123205710897,0.284766164689424,0.303169367186292,0.313519362802653,0.358659000621433,0.519487604524394,0.611304381028477,0.62879114846328,0.589701539298135,0.482899495299677,0.291836949472363,0.253170746618
0.213743863947326,0.242997923801106,0.358858013233008,0.317161426369116,0.308588090890669,0.368388507209635,0.555115574484496,0.65081954392277,0.649035717737379,0.63670698996846,0.562167795260609,0.268429099855403,0.226872736551717
0.187511178819112,0.224406650408285,0.277296602684888,0.325742739018204,0.340029405445591,0.426772758160736,0.486215458169,0.479748127575988,0.51705307667422,0.49079119184766,0.404679079692217,0.309995469297672,0.28438281239289
0.199434513183489,0.256978198697776,0.364448353320154,0.332124362723525,0.349127384972934,0.380918196301539,0.557619578463032,0.615790507446225,0.685179015067391,0.594828436677899,0.505485058894744,0.342441992280992,0.258722811966763
0.219669984704067,0.233928492685495,0.300836256415746,0.283153479751176,0.304424097256464,0.359302396092266,0.550904665537898,0.624159541354879,0.644350569255137,0.604098295955049,0.504507161164692,0.232491617066708,0.215305187250133
0.222982673524203,0.258808282470239,0.338776810744588,0.327545637963243,0.351321271246249,0.374777743221464,0.524281833988567,0.563987675732029,0.578658697483086,0.574021086355006,0.488882335299999,0.288801090019423,0.252959977987868
0.166816773338613,0.194102522696546,0.225264578127298,0.239418502523285,0.311820281113466,0.361252977040044,0.483037258025684,0.514760110179249,0.541498226646666,0.554727213995445,0.40720164470822,0.280235800052058,0.250073734167357
0.19711170924411,0.23416688860489,0.286981275462083,0.333917822857464,0.340020012821914,0.441280518623835,0.516553592182322,0.544250607403791,0.606044079739279,0.558083084153994,0.456351264387251,0.282580984596519,0.273728860402043
0.17490587301242,0.198569936846735,0.233985088676888,0.260792839024659,0.287872910403627,0.360009443009933,0.491330914826785,0.539132717420478,0.581997254063491,0.572092813019598,0.394618212049255,0.269743829150793,0.268129768614987
0.120877983891964,0.145401904366765,0.188126937149459,0.226383022818235,0.373995103623964,0.395986748370002,0.508959152889444,0.632850447163235,0.634009415946285,0.548557046897162,0.352059461494588,0.200057997533314,0.185905755937441
0.138159183599138,0.190112132963924,0.202638930162598,0.246316629860188,0.420803063875188,0.486310986628616,0.604722879445953,0.687321802178613,0.685817944012063,0.618410238139887,0.438440329446576,0.225608798478449,0.19720969321259
0.18783102910301,0.228171356395642,0.244223277371475,0.311738262545278,0.450134910194167,0.492121453453554,0.564136370210523,0.66900112518559,0.60834607225533,0.527686463853551,0.382990815016294,0.274035815922315,0.246368250713225
0.13644406103425,0.165597550936994,0.187998009125065,0.279134155825191,0.359570096155182,0.444154691342708,0.588551458681013,0.602966499555081,0.594384975495065,0.479141915210333,0.350012552896702,0.245474605661911,0.207197160610782
0.141598473612686,0.187045836736769,0.222617899217511,0.300999285888867,0.423644514409531,0.45331705500936,0.542615752865137,0.619641530310602,0.599325264673158,0.533320723648303,0.37834964746322,0.255964168557367,0.212920759175917
0.122020908890857,0.15768482042067,0.154968738248671,0.201023505546457,0.382843096379064,0.461605322295355,0.597352611036974,0.70663911632393,0.690978651601349,0.560699560163134,0.386277347191217,0.203271871826413,0.170436882331991
0.123006964928233,0.153301461313539,0.17901882268306,0.227825539372177,0.395399189250713,0.442649686783349,0.567210675398948,0.669151965231303,0.652441404544574,0.565844243482879,0.362455195535058,0.222860330755129,0.191604576879343
0.122200723270584,0.144465508031929,0.161486807901708,0.205865128241051,0.330665706676425,0.433554122409176,0.566127651609327,0.687955314458344,0.676205718102228,0.542016919942106,0.315012710117428,0.18885484353154,0.171587847251257
0.370585469004626,0.438766105286424,0.476163947410771,0.48100210238284,0.499159280062264,0.518881828290573,0.542065940233578,0.561955692561753,0.511490856092856,0.473154764755086,0.469387214649225,0.420866902376013,0.344698479109672
0.259881991051471,0.300950683925985,0.300282349879049,0.354965559950432,0.341203842177979,0.378878454412128,0.467764970250958,0.626261188133833,0.591402154118589,0.544182225647247,0.420338246896284,0.245041822237773,0.1771874930157
0.419399743300009,0.510292224966586,0.54812164474828,0.573709686803317,0.553758912431002,0.54427015626684,0.591660236017202,0.604209525098283,0.591769110216894,0.53172721709547,0.503301377940163,0.431971932271812,0.396919284624319
0.31838682524089,0.364302410485806,0.430139177550703,0.468734788668628,0.488764458669884,0.525432124988184,0.581690220249294,0.651967753601223,0.600365301386998,0.535727275357917,0.496129721303648,0.376802871825055,0.325717376201534
0.157700030178621,0.191086551634504,0.219023587617745,0.296745743449122,0.381448436974587,0.503663175950889,0.549355199220295,0.651292433050875,0.616652696162465,0.53327179240907,0.33856521209506,0.210646428174479,0.16919205810647
0.207798765877857,0.229000063450159,0.269717874761354,0.271670837199821,0.35370951119421,0.473586203783612,0.560195278939423,0.566687297423733,0.552153525415526,0.513763959621995,0.341470796889953,0.244374564758602,0.21015621188276
0.196881886340306,0.220362618615294,0.234923107386191,0.248158622952363,0.339840801960409,0.408959803342249,0.515240613237407,0.509652566539683,0.485910279288707,0.468519275885655,0.368925851557214,0.245125236876674,0.209675657254277
0.192232766565922,0.203380246423834,0.24184235618956,0.247311336878224,0.367452179491876,0.482516324904277,0.568951780633704,0.593187923533032,0.565330282627502,0.537824170529583,0.43275641899615,0.272219864174785,0.208516140340986
0.183214516858321,0.203755516023284,0.244545673185995,0.263283019925008,0.322800625858331,0.42085248160067,0.521550434996147,0.548714050018717,0.537348645538673,0.510652503068307,0.383124147436209,0.282404469321607,0.206123364407074
0.237729086351603,0.274223053659344,0.312707338652781,0.318968476938293,0.351422684997693,0.556242721623952,0.591890825687181,0.530304287146976,0.520568691930561,0.46582486104111,0.309696315266026,0.246844942223294,0.220587536712001
0.195636540418362,0.227566520624668,0.271291453870247,0.298490196772623,0.327907351328855,0.453830199551817,0.541192514718916,0.557189433047722,0.530210544597849,0.488900217458933,0.368253982033357,0.241199071308361,0.19897440904811
0.190688384411702,0.222724264402194,0.245661348277614,0.279393986129421,0.310155274597732,0.468675726738176,0.548248041892261,0.581513389954176,0.577749325061127,0.550667404421739,0.342719079504176,0.228773705323697,0.192643534227501
0.213124050921742,0.252806643594585,0.324317680160911,0.354342341284718,0.379997483238347,0.442300667701959,0.502260562807716,0.506913759922301,0.483856792685949,0.47811079473905,0.411075777947028,0.307729171303254,0.235059751831038
0.19504912081989,0.204343547955886,0.225408606395377,0.225131830807348,0.312036626549923,0.455899371215103,0.565552960034001,0.589106151028025,0.581696024232726,0.544371971958433,0.357060503468927,0.231694099427044,0.192534974011037
0.204369469476855,0.245978358582392,0.23887858291528,0.226076468713201,0.275407802081104,0.402000970895969,0.522584561974948,0.53684010427485,0.507448682697515,0.46346041855628,0.325074925109003,0.220034703692421,0.221071185745294
0.191620318192149,0.219503864357979,0.273633575475402,0.298164510840742,0.365278949069298,0.474939731560413,0.608974075281428,0.612337126865256,0.587764968604817,0.530341119484834,0.444316130991176,0.296041097313684,0.214152538808556
0.211231227174936,0.246872975814228,0.323719794120794,0.351265090926734,0.376236210475336,0.44117612594612,0.522681741360288,0.509720722328882,0.481305148795639,0.448377313381367,0.43729491073637,0.323540656410052,0.245808963418579
0.18971423849074,0.219132294576176,0.242011910679352,0.250311506170578,0.328980211785806,0.489784205362651,0.590207372683396,0.609835074785493,0.596987583924817,0.555338236508803,0.314897911841001,0.21200285135118,0.183928916462866
0.211312578251489,0.225444764907755,0.208712608185702,0.32079179247488,0.395215370778098,0.514050264084507,0.633430285425291,0.649474050851912,0.665942961523976,0.473572071355137,0.447630360734289,0.268668413683697,0.210671103203862
0.12748872913853,0.145872979287758,0.188447892569701,0.237214579459636,0.311002557781559,0.491948912863032,0.569218635171316,0.557667906837351,0.554762684590535,0.425191586019062,0.307306384351002,0.240782543147042,0.202243498800169
0.125170131148782,0.144123314987583,0.200594501223436,0.293852533547607,0.374244819314954,0.512309223781662,0.576108931957099,0.487643674263045,0.398988576397985,0.369769297752768,0.248791515202454,0.226929788416624,0.197671834544752
0.126923121951634,0.151599478084944,0.164034482131799,0.210504047918075,0.278577846097035,0.503226342594688,0.618651072664027,0.601629678036723,0.630657836076406,0.463843815750309,0.294010016618732,0.216501207538171,0.174612173194963
0.164375712029711,0.180043035147683,0.253304519289256,0.304102891276268,0.336226658998525,0.362058324612132,0.39996112203909,0.476406184258424,0.459757229998743,0.388884483616639,0.307041179331072,0.284589966684025,0.229319769108135
0.13467219639093,0.137631213598021,0.172665993693881,0.239401420878404,0.341942229695551,0.469100167249136,0.500174813307327,0.499751049726207,0.495699276429108,0.408588109013929,0.273206948145692,0.242179144097811,0.20469780738541
0.114795988800597,0.126448308540484,0.162555022837485,0.242785833743856,0.350196537640386,0.480640636293229,0.534887126902636,0.484343504319969,0.43724886308668,0.357106265892942,0.264249565775985,0.275285986580287,0.182141345478041
0.142509775877046,0.191223720838952,0.224843012867251,0.280153534680421,0.331155721629343,0.463917491904849,0.565261939982243,0.538413237018543,0.564876517321054,0.454513879036249,0.360694338701412,0.284936204140076,0.222207552991946
0.136604577495645,0.139849654399069,0.170799054465448,0.204408795519531,0.301759886778276,0.472907206570854,0.571748945766393,0.5798586228772,0.574770933955147,0.436383540181866,0.267487827877,0.238322681751512,0.190717442387245
0.12258032932727,0.132135892909854,0.168393806001233,0.252959677731283,0.350015832412766,0.470659197626016,0.494743442763244,0.45603135232543,0.42203519057742,0.348232620943558,0.271894271786529,0.252126564401836,0.201388192710604
0.129376911484936,0.135572106054437,0.204002429683571,0.289626678054941,0.370991408124574,0.488271112457966,0.535576817099148,0.43455228318069,0.346272657827388,0.278553758660282,0.22115311220467,0.218767307858784,0.196795872055761
0.190197015864068,0.217332583960316,0.253126307465931,0.257426036510777,0.320536337354449,0.389430517807218,0.574017701573144,0.606908304245303,0.664349942847758,0.599336489879164,0.498384863973075,0.250154264782244,0.223628036054619
0.207230661630381,0.235030061131754,0.265824757017603,0.267649472192315,0.347535158731548,0.415931834455793,0.562080945687826,0.612495197836765,0.632784297926773,0.575117818284744,0.478042842520233,0.26158975724682,0.236159723303595
0.199184998876483,0.214630615455534,0.255004299923514,0.252904989111923,0.341651551193383,0.47263935680218,0.658768696801459,0.666413882732733,0.637565322361922,0.565340827266996,0.360386405428001,0.241373106775357,0.229888352573593
0.244068013461955,0.252064356035117,0.268838228974442,0.256780832225397,0.33744333420542,0.455669992379882,0.653964522931902,0.694711270638923,0.672757425721174,0.612130854191634,0.458368774701767,0.241628956010247,0.232492693564396
0.214544616022426,0.226404259868729,0.262764376471437,0.265044013804339,0.300736071331519,0.372921963686166,0.58350138218878,0.5839890929676,0.681962235209717,0.610052956781452,0.468835645905603,0.278633327488773,0.232760802949504
0.1988873575061,0.229165608618979,0.257879120262085,0.277087511590498,0.32157237828265,0.453064925776102,0.654036818037067,0.637576484770272,0.663119459385432,0.561473413686112,0.432722837141432,0.23438869389424,0.222410087782576
0.199833154859116,0.226100925884209,0.255027836991827,0.293575802278622,0.293479575197575,0.331691030933598,0.468133346959492,0.576722891629917,0.627585184377787,0.620968260407171,0.52488474458113,0.256450958260347,0.239030286673786
0.271674816428691,0.263060985594253,0.30869914129714,0.340658449405642,0.368823312371799,0.436360120751341,0.696200965412882,0.672363229253878,0.667437473025173,0.608919569172336,0.476239815672673,0.296673340608008,0.231745195136604
0.221834223736915,0.221696549622936,0.244199269800264,0.246470331484501,0.290397840254134,0.388922014180315,0.60973751068638,0.678676348672918,0.683907341954483,0.613834579566926,0.452442876944507,0.236983234768419,0.209406974359637
0.220331449599122,0.229477653566509,0.279435184921125,0.261992830994015,0.299876146084874,0.387341342395431,0.594975753042692,0.670010976782622,0.694285498905587,0.616822988821191,0.509566785931654,0.224785414378753,0.212388914489812
0.215126561523383,0.229329833827402,0.256739201092851,0.246257086463102,0.326909710999237,0.456115076149684,0.689359765593872,0.71479977825667,0.704064254899474,0.642015651982262,0.481293727766439,0.2322142218087,0.218588297345387
0.190513824307885,0.223109581907369,0.254259210642464,0.26065184610658,0.262089444604316,0.330230901342965,0.537352290615638,0.577574569386503,0.67248262075104,0.593520076092095,0.47168892565397,0.233441014291747,0.21281874860236
0.181178028486666,0.212280331120805,0.272815630353806,0.262978645812396,0.291061010958112,0.34639985263327,0.586120434056752,0.622232571435627,0.680398002150071,0.623385276142118,0.506554573467117,0.251865940507859,0.222353076527618
0.190503474050277,0.231883611996029,0.248158893223956,0.246118482400205,0.265557214297309,0.337570851243446,0.531145604902625,0.605995852016081,0.661243977949742,0.59645211287891,0.472819267603245,0.209396840316688,0.191492869506965
0.30371204002905,0.313016496794335,0.373280292348975,0.342475755054898,0.346410295026298,0.39367027731943,0.606943844335604,0.71088749169992,0.710566819244341,0.667096587486143,0.559643058455914,0.302326732490594,0.267286171686839
0.199438447174424,0.215766051725295,0.245458348862453,0.285296077282732,0.304741734769951,0.340344945778703,0.525972449428598,0.564296974809478,0.643038962697624,0.626095369747293,0.488392090537033,0.305927568827565,0.227323551696907
0.194884344339618,0.226242977439441,0.256738487489492,0.248022430380837,0.316532280218182,0.362469332519199,0.517047130091121,0.563184011886633,0.603669354830955,0.578603075172485,0.481099351044944,0.282340260503088,0.246710240604746
0.213730336564476,0.221576135909994,0.244768492617986,0.253777929414678,0.308046961501245,0.42035639302233,0.616083377312531,0.694677666858775,0.678923015511562,0.603368485850143,0.433346141709441,0.238797692109275,0.21412285078972
0.193616751941041,0.220011664991582,0.270264392496343,0.26188353927582,0.325186307147875,0.38612152110131,0.586671538682198,0.608585366386723,0.660685143361069,0.584324729957569,0.423216079301657,0.257752341627757,0.21984599625485
0.221777015804293,0.247758632955329,0.265448470215734,0.262089234692706,0.334210583623951,0.425663487411282,0.569399844204856,0.614059147523392,0.633652909181789,0.581072993954855,0.483386127511079,0.266403654546189,0.239308006747452
0.199362581341831,0.224028355707301,0.254451110874189,0.266665919051908,0.346542922934682,0.478345106215333,0.675449857213409,0.632624419160252,0.640725892867868,0.564571889769545,0.385501712968741,0.234124097320373,0.221280809788805
0.189041196600834,0.22472549717593,0.240774667471506,0.283203162150036,0.283208493694512,0.341943230517652,0.436299205452807,0.527224955792934,0.57416431739056,0.537636385371939,0.426973582411667,0.243337442431369,0.220873609611793
0.264227289103252,0.254063236553305,0.282381124081835,0.330310726540708,0.358082172152004,0.423090442147551,0.637787653105405,0.667045552125159,0.609131766332482,0.550248907965789,0.413866321489251,0.266070815915308,0.225000082512484
0.181607725739431,0.206750239030344,0.236163841281765,0.249373759504405,0.299083210947409,0.42468575379014,0.716659515510984,0.709564536489429,0.709459744241622,0.628652993615282,0.477476340350045,0.228246112081321,0.210900516122279
0.202836340997907,0.241889333471064,0.250417217363609,0.256195788700466,0.263148321678633,0.331922042186621,0.509169765970032,0.588197141417091,0.661618153195485,0.58035001841046,0.452398831017015,0.227980843145052,0.206640733657454
0.208988654370419,0.234004171336455,0.27002457194277,0.28003295708443,0.297981570450136,0.350890894439443,0.526582032672052,0.574594388560276,0.628797477743419,0.586846676051378,0.492494323319745,0.262809706040722,0.242062440772708
0.206977173086893,0.242198772209809,0.284648174309308,0.287951697378864,0.275975995884935,0.329320505657535,0.501016552237057,0.558895695849499,0.640655050349933,0.593705215479713,0.475022179973906,0.265860792369891,0.237071671214418
0.218130963645069,0.246868899267891,0.271698794398666,0.25886503389725,0.341708605205843,0.415975022281544,0.550664555598823,0.593697124734975,0.620664719211361,0.548672187428851,0.446789036970241,0.280069298577094,0.255823150760962
0.211014290523071,0.238807103832741,0.294348822222061,0.292981706275375,0.328304879190292,0.406111995072963,0.59535977015131,0.653395467553971,0.661766635540251,0.630384507674125,0.455358797583291,0.278209012168588,0.250461844484236
0.177192179475087,0.198443894900792,0.224467503935899,0.240280741311008,0.327628372761147,0.39533691267254,0.532882745437772,0.657590727056861,0.670238710318429,0.63627280302306,0.515943698512457,0.227593300106907,0.192348439577065
0.409436905159183,0.424601573804709,0.486596448711108,0.457035061710227,0.453795417944752,0.43805894190236,0.517294532933646,0.486719334466531,0.513749629024373,0.494353087030447,0.461876764559243,0.415951574738039,0.370317515023418
0.210730248874413,0.232665775311241,0.296871829566792,0.296468966834583,0.298291194725793,0.372441568578405,0.533609851191816,0.610930097069843,0.64291416589187,0.604923493979813,0.498109367473102,0.256807742023126,0.2297210001867
0.197689567832129,0.234842119863445,0.275716946008004,0.271463106657462,0.268304438709996,0.307069376995252,0.485715989466808,0.566618664627759,0.6315272070821,0.574873477880146,0.490977928905003,0.255862565138025,0.224905744531781
0.328264992760483,0.333694428588813,0.346813532911612,0.375338727602381,0.34399095374981,0.322410610993594,0.341345120744789,0.296650260163477,0.274257811102642,0.263784332900129,0.284972120705997,0.24493745885082,0.26684990931042
0.365440498913741,0.361794928606979,0.338386989612234,0.263457943117339,0.284186083091798,0.341659640317691,0.327177078679758,0.338320258497805,0.34839621962354,0.358561321395432,0.321640237344878,0.285845922900821,0.225947952567229
0.231175054822906,0.302169989173964,0.380540660203989,0.453514472049598,0.391415604266246,0.383579936327429,0.385463375440008,0.397538166350593,0.380490512704306,0.374498163874568,0.386959980500284,0.322059728073574,0.279232820561806
0.165748493668231,0.243691414055497,0.296231517898958,0.369216258354715,0.433771668441186,0.438408484414902,0.503927481956141,0.585908701166596,0.605364866883635,0.553938691583743,0.440294087557349,0.311681677148002,0.265163331188481
0.175262564379374,0.210462554817192,0.260468238997388,0.317982719346815,0.32410007617619,0.41492650470709,0.461492908786827,0.447997100442114,0.417029336324712,0.330968827467916,0.276474809866321,0.253313164616767,0.204843602959838
0.15213123267034,0.199656950383561,0.235190535621259,0.278382060850352,0.35843838446542,0.4380550269638,0.539615144146884,0.619846038881813,0.606132374276393,0.570886573987994,0.430956841251229,0.271829750138998,0.221735167432929
0.199392167079419,0.267165954919261,0.286107727328369,0.315457068466383,0.314511083497173,0.366833665130416,0.446443637688447,0.497037304457327,0.526070131946799,0.504628398137173,0.474113473181231,0.314386810218688,0.25342051315233
0.174194875682065,0.233197730860783,0.266668278758828,0.296058113917246,0.338668530462125,0.407978051066752,0.488305547627723,0.579413720002314,0.555718548303987,0.554927621701829,0.448360252256221,0.282565408198329,0.241456411650243
0.183487131555502,0.236686956604433,0.260689433787474,0.274133385064649,0.322537471499717,0.405759869821475,0.515780006377776,0.600668227705683,0.588631500940637,0.534802960561219,0.481056654698831,0.288865091765222,0.229887782886037
0.338062083898021,0.367009994278787,0.342073414158733,0.380290890723948,0.366266110831162,0.431253329682806,0.556408929328389,0.650002682441241,0.583001110672613,0.585439933059486,0.426578271939964,0.268941938033619,0.233027759631086
0.336870700914002,0.394244376900055,0.384112382181464,0.460477084767801,0.435985596641473,0.462659084547614,0.577206063960893,0.646386047373314,0.498047412372964,0.532952116016254,0.418891969824101,0.276368104351598,0.261662854858744
0.302600002153018,0.344393353487172,0.340859944937666,0.374187543835941,0.393296549809288,0.453780570795244,0.580341723801092,0.663756099150141,0.610439709260347,0.591918112193489,0.418000659838159,0.281962303539102,0.246228112350952
0.434231075431774,0.491160860858753,0.475985673228362,0.463214113567941,0.447032010837586,0.42956754121534,0.514166565415741,0.57520952164854,0.635515315755591,0.565512646788553,0.484557389589593,0.354073058204118,0.297341298027611
0.4736069514641,0.446083417869052,0.45058587644243,0.463468520844414,0.45414822742845,0.55926477253939,0.584402168780251,0.602898137088741,0.619820194529125,0.536227313601294,0.452972324750886,0.312550776712222,0.271387970888297
0.349826839071869,0.409397208601204,0.396680343233751,0.461644119181118,0.47585088016096,0.484974661918755,0.551446145076687,0.615812344040263,0.537981292210447,0.50163909392539,0.40104815338903,0.290230549410006,0.287629875341428
0.259112173324944,0.298182142122492,0.307680006569409,0.280440524730487,0.248367607381096,0.318182694547016,0.331940897555419,0.351437683893607,0.350676222896259,0.376916766656723,0.276188543722873,0.228127696722058,0.202309280856009
0.186652558941509,0.170018798172207,0.157716421177018,0.163343481148652,0.194346737494482,0.2434589097089,0.286609294547324,0.34145306456436,0.351857570583099,0.354712302696835,0.334112227846384,0.307776170506499,0.259226571543656
0.259275689275009,0.264390792420098,0.243381052286794,0.221443300632863,0.221886790122323,0.337187945009662,0.434814429502724,0.443017745178965,0.445199923986359,0.457091740068076,0.321309690148238,0.207779350882535,0.175459841460223
0.194721352198246,0.323156862514309,0.318616858877597,0.348123681080883,0.504227853473091,0.593294524667676,0.690547835646575,0.678751706604147,0.637303012313053,0.5918123049144,0.419567621535961,0.338230771642516,0.254891178227702
0.218179738074216,0.331765220784126,0.348324950260346,0.375510886739629,0.479421922994695,0.551725296882097,0.646093238130561,0.634810734026556,0.639089524251579,0.586970949609217,0.431155736346766,0.370292405561452,0.278059031636922
0.192484975989469,0.258517731086291,0.2862232739926,0.358792855457709,0.501753190465355,0.579778253476247,0.662762520623631,0.644292678346073,0.621837402734024,0.582841143841618,0.380887218937835,0.324736002671594,0.245047724549532
0.200652804257204,0.264288176141771,0.297191252810642,0.337146420065169,0.487243224362,0.558216903237162,0.690923249014513,0.689085591831577,0.614483701343977,0.572207453173263,0.390745999291493,0.33801175113623,0.266690517186001
0.22766360007859,0.313866238725735,0.374651918528221,0.418368648899155,0.459943501074059,0.524655880882213,0.610218920249502,0.609781982511664,0.615167554977165,0.533147199074002,0.500214400836992,0.465922262557952,0.375236797574329
0.204833965636463,0.267780261698041,0.337756798795337,0.395543642087394,0.437126434783918,0.529955683364164,0.655908458146135,0.659010081385299,0.632035204308128,0.583671157184761,0.438142968014288,0.387755917751388,0.298309629401689
0.204852782490013,0.279265380531179,0.338000362559127,0.400160761089439,0.431672372057096,0.511431327966983,0.613287467299405,0.606615820615178,0.584906444583095,0.558094265629071,0.440447804735972,0.380835921162551,0.323427318484613
0.285213047726902,0.359248791777324,0.363837119034009,0.397583944188794,0.429263026772529,0.47384997248921,0.576506941917279,0.662078050459101,0.679769460266469,0.53433861510268,0.441137228964998,0.386608816014963,0.311122586586038
0.229141532646707,0.216706512581884,0.187231217568346,0.162841751220077,0.198213037161061,0.269933312240806,0.316312077259459,0.357644589496053,0.399666957205461,0.371027255055608,0.361171469014018,0.344980365762625,0.28378080234201
0.405831209540102,0.382315467971021,0.346684919438519,0.274196097692846,0.268347674904943,0.321822663814938,0.28494977181972,0.257427241980745,0.241985107622763,0.234072857419774,0.220177845545672,0.212905618234352,0.247118344654329
0.280590926114682,0.250247176696135,0.234332826786372,0.202923374354887,0.215230918581207,0.278800869121759,0.292846419831972,0.292253934204642,0.303332727111707,0.314014196384475,0.302455614000549,0.22082327189836,0.205459052788231
0.20334694334807,0.24593119929595,0.319025352314131,0.318679482919,0.336870106329678,0.366492190177634,0.51045579849076,0.574032977035485,0.640058132196049,0.631086706473026,0.508021378825987,0.281760422862696,0.268533898888829
0.214682899485736,0.270657737772041,0.323019903205912,0.334287470988591,0.319093998256656,0.36604588879351,0.427329041111617,0.468180486097061,0.480079551723463,0.476431439587966,0.465907353525845,0.28572970135396,0.226926936794589
0.216213234071477,0.284629307381995,0.344392864228063,0.393545220544163,0.480999152006748,0.543070718499202,0.582113062171826,0.622929428107072,0.625577058573222,0.5597825834191,0.458746480264186,0.3913009137979,0.310837121268147
0.217728314812206,0.268615571326624,0.35017340126969,0.400279956552471,0.423242108534047,0.47866926865438,0.609832258619549,0.622528114332436,0.561268595018736,0.553606743407706,0.432340799886457,0.369935988427466,0.339240536397928
0.318965409783625,0.318847652268599,0.323074255468512,0.29871306276112,0.244648852998364,0.333758302358341,0.393527922281878,0.373301337981898,0.391885709971496,0.336357545582139,0.256001544710065,0.234575891376638,0.212893621128537
0.231990551760794,0.294879460348297,0.315863490572979,0.340083585974496,0.33928696462508,0.480984381024172,0.612992907629994,0.75752152706627,0.693202937989567,0.634426248114339,0.517572016891814,0.273216467638235,0.236880246721576
0.213236791583226,0.265374862157249,0.283233003749914,0.299453413327924,0.352595584887109,0.497401631636448,0.700641317777446,0.794276068931293,0.726500368232083,0.606250617606504,0.428346348073223,0.236717758786947,0.209571875380777
0.254739904495971,0.290860798165661,0.319754999347341,0.297067021381096,0.315436531770482,0.430871796186367,0.592147151006277,0.736350102292782,0.689920905301877,0.662712448012855,0.508692306987542,0.26907312951337,0.25423183081709
0.16356422430748,0.189413578316957,0.226798489687973,0.21690909041328,0.325424154076542,0.452649937398742,0.655816024973399,0.721133182958065,0.720005341406817,0.637872631692531,0.420886491570854,0.207622727585453,0.204796529080389
0.204161747368394,0.239326455382151,0.243829611215114,0.302617106790255,0.372605800871903,0.556371814922203,0.74316178038636,0.747201846296337,0.717496411501849,0.599830492429647,0.315929740106448,0.227606792934252,0.207153227916348
0.176664122153589,0.204378099299859,0.245628736770254,0.243281053397792,0.354433861362826,0.458939093132444,0.590452281058891,0.744047669111134,0.669073193335392,0.670598453138762,0.490785487484691,0.234963121681763,0.215205636619525
0.271312072608119,0.28495876194849,0.33750159104959,0.338466271799381,0.297972827479823,0.355779654941597,0.420744258847528,0.51206588619636,0.501981134268281,0.477307405480777,0.40210051020163,0.311242385011603,0.222807195667052
0.241472930231168,0.255031907762579,0.313400051849538,0.336746627187167,0.31338043234805,0.422789523798235,0.498702456838848,0.531832915570318,0.539340165737497,0.497251659831204,0.398037099068173,0.304163352545703,0.227436216926998
0.417478840329118,0.403765423798927,0.408521057975288,0.29965589605867,0.270919008720287,0.295135094699637,0.3481771411065,0.356589939620721,0.339404435740038,0.32761109726726,0.330815231655905,0.282371777532243,0.223180540412662
0.34945788864193,0.426405878598961,0.404950875472192,0.42230361942317,0.443815812790819,0.487510801852928,0.600171910944454,0.639187530581581,0.587138374758301,0.502354127235019,0.433845967400089,0.304110531631781,0.298622719349115
0.36295255279113,0.411411776084083,0.403276352301178,0.444461382007719,0.4421894468657,0.489095794020772,0.610325437284759,0.685339992260626,0.60953359387685,0.533154503622846,0.426397406988219,0.284751954819824,0.27545009391004
0.178244645289141,0.197519177648607,0.250551499467279,0.287019786099591,0.333360758539167,0.432818745463908,0.553400663380891,0.569954400940678,0.582592513606522,0.507702315561659,0.423048863440138,0.276513755628651,0.293497152923109
0.227039731319413,0.279794446671979,0.365281862783646,0.329579513907995,0.371543286038765,0.373726489016766,0.500084671245644,0.544796003674075,0.600835021895222,0.583643248671027,0.52775019649684,0.358518511097559,0.321949999156796
0.115288533962376,0.13158809562086,0.166552512264518,0.269823998073414,0.342090522503226,0.441583781254254,0.472215682370355,0.472121459252864,0.479682887081214,0.390969933874188,0.297562892771054,0.23492410633531,0.205961558999937
0.118305191164948,0.135521482266568,0.165848885984787,0.296170440364232,0.396523561553857,0.510695818388583,0.563575846036109,0.522401008080519,0.521951659165731,0.417033619729232,0.333835714235971,0.261706618117603,0.207696339225164
0.130265145524017,0.144674448204529,0.188668567886879,0.33496933891126,0.406266148184817,0.492246472815127,0.555677178736061,0.548239534821646,0.560003193494033,0.451732270321536,0.327642921295906,0.252601045046231,0.226764696069478
0.125791990680446,0.150072372236803,0.177321786033647,0.269636478518623,0.355067073552261,0.478479394257833,0.563337019086789,0.576680142670711,0.575445208393613,0.480545881046022,0.304747501612003,0.223051493874048,0.176791809072057
0.217320967526096,0.215128039902704,0.212904684280946,0.269474905884087,0.303542453265574,0.4143049812813,0.566080611521775,0.668557635712844,0.595903007215523,0.533259446560972,0.34300875627754,0.214509622508679,0.177040560219633
0.214654685909765,0.250387730188758,0.293666131404362,0.288831893557187,0.326593761418872,0.384911411664212,0.459405078872385,0.465233154172215,0.451609707075774,0.431690852266569,0.415268574856309,0.308498459475995,0.233227068620406
0.121265165657587,0.141501860626071,0.20444540064381,0.268970014943747,0.359129630251507,0.458305831057431,0.465634149032994,0.468673032496936,0.450677920442679,0.364354189058258,0.275778772969955,0.2562907643094,0.218094691881188
0.110649441302636,0.118775836817158,0.151060361414212,0.283633213591234,0.359925949619294,0.622770590577175,0.611857473006431,0.532287727171556,0.415558176945364,0.303075566010023,0.225897248834143,0.229067388459753,0.173055466343839
0.149151414063861,0.172828013765031,0.23182127901479,0.302194861888309,0.308859565223653,0.431579466264628,0.518448645010197,0.544799411268284,0.551723871491762,0.472483236441797,0.351301116826391,0.28950692643372,0.226398810009994
0.132796578678007,0.138142229694351,0.202977069537783,0.249370229099264,0.338235327591548,0.494308730849041,0.502257249711418,0.509703110607335,0.507558474082028,0.423217030064895,0.300383200834983,0.277376736834727,0.251102883482363
0.134615358381317,0.144601043050826,0.20761825563741,0.250588388495885,0.301657860495989,0.424162690681399,0.503145934959205,0.516698619395564,0.503165924553423,0.414740789982279,0.283533902929577,0.25266961155586,0.209754412653623
0.105205794120034,0.118386452731485,0.166137420110554,0.250069223265826,0.351957707275807,0.51128432128305,0.556660510284014,0.490583349155331,0.409002012966996,0.33402052550484,0.242671447750673,0.230254254778519,0.191859960619191
0.120045275949707,0.141366350565569,0.148107508778267,0.231726663326927,0.328406183474699,0.509053992932549,0.549363295754693,0.542665989750039,0.577044504697647,0.441048169093125,0.267603451060908,0.235665451372018,0.194336303189703
0.205798715359162,0.23728053758861,0.286770156391236,0.286911541501889,0.28745792795624,0.352374172487943,0.565109344318322,0.630641221965945,0.712209635093998,0.655237343827411,0.442350479266885,0.273882179248651,0.224383838872792
0.155301861145628,0.202674785148147,0.25741935567217,0.339889472333159,0.362514938673027,0.390901071561978,0.444031988876151,0.494687211788543,0.476822049377126,0.466134785232522,0.364969060949457,0.282562204796929,0.234179870902006
0.138421884492024,0.172088831994828,0.236193064452377,0.293026978190566,0.285923181062393,0.368470880851279,0.44105194652859,0.496777268696665,0.490579716371212,0.433200170040141,0.332528975992582,0.261437290163072,0.220409067527285
0.156825347667911,0.196576888984094,0.269185739061011,0.328435407658845,0.30274295665613,0.394723539434013,0.4620284503375,0.527480938669213,0.528850725600288,0.461565001695454,0.37584933952942,0.295689622978014,0.249065667527244
0.213283896491122,0.286899582333962,0.315988410085535,0.386593487845737,0.432218763264272,0.51842625339367,0.621857609748198,0.615988984930236,0.584913514428677,0.537344010162733,0.352941143755712,0.331522178019677,0.25956835937649
0.212217625600433,0.271412219520202,0.318962803804702,0.350949263172831,0.375504295770885,0.545382848887181,0.654842045559671,0.759944535891801,0.708062316506908,0.663636065765637,0.491752916490534,0.274955470001561,0.22950574479062
0.280526653981055,0.339009751758082,0.326935945987381,0.361574076620633,0.337539904032769,0.439320025432608,0.59406585417492,0.729087229725435,0.680136867646929,0.539901607817682,0.47521246211894,0.290379887235215,0.271856593424437
0.241133569894246,0.29656244770153,0.313205403263706,0.347974151889229,0.341877830928209,0.491277478460497,0.65652919563818,0.750733962522911,0.697488006543774,0.57000897758604,0.484078077272173,0.262877682348486,0.240890576188029
0.197452357129537,0.194702341108863,0.242530817447368,0.270414661981754,0.491411347872801,0.619728029877236,0.731543209326356,0.698606642900423,0.619938731467946,0.421328273206986,0.283403164830531,0.214927657564973,0.215984072577345
0.300054761386867,0.37385762931149,0.35243349061179,0.378931177497681,0.38275963220567,0.434328347182661,0.593432610376242,0.659069355623433,0.669583415437021,0.510756150948313,0.434979439254482,0.31079289805601,0.297238479485272
0.212984005994026,0.26880613835274,0.282687927283037,0.332985988779775,0.330740696936613,0.470858322109267,0.608168708795406,0.742121835829494,0.670892146217052,0.529383340271017,0.451182423148538,0.259803882317636,0.238574784934433
0.200647058710418,0.227125367529951,0.198991861925159,0.279442688022891,0.408947473299254,0.590155688994124,0.808616774608164,0.75647980872475,0.721080044113806,0.632641691261718,0.314586840562371,0.194548124589583,0.185168162821939
0.274433395216631,0.275039612279102,0.299342373226784,0.273557207342442,0.241789631887905,0.343077211123137,0.439825251342352,0.443338247010304,0.440908014705595,0.337628334769046,0.245168406369543,0.22114535514825,0.209336364162913
0.223958266565486,0.258770671285513,0.321017973945759,0.360536014021288,0.374294119549358,0.496575886989577,0.512519740446284,0.588749686267416,0.610561677330918,0.515360745253136,0.510659434463175,0.39443673899742,0.254751064117813
0.327685963023012,0.335637466413218,0.392365636687204,0.406322705477096,0.289997751954855,0.286099555337822,0.361840401139642,0.420486066195723,0.448883166916204,0.427808399141185,0.365996668752353,0.3085754340236,0.229719006624398
0.327255856270895,0.302177474361429,0.306865288794185,0.268692045814394,0.257510780742071,0.374911630376314,0.411534880911437,0.385279131251085,0.388093334092368,0.317589310750385,0.240070546491959,0.226191770124828,0.227767117398321
0.347684385062282,0.343439665890848,0.406514483013091,0.369211823687134,0.234184072434887,0.257407672400109,0.335006849400133,0.341251271487579,0.456045057329793,0.433683495179823,0.45039106001079,0.314359898376547,0.200683133165711
0.291018284531258,0.30363710558671,0.380043023365409,0.377736270647155,0.299543047992149,0.280918491673934,0.409240653522435,0.445408565724538,0.439705220780675,0.413790479061656,0.357996495771624,0.308665544565489,0.218425657498047
0.203416800944325,0.224485520737761,0.235617119241223,0.219418573472183,0.24291804702594,0.40005022364429,0.479385169174168,0.470204455544663,0.482111152115151,0.39621204495905,0.248930359266093,0.231970264507362,0.193270528758452
0.309660705556322,0.34338067113045,0.365731333713719,0.43060151006332,0.401625751979857,0.546886948074558,0.575750768500403,0.659022202730944,0.645820131853209,0.552454374679692,0.427590769121548,0.30028605424727,0.278484989410087
0.146580562087881,0.186370662867855,0.226082717431981,0.306438539213305,0.429256395800391,0.444423927544675,0.517894408192332,0.592068005794118,0.569433785558223,0.519748264559069,0.376315084743164,0.267364685471056,0.228384609252129
0.125021360478933,0.148631054786208,0.171665207248981,0.228475242251192,0.416125688313445,0.452209511537396,0.574940945001031,0.673561956651592,0.645093439836177,0.534561373056287,0.346771842823978,0.218467241999112,0.185094376179351
0.127381253620059,0.156060975588668,0.172275071031355,0.283580924121779,0.37207885681853,0.502311992400922,0.564918444304763,0.545715265481589,0.592758671033103,0.451734463126233,0.334247799833,0.255427653788873,0.202815863233419
0.116811304483243,0.145633414592147,0.190969598000877,0.322953197878106,0.392752968778107,0.481850639791959,0.542305569976374,0.539608717582999,0.545403272561858,0.426844971065714,0.313633809820954,0.258448482540253,0.234160850419809
0.162834527214422,0.227018365040646,0.25771913310147,0.34151635231634,0.395446418426546,0.434986088347709,0.520100000079311,0.684093712857748,0.624137310103846,0.549557682789409,0.440466979662893,0.275434917854997,0.224630480189325
0.351948994718863,0.384387642490582,0.364508914253957,0.400050367559684,0.431847639367276,0.489278443410539,0.578268466635521,0.684475217406817,0.635126417832066,0.542912034166677,0.475139242118576,0.326075368321873,0.257846172883273
0.249044875050512,0.294910169569201,0.4272563521242,0.416976081114006,0.447434507288636,0.498569950974225,0.607245798510603,0.587875512832725,0.618891702632945,0.552871111578493,0.493350710455047,0.369653837287088,0.302746409009523
0.235674205081166,0.29319801782333,0.320751004517458,0.38753335119449,0.529608725333963,0.514573313951864,0.478266419788076,0.437761516107989,0.410461542357877,0.366941469476744,0.315451731443033,0.269787562865766,0.244002565796677
0.118759905272966,0.143553729376952,0.18112340997651,0.242162140868815,0.373919696149746,0.52045277596061,0.492092336057371,0.386466059214148,0.240258035320872,0.20236004564922,0.183398057983076,0.144590561874247,0.136062068649583
0.205339619935999,0.333890316766786,0.350822362102662,0.431440663839459,0.53199131316608,0.515455387197153,0.467465513343408,0.436105063719911,0.422943787200423,0.37014126234837,0.327474611363375,0.27939478322105,0.245198649496122
0.315922916405275,0.414745865886834,0.496444895697192,0.505554459733501,0.53417566481398,0.435684912967456,0.430241096780049,0.39978112613333,0.360281200413767,0.354697128741075,0.328214607794759,0.316259663607173,0.311316501124779
0.130042878557181,0.159680137481535,0.184455314068492,0.233039428214908,0.371715262644363,0.465128645865995,0.458207517469858,0.320765703802561,0.23190656251852,0.249807380795111,0.182023804025915,0.159190567033556,0.162988108348476
0.178053883508564,0.197492049018947,0.218711124011235,0.232276786003709,0.310540588311923,0.516379236647679,0.610670016610925,0.607404030173278,0.615602847691771,0.560085749169771,0.384328630411299,0.240096968196586,0.198824785206736
0.285083556937793,0.340737178608453,0.334628963324474,0.398313547053886,0.450560602061222,0.510953475472112,0.570683281463912,0.628840673285515,0.651547765645859,0.508686513739214,0.404572799507889,0.305189596205718,0.255079644898965
0.134626399578001,0.141213850154308,0.22559141650035,0.301812317919692,0.40027723895868,0.484038342758309,0.470090454158096,0.410582739140796,0.346668064440279,0.28176073965207,0.240666282190588,0.249397783923146,0.226155642770776
0.158733812601854,0.182852999870151,0.270340392118007,0.334705649319469,0.399089123072946,0.44136984084214,0.441519214653995,0.369619888368695,0.349164117106729,0.324637971207579,0.279182954807862,0.271683275178076,0.23074345048952
0.136762677192108,0.138122652490144,0.20569186136925,0.276730818854438,0.372229994875738,0.499640420163485,0.506238088341027,0.403243635408077,0.300645462677141,0.259799128335944,0.21325295887132,0.210539716596203,0.19573807300851
0.221272995135004,0.238352604484464,0.296421775566508,0.290788166787567,0.298034540246804,0.374564547731263,0.572694117113104,0.637506385257084,0.702640746580898,0.626689558407288,0.508841105300367,0.294803503822808,0.232455507876723
0.369420735562375,0.354174037395328,0.285999902312715,0.313375360166635,0.360087997297559,0.397695775384235,0.434344149711631,0.39412869002836,0.396558219481855,0.330068914891857,0.296029439172673,0.228196648545177,0.202963762208198
0.221968223085108,0.246656980194005,0.261958568228544,0.260075261099076,0.219692999646319,0.164379939807954,0.135976296597923,0.130297786061189,0.131801457238293,0.130919582466659,0.123167661596169,0.115893638512634,0.102355678778282
0.405242937555636,0.450726446918973,0.434664388603566,0.43353964153484,0.356482736442815,0.303701993275868,0.270146979141722,0.247961920266933,0.244380466178694,0.232713921214002,0.217823870872837,0.21906550285728,0.21398792306105
0.254683789362391,0.284175582860225,0.274539775055648,0.278098627755838,0.227541239096125,0.166216587388281,0.147414357726645,0.13876131876083,0.139133516831463,0.135853107397351,0.130919472808437,0.118105339789948,0.122783463860958
0.220102772352628,0.292344423263536,0.332280328091469,0.364342034660405,0.355561512567215,0.389547666408246,0.441872582094523,0.452852631305637,0.437320684632997,0.419442127254555,0.424520001693053,0.275916371750909,0.253212899126579
0.192288458353242,0.229725987532493,0.3123705450626,0.403652191783698,0.372673666051633,0.432020488254273,0.450738016305803,0.458133657621506,0.455029211624845,0.411409764569053,0.331618563523125,0.318783276041138,0.24218043637139
0.169641503387843,0.201585676729045,0.26548970633805,0.358041245657675,0.356158455643636,0.410157429192382,0.419569159950604,0.411289791870283,0.399165762408319,0.346725364106524,0.275344187441226,0.267814572886358,0.199335413372673
0.299819200627407,0.37492093051233,0.351824843712546,0.370200387802392,0.433326555570548,0.415098274105865,0.425742921432784,0.413984574363629,0.405389268452147,0.354266102327388,0.319941147976024,0.263132273687579,0.253058192388403
0.290880704496626,0.31115233478637,0.326145822493696,0.367915975672343,0.425681741952666,0.401765573043001,0.403991415141854,0.380749523720727,0.34487023560746,0.285861731678283,0.242481222004417,0.238183116888323,0.231413337978389
0.317643835352104,0.409339296814017,0.508377982312854,0.581096519657438,0.533029665595544,0.403584981772928,0.22313501559952,0.17209080086642,0.16328111256988,0.157647576374792,0.145935040022928,0.1378088468368,0.113583650419254
0.273669776262043,0.358104198930082,0.350295825159527,0.367662024535075,0.445916713610325,0.411981879869012,0.454173854797074,0.429567631911691,0.403849284550151,0.358901264323429,0.310972658354745,0.302981890360727,0.261441953537843
0.232893512691513,0.288155446838171,0.331678185133597,0.390269352190618,0.392246390038448,0.360174126277345,0.292089342473299,0.199625750600728,0.16739140762682,0.156841098516248,0.149907104834775,0.145502724878677,0.122882364355585
0.247940876433184,0.315131736740312,0.372510996626654,0.484311771938997,0.495196475170863,0.433945096941504,0.356109478485395,0.235081229712248,0.187311444942465,0.174212205493726,0.155812559759414,0.149284408131043,0.1264006807361
0.372407006446428,0.430005437501511,0.466120817949629,0.479538313286486,0.371673852859334,0.258125598776435,0.191082010115592,0.175971819300949,0.169505867688963,0.161139305053112,0.149541691438704,0.147625868791855,0.138639559206245
0.257375763317166,0.316987126428537,0.393137563057616,0.511600309396318,0.510657769510679,0.474951103508774,0.369445802826838,0.231747181094718,0.17486463871698,0.16438587866667,0.139426959407507,0.132739516303968,0.114177483732974
0.30150176527849,0.344817567292862,0.323743878410809,0.339430442562597,0.376707384515637,0.391127115771501,0.419000275927445,0.435162261900755,0.457095315059221,0.390514741258004,0.352402350216327,0.316903875802098,0.266497745404779
0.161547860196253,0.220771151798517,0.259990271029248,0.267126740162971,0.274364047610575,0.44426410286587,0.557278117738536,0.643791626011248,0.723129794238421,0.608978304169105,0.513226240161381,0.294800947400055,0.183811542063972
0.160351468457874,0.173428273994987,0.200279848563026,0.2396828772761,0.323710588579588,0.537311187542467,0.696726553263559,0.730175157624091,0.673058247704206,0.618270183904058,0.337754935914749,0.209115298273101,0.158562154148424
0.26597510541256,0.298766016069255,0.284974200655549,0.320172413971412,0.382357958234692,0.477504984560708,0.592760667663552,0.649040880760265,0.6276809068193,0.563725849468756,0.296730982960922,0.244652964534603,0.216175098634012
0.325025833410551,0.32274951406075,0.312256570524814,0.327458322869372,0.371014628625921,0.517176741462564,0.583732014368508,0.668870854571815,0.623467749605031,0.526318921575604,0.408892432961235,0.272221272005149,0.216220079333801
0.144302448700988,0.19422014522232,0.21587787545979,0.217398875932659,0.237786661347009,0.443370617322623,0.624008134855372,0.712178813480468,0.738798879602006,0.670270506043115,0.549710624740913,0.290329983993056,0.149503231167296
0.244982043092276,0.293435988893491,0.303566063264747,0.317758997620884,0.40048948764486,0.534249044176354,0.645057202632569,0.699675525988751,0.677109173788354,0.584746945689891,0.312002396272887,0.250110935758997,0.220246093959539
0.313259006500259,0.3835238647461,0.362953114557275,0.407432797288895,0.395695762252811,0.493685455608368,0.652395308017728,0.631171378421783,0.602262097597115,0.561505452489846,0.344368796396263,0.262673085975648,0.247702942466734
0.149682638257048,0.186249828939207,0.210456874303303,0.215382892282906,0.248787830716136,0.435834629290572,0.605297631139027,0.696857645997253,0.680507830681406,0.671198738337051,0.458436944614751,0.269037446809638,0.172018380871516
0.167319020294556,0.230216574283813,0.270389100004385,0.272078141924106,0.280277072521312,0.489432862331244,0.580535635687775,0.670508482930928,0.6965797433108,0.660687305395987,0.497189892166179,0.29843527744746,0.195850674584434
0.201156754193865,0.250791945864727,0.255509050981491,0.286454632596769,0.386599116187122,0.569287156603076,0.695203338062594,0.755615093650325,0.728266335467332,0.673646633443841,0.508686654816622,0.284386828994891,0.184166909484963
0.143841003806184,0.18682402711155,0.192855899052493,0.203172256903998,0.277122173229221,0.502755114564151,0.65983545049473,0.704123344807123,0.733079857097554,0.681977063158841,0.521888158038929,0.280218154635403,0.1373491854547
0.277197694384484,0.28799809250711,0.315797040047495,0.320726562430981,0.362582987936134,0.569124955463055,0.595067393878499,0.698865430736443,0.666113754001748,0.574610863176244,0.466822942916579,0.273260775672032,0.208742911861454
0.255672392958396,0.265069325414659,0.255783843470258,0.302270052257548,0.37990202084659,0.486397774686942,0.618978047707867,0.693023774658244,0.671375196215896,0.563655485954978,0.323230152953042,0.238031433703561,0.193033553630944
0.344602253241956,0.356751925586355,0.352492321541091,0.383759929142827,0.358610350810951,0.461860441165647,0.530999682701701,0.557864689307985,0.589309304461422,0.52297140225544,0.399468535987993,0.276021857671282,0.235812819483809
0.199690005206847,0.225829067543306,0.246884819912895,0.287722495633607,0.39050000837834,0.577626189532941,0.690476155207084,0.67744733665778,0.665273018838166,0.564643977866375,0.411425332717912,0.228747233192021,0.176023507936388
0.165858611439036,0.219477301567104,0.240681766565154,0.251390517643717,0.289787787605461,0.543351510954279,0.659758417187756,0.692033615260687,0.713832097317167,0.663711991654472,0.47014894854186,0.306091127398025,0.168307509164699
0.164999651843634,0.216531899550318,0.250632464220003,0.284587526979262,0.408710412531103,0.594362459641703,0.665104143330269,0.617148320440663,0.599636429723337,0.515138782368,0.403459552199628,0.245773581578158,0.189103154489901
0.271234471594403,0.263057284873608,0.245028771420335,0.310242736493734,0.335868238757994,0.426199468880914,0.51125727980202,0.55280336469446,0.561793467882574,0.492499659129947,0.379164839174718,0.274086101647723,0.20621668129263
0.292284657360419,0.308105793868094,0.294432737647988,0.33877582434227,0.373847026706271,0.488701881997687,0.620939811854718,0.660799051798551,0.621684790046628,0.568391003453056,0.379381563746583,0.242413667538931,0.221072414321585
0.239792615819505,0.280664418843744,0.271179820553526,0.355139467157389,0.471414563156037,0.562762303274879,0.637738502070141,0.660868625345098,0.592247464489691,0.523415311002576,0.281444566561489,0.239917353556765,0.214241278790977
0.324589583433565,0.29491379677454,0.278891724813692,0.321921907404226,0.347883785953608,0.484139409829854,0.61203473727216,0.674117649756887,0.667539437984137,0.570694483983425,0.430158921769283,0.250251420453071,0.198842853914818
0.18146432442197,0.247859270327418,0.273443722897039,0.290298465640694,0.363245482413189,0.582737014941146,0.646584327348382,0.665485387970825,0.680667290588952,0.593035310778252,0.499927655529356,0.323359377191512,0.20533682008927
0.192940637331561,0.215262314190519,0.22828104867069,0.280954927359389,0.346641667717618,0.532091363388819,0.66698391405298,0.723205222371197,0.679007308446148,0.666062584847178,0.499588028342091,0.254854614794849,0.184262084678128
0.326177321636886,0.324301940213303,0.309467649537967,0.332894160258863,0.348356577767936,0.46551484813169,0.574371285962168,0.636681592453242,0.623912081663318,0.538027908867542,0.358056869513194,0.268791564674616,0.205998817922238
0.277153096778099,0.28179819673194,0.239018002182909,0.317201585732433,0.338869709879671,0.431619340279203,0.614560729458326,0.696505543062881,0.676992621986618,0.629837407481428,0.379840911853976,0.262792923432807,0.224176441246754
0.179696792914401,0.239391483599905,0.269359817076518,0.277718836842158,0.310638036201084,0.525617985735453,0.614446405117021,0.65702446383429,0.680610321701171,0.609018053132324,0.492543151399759,0.289880199298403,0.185910719394162
0.191687799565552,0.247402721518062,0.256776641035203,0.258001003084193,0.309946968852328,0.394772326511744,0.532178633686257,0.613342016104862,0.649332865543827,0.59928878957082,0.37967270477138,0.294680988793243,0.235216703614771
0.188461944718698,0.236827577994639,0.260424380269773,0.265765802520908,0.300631276626603,0.395009953288945,0.53653352906094,0.591816693416553,0.647037944363864,0.557517051029617,0.377460381922775,0.287146159867572,0.223117380704234
0.184187593226671,0.238448351258875,0.254858367957687,0.267439918855762,0.326690229620246,0.388828591079729,0.540732905010718,0.625438709580228,0.663942438453368,0.623912900244606,0.355604993018065,0.284407319807331,0.213669951165839
0.298868608881777,0.277893763094751,0.282667789280327,0.303618840818292,0.375586425734284,0.499896124150768,0.72714520483963,0.712254023174753,0.671789775286573,0.61266799148595,0.358805644562056,0.308559513820801,0.231826940224612
0.360870027770633,0.321005770515938,0.368150003742836,0.393156513571205,0.406749052623758,0.54196902465119,0.640577832309818,0.670963000023648,0.603896897702922,0.528898746686681,0.355231389927179,0.293693263077073,0.290018896708468
0.248840026210477,0.32687416756289,0.346582402346279,0.355584309062964,0.386346968167461,0.506536496291622,0.623568465985301,0.611033057638362,0.62763864561927,0.598246161016758,0.449625093865362,0.341909551119181,0.305501015777467
0.248971249669202,0.254647421423777,0.264140123504018,0.271769616098507,0.374271172220699,0.507964915698931,0.689365492521979,0.703856956691155,0.689488158718778,0.600850517778346,0.564052382137,0.282359562173104,0.205587733921824
0.189689384742728,0.207808373602384,0.209948808373973,0.227754448147302,0.314559324028146,0.553399270981035,0.754051446237234,0.702250198841328,0.741812819737803,0.659277847777214,0.367744048793989,0.248559559598983,0.181264074491752
0.288930866563657,0.263215825922506,0.264180648111372,0.357367503447997,0.370769730011547,0.47395043871756,0.619182712334956,0.68504872642062,0.683043191558984,0.587776425057092,0.349794844739867,0.255399301122835,0.220010703463776
0.212966347679862,0.237282686864391,0.237203619823782,0.255132348578599,0.35091671966482,0.444689419907336,0.581246909605531,0.633907034881788,0.66306910372581,0.57277339830808,0.421194776406872,0.250410406889759,0.196728681062156
0.24437135317168,0.256545274863527,0.268860105665869,0.288237010756814,0.342781673400917,0.465596821904877,0.594445827318973,0.63209236749449,0.650302663270177,0.581639861391515,0.39577227543988,0.264078401982079,0.218729511875539
0.23541151638382,0.246348654122488,0.252419450508309,0.267148261641495,0.350700656221248,0.468530741774023,0.633563859249618,0.649952891075839,0.650742581311318,0.577675195318679,0.429560022566432,0.266236251357333,0.218346250379428
0.197164465117965,0.248099560856109,0.263272537641568,0.270586618689671,0.346285659875185,0.405337000666114,0.532308864173675,0.617305319634836,0.635202934615345,0.596047939291236,0.298444796484778,0.255333321581569,0.210530948334234
0.179328196485159,0.227772099964201,0.222881543211211,0.251498343477216,0.335925748612051,0.514714051821579,0.701348906192122,0.643557911133021,0.684069311111237,0.638022193596209,0.445495301871942,0.280584952018667,0.211670315467759
0.208662818128543,0.23817842509456,0.244103936940695,0.265835456231535,0.336331290558233,0.532803692070349,0.697922818757326,0.673836712449639,0.67654295701798,0.598645929104461,0.385773550322949,0.251466760310307,0.206125161712691
0.205507261586093,0.253036184492525,0.264051259432536,0.278219426380582,0.386131752034377,0.536471287062296,0.714748080269368,0.658284008034878,0.671467600242399,0.654166379315682,0.41228102520966,0.284568491944584,0.219842922369817
0.169082540065379,0.18768581903512,0.192567559030519,0.213761702683853,0.314700373775563,0.546448007214543,0.744689661266335,0.750614411432021,0.741692581021187,0.655445437906461,0.375888812268948,0.207987305722435,0.156460698844166
0.202448753151664,0.225182238812503,0.244213031247282,0.258252815101929,0.355902693072305,0.47839945029087,0.622425703568072,0.649171098949836,0.625696886948562,0.579731064932478,0.282261754199334,0.244729164440669,0.205292047473126
0.254913838415867,0.229485952581975,0.243079152284256,0.260980283671664,0.377139202754413,0.482810824198277,0.734399830689976,0.699960882346431,0.693337559133122,0.601344875060995,0.344864876244486,0.266044967882797,0.208514585360769
0.27098120546144,0.255433884634127,0.264555868532863,0.282486125123056,0.371905868522945,0.565833364450182,0.701630997206811,0.694711211235959,0.660451786479832,0.582777836158812,0.31960415954554,0.251371816833837,0.213539151406222
0.20008735926882,0.261886313148337,0.285306503434414,0.288587579624549,0.369967665455949,0.477122769451855,0.58322872783367,0.62164258660413,0.689886991912194,0.637922350430187,0.418141937835963,0.284455068058783,0.228125967834039
0.261808192341954,0.276995416151641,0.303503835857853,0.342151485293741,0.372896171530986,0.486160583792804,0.585642320530838,0.612531428894572,0.628682567623143,0.488468371531458,0.355913177246225,0.259938429787851,0.253856545726585
0.262103295756744,0.281679479967755,0.299016577392592,0.314427948538959,0.394913112701995,0.52318311900809,0.613413563878767,0.640212638023055,0.616304624671319,0.546261339359702,0.354680027152241,0.304043055442909,0.263276811818591
0.175417822164329,0.209063504316289,0.220188083154238,0.241638983340124,0.286104709910246,0.48040327732585,0.681965409794371,0.674743690588187,0.696125516138968,0.633466729839944,0.421138294655057,0.255222412698228,0.180579393842421
0.186825393348565,0.246002707168686,0.260505064241186,0.262266663480159,0.306245966672359,0.405433210747598,0.521202533479395,0.596603803868991,0.688113073426074,0.60771873992769,0.473415673171177,0.302660710987485,0.226966359802094
0.376426936454208,0.512058723035755,0.316000122368966,0.247311061019922,0.236842271061898,0.262503496240012,0.230555502502414,0.23437555136576,0.267175773298576,0.233294342391029,0.211831826849631,0.192061618202321,0.193226681874975
0.309886744879176,0.433893840480683,0.330224333352214,0.281191870443143,0.250297364909211,0.291797547492485,0.275076266851941,0.260840276311625,0.288853650433674,0.267937483586566,0.244321481200224,0.226365801961257,0.197529529271556
0.308544942299362,0.375580004260701,0.325918641979057,0.263762161011238,0.246476041405243,0.312712880142144,0.378311000457038,0.396698078979379,0.406067595774705,0.350261784176166,0.271306173239236,0.212261171299271,0.198847279716204
0.340450197359086,0.46257062725422,0.312738183018807,0.269315033570666,0.277329031701546,0.322890317019742,0.314908394363081,0.32867300317429,0.383823273401139,0.325345820044023,0.29169409716668,0.264090569064422,0.223822935500944
0.510105846377091,0.554902678438553,0.568983496651191,0.536553301260984,0.51561509829536,0.5554459362783,0.609446713978926,0.56127445673123,0.574995429050024,0.589363993825515,0.488559754064022,0.431103336359181,0.429033869795873
0.419186186764846,0.425276102279887,0.45745403635971,0.429328291352826,0.475604112752406,0.510023033889509,0.542340894990548,0.590020682630634,0.574840092933685,0.507582078296594,0.423972587910341,0.340840588963761,0.255533969666766
0.268305355215925,0.30056622452299,0.261212026396639,0.32006231327384,0.385128759689068,0.501067785495951,0.587181543659941,0.593335933832875,0.583667787445629,0.568002444932787,0.458281510271559,0.327017707579753,0.246015497064503
0.343384256768054,0.370241504568372,0.353492066167969,0.412825932542635,0.478500597627038,0.603963622159956,0.680023248645557,0.632742858826295,0.582499561856186,0.546699900451938,0.424842926096992,0.319073729753769,0.280501201231947
0.431388553462954,0.446689544524499,0.450816646813907,0.445933332489986,0.482706093970027,0.479651629530597,0.549731949431798,0.546985322310369,0.56204496806807,0.501391506395848,0.44159464934032,0.370178746674037,0.265951586830574
0.424998995177633,0.406572117161667,0.403939939880014,0.430052056419395,0.425741434459942,0.67032439739544,0.708175291418263,0.658254967889919,0.602227212772891,0.554296394875564,0.434371728794756,0.347725654174115,0.326055074644934
0.382404233394864,0.416061625843157,0.421781385445927,0.414275631797424,0.526212363209537,0.487063725143504,0.587681967903474,0.540987778395009,0.554019894753488,0.491114246264994,0.445386433663755,0.379129299635327,0.283017368160563
0.400027307298684,0.415067320920616,0.432667107904512,0.419242527620511,0.460192316054298,0.486680551757465,0.522356423924063,0.570709410965537,0.564232671324462,0.49246904949566,0.416894886138602,0.348049682329001,0.253372472555419
0.382014572525945,0.436868349566091,0.488853489042787,0.456965073434984,0.539129932365595,0.537656200797463,0.579576523697243,0.580108587455749,0.54449371643366,0.537208359030855,0.425180078331747,0.34938780499279,0.282504185971292
0.272170281554376,0.265746135206941,0.289805487755733,0.397678626634811,0.475824482701571,0.604395287779112,0.658404636440598,0.622163152303697,0.555201639349589,0.504119920993119,0.354399037060535,0.270707736607611,0.265120452865648
0.395452331617572,0.457115974839038,0.431368860823751,0.450604879968321,0.548464195247631,0.506620318784368,0.59805755173386,0.527604053560268,0.516046663569114,0.455792897783975,0.420473613627816,0.363335950914028,0.287731952826858
0.139113086486174,0.219415675520956,0.264776985641824,0.257813066907782,0.271566961530501,0.438889860802581,0.555480969812217,0.645339514705321,0.595116107980765,0.569163002789019,0.434601266809961,0.259737257530318,0.202312842920498
0.176306465562156,0.273974317190894,0.301091586361091,0.310842396569177,0.306861703294439,0.370854719623003,0.502996175002872,0.513669131148326,0.583865552004609,0.554549071066076,0.398972763415706,0.302028097152897,0.227335428411517
0.154944301120455,0.224153511375756,0.285662861644363,0.308441641108576,0.357699381745498,0.438751676163352,0.529188934095919,0.57215983088828,0.573229747567772,0.530771052387436,0.409024777386766,0.32920647115396,0.259084892733666
0.167069596891096,0.283856719152801,0.321319462443138,0.29513095146064,0.29949134864919,0.443984997802987,0.598266230904309,0.683373831360036,0.630628603629574,0.612617778300117,0.444860318818858,0.31908771428223,0.270863154939731
0.174554129965633,0.223299231685283,0.269888311722664,0.270639072365589,0.304190784469963,0.422192893159773,0.617933740777797,0.603985481112864,0.624346876936499,0.564860939781379,0.381126553318455,0.262652456677488,0.205541499818497
0.190478073697281,0.250842109573515,0.322087208719434,0.321820422148795,0.37753871246739,0.452651814547267,0.584881092312206,0.576975709956583,0.642328409050479,0.54331871009472,0.353839356149922,0.291391243765289,0.235677068890743
0.109343068590387,0.160600698025154,0.196496842204129,0.201760693267504,0.295184511949684,0.509138413258168,0.626279605566057,0.632649277652653,0.659839539566161,0.572692756652829,0.361395149924882,0.230236639871029,0.176676784079285
0.182133238590886,0.218545654787262,0.28785898857978,0.303706356949853,0.361981277745899,0.450524948917095,0.572141330323224,0.598704133699115,0.620439496689776,0.585236507743402,0.392040629874609,0.352696287871479,0.251282148165465
0.13790982618845,0.193901469338251,0.227379274189293,0.250476759949433,0.318827089431089,0.421234957220893,0.547178187067431,0.590307919253185,0.597349689966922,0.532469001243261,0.337361678195651,0.255935711044288,0.217262480857917
0.120525311752681,0.156582384118743,0.160721509656197,0.190933583585585,0.260400140752675,0.383596111121831,0.472504679439928,0.566195955488085,0.561867201612213,0.560448732526989,0.422342514366325,0.252226638278744,0.171348394846717
0.140845120103752,0.188103761398248,0.193177972611107,0.211092395040719,0.309139478031801,0.422304767833347,0.513509520721741,0.646176051998064,0.638697221206691,0.619734689095953,0.470275095386776,0.256475816051478,0.185026498513702
0.194763849427282,0.206844954033857,0.272558244407654,0.339279840878273,0.396994830870181,0.535370943975842,0.604916651289541,0.642885398023943,0.576247816121506,0.542482480365519,0.432593020403916,0.304217803938116,0.236120920611962
0.123572955715849,0.15634963488639,0.18853955429458,0.267781905451046,0.351610777172753,0.44019723931903,0.523893908326276,0.602935527847427,0.54290560627838,0.489720257396217,0.393041552035034,0.268784240427354,0.182286300387682
0.142990215847541,0.17795595148597,0.21046858750128,0.260081019427537,0.346302502945733,0.506167099389591,0.519751310213133,0.581129776280605,0.575162605524254,0.516289907668297,0.420818413182263,0.291148391195628,0.204547055997825
0.127424008395786,0.153580540626431,0.160481860135219,0.188966261339232,0.277005204098207,0.482858442180751,0.583894655864024,0.677802918197733,0.685355626221364,0.61498271068962,0.477538310189161,0.273047440439862,0.169271848390496
0.121963343668285,0.154509903451651,0.169716222954579,0.209561445821684,0.266147053703885,0.434977063114999,0.501071196419883,0.605965034558088,0.596661745508148,0.605489196700539,0.452508935107513,0.282043100264653,0.17910664534003
0.112856698065451,0.136588964873513,0.147673808368172,0.177797775846264,0.250496178903017,0.411211482931255,0.531238435922175,0.626536534847799,0.618627953100305,0.682520683470642,0.440958780740094,0.243823299713205,0.16151616701422
0.401147908209298,0.476561443637871,0.472337689200368,0.477957958256179,0.434290267960921,0.517656623477845,0.532906047534485,0.520687900894424,0.559178523194437,0.548214027619348,0.508929744081607,0.424148364026903,0.398047901059414
0.279154949886678,0.297110898034988,0.277944852316084,0.267051218728039,0.326015391248215,0.459285050313337,0.528284996719881,0.591911895385709,0.636103041966123,0.594571657380516,0.517127672106951,0.344202081679721,0.202209112434662
0.434209656587324,0.524172132846891,0.563648830355701,0.590861246840706,0.550673954942267,0.575037174563765,0.559249655847254,0.567101399721764,0.623396076124389,0.588280997868707,0.453204991547089,0.426451127158325,0.423436970854633
0.357592025655836,0.417910795377933,0.427981861084453,0.426060433333109,0.422433662538684,0.54450258661019,0.566730751969589,0.638004519581144,0.657121682608366,0.583597658574877,0.456152255860848,0.358913607338695,0.338640392494289
0.158782360235691,0.201078420942648,0.215543277904259,0.30088922324972,0.363515190262679,0.480097380530736,0.541579008075274,0.570762402834329,0.567819311260299,0.542459251616901,0.37930301636667,0.221874697818605,0.161048053599057
0.202923699927614,0.229041408416391,0.240901406206656,0.269810459563523,0.357255340451614,0.47322547222518,0.569011888865654,0.664778329902306,0.586464268561995,0.536254282918755,0.424435280128935,0.276338840337225,0.216618966879681
0.177988373646511,0.207199024902843,0.21523787883222,0.205191604075395,0.276831451028024,0.405644615806449,0.532466361434574,0.609444713014373,0.547553560885232,0.437343099839961,0.375462102276829,0.25510010524783,0.171660289238764
0.201734478866409,0.225095719854235,0.221923758982829,0.252465480339752,0.369407365484571,0.473497477297451,0.628993542314284,0.673092307194589,0.605302325356625,0.561108864219418,0.393564766258497,0.233276575157979,0.19041729482888
0.198624755183702,0.229116090093338,0.227554107751359,0.236597560457825,0.306210573756256,0.394897377375261,0.600427206340308,0.66342607126075,0.622113411615041,0.568819195114573,0.402365687290269,0.224059379693836,0.178854894472194
0.21916653436723,0.299179218990574,0.280177027127909,0.264785053979805,0.311121960476225,0.401245004737009,0.526119239955218,0.656060475906566,0.572782607471775,0.526044622199251,0.38804982924779,0.256987063141363,0.20028243035917
0.206197404362531,0.251629120413132,0.244800548815103,0.26946128573687,0.373528965103439,0.498039734498229,0.536588039522895,0.592206155048722,0.537019075308949,0.443518714698544,0.307411710685176,0.208361269235534,0.188609769474353
0.202462126572632,0.242120765045179,0.240849529063737,0.260255774581764,0.358189485319467,0.440405424133522,0.48712174655532,0.532085762752768,0.543321663838044,0.481002963867393,0.302154280371218,0.214580207522385,0.184671269787503
0.225999821019033,0.287959727637057,0.300730240013074,0.325363550513587,0.395860761438378,0.501206481161362,0.528787312221506,0.590688294677902,0.532507768689844,0.441219606955824,0.324930576134267,0.258397507699614,0.215035446345589
0.20647783387421,0.217786020833246,0.217570648325326,0.228726874680724,0.319424321705006,0.444162123855991,0.606795094487821,0.691441761612337,0.629045098615333,0.566244584434163,0.417341105307403,0.222718120994882,0.180384281524117
0.191168410001318,0.234508579905322,0.232400535781666,0.213640657009175,0.25410847049467,0.367797272641598,0.490339302939571,0.556994508050041,0.547534248477252,0.505974300930683,0.431093364436197,0.276263068810857,0.189612955373525
0.208572346110471,0.261878646041833,0.261242632135416,0.288376090413707,0.39312260920113,0.536381975840683,0.61067497043781,0.644508098251287,0.606826179248617,0.48864817435054,0.324001588153161,0.215830123293113,0.183209634136014
0.230527478629472,0.303478936679127,0.31413711560727,0.343255770582442,0.401657435434504,0.481020787936113,0.495867487479954,0.529172116640583,0.448875713488733,0.360309586367571,0.26417929151945,0.228950150723191,0.215305824712408
0.204710841912772,0.231649897588849,0.234481348030964,0.261682645990667,0.393566319754117,0.499883508864182,0.586518626254594,0.614273240971985,0.602878227711783,0.531926440015067,0.322488008608075,0.208393174653888,0.178391227708074
0.252459173052219,0.220190932942943,0.247450171612409,0.287849002943206,0.355308348652722,0.560925264814789,0.588143458676231,0.717550994847425,0.630109810137179,0.541289924759504,0.434027753700785,0.312779398842906,0.221194661068648
0.120600587130687,0.137698799965916,0.181049591208694,0.215562124973853,0.287141255847569,0.395754976713097,0.500716558295562,0.534396969675248,0.502685179640438,0.434179327689734,0.326384673802174,0.241261390872378,0.197676427321706
0.119405145349328,0.135347663190348,0.180681101373441,0.208834392990623,0.301430640033687,0.433736679148776,0.520670193514599,0.471694650375599,0.366933219048595,0.329928537585127,0.225165200234921,0.195473685696056,0.191356678777903
0.113426868894573,0.132046834909237,0.154814221074047,0.188962747873298,0.253356295710609,0.403155510030961,0.531974016783915,0.571937897282257,0.540416830272776,0.442233390593157,0.304961156481786,0.21052728934814,0.162094941455525
0.157404685040136,0.186990753514387,0.221857901958815,0.245249762052159,0.27397736894835,0.315335426701541,0.338084914227941,0.437970026742879,0.44530105868783,0.395854835313524,0.3046126542476,0.259573141589126,0.219351086293824
0.107645165529264,0.130165662117393,0.174709826685571,0.208382415700315,0.313501617572128,0.450794776666409,0.545288636465756,0.556421717327071,0.472284787903284,0.394946317794108,0.274898708032043,0.22714220303401,0.169199336962351
0.101347075485345,0.124852892294306,0.157698787713347,0.194335914574933,0.336742379802223,0.467204061753355,0.522327444209696,0.560277436588902,0.434126193911975,0.361804017662277,0.252828608096649,0.200608506414128,0.148681373403794
0.144203343882677,0.171936590434353,0.195298820920448,0.252570403526712,0.299733164662769,0.411138639231004,0.500268677472428,0.534683832260956,0.50867393187188,0.469046613857381,0.365820169014441,0.276794639991934,0.214608813915619
0.112104986372539,0.129779217332064,0.164173755499992,0.204336114103638,0.274137449521772,0.43080632835589,0.557900441004198,0.600259894669763,0.52600330982689,0.421393463952627,0.291241232955106,0.226592897675228,0.17435547964637
0.112099963799159,0.128960751130267,0.171191190980184,0.210931485557141,0.370840220180891,0.462766613235271,0.536032477090125,0.527428027115119,0.393891099903169,0.36156582550293,0.252333415535717,0.216377437888369,0.162611623566997
0.132280334936749,0.142801302061162,0.194244048629928,0.231151923007301,0.317381889742304,0.399226919867365,0.418208835794201,0.375909219602076,0.32245589107509,0.267183079415459,0.211000455716783,0.201092375959274,0.195328687601672
0.208986246216723,0.230879269752675,0.24065951276233,0.256266520249379,0.305163446966651,0.418297338560837,0.568584090118776,0.598769110911973,0.62680479039984,0.561953802674913,0.442122099453872,0.258239655684976,0.204766848141391
0.237255377798176,0.237245028792857,0.247120341586617,0.266923467616172,0.362618856053573,0.460801323663728,0.60608595682089,0.619296612392942,0.604288545381177,0.53758405107033,0.391782502255409,0.254299350107246,0.217961825913715
0.227030686955351,0.22389443330378,0.250898314313827,0.278031037011231,0.404426385109961,0.606617918304465,0.714217448016164,0.678539724721854,0.665407280152853,0.529717060280317,0.400324986017495,0.264568915919754,0.216936314103762
0.274430013783715,0.24871976479934,0.261042162119678,0.274299437655379,0.369939877969652,0.566185951942343,0.664387603000403,0.674932566827444,0.705806519372312,0.562900739673071,0.500095572725246,0.268620368717104,0.224024389309919
0.230108247776311,0.224607964161689,0.252324234344361,0.285336188150125,0.343877445417433,0.515005438826055,0.617519806645747,0.638351626168991,0.647631912108687,0.535910999175368,0.39585012072602,0.26547096807559,0.211155011828648
0.219518032141971,0.22922820154765,0.244684788039106,0.261856368040797,0.353875816878066,0.48971307657469,0.642266437744892,0.646228897248203,0.604644277379136,0.54112130033169,0.284481531516338,0.23881024803079,0.208559276564614
0.177644620936591,0.233303185484256,0.257334178279704,0.27056343211806,0.279011395309817,0.357968553219855,0.523456551142022,0.534339712111161,0.623055406670247,0.537125416115155,0.430853453393755,0.286697184201162,0.221683732911332
0.263138560765992,0.27496822045577,0.29982270233428,0.335933611983269,0.431767235421594,0.566549623080157,0.648963507081003,0.640115933577147,0.700665010180128,0.623734323874851,0.445228539396262,0.303055468400396,0.253495880961432
0.23316802706367,0.22372366426811,0.236025888726212,0.247274148603638,0.348011648474423,0.553244081624923,0.684490507860054,0.710039383521239,0.733406592667389,0.636716114281508,0.498333886806718,0.254112212815181,0.190748385282583
0.178040099196642,0.230079098973699,0.250197253936947,0.250990767309302,0.308187646169723,0.450784026698839,0.636136563343162,0.632626036121725,0.639719151629933,0.538433631005577,0.351226328188866,0.25443186319454,0.204824915661999
0.263936253196797,0.226101765886968,0.241892796357343,0.272142708364904,0.377124257925743,0.573872460846032,0.680394906075101,0.732999492506578,0.72473531135847,0.629078970682609,0.485437647602847,0.270102717597541,0.206534844900775
0.220414114106535,0.232049984179629,0.239523648930337,0.255095692867379,0.291434217062543,0.405582831779135,0.561230751907371,0.592729441494386,0.632740962459134,0.593114064739606,0.47521474351486,0.274220373221161,0.208767516043392
0.204964063506166,0.226439759192227,0.247929275555449,0.268440966146073,0.330717758053977,0.411441512188472,0.562792129654053,0.570672930853328,0.610641724938071,0.518387634583957,0.457107661026286,0.261556202816456,0.206133190141403
0.183927391569837,0.221983493533273,0.233196015608076,0.233178513194241,0.285433349845268,0.398575717219355,0.558956168632675,0.565519994034143,0.612533808832606,0.533241807953402,0.303561154450383,0.228861585822056,0.183364110074323
0.295283541540041,0.340508367041923,0.337936499290379,0.355064718943727,0.398201983266152,0.534767724267735,0.640265547333024,0.688190525700102,0.674728814075067,0.645984917331234,0.564076452326133,0.335394375256231,0.264499507445444
0.218246522920202,0.237533842101324,0.262322234194723,0.272744581260532,0.296482967954502,0.39110198222063,0.557764258640264,0.591634238659963,0.728715196356927,0.615149917071312,0.446539390718568,0.289219017126041,0.199986945858222
0.230452232173066,0.246919962326279,0.257927867353363,0.277634842908397,0.348846508395901,0.478776676619261,0.610915785088355,0.639023765225349,0.644553221750757,0.556646363456721,0.468430684574327,0.268415584190577,0.222044985530324
0.234457904942828,0.223712857427765,0.237197451090121,0.258426602764795,0.34921408356836,0.548509579094339,0.666346075348562,0.670745409002954,0.691716037557486,0.574619093321159,0.469113778136343,0.26239018243958,0.207355921566772
0.202780415478601,0.214800779406406,0.241165673347172,0.271604311191758,0.401765726304,0.531262624562358,0.631470130598787,0.639172804275912,0.667366895553045,0.484604905818834,0.371705403252991,0.228913596085287,0.191196507331308
0.226459260278506,0.254505059961738,0.25183681938295,0.250007861179934,0.347721489973632,0.427552648998196,0.596875321764136,0.632822656020175,0.618499847985353,0.574422741475465,0.342716298483581,0.251068903245604,0.218802729151152
0.22792332308644,0.232565558898846,0.249186186073608,0.265480577981897,0.371627027018467,0.518066283411483,0.652219319360676,0.664615790025835,0.674957307404007,0.54420363571885,0.430345156499134,0.249071640349176,0.21133771954966
0.179644375943035,0.228834350776575,0.248778677670891,0.258215535665101,0.264740111712732,0.335733025296773,0.459824004889649,0.507526957068997,0.602301638403087,0.487837175456842,0.367907624139451,0.240750937486023,0.19596957182372
0.277713373381569,0.265396307308724,0.273318004051001,0.300948310853863,0.426714705166146,0.577814834526508,0.667516753525494,0.683178686548326,0.693948196159599,0.578564536606296,0.470984070507797,0.257043132127948,0.216987026958444
0.200621832479648,0.219633362416455,0.219262459760066,0.235979090770827,0.318393742533617,0.497249503841139,0.700918649267565,0.676725805654509,0.668572648571729,0.601981815048269,0.338033195659224,0.307999057486605,0.205665487241631
0.216502591503384,0.245660130558917,0.237568556898258,0.249418071183319,0.293636030331924,0.405482967306171,0.55796760846035,0.571094250348974,0.630437567739984,0.549581188346092,0.355319526965947,0.246021206648906,0.207675358695895
0.214492327368847,0.239311973726419,0.264104149725704,0.274062979796419,0.365194439897694,0.453423556839859,0.566381775724378,0.589985161946918,0.632562838773732,0.544643345267509,0.470343158173432,0.2720351268028,0.207915671639209
0.23354966730203,0.242829616638715,0.258912816841227,0.270189797114499,0.294403930887827,0.412628854291804,0.536279026511738,0.583636739838644,0.670122152788406,0.603664007808558,0.458230128323928,0.295499845777653,0.213100675921422
0.251689006639974,0.256974608292882,0.263340335030721,0.274965283686855,0.359131928580153,0.480969955657337,0.604306818589589,0.620953585707009,0.618276424187171,0.543368159606788,0.430213483743614,0.273150156872331,0.238170679517055
0.236408745935918,0.245285230019453,0.277270462829696,0.306370232457868,0.387006323382659,0.502356415395322,0.60931491611986,0.612995687572096,0.639519305446779,0.538575115937335,0.452732135677309,0.27345535457037,0.232568763922906
0.173285812686824,0.206092308048056,0.213299313131427,0.213854062155368,0.267835529170701,0.402926749418533,0.573481256075959,0.627479102882882,0.674694804620131,0.580629980665548,0.390307462109098,0.235724146324095,0.182248210799626
0.399469278833862,0.488382281266049,0.472629613489187,0.47177911903546,0.479295256025528,0.536558286177038,0.585535414861141,0.616411953367991,0.672722713949067,0.547881601556063,0.430472230621282,0.388411926718561,0.395481560689433
0.176065807984199,0.233958336765925,0.26650514221621,0.284578570685147,0.286546584744468,0.375251126577799,0.559845077586143,0.558062796168662,0.629170874272252,0.559304968766687,0.406835277213564,0.304076111032618,0.226659091435909
0.206976992607766,0.236516282847259,0.251775393514652,0.256580036785508,0.288188362856486,0.401114092620739,0.519424204134289,0.530767582128217,0.594994304384715,0.518744643622144,0.413380662804239,0.253363387027041,0.207047462508288
0.417188912696761,0.434738517593964,0.309986738944803,0.29658168871068,0.30101563530565,0.32372062714846,0.302038611750305,0.267816443533073,0.346354074037828,0.311768914764746,0.265232193270329,0.240196785042811,0.259628838399055
0.34832634049551,0.41149710427765,0.290516054701985,0.259249815947559,0.275841156216436,0.307504290969667,0.284677874802971,0.29844586813504,0.371070738452563,0.325386308370144,0.297280672945529,0.271981570291038,0.213093866050796
0.231747600970931,0.298537803932481,0.316035556850444,0.319766186410051,0.339865210092534,0.340300503910426,0.33200995285399,0.425645296511088,0.432253542238152,0.454679430152523,0.387450393838095,0.371693404031235,0.28104893197987
0.173972842972153,0.245794369571895,0.269550407279325,0.318389984786046,0.382537915130417,0.413433125843877,0.453353821185304,0.560580380328934,0.554929097990244,0.538798026332062,0.463982288738256,0.343462300453775,0.255317728436258
0.181746272502116,0.229126553816981,0.235666614920534,0.244390718543263,0.241899113311354,0.313640503490074,0.329354428083929,0.463948841055056,0.514952077045504,0.456278032906421,0.336217211029918,0.258619920139736,0.213638354976726
0.151888743793852,0.204483255676684,0.213827861907488,0.244550383865723,0.325038797731677,0.413704991018832,0.48436522635264,0.629534301499236,0.590475848538112,0.557957971691877,0.436595503953526,0.281761709874649,0.208482942815017
0.207348510283569,0.247491111917454,0.267102385238923,0.27774806433012,0.326707433688661,0.404230412566281,0.477418352183031,0.581738315392479,0.548971751612259,0.49473331799377,0.425249062395848,0.280827837937754,0.215005909469421
0.168502076493636,0.232039023916198,0.242614959174025,0.265385496498627,0.319461854049202,0.376261733895959,0.4422731922538,0.595412361645007,0.576292213437067,0.534803749590672,0.457631306846294,0.285943770396232,0.226850499701873
0.184048303210026,0.217356853155501,0.236915665317021,0.249248788309949,0.325132788520643,0.42298204819505,0.525193532801251,0.651303329885582,0.628394358145297,0.554445127094145,0.475621121564474,0.270015900057433,0.191591077063321
0.329349515274645,0.322902045217117,0.33167483772657,0.357892916808605,0.437392431624128,0.503174029542092,0.659882380354701,0.654778419781272,0.639894529093669,0.52637714809322,0.469231205434391,0.353794947353533,0.280932876103583
0.352343341228823,0.371617131347462,0.361576675665531,0.405082327890412,0.422004459233912,0.504290700471205,0.632868782627678,0.608638939890486,0.584228132061663,0.529660854199379,0.468338670116447,0.363532198871698,0.272302840034771
0.326866935328017,0.32394060253137,0.352741556231357,0.366910221661211,0.459991810376171,0.494283459791433,0.646888446146398,0.679305525335774,0.646187420290013,0.54768898344788,0.487355025009649,0.366308260370304,0.273510795564533
0.360774709954891,0.432714241518995,0.470821074184368,0.537761121143333,0.597404621018969,0.508808641169678,0.609250096368736,0.642605409373678,0.521226887040312,0.49758131490494,0.445261725035584,0.404316014204537,0.368035910783975
0.415656060467288,0.472481785190909,0.496312471987116,0.466462802816247,0.480406716408453,0.495996358003285,0.57710472072332,0.52226020889357,0.56908485837578,0.52241527856476,0.490143687109212,0.410755411845692,0.329320826170655
0.359577400009136,0.398703546636419,0.386164243557394,0.432777021125256,0.452617487519697,0.580749869503335,0.643309042278886,0.607319815589998,0.572155476692943,0.540920063516034,0.451620220479484,0.349835778116207,0.288070755402383
0.182696939170165,0.203982838310946,0.222380461936034,0.217399779208777,0.219043381085236,0.254003709886861,0.301929350594384,0.407144790022109,0.418578030185831,0.3943575958842,0.321164370661358,0.2882358793589,0.229517500843944
0.164361901639812,0.19923048166561,0.167026058302921,0.161295168077434,0.166696448635452,0.190494304895013,0.303154492047506,0.310487576755866,0.417548945055393,0.418888778016626,0.385972539818605,0.373523398755511,0.258051543963066
0.184350640748771,0.224116571444327,0.23667310546372,0.227348150780571,0.230357046247086,0.287271171977321,0.409491790995824,0.507765238266368,0.521481699680241,0.494924371926945,0.427537291954635,0.293802036020628,0.24100926962211
0.178226259348059,0.254312023988854,0.290605684908886,0.306678805434762,0.388661793837736,0.487873796551495,0.734097702295129,0.640539474369635,0.654562442576243,0.578188534434121,0.542845880576409,0.39178131330728,0.262697423409868
0.193807666577681,0.283071393316488,0.328777355188871,0.327977872110991,0.374800341986684,0.483701845314684,0.699371202493492,0.599690419022108,0.626460157172972,0.562994487997121,0.510004917620786,0.38664264547228,0.285803243437131
0.156685519122956,0.218461160239891,0.268774503827129,0.313304859427262,0.378697247868199,0.516672357740308,0.727317644967409,0.618781975156771,0.654559623278983,0.585648114261586,0.519969492080183,0.379024348977742,0.250677610475701
0.166381679501337,0.23054093396412,0.287001368568504,0.296676837194799,0.359138907064027,0.533907188556952,0.640711208172894,0.622419517547733,0.657144523602536,0.583745295071137,0.513798374826881,0.36822007558411,0.267776870130794
0.158048399409649,0.238658179101715,0.29683024909384,0.365881476291264,0.323097392096926,0.452241502204351,0.514791818175089,0.549956151450976,0.611868047365172,0.627149108990827,0.487837459041558,0.465536212345961,0.38185366052688
0.162240032934211,0.23926424698145,0.321830915574715,0.314333856191331,0.347557622726416,0.503730550146896,0.5698164014642,0.595445161740796,0.648822004308075,0.613964690740057,0.545241087325977,0.42028124564531,0.317051576108875
0.154071808500401,0.218270967161097,0.281515976241788,0.36381497662478,0.336742672366375,0.450335064084742,0.531636415976107,0.56980399962497,0.624679796867915,0.565790351681043,0.453665054373903,0.410606375408455,0.313929398874942
0.302840454175595,0.364833961600806,0.411976967298505,0.365548001743655,0.415309607281989,0.498918906033023,0.571160894679084,0.678207946740563,0.639289365441258,0.592468507359373,0.540253152925983,0.482511062265462,0.315362593772735
0.198321748490987,0.199982567649129,0.177458555230733,0.164916235151841,0.18843281515571,0.221241977511486,0.325689373659577,0.36582067953353,0.504965542701683,0.523452299796673,0.432979854550373,0.366311466891695,0.271894650987698
0.44106082167253,0.495570521487677,0.323981209002161,0.248180211616401,0.252878680964839,0.253346783088987,0.257094478250017,0.248461775904715,0.282572482531151,0.244433346913194,0.234055975258908,0.223648392772299,0.235365218412221
0.316644533216272,0.344072656546996,0.285936994665396,0.21379572029961,0.209480191163206,0.246626085565159,0.326506658344123,0.340514219158344,0.487872428885247,0.460706438369522,0.360140180226475,0.334136419355172,0.263955689869885
0.15726851283122,0.242260175179022,0.302563158211393,0.284582126331854,0.302118113971844,0.436561680669567,0.551444795855639,0.607033210801069,0.597348075407981,0.534015664689686,0.327209319347722,0.219968509616463,0.196490781426563
0.197740800254653,0.271785583723844,0.285312591325489,0.292762777240774,0.335552258190137,0.379698374769732,0.447738786840968,0.480969216845868,0.476776521541907,0.477145850525621,0.386870728490538,0.30211834269103,0.236109575043214
0.154231613644536,0.220649138613366,0.33044279167054,0.324282264858573,0.339108499607556,0.43417746260072,0.542170365616375,0.610273696506396,0.645642895428287,0.554775555599973,0.485514232761713,0.407623468406588,0.325035391993329
0.148009526474077,0.209977304101781,0.317663103377216,0.329444940851627,0.306634406980588,0.451587921044823,0.500008413929021,0.584348348565674,0.610871760758707,0.548098002663517,0.395693725686247,0.373147766262857,0.303668489795175
0.302328116803543,0.354017749257544,0.31223491581133,0.280761833955998,0.241313236749378,0.290695986780659,0.362448637717475,0.397406920963672,0.406589357329932,0.387640794883739,0.313099452617228,0.24052179203126,0.219555344268513
0.259997259756665,0.301867315545363,0.290978381402019,0.354269692085355,0.38694516196911,0.493876798757526,0.633557102915075,0.681947077863619,0.657967617031072,0.591748540576569,0.452192484857649,0.259896788926572,0.225262869099865
0.223533747821726,0.253610998140451,0.253143436710823,0.291484966107816,0.375801649587726,0.532368755425448,0.640317970925079,0.716389982751989,0.691488195919305,0.613585105775807,0.328257961394974,0.232773899029314,0.192965281751798
0.325690844041978,0.296331082004827,0.310698146777352,0.321152331185437,0.423327081751771,0.589703952002084,0.70193112441867,0.656970069735986,0.629595200479736,0.568662405131372,0.323959576873262,0.269142289451703,0.240320405664035
0.160786942738116,0.193100796882669,0.207928070652259,0.213865245339208,0.254373252684706,0.379477152972274,0.594924319914707,0.645284863679488,0.713328332060793,0.638171756751908,0.425047375273084,0.271287598678943,0.184275790362413
0.21214718938431,0.237145795047059,0.252548130309104,0.270736555368395,0.33327243428836,0.545295604179649,0.673353421539264,0.700649027625791,0.733433280318614,0.632518846065533,0.352320290135125,0.229509035276068,0.18981105133686
0.173750106315479,0.217974412780154,0.231779213814964,0.239327416156632,0.310152067298833,0.435056893612003,0.580949338589198,0.626153170503689,0.655789145514771,0.616735801654434,0.326720346047652,0.263172607718542,0.204133450884511
0.272469129932846,0.321295059917236,0.313128069869431,0.306818637141535,0.309459391778933,0.333675633409635,0.442126514592835,0.514392754458532,0.503839891161934,0.439617701710755,0.311595124503225,0.25033079578517,0.212081354897342
0.237313394735231,0.278007952486187,0.272525366960807,0.28228300652974,0.352855449633499,0.39882568111658,0.512774049228628,0.604877930410977,0.571456575508881,0.486949864114707,0.319338802624088,0.236941820184524,0.20311230849948
0.335848208129786,0.460897408247,0.309811860757324,0.265400116633248,0.268822315677251,0.330203257485841,0.302373720945414,0.369158848967775,0.334985510099681,0.276085620773213,0.239950596720729,0.225271879703548,0.205442609560857
0.338530852782281,0.385650889461131,0.403458749510771,0.43606731858629,0.460030083185497,0.537429170387682,0.638361115881872,0.598087910959872,0.573759347197009,0.57812796264269,0.444810065799562,0.349606490519367,0.288791208118105
0.357875612575558,0.384112094978551,0.383929864482458,0.391572356960367,0.409863002836826,0.534145040005142,0.660251716567453,0.633519132259734,0.609398893982477,0.608601892644038,0.482535392777555,0.336732610584361,0.265892920022339
0.151250858064179,0.204895747267079,0.26440714144719,0.287629037707359,0.346905632565601,0.417872144159484,0.534665396507763,0.545585920832431,0.565580715771211,0.524393436272384,0.323876951329472,0.251519192629559,0.224570106227016
0.175790651962907,0.28094293270461,0.332674408099274,0.322106220673748,0.326040361532398,0.479463928981361,0.547799303636105,0.620047916715241,0.550015959017349,0.509083720973786,0.354668195955763,0.259769007557155,0.248021736004672
0.119196560278294,0.12416202644867,0.168710081568873,0.220388903159458,0.415562893230289,0.508078280315868,0.551411063638,0.542908488039407,0.460848314671906,0.369080429959601,0.250953243964455,0.211005489530274,0.155093738037184
0.116240849357677,0.127505492303223,0.167154900022338,0.239767471933269,0.378837995326742,0.522901058618282,0.589069242760502,0.553930254682397,0.472387643605349,0.38152567177907,0.262986009229868,0.214661501421608,0.149627169762332
0.135542842717612,0.150575420991847,0.203245365333129,0.278060639227155,0.416701300032226,0.520154013430763,0.579590385857842,0.530680565136241,0.482955573368714,0.365700900990142,0.259369542299968,0.208933550397393,0.16303442673507
0.107395283469042,0.132507139041044,0.153654307113463,0.227958217942459,0.338042255192371,0.445887360473545,0.54183158173338,0.587636798088394,0.552443043850843,0.518788618872596,0.378786148664815,0.253713550777706,0.16785481638178
0.237076170355728,0.224157047311185,0.199471530831366,0.212830398958215,0.270646449551896,0.497673059965605,0.565700670932213,0.589258386161134,0.623623684933968,0.567492836909071,0.495014320763197,0.290078066560567,0.192058513955147
0.242855003687784,0.278206206011654,0.267444115981854,0.280365717470758,0.32993276687534,0.405349054701041,0.545198441800081,0.613081436797577,0.539101526471692,0.492919579222894,0.327121462392455,0.222020205846448,0.192387542929684
0.120422934328802,0.136971760077839,0.188492879349787,0.230548643558121,0.338341718271386,0.441196839394485,0.4684482610037,0.458607702648478,0.386013497777617,0.359701276159511,0.250438513696843,0.214536235985341,0.193282317262811
0.107533927363617,0.127352225918347,0.144962131448354,0.19337242025987,0.307834594783216,0.566400290063624,0.572030975446971,0.577300030801023,0.379478838290376,0.301681503368422,0.21109815637862,0.17295160808151,0.15481615847336
0.141533047024114,0.176082573115029,0.209711630267997,0.256993380639417,0.303603569458973,0.375879383046646,0.440444929973682,0.508981725303704,0.50265659563263,0.495273414897797,0.38674174453456,0.296895761957617,0.220948292908995
0.121193851893872,0.1410931882099,0.198114008827051,0.242738774348801,0.33695942570444,0.424130305899302,0.527115777660701,0.519528418431685,0.458946150078516,0.436774572042546,0.315540878117957,0.256503979424965,0.20312523523315
0.126035621236413,0.147959638843501,0.18973166646929,0.229177288984238,0.294965969251969,0.367812449920363,0.440363005544909,0.473929742586667,0.474709562511836,0.426278532664452,0.330233623061447,0.251150877602766,0.205259978092704
0.101336672017545,0.113667895407694,0.14016235463955,0.200604902226732,0.320218176290184,0.487301096047189,0.53573067260231,0.526871856063597,0.35647817174905,0.320057909518049,0.21848818985003,0.18698280805263,0.167768395238938
0.102000574976787,0.114536354761669,0.153237738998346,0.189522939256644,0.302050909170952,0.467438452037996,0.580325374105138,0.601593314831509,0.524711962979238,0.416642757727117,0.282514323281913,0.21003676725794,0.160787322046291
0.231145364698159,0.228065770144988,0.252399464809375,0.298520099818511,0.323808282163221,0.430472429526452,0.523754229923648,0.55170904857465,0.625495884424448,0.532736412617746,0.497539286781799,0.259742463568873,0.219560541567994
0.164216034213266,0.242858544136309,0.236417957168157,0.287059502035158,0.331453212744792,0.415203381438666,0.451880828245683,0.571895309847457,0.528312791777264,0.507113008279939,0.408793195467176,0.294779413228969,0.227692816320768
0.145114781318691,0.189061256720306,0.208751093901406,0.247563631738314,0.30774647187187,0.390995486355964,0.42093660822255,0.519449505840215,0.487905862409954,0.468636418797813,0.357919274240218,0.27213436465973,0.214985092851485
0.165009615251733,0.207641666237686,0.249667054632847,0.296334732352707,0.344208640685195,0.421587073129598,0.444521647250985,0.509725549406788,0.496426862046672,0.543799314097171,0.417473815584111,0.315375091256309,0.252907561916614
0.159558971830927,0.217579051575533,0.306524139992146,0.329743518183384,0.342666247250796,0.479209295477359,0.531176136557501,0.570529396202611,0.61205621006397,0.526741332861595,0.470426402429686,0.337752514417478,0.268946020070653
0.210184481998744,0.273957984844742,0.289131333599702,0.35279716527151,0.399713918435794,0.559943525787467,0.645850402892624,0.698239752606967,0.700858196433581,0.626788591242775,0.489496431825272,0.252547668313181,0.213492448388009
0.321192715849445,0.323222513054944,0.304690717308865,0.365120662688761,0.395858565058738,0.474851379879356,0.608063131539262,0.664136926038111,0.633101865772381,0.580760615585523,0.389776313113728,0.26106191536417,0.229203602637351
0.273159379615192,0.282885710290086,0.278880359084274,0.369364709845117,0.404599706214651,0.531493990430149,0.613584461069291,0.653207554038297,0.619868791542938,0.555349090190761,0.379020151548522,0.249090932992134,0.223835126889911
0.212247315949767,0.223499984431352,0.236006494815294,0.298810792813951,0.35335239685445,0.532635263010607,0.668321579689935,0.700131680583822,0.668103352190096,0.629184059916551,0.463084972524684,0.254808725578447,0.189151561876043
0.31711885789676,0.350175806327103,0.327320700538242,0.385031807415412,0.399750328710178,0.512897863729511,0.633843835549004,0.678728648046444,0.617315155185933,0.59450177188626,0.36970063389065,0.286583114519631,0.255909213542303
0.231507716774183,0.257914548380618,0.24220240444186,0.352357413395917,0.393512581095908,0.508126783969444,0.619418032196722,0.669744527699273,0.633290901861354,0.561920991800688,0.357612774543655,0.244912708292383,0.213479735768338
0.196015397567224,0.210432015532627,0.216004353329575,0.239163261596149,0.280031426650475,0.498337886675074,0.739165900528956,0.692149405646435,0.749775366044115,0.660205049113858,0.394337652486715,0.236567706692926,0.175089458943156
0.230670899140655,0.265134793598952,0.255298797016026,0.251716416153873,0.267888598751463,0.30092692732737,0.364361218161322,0.396372999963729,0.419287812751171,0.371138284665912,0.297540856082745,0.217120390057568,0.183403083519455
0.22379033040628,0.308563823736925,0.327547542484018,0.356182422809404,0.469462844084771,0.541565273884966,0.614883341191426,0.627898660790916,0.617289041947011,0.510957147287472,0.347389522569251,0.294126276845673,0.225957969364431
0.331579806687258,0.385784829884511,0.353076456593964,0.327237423046823,0.273277722502537,0.288168909373714,0.363968074568748,0.409348311344274,0.414237920420216,0.37247651684594,0.290602795046505,0.260711545580251,0.223381697908417
0.305463889890665,0.356858691024513,0.302523133396752,0.273103953672077,0.240318674468116,0.278260630786409,0.388129733660382,0.400803711139214,0.374216916547344,0.330269782925236,0.28078572070878,0.204296738293614,0.200658043970761
0.274745801008757,0.445306082757827,0.354766868324478,0.28578812804314,0.22318418928021,0.287886591774875,0.351626739505675,0.424344685253684,0.425960933662392,0.393621548394587,0.302082728886235,0.23571151692141,0.193068467125476
0.264459873111275,0.319269033065219,0.304836033446813,0.298983394708739,0.267303352286681,0.28962253239951,0.39168596218665,0.491465568653863,0.456522527736494,0.412244963010584,0.300125379461311,0.228799904634486,0.192517589103236
0.194385492088468,0.237080610348529,0.223594599258356,0.217689321119857,0.246945268707489,0.344611260389773,0.496882909987552,0.480582739614517,0.451228625211449,0.370501462699565,0.297077136992007,0.206412444779086,0.187919192322811
0.308991569802294,0.360759003855885,0.377795392954332,0.382008857352955,0.415650222865951,0.501816994523306,0.648617094100617,0.648080238225281,0.633398636920547,0.545227972184461,0.419357883598482,0.332221603820513,0.275531060062906
0.144836479356253,0.172466116055234,0.214792033107065,0.299509038095394,0.372689943508319,0.479236576109408,0.516765144278181,0.602732404873924,0.558613247546933,0.508558672473707,0.423433218898751,0.290953271052035,0.195503270169115
0.111516736598589,0.137741336273852,0.151451998195159,0.21193694976019,0.290286789259205,0.449050123934154,0.524225755186355,0.635199996006903,0.599073485507135,0.57598618566435,0.436151840433426,0.266279360879145,0.169309334105948
0.111456044226745,0.130819654741859,0.176461244820356,0.253615535089706,0.371828506481129,0.493421335916401,0.587539310203803,0.578459452464594,0.495406917033196,0.43684346561372,0.298808550261796,0.226589381488137,0.172367219473228
0.146300054024653,0.144865636172159,0.207787932518965,0.277197376658423,0.428740252191049,0.523057048731024,0.575126891045337,0.521248395351994,0.448783584339931,0.331202317125981,0.240647726056859,0.206701250145337,0.165998186231182
0.164479240494331,0.216230316776636,0.275073520663489,0.326074666207399,0.372924127506515,0.494879748597035,0.533269356200654,0.561135447954755,0.580769848718446,0.605889292793947,0.483673812453994,0.324850162163954,0.246378326904398
0.315394740329488,0.325189927988032,0.326170198863181,0.358492873962042,0.392732910820653,0.53459935440989,0.618772394724558,0.673880143078507,0.66510575633095,0.557892015766346,0.401718104052618,0.300985780383648,0.221773560028339
0.245167142012705,0.359679083127332,0.357579179568847,0.385740355968221,0.410787374679975,0.487983654106611,0.549349053261596,0.536510625678885,0.540082822091054,0.495010942099026,0.389232823996426,0.321410014622372,0.295980902486932
0.235581203250592,0.280160073244204,0.410392982178934,0.454624205200754,0.524507006463038,0.486620065545674,0.372252762202178,0.317879973018547,0.286109735595812,0.223249628415706,0.208814611205834,0.0155529269963469,0.17093063208014
0.144849940502747,0.15654736724605,0.181128716881279,0.210143185432887,0.263589631923799,0.305530300710186,0.255913868910474,0.207610038587141,0.171810573960432,0.168812542489351,0.151950579392195,0.131021077517699,0.136741310919893
0.249452655036005,0.294779900589166,0.366986777850231,0.469724579374261,0.486975616837103,0.463438042281797,0.373586802334943,0.322300158737041,0.299355594552774,0.23084030943877,0.220023669511506,0.129430670109082,0.183399541258166
0.273931276787066,0.396783356918395,0.402995053325407,0.497286829486482,0.55788537711257,0.44212436453064,0.43832449169119,0.410513181874508,0.373034579396048,0.327742556816906,0.381307606909225,0.35016478220764,0.303209620511152
0.170505422702056,0.189953340860075,0.200426740335667,0.212229627332458,0.221162226533883,0.251938402573385,0.241376069475147,0.231856503459996,0.274956297639763,0.254752027315835,0.215438034904558,0.184459316249001,0.169547922616822
0.178433072834919,0.215632033554746,0.207400040582645,0.211229860694163,0.309637467107357,0.451411331910898,0.623512105797219,0.71376730687194,0.630953271824071,0.580476078779435,0.453645845853179,0.248824413179161,0.181069584434327
0.286533657466704,0.330217887263699,0.40259467594901,0.376675759330996,0.429565456023242,0.5531944472154,0.613989751796333,0.653238349032594,0.631005592441602,0.533351095155046,0.446785410926901,0.383931110157229,0.262802443958224
0.138752057053372,0.153608633217574,0.200283121335391,0.245762514462401,0.315258578717575,0.370439013928454,0.388195692870253,0.34313295205821,0.329689163397348,0.290911740875258,0.243111708223966,0.223752174654246,0.201195093179514
0.161523708416837,0.193420261016634,0.240161715222386,0.283813562408166,0.314670495504738,0.319632529320944,0.316359086559999,0.297680267811055,0.351105910047311,0.353728047471197,0.314291750994193,0.279641325024527,0.239051659784025
0.138816216235968,0.152626289135052,0.214914548455673,0.25934277407999,0.333630246015195,0.392477877138826,0.390888747473145,0.347321154765929,0.283358481202676,0.244912027372055,0.210933805593092,0.208796133386845,0.202380078174091
0.213062345074771,0.234291531822555,0.259004211375398,0.279892924155856,0.377105096800626,0.528361542253112,0.623519863967419,0.636355102235554,0.68947519091536,0.489636122333255,0.285677855112688,0.243561804274096,0.209647040309758
0.375741172088335,0.372401138531284,0.370886704559748,0.324604751292272,0.393204637862218,0.453513206598843,0.441541055130414,0.432425548287869,0.445897514703837,0.381216204656552,0.279680297820289,0.23746236398867,0.231210229681479
0.287576749449735,0.287964970010393,0.313429068852633,0.30554077181384,0.326921861925416,0.194732208877549,0.151760082740336,0.147120350406971,0.145489145399288,0.140648769260199,0.131908472618089,0.12460440436566,0.124791680279887
0.419203951901691,0.444918709733579,0.481433569026585,0.424758851478923,0.430118452847748,0.352278395612095,0.287836809958077,0.275857766633585,0.262334589924059,0.239196488873646,0.230147670198739,0.220837073646967,0.214475480820498
0.285843179997004,0.312751968103736,0.321407174058396,0.29373057392496,0.290959321817848,0.201836947367948,0.164235471641506,0.159376032468585,0.158967071241468,0.154010741892085,0.139048337728438,0.139503299967714,0.143003170236062
0.210651373753403,0.277732749148431,0.286844627387779,0.29588386854576,0.342982112627833,0.385591539110646,0.410060762511627,0.518813186247692,0.49453013965256,0.435089826444131,0.348912602505195,0.267785142041247,0.23603937103747
0.178849089323072,0.246527818469653,0.265438172521256,0.319340154592859,0.333576868771654,0.336484825731969,0.326327234440441,0.408034925391289,0.455832294049319,0.428719631931796,0.35783339902268,0.331379132870912,0.26538322809515
0.181525755091466,0.228053127543696,0.234708513926162,0.278134749895581,0.313041983754363,0.309966106963098,0.319931636707501,0.406337941582197,0.494444405676811,0.43164991713884,0.374770458219432,0.285848523825445,0.238806681618215
0.274547294268831,0.310993874534747,0.344128869610943,0.327905790137698,0.410194234644127,0.449368016846412,0.445181979716527,0.448547258283079,0.426550145634533,0.366218821342603,0.300574298279981,0.258548859567409,0.228929881956558
0.278745343786468,0.291131678918071,0.310238200158582,0.338544465623616,0.423314346174135,0.422295694017515,0.422705882748802,0.401007935332896,0.381458378371638,0.314583270564534,0.248710617151238,0.23172055117794,0.209146620749639
0.332543832147543,0.370318945963105,0.431813938469677,0.463988122962998,0.546060028784897,0.402728867980101,0.245572826890128,0.193053561912289,0.179433007420412,0.166033776761358,0.161970748169052,0.152453092371625,0.154708140658569
0.280771972543079,0.315903542218099,0.3550519132484,0.323953718492,0.404305943767158,0.455158256030191,0.453633590857212,0.476302151942117,0.413983169250675,0.364029608589096,0.290702520986138,0.259444405462687,0.236667738506798
0.198230531104514,0.256544157882313,0.238481951365062,0.27138281013896,0.32049742136313,0.36159241278925,0.295200727417639,0.231813650403588,0.193886458982201,0.174293061775434,0.167788610151317,0.154890818067453,0.150375092480333
0.255061618328548,0.309261051268568,0.319287988785421,0.357584118920411,0.422102414563718,0.409371306828174,0.334652624146223,0.254122783206154,0.209666888691622,0.186326866475899,0.185221585220836,0.167979471459498,0.17051497798702
0.386735212583868,0.411178277287853,0.468135941059965,0.435967488560333,0.439323942422518,0.320139442128808,0.225751756628711,0.201044599283527,0.19388468259212,0.175734106906913,0.171684532589288,0.160063414817308,0.158176157541651
0.26222228079462,0.301504358341136,0.326149277712373,0.372542931145682,0.457301820430827,0.441671431305397,0.341375277144669,0.232786259503342,0.188470541535628,0.168515038793175,0.163134340975693,0.145527064942613,0.14401347513403
0.308130019814037,0.334867888425942,0.330462374983044,0.317098695307117,0.359188320644518,0.404279791916243,0.423124517342726,0.432716214442083,0.420171378515523,0.378717739716007,0.325221947779928,0.277757048687156,0.243985302009819
0.147004893011358,0.181867525531966,0.248734929767047,0.265997343005723,0.415543457951822,0.587276651452706,0.688444360840008,0.716591672514213,0.687888481144208,0.362667070613004,0.266590115422179,0.232653790006843,0.202200121319314
0.150999534990751,0.166002303609352,0.184836571858537,0.356822673333123,0.545635333410767,0.712390539859253,0.762585279977048,0.7459905800445,0.584835063550953,0.525596036244562,0.227450460493523,0.206097879490872,0.173389375570613
0.210641152244371,0.26325831613859,0.356530693281478,0.403881599262789,0.4879775327573,0.637667908542557,0.692061691965043,0.696984569980992,0.604388688061403,0.497220173710266,0.340413008424112,0.288765582765826,0.246601916368924
0.240464275597077,0.284424225723595,0.34517493436099,0.357965282561129,0.476093150595007,0.582932617087317,0.617376964998617,0.68189321032171,0.618857159329564,0.534047508080318,0.375255332402621,0.320809092594485,0.247913682624235
0.132375396780414,0.163719218430087,0.189690513490936,0.27639025562264,0.518270552877111,0.607060429603324,0.684953299808577,0.735584609639167,0.625585666934213,0.338643143880666,0.257656616906802,0.195670614504277,0.178410427536399
0.203996769754423,0.244389128559295,0.339558039295246,0.398636660943871,0.516893736406793,0.660471176208676,0.700820999770858,0.706113875482238,0.620088320197072,0.504208549759197,0.33678794838081,0.283135232765916,0.252241964670605
0.269646432971958,0.316967678976064,0.428023912286744,0.436845473623264,0.503342179059977,0.531221700239188,0.639161711835876,0.6222902388096,0.602964411306389,0.493170784044264,0.508688817167279,0.36513294215202,0.281137477159499
0.139732762056943,0.151886405352244,0.197989819677679,0.300920180242692,0.582096009756042,0.638121867901868,0.709809267891789,0.681211305448564,0.536579131428416,0.473604933938516,0.220984221157145,0.215218322596958,0.171797675003937
0.154911769045279,0.189642011950078,0.236183161653138,0.31011550832218,0.400662865377157,0.544095252239328,0.613984838126108,0.674439913987666,0.599738173076735,0.387032816118789,0.312262219131172,0.245632060911782,0.217853963446502
0.166121703933116,0.199853269889457,0.259038170225552,0.326726457750099,0.541413775022558,0.692078746898162,0.692264388417056,0.707317931559298,0.701308467233973,0.4057271890416,0.305835678322526,0.212855624420356,0.203033892032705
0.127467538166959,0.160629156252603,0.180716856531769,0.23998106889095,0.614365152095456,0.618684252730821,0.709199838963214,0.713370568204778,0.609643836353921,0.354052272737588,0.231675921058354,0.181074674095449,0.171148897020783
0.215205339921739,0.240918374914495,0.334498710082926,0.357769174630694,0.48921800285502,0.633942430943297,0.63421098914802,0.685635055509681,0.586566503110635,0.495951670179669,0.339607156769828,0.283486732892959,0.228414180512539
0.203463395135471,0.251295399876677,0.30815626151253,0.351414621855401,0.461988937691595,0.622455826672172,0.685580954735917,0.702515392732533,0.63034881675495,0.513009462643687,0.352893310030173,0.296125899594357,0.22969436503536
0.289210715341055,0.360573883618812,0.430385978968447,0.382969856145468,0.437488914928428,0.519802351171207,0.610746982370431,0.64679148662668,0.663681730721843,0.607489338507319,0.451968012233934,0.399386666391535,0.286735075333831
0.169805239442092,0.191884060483386,0.258073697453517,0.376226165705605,0.619698415000861,0.722708379320117,0.707172110064789,0.744311102675271,0.567728150647331,0.382802412295213,0.24191593368407,0.246204485311775,0.209623784533031
0.146614311245027,0.183678719150106,0.208157713587388,0.267812182370618,0.510006137976826,0.651321078386078,0.726430441294274,0.725841703092557,0.645568686604919,0.321521848336746,0.247986243668295,0.214703943074741,0.19858603219641
0.153140861484176,0.176230934210069,0.235832430745135,0.4029993304089,0.620362931297256,0.695540765220253,0.654210704879691,0.645496936441006,0.519742858457203,0.360582493132632,0.265162525020907,0.210662178822048,0.196808160683837
0.231090614326972,0.266617582668527,0.315082567174227,0.336817601355751,0.409381935085303,0.492986968051304,0.560480375787888,0.644274097383856,0.603892938022432,0.499421384117303,0.375947599819913,0.301644680018838,0.224987777820134
0.216343311337608,0.26098602793657,0.328210303207231,0.392582261044307,0.469757795803211,0.615591484227612,0.659322043339122,0.653610360729016,0.578460412519575,0.470284271513672,0.353193304859433,0.294130270695242,0.248750250685419
0.191425448957454,0.225020762419997,0.324667392325855,0.362602951725235,0.491445662191365,0.566856630491681,0.644317730311832,0.642858732857782,0.55092493514201,0.453876853942479,0.410878636443334,0.278488889221467,0.23834737641375
0.239933663385936,0.281155303313074,0.315945740317971,0.302407419294854,0.438905203449437,0.604559853798611,0.667318134422128,0.692101584959982,0.639848160173221,0.561622344915677,0.370181211515644,0.311267422189579,0.244496237559721
0.156503527157522,0.197065959530899,0.243206394810048,0.287610771938011,0.471832358516257,0.636994266151359,0.701948773135433,0.723681810079465,0.708804332605676,0.382607547979216,0.299756676810997,0.240185310192693,0.213026249428174
0.174741629324673,0.195610706688794,0.202975480366447,0.296398695805461,0.50748080133095,0.679077100968046,0.717028051624661,0.746679282456945,0.610807654846366,0.378556809006502,0.262094688349679,0.228475961641089,0.197478057706924
0.256564543199264,0.314692616793029,0.374109521048503,0.387936870548571,0.455282595182999,0.537642773707185,0.640196667146754,0.646525220836549,0.645511034847564,0.56410798574714,0.426629411864468,0.348227308060758,0.247573158222577
0.187668809800629,0.250520425736183,0.297832987643474,0.357977817877334,0.48767711648237,0.610977541186679,0.693271986093724,0.66260600469489,0.551262290423639,0.429613350592592,0.373613386567335,0.287943340015129,0.238625287949546
0.157357080592027,0.192311513328225,0.231932978262434,0.275381269935702,0.44863439756071,0.620298748044664,0.695510784534917,0.747883520397302,0.709587428012151,0.372895709421746,0.286101917616295,0.231117871447837,0.210703546469778
0.175848716324703,0.225450318235567,0.26786475783694,0.321125296884387,0.416350867874433,0.562906701964005,0.597604613261377,0.671604117343277,0.693415136417393,0.621395901129116,0.370961297321347,0.254093216651984,0.244541045409903
0.15752501673447,0.213223012443093,0.266061325612927,0.305125400160625,0.441605641053751,0.5306775661709,0.576180990237484,0.663386163446728,0.702723747782284,0.567462474868087,0.439364743542645,0.256754774851376,0.231406605973933
0.179819840510677,0.201758002727084,0.217317532389703,0.32876437836657,0.420296736698252,0.599852917204702,0.66514857109259,0.753992701583051,0.712447754380389,0.57483276066453,0.300560912670731,0.238430889300888,0.215317418957195
0.220699623353637,0.250498811862571,0.269198967170374,0.344764439273307,0.468407358149501,0.660586116378124,0.705413279983516,0.724526260527168,0.626610973279757,0.510800432205316,0.335851193438783,0.257677512769327,0.24102960925754
0.266623353156281,0.324431577062671,0.346637223664132,0.424129081080061,0.553874376483981,0.716299316091914,0.669736229376365,0.683698428116675,0.601619698277785,0.439674973621657,0.308501764574082,0.314617827927501,0.272307651982567
0.23233400385304,0.300694336733882,0.367930289616157,0.381387711617657,0.487271797024394,0.515714454306317,0.583147203668219,0.630794916876538,0.626322258824533,0.582790757238794,0.50836805150178,0.357920577172467,0.320272470862647
0.205113385570904,0.22185979038665,0.232179747030107,0.331408021515764,0.447000350607157,0.693218779575706,0.728302687074427,0.749656295528753,0.7275493034201,0.578533268118902,0.298682978197386,0.234835316615568,0.21565478792071
0.158389055044109,0.182527877485656,0.197596305863178,0.297502683809675,0.591769544280333,0.681260082512025,0.705918345860996,0.688971196415043,0.643344389616093,0.522922782081279,0.260746283940039,0.220622985133061,0.18265289359749
0.20460970100705,0.235990017529987,0.301237618324089,0.390827873857739,0.464746847530653,0.588463981560565,0.633569472435221,0.631270644333826,0.561936612344925,0.43604367216422,0.304467829535427,0.271130198748564,0.214001324513386
0.199786594004921,0.202865920386642,0.206092637636131,0.317261381736581,0.507644211274763,0.663850298656713,0.695577032240301,0.694659535476943,0.645236000732886,0.479385804318255,0.283492279260216,0.227223624128466,0.208112526643828
0.215911245274032,0.234797602918862,0.240911260037778,0.338592371863357,0.436407785396774,0.635660042085702,0.688355356016813,0.706564260522576,0.630841798227867,0.536309716353556,0.375802127113066,0.26337026379301,0.233787254816048
0.200173559331983,0.217293250580947,0.226232595777748,0.317802809295377,0.414637676689365,0.63271268911495,0.672576933786945,0.73527863207462,0.711288987748424,0.571810924814071,0.301991745593688,0.245293112676514,0.221109172289968
0.198777548608128,0.219806254839352,0.236647032852246,0.319949594122154,0.435212876116056,0.626994365857685,0.646818067479173,0.702060452038408,0.704576258447098,0.616207164850639,0.360410782651329,0.247349711038974,0.226053239031496
0.162011353746558,0.212016331682605,0.259378970952524,0.314510878183568,0.510787452206757,0.585965418227942,0.622874745461708,0.661178288232538,0.65667185870627,0.568723112527234,0.429917982620196,0.257603237127768,0.221098290191659
0.173386530860739,0.205580564401189,0.26066964448959,0.302103433148716,0.513370822980107,0.603895358937125,0.616815205774459,0.633233702957853,0.616195658395367,0.52203329093397,0.290367824788022,0.255428953341022,0.210757713612354
0.174706771299856,0.221385748072731,0.278253465752833,0.299463816389115,0.506054476765908,0.572926723952981,0.609736860642181,0.672622241030863,0.642869976252829,0.594917576082326,0.426167220960112,0.278368819402307,0.235474817242296
0.140172891932681,0.155820300857723,0.200901500136087,0.274190094796385,0.554040966639162,0.643631436965765,0.682731791801896,0.662019534484902,0.650547455793163,0.510323973427624,0.269052877385687,0.21053626557621,0.179736082888581
0.197686118156103,0.214032645301684,0.2210928568299,0.305330176491933,0.420429749245175,0.63540459293164,0.667053583076428,0.744968038041568,0.714882431560188,0.561996543650562,0.307354251726018,0.234567612571875,0.216278225934599
0.197147656029961,0.218373769350269,0.221762089084471,0.327575579344443,0.469072350472919,0.693408305456633,0.71901384318118,0.741694994626438,0.658392158510938,0.502711875970159,0.293555344991691,0.220229737346856,0.211125000752951
0.214897165629403,0.242724401831232,0.240910925621463,0.341132591226138,0.460206773097265,0.662871552510807,0.694674381528086,0.713668311826098,0.617040092574087,0.470831522378081,0.329734877936941,0.24330032973488,0.223320049461323
0.173042568905356,0.222909158609776,0.287564273874065,0.334956712081029,0.538590620477981,0.592009410170612,0.669665930872965,0.691246036346326,0.690195744071296,0.577388111281463,0.307861440101269,0.272910471696002,0.24246664417953
0.230263879791084,0.257259330443103,0.298007443308746,0.396941325293859,0.528564177195347,0.55890476111861,0.577383863722428,0.571651158761206,0.551007553169199,0.377663712763865,0.296076058659792,0.288538097202405,0.239065327968733
0.246670991632128,0.259832569294989,0.288848478611912,0.342672231616702,0.440007900184165,0.610846652164795,0.656231482077988,0.698906952741378,0.707715480830427,0.605612687869359,0.354819078803335,0.283228358413633,0.25807614319562
0.160475545831309,0.184019617091802,0.177647601475794,0.285802785020863,0.538353266895472,0.639988610169875,0.676348966431272,0.674842435488817,0.591057554090176,0.483127747517295,0.236784167810575,0.218360275785393,0.183316249191715
0.160547268450064,0.204508845962023,0.270709952795566,0.311502719988572,0.481124811390938,0.54065940280637,0.609902948381378,0.700721388663923,0.706344285512896,0.559154004882811,0.399564426521895,0.262140014974043,0.232274406404448
0.3285924657463,0.333277712342438,0.365144068332545,0.243906719535111,0.286449991277637,0.275825632856324,0.262310226313103,0.265522873578361,0.253460999759377,0.252292231104702,0.23161480326093,0.225670134123131,0.193298474276906
0.298434786037066,0.347128885901986,0.406084300840081,0.269093311614358,0.288740796656076,0.321405038938209,0.318877448704849,0.312218244068329,0.319532704148629,0.291919371981738,0.248416613922642,0.242869466053698,0.188900921153933
0.326020568394942,0.326488438494414,0.396493519565562,0.280397125741316,0.301498503047837,0.351616128829232,0.345044051925567,0.421374454244567,0.484576309871234,0.389772222780091,0.309636108114266,0.284004234666116,0.183590947754043
0.342903588706845,0.357136126638153,0.394527025578534,0.293810871257211,0.307616720761075,0.329959786056389,0.34306406196113,0.395150850917092,0.409841592528047,0.419392866056949,0.355851565524121,0.289739235718966,0.191544910419755
0.383351979196546,0.469575739286519,0.554781008983868,0.569282394993066,0.534012732273798,0.595423261246599,0.57718502849806,0.607056945372285,0.577540975075312,0.620270525546096,0.478135788273673,0.454216858941736,0.386740707545911
0.321661793789055,0.373193519386108,0.43550871346988,0.447458091804787,0.497418445425308,0.517232785706388,0.617125686012698,0.617104655389423,0.516606033645677,0.485899147784007,0.423815742241975,0.296116046607997,0.228867915084651
0.233852197455028,0.258645789722008,0.310499437748075,0.354260391378042,0.44345120317699,0.606773721700847,0.663634285484297,0.653046649487111,0.580300018272144,0.488123916311805,0.379866921336443,0.270719288981335,0.22809453788285
0.330468985320323,0.353132622466978,0.39850195763493,0.428685819462788,0.487865970159241,0.621627031226393,0.706149122721081,0.645142388945557,0.587023958173485,0.490547478672033,0.465298638293707,0.323756327969832,0.282162423482787
0.359323680918073,0.398531917038774,0.426950481859081,0.440027979142605,0.491267900631996,0.516122935324592,0.565013726341599,0.580344536427434,0.550023686166055,0.517133428697923,0.473856529160465,0.37019271129373,0.233550577400407
0.332790934430628,0.389974452680724,0.384670654321844,0.406649019684929,0.476332948488922,0.630922526916016,0.635256696295079,0.703507018795232,0.620420242905429,0.601259316309725,0.442212701881942,0.345693314504438,0.308581803651814
0.339404336534832,0.365357653206736,0.408063517773448,0.43770573418561,0.513703203430788,0.5339687046771,0.593039999148048,0.588497930993474,0.531261946260464,0.490336727601247,0.442847785037026,0.390586190324703,0.255144396313
0.321206792183201,0.350294239013716,0.40118346106052,0.428482294618913,0.507064248058065,0.519874618272299,0.599108927256017,0.58587985709032,0.524709084712956,0.496644095740182,0.433665820809831,0.273024576473277,0.212469147400244
0.313668245705759,0.364849183923106,0.448861534504518,0.468336873455338,0.55105256210916,0.547271936123272,0.632895028113797,0.627530986745271,0.519084251655151,0.472817849636016,0.380076123156524,0.375173769307772,0.297929860933336
0.246670733938125,0.261431806930657,0.284056670796679,0.398991145638595,0.542300574515075,0.636698442370706,0.706886993776465,0.660140581615913,0.50968833231035,0.371929667122395,0.310342662254515,0.274554478818656,0.235452272243153
0.346062259292869,0.38422898807021,0.416589850187663,0.432528045032357,0.502274681429194,0.558396268092091,0.560206556273812,0.567808115731269,0.524894592539127,0.50895829534819,0.482790507119887,0.34442344919247,0.267187895676765
0.142706028277605,0.194316748646477,0.260388215022061,0.318388930463682,0.315363275750174,0.524534533518161,0.566102424787898,0.712148477967393,0.662718379690265,0.516929404229409,0.444474430674278,0.309124563354044,0.25755828689502
0.152786784542356,0.206673591671981,0.284309652992824,0.330143161109113,0.366315224385843,0.383267426372603,0.434758193412975,0.617035978808611,0.706154538939596,0.604985283567844,0.563849004993309,0.276361353369622,0.24643512226084
0.148570402188025,0.182240094589357,0.263538303777336,0.313028111814818,0.394817703287847,0.424844554988429,0.437098494401524,0.622337087382478,0.617432577848047,0.527870203903929,0.456518001466653,0.32416307963704,0.284032860986547
0.157166877083292,0.214573778173881,0.309973373421274,0.327898686023254,0.332769276615227,0.501529838570584,0.527840852001862,0.690328095646202,0.613344071931937,0.550634743016933,0.542544300792718,0.403100432368909,0.313708365686044
0.154845366259351,0.200059029087554,0.267000914736935,0.289755136204073,0.321341739156635,0.395464154388761,0.447598944260132,0.586332740787801,0.660079060594017,0.593918031449867,0.47226399837572,0.228469195983059,0.223310651318206
0.174489228191504,0.210976278751248,0.294944098714431,0.336352718965237,0.335966032456205,0.413063095875222,0.474510441749006,0.573613907750516,0.608166215858426,0.548264527877866,0.459407458242984,0.254383202593254,0.25769255599153
0.117321526296902,0.161143316495882,0.192579128190875,0.215703629545264,0.373214427482666,0.517564889428997,0.561405062444272,0.760434135827832,0.723094044284324,0.561515859800666,0.372687490291618,0.270094349903104,0.224119925817711
0.170959217471978,0.186607455788417,0.26105454878897,0.306854955418382,0.366607163007307,0.453600479885938,0.522536779844529,0.675649116058838,0.601165322338809,0.543613920330063,0.453730020362812,0.327190070112839,0.274672799710489
0.133610984878454,0.174325130864678,0.217142083091321,0.264521147123029,0.367857171635157,0.421077583952783,0.449162360948878,0.705507615186351,0.667953343085848,0.546826223687873,0.409184270257212,0.309638232221462,0.23844010369844
0.0560537766792672,0.111267539568798,0.144522668838042,0.20518981356692,0.30768174764404,0.518114147430633,0.594462565637005,0.677484390178367,0.603374925761437,0.496815389804822,0.269037077514096,0.14665685596299,0.140354844141705
0.0013710247476647,0.116954220958606,0.162066084338965,0.234292610308828,0.381428364503694,0.563407789889504,0.600951229658322,0.675604318061412,0.62932994529775,0.589094397960175,0.321269495119925,0.16591642286086,0.163342662157612
0.140862548436369,0.154774293835187,0.205183864637888,0.299659789426214,0.36863971919964,0.60956407345995,0.619642693498299,0.669530010935879,0.598851836463815,0.548567167730926,0.389969787631123,0.204654789959828,0.192549303151436
0.089831828034095,0.124986701936888,0.166272336681914,0.246562212857888,0.369637547895769,0.571604092748963,0.573506870295952,0.647188322964624,0.574398233381412,0.553883165630149,0.317986871511729,0.172054462325937,0.156584242470717
0.0795637298488521,0.125008545228731,0.170516926266003,0.259510109205204,0.382178139880394,0.576208984825555,0.598159477229097,0.66415325432157,0.599290561596553,0.563413011643349,0.357444081624208,0.19574518247054,0.178279399781107
0.0717524881355275,0.0986970837013794,0.134181467983441,0.190826221676784,0.305098553725379,0.54878140641449,0.603577635110465,0.681809563984067,0.630612646250704,0.557738152274676,0.319025746965737,0.159544376159129,0.146685664745658
0.0701694558333597,0.109212068375473,0.144280027363556,0.203516991738374,0.295079845109584,0.586565852063685,0.604949705285426,0.708013712129257,0.647934347899941,0.588655515732222,0.320802138962034,0.160801424366393,0.150079150041099
0.0836504452695005,0.109514338938585,0.134970600204888,0.195984180727661,0.304517739915608,0.621854781075921,0.645601291327466,0.72639404661576,0.677395623212856,0.578338865778437,0.275349183046166,0.134771999280947,0.128712195505733
0.335593271672955,0.342678751012949,0.486553759367494,0.487552020940937,0.448153327236264,0.477408210252946,0.481777837760166,0.446209872177372,0.485203058734569,0.565673596848023,0.53265790524663,0.424849955573654,0.371613578010511
0.245304072150698,0.268331807316038,0.295175456447313,0.305973616997469,0.336085037128493,0.510337733064302,0.53582949271088,0.565317039798431,0.615056903766808,0.555847371687681,0.429548015248388,0.32899071064279,0.194029870404777
0.332090117884005,0.474949679953705,0.543811540097185,0.561276661300431,0.487158077491871,0.591678119516477,0.504209182426896,0.554441117176136,0.457298572024945,0.508409832703461,0.449122871749234,0.442558579187271,0.396159327351989
0.255528748799745,0.301369971665713,0.436317754592906,0.429206110487613,0.440372128574238,0.579069930042163,0.549949781685246,0.544440147569091,0.4719711775229,0.470555244985907,0.463528145985082,0.36569154819007,0.322333678321242
0.129252513545515,0.163708360986871,0.269603226269127,0.299134228157058,0.456583580490104,0.58874601746424,0.585081235496969,0.623045097954334,0.5271651717639,0.441678696686493,0.325782224146792,0.220735929535755,0.176701557029318
0.176714491938673,0.203221879791194,0.247004151377859,0.29564892692091,0.448688478237055,0.562511668926776,0.614674105804937,0.621008003075239,0.574072614086708,0.515071775778582,0.326632489767259,0.27252882276026,0.183783548674908
0.160734121907499,0.177230452730127,0.210316036471164,0.215447845082352,0.332317022935113,0.455767558503515,0.577737981834814,0.550847965317774,0.512905361855396,0.485657708182556,0.352684977752149,0.264099988606566,0.171699215822473
0.155940777849274,0.181535372236858,0.220609705024364,0.283287145494461,0.460140122924657,0.614025487894952,0.668460629058254,0.645518691617835,0.608981691958277,0.449209430966395,0.295555805207082,0.225563785913011,0.179230876781907
0.158716774558587,0.17796858327035,0.217478568543901,0.247645083347246,0.413412214496855,0.560914366161511,0.634301964670664,0.625464674889417,0.600317011185021,0.50549922122819,0.327916739477006,0.251807271915555,0.173634098314217
0.157192455843278,0.187886390778794,0.247109309262413,0.319175743442794,0.406890281738003,0.47505378389696,0.50644315170181,0.582856645956648,0.513341978807936,0.478415778062312,0.318557352179852,0.263833940862505,0.189621368885052
0.170099005327611,0.178945866229939,0.234531105208309,0.306231244306383,0.408889332996295,0.542718141832284,0.602498657681809,0.591987256337844,0.586916071745778,0.465458540273221,0.307431554550412,0.26335876208316,0.187429240302388
0.165831953840426,0.175580508835868,0.230140203851244,0.295035837418765,0.410107882929863,0.556323111996381,0.606150063983233,0.594342656170196,0.598244587541315,0.42826564492213,0.290810629473239,0.262885991292791,0.180755888030451
0.156570054179713,0.208323832676149,0.272503834757819,0.339709521530915,0.43949071641117,0.535537576749912,0.543839512240433,0.539310773232772,0.558513487616011,0.434344646383114,0.34531233530171,0.318086865964217,0.218666766918182
0.156725255484811,0.183039073240292,0.215499496898824,0.244298667306727,0.439804123660217,0.581709485152605,0.638865793832752,0.652526481567225,0.610561693351467,0.52218214144671,0.309633964887153,0.231208709169343,0.165606073150118
0.176504557839035,0.184837007996436,0.22732651336974,0.223321079305547,0.256270802133526,0.472011088158192,0.544464714839322,0.661683177529293,0.53792815941165,0.519373941279221,0.361715130760155,0.281372680800031,0.173631221709771
0.151341642374706,0.18506575802543,0.238379395641763,0.306763552133055,0.49717921410411,0.616329486546159,0.630228983394961,0.638008031999876,0.574527631493643,0.5098275817168,0.320302621205885,0.271508307985881,0.195648841259883
0.171401413494444,0.206077553410222,0.290593167784498,0.346564372640423,0.431273926992604,0.517995148430439,0.514469295805081,0.518159418601654,0.525688064514265,0.460778312737776,0.360752868897115,0.332248873143253,0.230125504367926
0.152415516195668,0.165641126078338,0.207223705914844,0.305155318940465,0.428405813308715,0.586900021069261,0.641551147012449,0.616614018470773,0.610006406624284,0.39205872696081,0.270161230757883,0.25353616538299,0.176342987095804
0.228526522449022,0.222961566224977,0.249708061136598,0.326320256184889,0.427440872073641,0.471545340103553,0.591560308656098,0.57842384176905,0.533629343351155,0.541005084671632,0.403879323097039,0.323508269290725,0.236176948449393
0.0576364094977142,0.12549188183053,0.156385155097573,0.227828896900308,0.300976807425034,0.46666410483791,0.528885784036792,0.57726618419099,0.524414265027795,0.474220137595793,0.328707135011051,0.059081497553145,0.167305778219748
0.116583349810534,0.131030944170236,0.152735006996089,0.174281888168276,0.296502646757353,0.502031118617192,0.524228892842871,0.461055998519486,0.357153798672937,0.2916172346027,0.228064904910342,0.171939305790649,0.160882032000274
0.0538530326463402,0.114187627953846,0.141244670712069,0.198621438481977,0.311636907586762,0.51716568304773,0.58802968366932,0.609407024375847,0.547641757209754,0.477019889289755,0.290617643484121,0.147743448924234,0.143856291708881
0.129046035559711,0.142918530887566,0.213763399057368,0.304777206535448,0.399919042624107,0.477366202371753,0.507323727982157,0.469607250919873,0.375011958888733,0.346268265538757,0.284045899051584,0.201221543766773,0.174352305627267
0.0740305210582082,0.122048674659501,0.149816430235173,0.23624886823588,0.347027113053129,0.52727102457918,0.546584112084254,0.529048731203262,0.453373824303171,0.357129820281428,0.256599487260559,0.130840483034045,0.15465688010938
0.0944577503962468,0.115192263624329,0.126878356806916,0.2622107903465,0.414991232038924,0.559409448160365,0.591030878893217,0.465915724816528,0.376309400689405,0.261335989479865,0.224970190813612,0.165441409407779,0.140613087637502
0.114784759678394,0.139981594580569,0.177625438173719,0.260296542906549,0.305256246007558,0.517227489689334,0.551106677394812,0.576958256090826,0.53007381541926,0.455405674055361,0.305464347069555,0.16936842105873,0.176722433149991
0.0281069586020731,0.121486114950154,0.155183695365636,0.213383285231582,0.311151413027472,0.490281803677242,0.539778472447579,0.562389763794839,0.486721324599975,0.424772665237388,0.284910420729517,0.0649067419496768,0.156607987508547
0.099378800950102,0.12109328485185,0.139576469602866,0.267703715086997,0.419590727659996,0.547025319486958,0.530055768923103,0.47434436543897,0.363993230988952,0.254837827568208,0.212526895532579,0.165457450360381,0.142974656298378
0.0429226309827856,0.124861931412289,0.159717451316069,0.216502840862796,0.315239063985265,0.538776478410485,0.53360156047657,0.424321151101655,0.317794754841277,0.261981585202223,0.228956321426607,0.180070645407845,0.162026066236884
0.197511957817298,0.212009902990767,0.251432222132304,0.287525048612418,0.446793904720619,0.59172326478036,0.639071228259719,0.671862081129668,0.638780744141056,0.59435462507401,0.321512356329771,0.236757672277193,0.226242431125413
0.208139009304349,0.221697268990577,0.260874759424689,0.305528211971025,0.438630017830653,0.614471345820964,0.638951934792604,0.684822770364191,0.661612689331097,0.622526551765878,0.324639431926627,0.233134470890335,0.2240564022332
0.190212694835398,0.205337136779091,0.25190736154758,0.295540968365062,0.431055174943946,0.615526652299091,0.654082883415968,0.698723707084605,0.667407519443248,0.563783753706264,0.301177260237348,0.239232825136851,0.225671487236046
0.218713058197541,0.23473223712041,0.275408884861891,0.303953688320395,0.465201921494741,0.645729625869086,0.685174044326386,0.72396444952679,0.698773386783934,0.571808109755455,0.257729021059049,0.23499455071444,0.226630147687003
0.171348295649974,0.202741482894476,0.259060957654818,0.283288629297778,0.383246218862721,0.661577247621258,0.659639571718344,0.688408981249483,0.671581051498635,0.621509150763048,0.3214826766651,0.254552580039026,0.229197975223249
0.204954119591081,0.216350893968519,0.236358749578418,0.300715415717979,0.433124059187407,0.649074859383848,0.683805241466086,0.730769818801418,0.710401160633425,0.600347755429049,0.34129448222003,0.234300964719939,0.221228480912967
0.161413228217378,0.206352655506992,0.270749538467189,0.290791461534683,0.350378769294991,0.405693458565174,0.471857171784784,0.642043215689182,0.706008779270318,0.605098030501461,0.510686507184787,0.274186415518085,0.223158974727636
0.222753061155981,0.225615213174938,0.33220542387498,0.301138726614068,0.456827981439798,0.617719047532409,0.621835706845861,0.671904530554832,0.656465948754362,0.50590585046783,0.312267311575091,0.251208483254367,0.228098896281251
0.19236385231955,0.204391343932617,0.24687830163079,0.2797384850205,0.414311266334883,0.640045245444341,0.646038796338119,0.714388874784193,0.714125933337488,0.593951561054923,0.250041498732818,0.217495831957592,0.197829386388376
0.15628078227151,0.19602314073454,0.241321594655782,0.268233315317608,0.32254547648618,0.433960719510141,0.493372368223269,0.640914633241186,0.699690462648918,0.60990431165705,0.490461705829102,0.233350076550521,0.211535366480049
0.203863964103261,0.217125268873459,0.251861390566633,0.332115525402018,0.479761487503914,0.683926165557095,0.706644935940673,0.714752787465171,0.710891083218715,0.576518700426943,0.272571361217487,0.22234933673367,0.211007023347545
0.170919952836175,0.206640728400382,0.254592549963765,0.274293129537512,0.382631763953833,0.522158645053099,0.604443096948856,0.67982749122038,0.664359007003067,0.594024020427938,0.315315126650806,0.227765710815412,0.223023553244354
0.183309662442265,0.207898856616431,0.261401045260783,0.279445188753785,0.389003987437454,0.580092052046391,0.636930496012957,0.726182431675418,0.678418717742831,0.619707879016204,0.258562085927589,0.232928569967653,0.214234174648451
0.166285732019159,0.199646819231348,0.241069270220088,0.266632610213969,0.34477343409266,0.456799984088765,0.518949618500505,0.646037658197489,0.666306362040139,0.584095318241335,0.366947768406545,0.231563423988132,0.194218493045738
0.247699187594992,0.29557519897032,0.346407323433455,0.36381736566744,0.436109654856129,0.619283356698114,0.634751729503537,0.738489576218561,0.704851654619979,0.638855569801715,0.331019617766129,0.305282228943901,0.264810587816118
0.178923758054524,0.196392942020667,0.271500523394345,0.291313526346532,0.338860391634699,0.429920284935836,0.495473784013837,0.630938029995566,0.667891824917127,0.66798423452676,0.458392267545322,0.304444536171487,0.243940809005498
0.212059460650274,0.222448190740323,0.273408337414934,0.30774088411341,0.425874342525519,0.603787688801656,0.647907606392118,0.741645954805878,0.731843801237689,0.632768654135394,0.296405010833336,0.252632745631411,0.239325721655382
0.188058023367364,0.204564635245184,0.24160214298662,0.270867632601295,0.394877181853115,0.627215427849586,0.618308747398737,0.689859389362401,0.682736103882346,0.572643348858607,0.287674492060524,0.228409089104863,0.206339029668164
0.164583503039341,0.197401497271437,0.284679119607867,0.288308747617243,0.420253907186805,0.651273867878744,0.659073508497365,0.690166858586635,0.676788862437818,0.60630712801663,0.276479313865536,0.236290407075051,0.218183012525673
0.202547956237215,0.228190095463568,0.249153400092703,0.294949949749431,0.45610904687389,0.655533467619847,0.657982799355939,0.696956740155276,0.702068862422723,0.62734410930081,0.346409049641024,0.230367007699129,0.232559869907164
0.211903234860769,0.213200970865647,0.239788660623582,0.307639381999128,0.455604889053714,0.648953982852375,0.690492560215245,0.737710943520906,0.704774111314741,0.607241622728362,0.329454027905646,0.224038584808568,0.218204446752863
0.163611229307346,0.203662060316285,0.258062194867798,0.295574669616416,0.397214797769662,0.448974552228561,0.48031230783908,0.605098066471658,0.626125466538214,0.516651684852839,0.395311784401009,0.240998553292238,0.213594274028475
0.210910368004866,0.239818270230614,0.300975030630187,0.301730987454696,0.410105207678325,0.58765279880134,0.605080859290405,0.652969809035979,0.648602624341683,0.499416323893967,0.273677263631196,0.258129810555913,0.22953680167321
0.198911978260985,0.205600861926493,0.222107769744939,0.264087060049897,0.427963578936569,0.655370326660991,0.724223004678026,0.756860005335815,0.716107686065188,0.603973761976836,0.335332516460412,0.216471474988598,0.205005350269006
0.182085775585158,0.21430267366099,0.249042570964297,0.292269454410941,0.445132186685654,0.560352285474938,0.59966654320204,0.664339786086977,0.629739574174733,0.577506248928147,0.321913049599299,0.21390255099968,0.21780830931699
0.188874628408398,0.211982570864457,0.268200275295347,0.292806960854518,0.349292622410057,0.458052125769863,0.529605160102709,0.603584763987189,0.656632632808429,0.661894392529147,0.455328964896064,0.276078781035576,0.238209120074631
0.189486410471816,0.211971326332367,0.272723165328428,0.285335322677351,0.329899683613462,0.43857478328129,0.51727951325607,0.634822578149926,0.636061506904615,0.64346961353455,0.430965674348587,0.304657816043001,0.241648837462548
0.219991725881692,0.225132051690848,0.272987326187255,0.295469632078403,0.436704756201615,0.612650146981775,0.653074572925773,0.700583686772821,0.665950969701787,0.632545864368301,0.317317155740326,0.251360681705853,0.245026133654805
0.191616071940127,0.22105467451605,0.319226709099218,0.31782673213888,0.413210318712276,0.563726314800863,0.584434601204425,0.67426630303335,0.640945952222695,0.59610361998942,0.317238233042235,0.278172813252868,0.251457686936447
0.173775726939424,0.185763662553184,0.217525216500586,0.269758680356501,0.426879023960866,0.600784512580892,0.624529333659193,0.695666454093076,0.688797107266399,0.609527326873712,0.317606711797595,0.201754670667117,0.194725849121462
0.308612303914636,0.402552934594528,0.448901994872731,0.481914856016164,0.490224647983719,0.546547588621455,0.543122881521247,0.638689926253018,0.626068476001968,0.530637252305028,0.510907484886414,0.467694728443018,0.412910904766711
0.150759299791622,0.191246313532439,0.253589853865871,0.291451021275233,0.34849107826454,0.410286064596367,0.488432480399215,0.655183199695591,0.731336913813579,0.626434134686296,0.515106073123707,0.287754702988664,0.2214557604727
0.178794795555385,0.209345352747609,0.265081848507051,0.281295545774567,0.346850166982304,0.439151437561755,0.495239931346383,0.584902149901721,0.649474716553367,0.602741280464406,0.372565874078224,0.268866573339494,0.225203102591651
0.323820990833272,0.319243538647517,0.3884358663302,0.318563359319054,0.333110079272463,0.352229479090141,0.314085321965444,0.273697015579054,0.393099253201131,0.3724123781983,0.339759300619004,0.325156452615193,0.240109740428253
0.317489108474283,0.319541608957123,0.342730763222569,0.287925335794589,0.298821627451669,0.323781240036154,0.326132220315736,0.34176178333636,0.3525442099177,0.342322156231545,0.313747137052916,0.283186247510538,0.194851955835336
0.137648135925116,0.169576317817812,0.325587760932821,0.361293127175035,0.388452574807377,0.474814021402101,0.46106175376211,0.568992239170349,0.44586026507743,0.434044604912412,0.333353316097226,0.281456889514039,0.234474838229286
0.00119075933671623,0.137586969796544,0.216526028294903,0.29930568774879,0.414365314990244,0.529577373195327,0.561328160459016,0.654275559564893,0.585532522339561,0.532584966598302,0.372693600546131,0.221218825960523,0.204339362495154
0.139023846728262,0.147604276263375,0.246273553540721,0.267673560358704,0.313148598685468,0.436555350898825,0.449317852849484,0.497207754096087,0.380580302146217,0.327294150662161,0.250752241580554,0.198483696246333,0.182111291080468
0.0857655234046418,0.130363777271999,0.196416811683898,0.237501608543488,0.320293583341235,0.52764111729033,0.571743321843039,0.685113061481279,0.60813850945946,0.596183432377375,0.35306605238462,0.196479931798089,0.180705243748373
0.135499101089267,0.179420331307229,0.241285810439633,0.282267627768748,0.351420113300232,0.436592540942089,0.481792830424887,0.616782036041648,0.567286536030845,0.547729207510723,0.449149095795941,0.332418965014647,0.206297908870537
0.0934637907850084,0.1400528141934,0.223631361156751,0.259919748530645,0.335069255891375,0.480801716587718,0.531841007091579,0.65540008719661,0.588950471709697,0.557502763867515,0.364415682983602,0.197557111380009,0.183305802526345
0.128018683703812,0.165713607768536,0.204169336314084,0.255047794885676,0.377492215666328,0.472420948245639,0.542466707888276,0.617629698650789,0.602584318560891,0.552467686220627,0.405860602509337,0.274116218972257,0.182927383204009
0.307574916139609,0.31068296069142,0.360873096889054,0.350175427578805,0.436268972223164,0.5408978485627,0.663293292790021,0.660589456866972,0.614237960760549,0.538477328414664,0.42840156867173,0.314644663333906,0.260850370422273
0.310518324393498,0.335980832508611,0.42174667538795,0.409941693286024,0.491468912619612,0.591413851811182,0.666335428308524,0.639766600266301,0.554654889838489,0.477348638972799,0.408193486550834,0.299492745086038,0.255946231525059
0.290792069802386,0.306222070991642,0.362562358160919,0.358717181344953,0.438071683697697,0.559652266830667,0.681019413696935,0.679526936303247,0.657496286636729,0.520265508227745,0.420086598608613,0.312754738622077,0.260126719396717
0.354138253519531,0.433865502892647,0.474373665669312,0.456575061410135,0.545573357900504,0.601817179152005,0.647418632609155,0.553054078249126,0.505892948426083,0.463051256902608,0.393414455104836,0.372946842735013,0.359104521273857
0.347587139113747,0.404187065012632,0.437588249585901,0.490594593225108,0.520705000705639,0.56414486073335,0.575377680845052,0.568738285337509,0.552732600912267,0.515616794470386,0.449782510090438,0.393970428331394,0.276679152720915
0.312995925159617,0.351332882491494,0.430210424390382,0.465499048170533,0.537898985411289,0.650067591183705,0.676360624242581,0.584817388126138,0.529248440889508,0.391425426380154,0.39387911719136,0.316089279482966,0.285356254081461
0.19740708438251,0.210613503418209,0.223029154802174,0.224728297295139,0.248135209742675,0.304214914272028,0.339910892287164,0.33946387109597,0.368647390133852,0.340460532997894,0.278908426334715,0.22841687497941,0.15453138992848
0.147252222951941,0.147738704143083,0.155971065474963,0.157209160087232,0.166230321885518,0.189446296096747,0.27735652883694,0.308273429861801,0.330605166823884,0.345988734767122,0.267564210593702,0.258530594031096,0.174054176202177
0.201327583548656,0.213681939220095,0.222819902546463,0.207934225829783,0.253658131825414,0.397064600756812,0.466909534209724,0.467571657593389,0.469511305597545,0.44097406704326,0.300288761333281,0.212365807138572,0.133740023424105
0.12537295639883,0.176176511825974,0.291594689354552,0.297892152458207,0.394961775301709,0.569143252623067,0.684818721733396,0.687702269016657,0.645002487156343,0.538451318220714,0.389485763964938,0.303359481599983,0.248047809965417
0.0745048037926652,0.191564906040661,0.335294083547257,0.332085216857824,0.409845774221481,0.517313306904046,0.639555738889585,0.660187380514708,0.628171186311083,0.516423126500102,0.401388255846631,0.33140636665868,0.277800142663859
0.0769339148119579,0.163708806879198,0.240524733321096,0.267717176949484,0.365428089295631,0.535498498675899,0.656030914382622,0.702178083304046,0.635777874253147,0.52418325451764,0.389584543871258,0.312965221745829,0.235031858745404
0.0274727780799788,0.162895461692614,0.261789519583989,0.283372301882967,0.34754925663308,0.54400115996525,0.650905575512681,0.672665686850484,0.62592278388925,0.55001510483576,0.421295412174237,0.330526255643459,0.257082073434396
0.13280965452101,0.18805106792953,0.340994301121313,0.407543859302076,0.376683236107611,0.473748632646172,0.651254227562075,0.649768564751926,0.59401115934476,0.538210900218778,0.472226338600363,0.452175119336884,0.346111047333674
0.00337271883023598,0.152958315583893,0.266654172157197,0.312795820112918,0.34832220998658,0.558701949976097,0.655079906056825,0.672891835150995,0.594061991066051,0.536121818413106,0.406404038728778,0.348084675207937,0.28645015625803
0.127793687324971,0.169989854004977,0.260891379962015,0.337244036557247,0.336564785329067,0.417743192483484,0.607859358892882,0.66014043716751,0.604607819971352,0.554689996067342,0.458520940107382,0.394114510390349,0.289471624291501
0.282970265809631,0.335600484448097,0.394796857883203,0.40256302597756,0.439220442544943,0.46512139116647,0.534905661382808,0.568664451491919,0.569535439967163,0.574620499615264,0.514435071743829,0.413237206734137,0.303833566654843
0.163276412270593,0.159098202180259,0.161317840910984,0.160665058992872,0.181436585324978,0.20616263616816,0.276207570673435,0.284930458455467,0.306781201576303,0.340920785032687,0.277736704597071,0.27364212650241,0.210067268266657
0.366009565746512,0.353081269199967,0.365300068656267,0.251298873120547,0.281502493171111,0.289055271556415,0.270994222918618,0.256519818496614,0.307713357953167,0.277497675899605,0.24336816655277,0.247343785710544,0.225710705234759
0.227925368407124,0.230029194383636,0.21874644630567,0.187557670589847,0.202212381248299,0.236642694438851,0.29670646162019,0.302909863660498,0.346209489816611,0.332863813164549,0.293727455849616,0.255669829016716,0.220420658197731
0.157489508731757,0.207896574106272,0.283783525947522,0.347728362651451,0.364286988595296,0.498724241976371,0.519911357928892,0.678413622548854,0.6363818110034,0.535054809641624,0.374099066113282,0.308800852059313,0.244022752290556
0.129259596986141,0.175646518730839,0.274831240251075,0.310971555821281,0.381519590299267,0.484541486112704,0.497883227949767,0.64350792761857,0.566026171042461,0.563111391394235,0.40485499410016,0.302254429427762,0.221208724400013
0.124391233863401,0.164434011031127,0.270147954240812,0.32299325250138,0.345335095038753,0.479989798205718,0.567420497581752,0.591758116016027,0.574981999048036,0.549576218177142,0.415544759323374,0.377298230287125,0.29669839780698
0.132326799065623,0.174521093124713,0.316095946410951,0.348827403261842,0.32947496609841,0.482548068000215,0.517122773999246,0.609348539288701,0.621669946884568,0.558186098295077,0.43760142990836,0.412809063818444,0.305882237568217
0.256182293303378,0.323293467434194,0.369733309537474,0.285859092727538,0.258183061525408,0.34242039591262,0.375098148988927,0.394838206500158,0.371953744144589,0.378938597297963,0.281615812056971,0.233204136128365,0.201939684407874
0.190120136858284,0.240754970399326,0.293673037696556,0.399230828449589,0.462912741280815,0.618389254394054,0.662287252045054,0.658049816861862,0.590698923770205,0.501632596719616,0.31632470367774,0.287915293484497,0.246642740816355
0.179207177249736,0.211892277613538,0.279356212895036,0.351150922492732,0.502772002394089,0.673879634401118,0.721373526735852,0.707114520366921,0.631479198920018,0.499309413116981,0.305305146684146,0.252688567008775,0.219440756700815
0.226786745345304,0.27530626601047,0.292817127597001,0.356183117020694,0.440425376490367,0.61062636739975,0.636795415949669,0.681987431914925,0.604544471634721,0.475813171073615,0.318338239853513,0.27318028360155,0.249468509409203
0.147599533317763,0.166834419548153,0.179831580148504,0.266297384842356,0.507272561179686,0.639422245806787,0.721119069813569,0.754083722187517,0.74205734546426,0.551039514726625,0.25910973739851,0.208835227326963,0.186437877977647
0.172704427460468,0.205828717375878,0.216677731472436,0.372241869516308,0.507306637052506,0.699219266437637,0.706984528842593,0.690340153192629,0.587618638881446,0.457443392979581,0.239454662853035,0.234133472133043,0.20617277587077
0.154238248680471,0.191711094241281,0.232031856336324,0.314553003424537,0.470505191195643,0.607851296097269,0.632036298576925,0.712811313977544,0.715968014663937,0.599338916558562,0.371912108783282,0.233180741614596,0.215508739739639
0.199334308390777,0.221608069762893,0.26663919810365,0.307044535177724,0.355778302521348,0.450733327182661,0.480037236680108,0.480647471488448,0.467977044915758,0.41014037707153,0.328495250870906,0.311812543119782,0.20796786762323
0.173231625974114,0.204549450038809,0.25636800285515,0.298015384128962,0.395124869241137,0.502156917159519,0.518179447169141,0.513209185405139,0.520883118051906,0.414455019148893,0.314487982872645,0.289734379384599,0.197405860649784
0.313742976904288,0.335139240688087,0.384548626742514,0.277549300515648,0.282903625161941,0.310226275254784,0.362463417837767,0.382212139113997,0.414994716633108,0.382145546381539,0.322180931826673,0.295970183012628,0.185951982881873
0.304481553069335,0.340146445694507,0.427389326917129,0.453894721700652,0.539114899591386,0.547881461359448,0.668512290269063,0.606375836931172,0.498363907314304,0.453869562054559,0.387109286576873,0.330515462680271,0.285787198308536
0.340037514326038,0.356769612968156,0.423680341660046,0.410284803754154,0.459032553331554,0.542811941661,0.659042001478625,0.601507690777442,0.566473513812518,0.512684605094545,0.480290880967872,0.325456046714386,0.270058029299417
0.154519073654711,0.18038776466269,0.244882122120758,0.300227505681603,0.390410574657845,0.525817706911776,0.583474422131248,0.678793586427976,0.61486252076775,0.482850447211602,0.347695297231767,0.321203139758544,0.259962212939804
0.171486889752223,0.237009519999187,0.331960026961652,0.37679065113799,0.365025144041029,0.510782272387027,0.534275079721791,0.639726010960696,0.586205033988711,0.485979570556304,0.457947218754933,0.370315225946243,0.292192236126651
0.0589909729411051,0.110725645947725,0.143939862451589,0.267711921125516,0.421083183312303,0.554031695631558,0.582191371729096,0.495852204604517,0.411279192853183,0.305510417331352,0.232164434241592,0.165174395717654,0.153469353191176
0.0474973396954244,0.112762251882228,0.150656219837339,0.254573412823498,0.401789554260563,0.561453034242416,0.566391610098761,0.517364172768771,0.434069737241384,0.36538055933838,0.275916396137814,0.144818234869631,0.152859338517737
0.10581915222097,0.129844477129728,0.182581056791962,0.31988097656629,0.434418408621336,0.556049566627611,0.584381452586086,0.508263736947724,0.426338140471867,0.335321087720688,0.260924834172958,0.174789044979203,0.163570779555035
0.0885111284656091,0.111575182953851,0.139832340805739,0.215866067343437,0.346739574858983,0.573780963110758,0.579893215427295,0.621921187346778,0.562402250294276,0.528966495632528,0.294189396684686,0.144717992610506,0.132380638050353
0.191301666991202,0.194287723970003,0.202172072423565,0.268583955665016,0.31373531666815,0.504874503197906,0.620868479479275,0.601414768120294,0.601383399798427,0.497393501683613,0.379587000341526,0.261800542134579,0.19766044687823
0.173651207014173,0.202774419767781,0.245482263575914,0.275957769315037,0.3741564179014,0.511256250926155,0.580100189822607,0.533552485892855,0.5229311033715,0.417870480041707,0.3034360825282,0.24812546578375,0.201172968019612
0.0686730758755169,0.13616025119169,0.160422386775746,0.237538735167764,0.362696708818307,0.501296340795774,0.498812043868108,0.456131977672521,0.373456488050477,0.286059322638012,0.22370113418004,0.184108858083655,0.160131649756879
0.0951873803912768,0.123612904917309,0.133196054322064,0.207734517937444,0.429662735406884,0.60148455200737,0.61204871211416,0.495578546781958,0.354476131396927,0.227708327048134,0.189804475508222,0.151622838107215,0.129865391406386
0.0907466250300348,0.132726600224857,0.189740445842084,0.268889881449207,0.298322306808351,0.48739555561119,0.527577086763014,0.562414322013434,0.52289944224904,0.446861801980259,0.297168994041843,0.173179520211208,0.17307701883849
0.0694815481176757,0.133438525541763,0.169286914149946,0.231804251718804,0.363427288656489,0.502355521838786,0.504531726798208,0.524760184399874,0.439341369327028,0.394100684270399,0.279804077809271,0.101394545837978,0.169675366861538
0.0580929596323134,0.133231169597465,0.173932078601714,0.24956127451793,0.330557392407608,0.463815013915012,0.494812831960159,0.529236852945856,0.47554852034455,0.428749241169514,0.296945382744251,0.193612989439587,0.172662603463764
0.0899814936159404,0.124101961796236,0.136481264864056,0.195529904669292,0.377621327595038,0.508849104033799,0.532763276641035,0.480231649123734,0.36969145148054,0.263204273968543,0.213449745724615,0.174161419701606,0.149746852918195
-0.00347993278593712,0.106591493521941,0.137751628791474,0.201183258510078,0.323285695743768,0.550266557251282,0.5801277452936,0.584671501747997,0.500331470216701,0.433960080333119,0.272450307896185,0.151665351426323,0.143009344651656
0.187762661528494,0.205294145034389,0.309565866534774,0.280843386157035,0.353520631209803,0.506456783953218,0.532733986811809,0.637610026823831,0.614318573216865,0.574295389894631,0.2996703322784,0.257273629517894,0.245335508246483
0.0646792838565915,0.12996275634279,0.205695576787329,0.282179775587412,0.374468036876499,0.523671258635646,0.517550823178014,0.609718028944615,0.517707509810347,0.490360033317792,0.343185480297549,0.200882904157548,0.184368811975736
0.0471001758779417,0.131817934935094,0.202438396344239,0.278191471295295,0.321464471464361,0.470460459977161,0.480659511694162,0.579851880973318,0.486964271505689,0.411821457249642,0.27954612655988,0.183146390532772,0.169845090306655
0.0949349398722218,0.153516424456442,0.226235211754664,0.3138904394919,0.359426618976555,0.517261687170027,0.53152873805296,0.605527837510352,0.550104758064482,0.463047037151083,0.327591790332232,0.17284060927021,0.192364708257046
0.105135227549728,0.156170970740917,0.247613818508575,0.29926189742629,0.337333151083533,0.489719299771926,0.582345629721231,0.662750300391209,0.565969065491396,0.501548155434722,0.379351197992651,0.325034555156811,0.252671526250061
0.177875234954805,0.211254650157086,0.281100895066993,0.400439579957166,0.500189432374346,0.64307176209147,0.70116001544413,0.685196050535285,0.608084029829995,0.489250778007739,0.292212264140256,0.273138646484897,0.245296530031226
0.215429732175525,0.272323743805937,0.321835877183105,0.374007542513747,0.447720607751119,0.590613643024223,0.633770272203671,0.630833217693102,0.569493901335737,0.426766022687521,0.396395728263501,0.322558241808784,0.268815955809919
0.198933956431137,0.242820988294954,0.291748052812132,0.382459742336165,0.44769443249061,0.611312967632933,0.645181157288134,0.651704478856576,0.587750188705571,0.512720214850897,0.346752911298946,0.29641414644908,0.245464396303056
0.177128425770952,0.194364729613173,0.216393374177942,0.346544210354345,0.549469802212536,0.669782236600187,0.71096560607338,0.706647267923525,0.551727456829668,0.354742221915467,0.265122237737305,0.245353592973095,0.211065345389105
0.267143465125712,0.305573479664206,0.39729379883105,0.411754734630251,0.5153492622283,0.518746866329771,0.648929777024835,0.608160970875908,0.585929625221434,0.525438352582504,0.479246360307526,0.347961364213354,0.277602294399887
0.162293783588328,0.212580694582413,0.282939689724977,0.372996663451207,0.436519365356051,0.608632665072328,0.643658679787343,0.64202870313876,0.582444409757726,0.471719171378027,0.351553055160568,0.280866737230153,0.231986179102784
0.168642571254483,0.193298997723793,0.184270717509721,0.305386756974267,0.499055339000751,0.705848388539407,0.732180185800047,0.72607362115376,0.620648010405559,0.521967118117584,0.21227210964605,0.20708358274821,0.182465295189133
0.18589643226602,0.182526888021273,0.229974332345468,0.20109214108046,0.240754467851666,0.371060273060016,0.391905648599188,0.402299823643084,0.41988232920822,0.356655973901418,0.275352428720154,0.248860685513178,0.171080486774637
0.208179839731846,0.196248867174142,0.301193392324451,0.38444599312283,0.487354804382189,0.616348605411031,0.63007312380019,0.498687739601449,0.494920737111022,0.492430150823029,0.355070724919171,0.282286672324696,0.246175706015439
0.20073555326656,0.230863093695386,0.31579010321152,0.33641078495417,0.294096895491076,0.378679900121855,0.375237310811167,0.433800184537612,0.438397722873653,0.407824945524869,0.321249624498769,0.300630332096719,0.204181622990446
0.28126697451821,0.253051236356387,0.325261436306106,0.294475167648071,0.31008571800116,0.400754196720482,0.409917854622389,0.388361545911635,0.348424748269271,0.358314609816559,0.253826071435936,0.238782660066059,0.190676428775183
0.264530686911562,0.264735359906865,0.326746253469299,0.318476286831686,0.239406009707877,0.313272666699901,0.430549995852836,0.470301985282275,0.464075314074952,0.479991725873583,0.398352581815512,0.351288374968708,0.178808539906694
0.20474754103788,0.236411449946092,0.283810186228277,0.289003587226666,0.27821864167902,0.351223511524077,0.43435988554627,0.462092236805693,0.453585637770728,0.395362091090184,0.331093396995295,0.263547454777322,0.196917786767505
0.196150486445295,0.177978644253085,0.213145829066406,0.206316398095202,0.273663423011645,0.381561672190344,0.447315214295928,0.490303519103689,0.468107105251866,0.448644138205843,0.30481843908577,0.235503146146967,0.141625627518392
0.252681797892951,0.30026577352463,0.317451243445406,0.406607346998677,0.521199792008362,0.643690821731701,0.704668164085488,0.705689138810348,0.606700923051723,0.531455962094335,0.370824562557017,0.288822193234349,0.251701704171801
0.0501158688449528,0.12575290603536,0.171424663550939,0.268215527211169,0.386611754962044,0.570016479814144,0.566592974758634,0.648828961217689,0.597305834115118,0.559425081820375,0.343914055529009,0.208035494014005,0.17690354320967
0.076086747155351,0.108018801994912,0.135040651153205,0.197884761911235,0.316156111984372,0.640128244519107,0.609297294467672,0.701204759719837,0.675978460285784,0.627482597519897,0.34075202789665,0.157183093878022,0.141304811635108
0.10387328539282,0.120017499474785,0.158322310026918,0.249401963960797,0.398662704744665,0.586143273306063,0.589012322192911,0.569389293419074,0.488575381615788,0.426624144012389,0.297147953662986,0.179629201900765,0.152553287107752
0.104195078842576,0.129397716296468,0.183969622199142,0.327231958633891,0.435269463154133,0.55166484084097,0.564345095687102,0.483285466907354,0.407367031915268,0.315235989383474,0.250990139723008,0.180612575699562,0.172531934504145
0.0324409715631504,0.127232889075584,0.197478016920862,0.294937840256125,0.405754891862715,0.545925876667858,0.584083901914209,0.629769761600781,0.586954503229764,0.567826978547275,0.388069434804622,0.218323241079721,0.202076973564479
0.239094573942009,0.31142179164299,0.370476850724207,0.370933927232212,0.426411248824576,0.60323512466916,0.528571437922786,0.564594593228396,0.53320069956947,0.50378655292614,0.419601298061559,0.288093725864128,0.246106750098438
0.218134385992307,0.285975675026597,0.362256051031206,0.420183443513924,0.503118294321153,0.593552571578762,0.539684129394757,0.500737527325613,0.531200148994297,0.518609313234986,0.435410497551992,0.350511300422036,0.304242120920236
0.0716865522433106,0.160056977052991,0.301260036984824,0.391079471315079,0.458096825189147,0.478396450792992,0.424939238883551,0.35964834374487,0.340683710324389,0.26961013207771,0.27917647570073,0.224273389524968,0.202640451904017
0.0973198209524635,0.107467432646588,0.160553071590497,0.21380619890951,0.312153868878701,0.438349945031054,0.439297678378831,0.297684765912691,0.238276928793961,0.183042481711568,0.144557274366985,0.112815439027465,0.112924047470264
0.144442614406162,0.182751271173639,0.368380139216592,0.413772486141463,0.470793439927326,0.527559608038887,0.410579672529779,0.352239195092068,0.331871999700553,0.295235652557157,0.300190222592466,0.232987691732032,0.203179547581684
0.239098400263113,0.25328731262423,0.432868553757854,0.535736743069611,0.584490178875414,0.497394107161062,0.458700900834396,0.447112021411558,0.411704011580146,0.37985608884431,0.368746651174679,0.329399294028427,0.273336083121975
0.103875898248514,0.12000526609104,0.19261751627884,0.230820356890001,0.349796032644994,0.425549678386555,0.463852025635527,0.269983326246018,0.251658269492343,0.203874938991292,0.188936835584421,0.16957369160317,0.144012040725537
0.151281277360177,0.165416059211457,0.21182598206746,0.248235774163608,0.454804057471645,0.569778565128738,0.638921870885059,0.670698127410656,0.622014487846034,0.553229615304854,0.346311897656866,0.238199450953754,0.163519755052092
0.286383613718455,0.316350388706806,0.375926343119094,0.362153846336857,0.450585939266468,0.449081466299705,0.550486547966432,0.536113525866164,0.537390871884087,0.558014019681762,0.480570525521153,0.437456709053977,0.2724091122584
0.0427296730916447,0.127838864900205,0.169265671238096,0.21586665633559,0.325955447651156,0.502202935124069,0.508612772933593,0.420057141971262,0.304826825357949,0.264183118761124,0.235257132827862,0.174712641388875,0.161907901182822
0.124470822552625,0.142675207601633,0.216866615654481,0.278615493772488,0.365123643444108,0.449661073821319,0.468863669719948,0.378715154756806,0.307363072056266,0.298741301682825,0.262799740488884,0.201362657454564,0.184789397295189
0.0712316260042259,0.128032822918753,0.17809249056165,0.232864438495757,0.342458429730695,0.561886166545125,0.511629165075166,0.415822964260184,0.299408962774055,0.24308236564086,0.233739556896214,0.180256282596104,0.164748527921139
0.181634397008736,0.211810900687146,0.286228831303769,0.285867429013086,0.412359133057854,0.655234105831951,0.627320709024193,0.681298333065867,0.674098465520885,0.61073650424937,0.335467576968196,0.255923231996499,0.22637331942981
0.378310378978805,0.363514095713159,0.330366889646363,0.38084089450434,0.379550680026124,0.379179531558441,0.388924453523494,0.42821563995911,0.42594985938132,0.371096382335188,0.293257246604516,0.22583255724349,0.223130194265074
0.308782827709152,0.333264368772557,0.321838735374706,0.3324442430567,0.25337528779917,0.162788847652763,0.144603815796647,0.138333889784076,0.147262861590384,0.134232959860612,0.138838508081795,0.117019860889328,0.130254058570881
0.39477929243866,0.406335850892317,0.438485435601158,0.449181662985465,0.427104063912504,0.321905657712576,0.267916620750873,0.253604079915511,0.259351686973059,0.226016368785188,0.215956486076289,0.211333709665224,0.200540620282927
0.339104654101889,0.361403210050519,0.317059345529696,0.324518677633996,0.242060831052012,0.17061152247274,0.128857810603736,0.119804631652688,0.127061994518856,0.121185388151187,0.124456416998993,0.127895578075342,0.117147236170948
0.113422211077234,0.190657476963757,0.287117494620402,0.317109353019023,0.375450468014193,0.50847753847199,0.523975064079781,0.609510693781752,0.507433759109923,0.508111978480329,0.325628752856766,0.272015086578265,0.222525232809443
0.120843711332398,0.142928525149369,0.25221405185046,0.324376959297839,0.381871623465994,0.42003658291421,0.426753924573662,0.445452406872919,0.353676057181946,0.32273273716758,0.300708358169685,0.24115570034001,0.215339289966259
0.114832978040107,0.142593165109275,0.243904010549473,0.301635847666741,0.3488726229756,0.479556469776026,0.508386619951627,0.494303615008537,0.416648900309165,0.371626862487465,0.309658354244733,0.214945842208037,0.189710676350897
0.286066547001099,0.31250628215371,0.369348515866144,0.404969172757308,0.447238305709171,0.452951496203801,0.400109474460374,0.405487338947578,0.371076877624079,0.338756103011094,0.305126375515899,0.269039930382424,0.231858902975916
0.257596477137196,0.280967695763811,0.296439064032463,0.371786702619666,0.430192763223769,0.416946384446629,0.387156832473356,0.367441289108534,0.315520238290792,0.2620454717598,0.25662581854677,0.21786010862715,0.196202771395289
0.313129878279066,0.334896550357573,0.448202328589798,0.556759810639802,0.559146788733664,0.473672644244553,0.280097421886038,0.201420810229125,0.183980347898103,0.163670783327238,0.152923176760271,0.139586887274683,0.136889809496716
0.252942579299381,0.298295572142014,0.363333361495122,0.384831147712438,0.45491019066295,0.462517542721781,0.444917098923057,0.436259501808239,0.3556446706499,0.321459630907726,0.292445641316765,0.279214434328795,0.229898973192474
0.174655846122514,0.197056856751025,0.260574456004755,0.337499054071637,0.436974443866722,0.439945484582232,0.329966761877233,0.242295812059789,0.195489536398182,0.177826169546366,0.169814487847267,0.146053986751243,0.148464025294037
0.238349733419704,0.274895328432486,0.340095189131592,0.432693832887528,0.484719314249536,0.455176463829148,0.395582223565728,0.285330581251849,0.21624397339298,0.192170230898993,0.185041689808016,0.156135368213837,0.155723542866402
0.366605393369406,0.391263704653096,0.441141877531451,0.477844552456916,0.42498350794441,0.29296599139477,0.215467333792171,0.19243245301606,0.18706599546546,0.172179461894193,0.162771346746729,0.151451184874405,0.146958622862608
0.246941224768042,0.278846040818185,0.345741920432101,0.439908841649556,0.549127966300241,0.507318665472022,0.432437558318336,0.286403495455854,0.201666441669477,0.171035341233678,0.161844178122903,0.155864153922804,0.132508001635663
0.303688432067147,0.310596594735847,0.310268468601253,0.3388855958756,0.376328361682008,0.412027683221304,0.417931994972833,0.425941434002025,0.419764446945331,0.367932541535056,0.315464293440741,0.279259417794982,0.212106811449158
