X_ 1,X_ 2,X_ 3,X_ 4,X_ 5,X_ 6,X_ 7,X_ 8,X_ 9,X_10,X_11,X_12,X_13,X_14,X_15,X_16,X_17,X_18,X_19,X_20,X_21,X_22,X_23,X_24,X_25,X_26,X_27,X_28,X_29,X_30,X_31,X_32,X_33,X_34,X_35,X_36,X_37,X_38,X_39,X_40,X_41,X_42,X_43,X_44,X_45,X_46,X_47,X_48,X_49,X_50,X_51,X_52,X_53,X_54,X_55,X_56,X_57,X_58,Y_ 1,Y_ 2,Y_ 3,Y_ 4,Y_ 5,Y_ 6,Y_ 7,Y_ 8,Y_ 9,Y_10,Y_11,Y_12,Y_13,Y_14,Y_15,Y_16,Y_17,Y_18,Y_19,Y_20,Y_21,Y_22,Y_23,Y_24,Y_25,Y_26,Y_27,Y_28,Y_29,Y_30,Y_31,Y_32,Y_33,Y_34,Y_35,Y_36,Y_37,Y_38,Y_39,Y_40,Y_41,Y_42,Y_43,Y_44,Y_45,Y_46,Y_47,Y_48,Y_49,Y_50,Y_51,Y_52,Y_53,Y_54,Y_55,Y_56,Y_57,Y_58,IDEN
-88.940384860378,-88.7764957607352,-88.70738,-88.7073777154018,-88.705633,-88.939732,-88.940384860378,NaN,,,,,,,,,,,,,,,,,,,,,,,,,,,,,,,,,,,,,,,,,,,,,,,,,,,42.4954398274712,42.4941366004674,42.493587,42.4935870147696,42.153561,42.15232,42.4954398274712,NaN,,,,,,,,,,,,,,,,,,,,,,,,,,,,,,,,,,,,,,,,,,,,,,,,,,,70
-88.463174,-88.460418,-88.459957,-88.346987,-87.932858,-87.942103,-87.937645,-88.349187,-88.462207,-88.463174,NaN,,,,,,,,,,,,,,,,,,,,,,,,,,,,,,,,,,,,,,,,,,,,,,,,40.142196,40.281935,40.39885,40.398651,40.399401,40.225482,39.879803,39.879451,39.879092,40.142196,NaN,,,,,,,,,,,,,,,,,,,,,,,,,,,,,,,,,,,,,,,,,,,,,,,,75
-88.695165,-88.693531,-88.361745,-88.36176,-88.258608,-88.257783,-88.296989,-88.253851,-88.564109,-88.698457,-88.695165,NaN,,,,,,,,,,,,,,,,,,,,,,,,,,,,,,,,,,,,,,,,,,,,,,,38.826299,38.914617,38.910847,38.851949,38.847521,38.731139,38.63419,38.599502,38.607093,38.606304,38.826299,NaN,,,,,,,,,,,,,,,,,,,,,,,,,,,,,,,,,,,,,,,,,,,,,,,77
-89.707024,-89.595103,-89.597321,-89.254237,-89.138393,-89.143898,-89.351494,-89.481556,-89.615212,-89.704417,-89.707024,NaN,,,,,,,,,,,,,,,,,,,,,,,,,,,,,,,,,,,,,,,,,,,,,,,38.655152,38.655948,38.743236,38.742019,38.736331,38.503088,38.518605,38.468465,38.472072,38.415667,38.655152,NaN,,,,,,,,,,,,,,,,,,,,,,,,,,,,,,,,,,,,,,,,,,,,,,,78
-88.939732,-88.705633,-88.588657,-88.58833,-88.60156,-88.601933,-88.60224,-88.712444,-88.818233,-88.938618,-88.941279,-88.939732,NaN,,,,,,,,,,,,,,,,,,,,,,,,,,,,,,,,,,,,,,,,,,,,,,42.15232,42.153561,42.15359,42.066462,42.017925,41.719563,41.631389,41.630491,41.631351,41.628319,41.891752,42.15232,NaN,,,,,,,,,,,,,,,,,,,,,,,,,,,,,,,,,,,,,,,,,,,,,,79
-88.805325,-88.470906,-88.470865,-88.360654,-88.361745,-88.693531,-88.806789,-88.805325,NaN,,,,,,,,,,,,,,,,,,,,,,,,,,,,,,,,,,,,,,,,,,,,,,,,,,39.216263,39.215029,39.171463,39.171118,38.910847,38.914617,38.911655,39.216263,NaN,,,,,,,,,,,,,,,,,,,,,,,,,,,,,,,,,,,,,,,,,,,,,,,,,,83
-89.177597,-89.115414,-89.129637,-88.704606,-88.706622,-88.70676,-89.151176,-89.150755,-89.177597,NaN,,,,,,,,,,,,,,,,,,,,,,,,,,,,,,,,,,,,,,,,,,,,,,,,,37.950311,38.085954,38.124747,38.125195,37.906797,37.863338,37.861999,37.945185,37.950311,NaN,,,,,,,,,,,,,,,,,,,,,,,,,,,,,,,,,,,,,,,,,,,,,,,,,85
-88.131938,-87.5264633059912,-87.526014,-87.5261364904237,-87.526292,-87.5268757732538,-87.935309,-88.117905,-88.118191,-88.131938,NaN,,,,,,,,,,,,,,,,,,,,,,,,,,,,,,,,,,,,,,,,,,,,,,,,40.997839,41.0103548179645,40.895582,40.7368850814229,40.535409,40.4912244096904,40.485923,40.488086,40.516982,40.997839,NaN,,,,,,,,,,,,,,,,,,,,,,,,,,,,,,,,,,,,,,,,,,,,,,,,93
-88.60156,-88.58833,-88.588657,-88.393762,-88.354183,-88.257689,-88.238369,-88.238291,-88.263378,-88.263255,-88.262876,-88.26241,-88.262492,-88.26279,-88.26279,-88.261952,-88.37532,-88.4045,-88.601933,-88.60156,NaN,,,,,,,,,,,,,,,,,,,,,,,,,,,,,,,,,,,,,,42.017925,42.066462,42.15359,42.1539,42.154224,42.154073,42.154253,42.092348,42.066626,42.015492,41.986227,41.899234,41.882886,41.812301,41.812132,41.724652,41.72261,41.72227,41.719563,42.017925,NaN,,,,,,,,,,,,,,,,,,,,,,,,,,,,,,,,,,,,,,97
-90.439423,-90.437657,-89.984559,-89.985479,-89.986068,-90.444343,-90.439423,NaN,,,,,,,,,,,,,,,,,,,,,,,,,,,,,,,,,,,,,,,,,,,,,,,,,,,41.063995,41.151252,41.149366,40.974495,40.712257,40.714667,41.063995,NaN,,,,,,,,,,,,,,,,,,,,,,,,,,,,,,,,,,,,,,,,,,,,,,,,,,,99
-89.62933,-89.426727,-89.414627,-88.941279,-88.938618,-89.1672,-89.166561,-89.631494,-89.62933,NaN,,,,,,,,,,,,,,,,,,,,,,,,,,,,,,,,,,,,,,,,,,,,,,,,,41.901617,41.908418,41.886175,41.891752,41.628319,41.628707,41.585289,41.584949,41.901617,NaN,,,,,,,,,,,,,,,,,,,,,,,,,,,,,,,,,,,,,,,,,,,,,,,,,101
-90.273686,-90.145991,-90.116509,-89.698555,-89.639265,-89.637049,-89.637831,-89.599593,-89.597321,-89.595103,-89.707024,-90.037105,-90.1815243815314,-90.19521,-90.20991,-90.1665946400156,-90.166409,-90.117707,-90.113327,-90.2072823011856,-90.230336,-90.2765837220256,-90.273686,NaN,,,,,,,,,,,,,,,,,,,,,,,,,,,,,,,,,,,38.999347,39.000046,38.998962,38.998979,38.999129,38.918364,38.918353,38.87453,38.743236,38.655948,38.655152,38.658449,38.6603728853105,38.68755,38.72605,38.7724501393051,38.772649,38.805748,38.849306,38.8987323228399,38.91086,38.9193384672116,38.999347,NaN,,,,,,,,,,,,,,,,,,,,,,,,,,,,,,,,,,,106
-89.143898,-89.138393,-89.138138,-88.695165,-88.698457,-88.698961,-89.144388,-89.143898,NaN,,,,,,,,,,,,,,,,,,,,,,,,,,,,,,,,,,,,,,,,,,,,,,,,,,38.503088,38.736331,38.824244,38.826299,38.606304,38.474914,38.473878,38.503088,NaN,,,,,,,,,,,,,,,,,,,,,,,,,,,,,,,,,,,,,,,,,,,,,,,,,,107
-90.372519,-90.349743,-90.3429152667372,-90.3402442817043,-90.288815,-90.271314,-90.260976059287,-90.036018,-89.903937,-89.899061,-90.036385,-90.035999,-90.2057286258827,-90.218708,-90.252484,-90.2527463239758,-90.322353,-90.3511641450603,-90.363926,-90.372519,NaN,,,,,,,,,,,,,,,,,,,,,,,,,,,,,,,,,,,,,,38.323354,38.377609,38.3844273200276,38.3870946226363,38.438453,38.496052,38.5185267874078,38.30885,38.297203,38.220755,38.223125,38.13563,38.0882331831086,38.094365,38.127571,38.1277738262294,38.181593,38.2195444570945,38.236355,38.323354,NaN,,,,,,,,,,,,,,,,,,,,,,,,,,,,,,,,,,,,,,113
-90.571754,-90.583534,-89.994405,-89.993755,-89.926037,-90.15375,-90.301801,-90.300666,-90.372969,-90.371253,-90.483385,-90.483063,-90.599105,-90.571754,NaN,,,,,,,,,,,,,,,,,,,,,,,,,,,,,,,,,,,,,,,,,,,,39.839326,39.87675,39.87286,39.785329,39.522104,39.520315,39.520192,39.636541,39.665781,39.753388,39.753434,39.78924,39.79006,39.839326,NaN,,,,,,,,,,,,,,,,,,,,,,,,,,,,,,,,,,,,,,,,,,,,115
-89.688486,-89.396192,-89.173,-89.172799,-89.091831,-88.939732,-88.941279,-89.414627,-89.426727,-89.62933,-89.685366,-89.688486,NaN,,,,,,,,,,,,,,,,,,,,,,,,,,,,,,,,,,,,,,,,,,,,,,42.199112,42.201916,42.204241,42.150297,42.150681,42.15232,41.891752,41.886175,41.908418,41.901617,41.93034,42.199112,NaN,,,,,,,,,,,,,,,,,,,,,,,,,,,,,,,,,,,,,,,,,,,,,,117
-91.3646166033233,-90.916071,-90.916609,-90.890082,-90.571754,-90.599105,-90.64599,-90.581055,-90.610502,-90.613694,-90.908735,-90.9353499463686,-90.937419,-91.03827,-91.064305,-91.100307,-91.148275,-91.174232,-91.1828755008197,-91.27614,-91.3057603349652,-91.367753,-91.3646166033233,NaN,,,,,,,,,,,,,,,,,,,,,,,,,,,,,,,,,,,39.7587182263223,39.757168,39.845075,39.841,39.839326,39.79006,39.703368,39.521728,39.457447,39.395775,39.400208,39.3995195289071,39.400803,39.448436,39.494643,39.538695,39.545798,39.591975,39.5982331157954,39.665759,39.6862154700779,39.729029,39.7587182263223,NaN,,,,,,,,,,,,,,,,,,,,,,,,,,,,,,,,,,,121
-90.2057286258827,-90.035999,-90.036385,-89.899061,-89.703256,-89.592797,-89.595084,-89.663385,-89.6872213808531,-89.696559,-89.782035,-89.851048,-89.923185,-89.933095790915,-89.974221,-89.95491,-90.008353,-90.080959,-90.126006,-90.2057286258827,NaN,,,,,,,,,,,,,,,,,,,,,,,,,,,,,,,,,,,,,,38.0882331831086,38.13563,38.223125,38.220755,38.219404,38.219271,37.95531,37.831568,37.7964067184393,37.814337,37.855092,37.90398,37.870672,37.8800990582524,37.919217,37.966647,37.970179,38.015428,38.05057,38.0882331831086,NaN,,,,,,,,,,,,,,,,,,,,,,,,,,,,,,,,,,,,,,123
-88.257783,-88.258608,-87.945923,-87.908113,-87.912286,-87.953898,-88.147814,-88.148044,-88.253851,-88.296989,-88.257783,NaN,,,,,,,,,,,,,,,,,,,,,,,,,,,,,,,,,,,,,,,,,,,,,,,38.731139,38.847521,38.850108,38.850107,38.570104,38.570094,38.569086,38.597988,38.599502,38.63419,38.731139,NaN,,,,,,,,,,,,,,,,,,,,,,,,,,,,,,,,,,,,,,,,,,,,,,,124
-88.70676,-88.706622,-88.37453,-88.375332,-88.412112,-88.708546,-88.70676,NaN,,,,,,,,,,,,,,,,,,,,,,,,,,,,,,,,,,,,,,,,,,,,,,,,,,,37.863338,37.906797,37.907678,37.599563,37.599912,37.599277,37.863338,NaN,,,,,,,,,,,,,,,,,,,,,,,,,,,,,,,,,,,,,,,,,,,,,,,,,,,126
-90.2552948876694,-90.248913,-90.18451,-90.18111,-90.1815243815314,-90.037105,-89.707024,-89.704417,-89.703256,-89.899061,-89.903937,-90.036018,-90.260976059287,-90.2552948876694,NaN,,,,,,,,,,,,,,,,,,,,,,,,,,,,,,,,,,,,,,,,,,,,38.530877711821,38.544752,38.611551,38.65955,38.6603728853105,38.658449,38.655152,38.415667,38.219404,38.220755,38.297203,38.30885,38.5185267874078,38.530877711821,NaN,,,,,,,,,,,,,,,,,,,,,,,,,,,,,,,,,,,,,,,,,,,,130
-89.926484,-89.8375948863256,-89.493216,-89.4014168110406,-89.397809,-89.396192,-89.688486,-89.898103,-89.91965,-89.927006876764,-89.926484,NaN,,,,,,,,,,,,,,,,,,,,,,,,,,,,,,,,,,,,,,,,,,,,,,,42.505787,42.5049103527915,42.501514,42.5004419310737,42.307171,42.201916,42.199112,42.196274,42.196824,42.5057904857746,42.505787,NaN,,,,,,,,,,,,,,,,,,,,,,,,,,,,,,,,,,,,,,,,,,,,,,,132
-89.885235,-89.872463,-89.770412,-89.675404,-89.592157,-89.553374,-89.554994,-89.330167,-89.327343,-89.26939,-89.26374,-89.602979,-89.714927,-89.717104,-89.92468,-89.885235,NaN,,,,,,,,,,,,,,,,,,,,,,,,,,,,,,,,,,,,,,,,,,40.49248,40.513127,40.553149,40.553938,40.685015,40.706503,40.747637,40.748257,40.615566,40.594329,40.325344,40.320129,40.319218,40.435655,40.435921,40.49248,NaN,,,,,,,,,,,,,,,,,,,,,,,,,,,,,,,,,,,,,,,,,,133
-89.704417,-89.615212,-89.481556,-89.351494,-89.143898,-89.144388,-89.147416,-89.592797,-89.703256,-89.704417,NaN,,,,,,,,,,,,,,,,,,,,,,,,,,,,,,,,,,,,,,,,,,,,,,,,38.415667,38.472072,38.468465,38.518605,38.503088,38.473878,38.212896,38.219271,38.219404,38.415667,NaN,,,,,,,,,,,,,,,,,,,,,,,,,,,,,,,,,,,,,,,,,,,,,,,,136
-88.370491,-88.1509,-88.027749,-87.9906,-87.968968,-87.9702008408039,-87.975819,-87.927468,-87.96221,-87.98877,-88.030884,-88.016311,-88.040861,-88.0594694927008,-88.136053,-88.37452,-88.370491,NaN,,,,,,,,,,,,,,,,,,,,,,,,,,,,,,,,,,,,,,,,,38.255413,38.256097,38.255661,38.259715,38.237389,38.2302710583858,38.197834,38.151946,38.100054,38.055591,38.030713,37.961574,37.891767,37.8666898040108,37.916023,37.908432,38.255413,NaN,,,,,,,,,,,,,,,,,,,,,,,,,,,,,,,,,,,,,,,,,137
-89.4014168110406,-89.3657986076635,-89.042898,-88.9925602268173,-88.940384860378,-88.939732,-89.091831,-89.172799,-89.173,-89.396192,-89.397809,-89.4014168110406,NaN,,,,,,,,,,,,,,,,,,,,,,,,,,,,,,,,,,,,,,,,,,,,,,42.5004419310737,42.5000259669515,42.496255,42.4958547198992,42.4954398274712,42.15232,42.150681,42.150297,42.204241,42.201916,42.307171,42.5004419310737,NaN,,,,,,,,,,,,,,,,,,,,,,,,,,,,,,,,,,,,,,,,,,,,,,140
-85.073861,-84.8026702061534,-84.802119,-84.8021190322638,-84.8024138785794,-85.068479,-85.073861,NaN,,,,,,,,,,,,,,,,,,,,,,,,,,,,,,,,,,,,,,,,,,,,,,,,,,,40.917823,40.922568713921,40.728163,40.7281459368726,40.5722128806467,40.56824,40.917823,NaN,,,,,,,,,,,,,,,,,,,,,,,,,,,,,,,,,,,,,,,,,,,,,,,,,,,142
-85.338552,-85.307781,-85.192094,-84.8037035726169,-84.8036449822556,-84.803234,-84.8028596219514,-84.8026702061534,-85.073861,-85.33603,-85.335643,-85.338552,NaN,,,,,,,,,,,,,,,,,,,,,,,,,,,,,,,,,,,,,,,,,,,,,,41.17912,41.264158,41.264209,41.2712583305706,41.2525616835482,41.121414,40.9893740520086,40.922568713921,40.917823,40.917082,41.00525,41.17912,NaN,,,,,,,,,,,,,,,,,,,,,,,,,,,,,,,,,,,,,,,,,,,,,,143
-85.447014,-85.390539,-85.201146,-85.200628,-85.206508,-85.206886,-85.219901,-85.44433,-85.447014,NaN,,,,,,,,,,,,,,,,,,,,,,,,,,,,,,,,,,,,,,,,,,,,,,,,,40.566929,40.566898,40.567242,40.495827,40.479373,40.386018,40.379034,40.37914,40.566929,NaN,,,,,,,,,,,,,,,,,,,,,,,,,,,,,,,,,,,,,,,,,,,,,,,,,145
-85.684515,-85.63063,-85.629327,-85.297575,-85.29654,-85.440054,-85.56632,-85.686783,-85.684515,NaN,,,,,,,,,,,,,,,,,,,,,,,,,,,,,,,,,,,,,,,,,,,,,,,,,39.350049,39.350205,39.45275,39.453275,39.268291,39.195617,39.132761,39.130859,39.350049,NaN,,,,,,,,,,,,,,,,,,,,,,,,,,,,,,,,,,,,,,,,,,,,,,,,,153
-87.072369,-86.947663,-86.924186,-86.885716,-86.837462,-86.682359,-86.681424,-86.679511,-86.792152,-86.791497,-87.01749,-87.073067,-87.072369,NaN,,,,,,,,,,,,,,,,,,,,,,,,,,,,,,,,,,,,,,,,,,,,,38.5147,38.490453,38.505358,38.494866,38.526468,38.526378,38.394767,38.263086,38.2491,38.20513,38.20358,38.232596,38.5147,NaN,,,,,,,,,,,,,,,,,,,,,,,,,,,,,,,,,,,,,,,,,,,,,155
-86.0625630290106,-85.791363,-85.7913349619628,-85.6597502379909,-85.654747,-85.653507,-86.05923,-86.059451,-86.0625630290106,NaN,,,,,,,,,,,,,,,,,,,,,,,,,,,,,,,,,,,,,,,,,,,,,,,,,41.759653033158,41.759051,41.7590510395575,41.759236686047,41.523347,41.436856,41.435812,41.479154,41.759653033158,NaN,,,,,,,,,,,,,,,,,,,,,,,,,,,,,,,,,,,,,,,,,,,,,,,,,156
-85.301584,-85.221118,-85.185089,-85.034575,-85.036087,-85.29811,-85.301584,NaN,,,,,,,,,,,,,,,,,,,,,,,,,,,,,,,,,,,,,,,,,,,,,,,,,,,39.787579,39.788449,39.715515,39.714764,39.526213,39.525476,39.787579,NaN,,,,,,,,,,,,,,,,,,,,,,,,,,,,,,,,,,,,,,,,,,,,,,,,,,,157
-86.467046,-86.077551,-86.075939,-85.945561,-85.946436,-86.168459,-86.169012,-86.468509,-86.467046,NaN,,,,,,,,,,,,,,,,,,,,,,,,,,,,,,,,,,,,,,,,,,,,,,,,,41.171442,41.172868,41.084878,41.042876,40.999195,40.996097,40.909836,40.909889,41.171442,NaN,,,,,,,,,,,,,,,,,,,,,,,,,,,,,,,,,,,,,,,,,,,,,,,,,159
-87.968968,-87.908542,-87.831972,-87.779996,-87.7511059451205,-87.599317,-87.494671,-87.462892,-87.462486,-87.407583,-87.316219,-87.316893,-87.31703,-87.466744,-87.467284,-87.688374,-87.799677,-87.799169,-87.9702008408039,-87.968968,NaN,,,,,,,,,,,,,,,,,,,,,,,,,,,,,,,,,,,,,,38.237389,38.268581,38.307241,38.370842,38.4188492084548,38.450721,38.495692,38.533519,38.46561,38.375501,38.381474,38.246077,38.201753,38.201286,38.165403,38.168419,38.201944,38.22858,38.2302710583858,38.237389,NaN,,,,,,,,,,,,,,,,,,,,,,,,,,,,,,,,,,,,,,160
-86.242743,-85.861903,-85.862489,-85.937587,-86.239739,-86.242365,-86.242743,NaN,,,,,,,,,,,,,,,,,,,,,,,,,,,,,,,,,,,,,,,,,,,,,,,,,,,40.215834,40.218936,39.943618,39.927137,39.926055,40.180778,40.215834,NaN,,,,,,,,,,,,,,,,,,,,,,,,,,,,,,,,,,,,,,,,,,,,,,,,,,,161
-85.953683,-85.938067,-85.937587,-85.862489,-85.576192,-85.596678,-85.596916,-85.633491,-85.633228,-85.951721,-85.953683,NaN,,,,,,,,,,,,,,,,,,,,,,,,,,,,,,,,,,,,,,,,,,,,,,,39.856117,39.869812,39.927137,39.943618,39.945756,39.872926,39.786519,39.786177,39.698462,39.697136,39.856117,NaN,,,,,,,,,,,,,,,,,,,,,,,,,,,,,,,,,,,,,,,,,,,,,,,162
-85.596678,-85.576192,-85.576197,-85.214386,-85.213543,-85.201473,-85.200945,-85.221118,-85.301584,-85.596916,-85.596678,NaN,,,,,,,,,,,,,,,,,,,,,,,,,,,,,,,,,,,,,,,,,,,,,,,39.872926,39.945756,40.077143,40.076889,40.015603,40.004521,39.873799,39.788449,39.787579,39.786519,39.872926,NaN,,,,,,,,,,,,,,,,,,,,,,,,,,,,,,,,,,,,,,,,,,,,,,,165
-85.219901,-85.206886,-85.206508,-85.200628,-85.201146,-85.068479,-84.8024138785794,-84.802547,-84.8029313665713,-84.804119,-84.8041205270149,-84.8049173025784,-85.218758,-85.219901,NaN,,,,,,,,,,,,,,,,,,,,,,,,,,,,,,,,,,,,,,,,,,,,40.379034,40.386018,40.479373,40.495827,40.567242,40.56824,40.5722128806467,40.50181,40.4653866217198,40.352844,40.3527622302971,40.3100959150341,40.306706,40.379034,NaN,,,,,,,,,,,,,,,,,,,,,,,,,,,,,,,,,,,,,,,,,,,,169
-86.077551,-86.054116,-86.05923,-85.653507,-85.653227,-85.651928,-85.652715,-85.686574,-85.684181,-85.795814,-85.945561,-86.075939,-86.077551,NaN,,,,,,,,,,,,,,,,,,,,,,,,,,,,,,,,,,,,,,,,,,,,,41.172868,41.176368,41.435812,41.436856,41.351195,41.294776,41.178489,41.178376,41.046716,41.043588,41.042876,41.084878,41.172868,NaN,,,,,,,,,,,,,,,,,,,,,,,,,,,,,,,,,,,,,,,,,,,,,173
-86.9328490284944,-86.90913,-86.824828,-86.6413229205208,-86.640044,-86.5242197424429,-86.526682,-86.487029,-86.524711,-86.642542,-86.739995,-86.814652,-86.870265,-86.930079,-86.9328490284944,NaN,,,,,,,,,,,,,,,,,,,,,,,,,,,,,,,,,,,,,,,,,,,41.7164969379022,41.726938,41.76024,41.7596749381428,41.759671,41.7595721559735,41.65044,41.642125,41.432886,41.432639,41.321708,41.273501,41.264553,41.236798,41.7164969379022,NaN,,,,,,,,,,,,,,,,,,,,,,,,,,,,,,,,,,,,,,,,,,,174
-86.467108,-86.059451,-86.05923,-86.054116,-86.077551,-86.467046,-86.466603,-86.467108,NaN,,,,,,,,,,,,,,,,,,,,,,,,,,,,,,,,,,,,,,,,,,,,,,,,,,41.476459,41.479154,41.435812,41.176368,41.172868,41.171442,41.432968,41.476459,NaN,,,,,,,,,,,,,,,,,,,,,,,,,,,,,,,,,,,,,,,,,,,,,,,,,,178
-87.2227999491184,-87.125835,-87.027888,-86.9328490284944,-86.930079,-86.968125,-87.131339,-87.218862,-87.2227999491184,NaN,,,,,,,,,,,,,,,,,,,,,,,,,,,,,,,,,,,,,,,,,,,,,,,,,41.62888983896,41.650302,41.674661,41.7164969379022,41.236798,41.219658,41.286245,41.242027,41.62888983896,NaN,,,,,,,,,,,,,,,,,,,,,,,,,,,,,,,,,,,,,,,,,,,,,,,,,188
-85.218758,-84.8049173025784,-84.808706,-84.8101612384745,-85.201473,-85.213543,-85.214386,-85.218758,NaN,,,,,,,,,,,,,,,,,,,,,,,,,,,,,,,,,,,,,,,,,,,,,,,,,,40.306706,40.3100959150341,40.107216,40.0050675438482,40.004521,40.015603,40.076889,40.306706,NaN,,,,,,,,,,,,,,,,,,,,,,,,,,,,,,,,,,,,,,,,,,,,,,,,,,191
-85.633491,-85.596916,-85.301584,-85.29811,-85.297575,-85.629327,-85.633228,-85.633491,NaN,,,,,,,,,,,,,,,,,,,,,,,,,,,,,,,,,,,,,,,,,,,,,,,,,,39.786177,39.786519,39.787579,39.525476,39.453275,39.45275,39.698462,39.786177,NaN,,,,,,,,,,,,,,,,,,,,,,,,,,,,,,,,,,,,,,,,,,,,,,,,,,193
-85.95208,-85.951721,-85.633228,-85.629327,-85.63063,-85.684515,-85.952005,-85.95208,NaN,,,,,,,,,,,,,,,,,,,,,,,,,,,,,,,,,,,,,,,,,,,,,,,,,,39.638345,39.697136,39.698462,39.45275,39.350205,39.350049,39.347373,39.638345,NaN,,,,,,,,,,,,,,,,,,,,,,,,,,,,,,,,,,,,,,,,,,,,,,,,,,195
-85.945561,-85.795814,-85.684181,-85.683198,-85.643841,-85.638587,-85.864791,-85.939525,-85.946436,-85.945561,NaN,,,,,,,,,,,,,,,,,,,,,,,,,,,,,,,,,,,,,,,,,,,,,,,,41.042876,41.043588,41.046716,41.001909,41.002305,40.653129,40.651693,40.650991,40.999195,41.042876,NaN,,,,,,,,,,,,,,,,,,,,,,,,,,,,,,,,,,,,,,,,,,,,,,,,203
-87.467284,-87.466744,-87.31703,-87.316893,-87.298388,-87.073067,-87.01749,-87.017453,-87.072332,-87.268003,-87.270387407739,-87.304057452442,-87.331765,-87.418585,-87.4486358576095,-87.472983,-87.467284,NaN,,,,,,,,,,,,,,,,,,,,,,,,,,,,,,,,,,,,,,,,,38.165403,38.201286,38.201753,38.246077,38.231671,38.232596,38.20358,38.118301,38.11828,37.924766,37.87542282659,37.8934325491223,37.908253,37.944763,37.9338778682149,38.034944,38.165403,NaN,,,,,,,,,,,,,,,,,,,,,,,,,,,,,,,,,,,,,,,,,205
-85.200945,-85.201473,-84.8101612384745,-84.8114171063805,-84.8141281379328,-85.022528,-85.034575,-85.185089,-85.221118,-85.200945,NaN,,,,,,,,,,,,,,,,,,,,,,,,,,,,,,,,,,,,,,,,,,,,,,,,39.873799,40.004521,40.0050675438482,39.9169136295798,39.7266165116193,39.729179,39.714764,39.715515,39.788449,39.873799,NaN,,,,,,,,,,,,,,,,,,,,,,,,,,,,,,,,,,,,,,,,,,,,,,,,207
-87.099793,-86.986438,-86.987438,-86.930759,-86.581532,-86.581739,-86.750011,-86.771293,-87.095357,-87.097069,-87.09839,-87.099793,NaN,,,,,,,,,,,,,,,,,,,,,,,,,,,,,,,,,,,,,,,,,,,,,,40.837607,40.837921,40.912177,40.912418,40.910925,40.735765,40.736027,40.562082,40.562895,40.714401,40.736541,40.837607,NaN,,,,,,,,,,,,,,,,,,,,,,,,,,,,,,,,,,,,,,,,,,,,,,208
-85.686574,-85.652715,-85.651928,-85.537209,-85.307781,-85.338552,-85.335643,-85.643841,-85.683198,-85.684181,-85.686574,NaN,,,,,,,,,,,,,,,,,,,,,,,,,,,,,,,,,,,,,,,,,,,,,,,41.178376,41.178489,41.294776,41.26631,41.264158,41.17912,41.00525,41.002305,41.001909,41.046716,41.178376,NaN,,,,,,,,,,,,,,,,,,,,,,,,,,,,,,,,,,,,,,,,,,,,,,,209
-98.349804,-97.807057,-97.804337,-97.8023129703503,-98.045342,-98.1119851837458,-98.3471487797447,-98.349804,NaN,,,,,,,,,,,,,,,,,,,,,,,,,,,,,,,,,,,,,,,,,,,,,,,,,,37.384056,37.386293,37.366069,36.998698609394,36.998327,36.9982479946353,36.9979692086496,37.384056,NaN,,,,,,,,,,,,,,,,,,,,,,,,,,,,,,,,,,,,,,,,,,,,,,,,,,306
-98.464663,-98.464804,-97.807823,-97.8076,-97.807057,-98.349804,-98.464933,-98.464663,NaN,,,,,,,,,,,,,,,,,,,,,,,,,,,,,,,,,,,,,,,,,,,,,,,,,,37.471013,37.732675,37.733855,37.474184,37.386293,37.384056,37.384144,37.471013,NaN,,,,,,,,,,,,,,,,,,,,,,,,,,,,,,,,,,,,,,,,,,,,,,,,,,309
-97.924795,-97.371911,-97.37175,-97.701841,-97.922136,-97.924269,-97.924795,NaN,,,,,,,,,,,,,,,,,,,,,,,,,,,,,,,,,,,,,,,,,,,,,,,,,,,38.60988,38.609353,38.173673,38.173814,38.173713,38.522755,38.60988,NaN,,,,,,,,,,,,,,,,,,,,,,,,,,,,,,,,,,,,,,,,,,,,,,,,,,,313
-97.8076,-97.153331,-97.1477209669227,-97.384925,-97.4623460298641,-97.768704,-97.8023129703503,-97.804337,-97.807057,-97.8076,NaN,,,,,,,,,,,,,,,,,,,,,,,,,,,,,,,,,,,,,,,,,,,,,,,,37.474184,37.475544,36.9989723356215,36.998843,36.9988242387969,36.99875,36.998698609394,37.366069,37.386293,37.474184,NaN,,,,,,,,,,,,,,,,,,,,,,,,,,,,,,,,,,,,,,,,,,,,,,,,326
-84.442661,-84.333846,-84.306169,-84.281844,-84.19405,-84.095324,-83.969281,-83.977924,-83.992845,-84.080527,-84.286461,-84.379613,-84.35523,-84.401847,-84.419918,-84.442661,NaN,,,,,,,,,,,,,,,,,,,,,,,,,,,,,,,,,,,,,,,,,,38.283236,38.288751,38.3131,38.312461,38.37175,38.259014,38.20933,38.192118,38.173364,38.115118,38.067028,38.111456,38.178474,38.207889,38.214245,38.283236,NaN,,,,,,,,,,,,,,,,,,,,,,,,,,,,,,,,,,,,,,,,,,332
-87.710912,-87.680617,-87.519854,-87.333741,-87.334277,-87.259371,-87.3359790500808,-87.347796,-87.6411458970021,-87.64115,-87.6941859078643,-87.659724,-87.733368,-87.710912,NaN,,,,,,,,,,,,,,,,,,,,,,,,,,,,,,,,,,,,,,,,,,,,37.021607,37.149239,37.105543,37.157186,37.131818,37.072401,36.6415771604931,36.64144,36.6380360476101,36.638036,36.6368382439437,36.966397,37.002103,37.021607,NaN,,,,,,,,,,,,,,,,,,,,,,,,,,,,,,,,,,,,,,,,,,,,340
-89.544434,-89.479346,-89.407906,-89.378694,-89.327319777009,-89.324658,-89.278935,-89.227319,-89.199136,-89.1756497723469,-89.147098,-89.026629,-88.940873,-88.90348,-88.8345890228743,-88.964471,-89.211409,-89.3451943195388,-89.417293,-89.539232,-89.571481,-89.544434,NaN,,,,,,,,,,,,,,,,,,,,,,,,,,,,,,,,,,,,36.57451,36.566253,36.562345,36.622292,36.6239462887705,36.624032,36.577699,36.569375,36.625649,36.6513192625535,36.649117,36.592124,36.591514,36.576864,36.5019803422593,36.502191,36.50563,36.5013432086369,36.499033,36.497934,36.538087,36.57451,NaN,,,,,,,,,,,,,,,,,,,,,,,,,,,,,,,,,,,,346
-89.202511,-89.15699,-89.1559849090704,-89.104158,-89.067265,-88.813229,-88.819541,-88.8167641573481,-88.8271780363405,-88.8345890228743,-88.90348,-88.940873,-89.026629,-89.147098,-89.1756497723469,-89.165488,-89.202511,NaN,,,,,,,,,,,,,,,,,,,,,,,,,,,,,,,,,,,,,,,,,36.716618,36.755968,36.7862926633714,36.797285,36.772763,36.773115,36.753088,36.5019514318132,36.5019683222569,36.5019803422593,36.576864,36.591514,36.592124,36.649117,36.6513192625535,36.662426,36.716618,NaN,,,,,,,,,,,,,,,,,,,,,,,,,,,,,,,,,,,,,,,,,353
-87.053164,-86.976399,-86.941391,-86.84535,-86.674462,-86.611586,-86.655888,-86.75134,-86.7632909641085,-86.813037,-87.0608263443929,-87.053164,NaN,,,,,,,,,,,,,,,,,,,,,,,,,,,,,,,,,,,,,,,,,,,,,,37.061019,37.073588,37.068981,37.056513,36.999766,36.883057,36.876256,36.72712,36.6487206745018,36.647647,36.6447708848516,37.061019,NaN,,,,,,,,,,,,,,,,,,,,,,,,,,,,,,,,,,,,,,,,,,,,,,357
-85.468206,-85.324453,-85.283082,-84.997667,-84.956959,-84.998898,-85.023711,-85.047783,-85.101646,-85.196117,-85.232406,-85.424054,-85.404899,-85.468206,NaN,,,,,,,,,,,,,,,,,,,,,,,,,,,,,,,,,,,,,,,,,,,,38.285309,38.310112,38.358054,38.335586,38.332271,38.274979,38.129052,38.072341,38.03727,38.074822,38.089431,38.147438,38.26373,38.285309,NaN,,,,,,,,,,,,,,,,,,,,,,,,,,,,,,,,,,,,,,,,,,,,368
-86.75134,-86.655888,-86.611586,-86.583289,-86.400518,-86.405769,-86.418888,-86.4114961989664,-86.507771,-86.551292,-86.5620676518653,-86.606394,-86.7632909641085,-86.75134,NaN,,,,,,,,,,,,,,,,,,,,,,,,,,,,,,,,,,,,,,,,,,,,36.72712,36.876256,36.883057,36.830282,36.807226,36.776187,36.676031,36.6482404228482,36.652445,36.637985,36.6407466739073,36.652107,36.6487206745018,36.72712,NaN,,,,,,,,,,,,,,,,,,,,,,,,,,,,,,,,,,,,,,,,,,,,369
-87.259371,-87.250256,-87.053164,-87.0608263443929,-87.1150035566884,-87.3359790500808,-87.259371,NaN,,,,,,,,,,,,,,,,,,,,,,,,,,,,,,,,,,,,,,,,,,,,,,,,,,,37.072401,37.040557,37.061019,36.6447708848516,36.6441420446512,36.6415771604931,37.072401,NaN,,,,,,,,,,,,,,,,,,,,,,,,,,,,,,,,,,,,,,,,,,,,,,,,,,,371
-88.157347,-88.002697,-87.876996,-87.858088,-87.733368,-87.659724,-87.6941859078643,-87.853204,-87.849567,-88.011792,-88.070532,-88.080126,-88.110831,-88.129944,-88.157347,NaN,,,,,,,,,,,,,,,,,,,,,,,,,,,,,,,,,,,,,,,,,,,36.867183,36.910168,36.960116,36.950714,37.002103,36.966397,36.6368382439437,36.633247,36.663701,36.677025,36.678118,36.706739,36.74715,36.807546,36.867183,NaN,,,,,,,,,,,,,,,,,,,,,,,,,,,,,,,,,,,,,,,,,,,372
-88.132341,-88.059588,-88.02803,-87.970262,-87.935861,-87.903804,-87.938128,-87.9253933783054,-87.815093,-87.761995,-87.734545,-87.932952,-88.015572,-88.0662503200971,-88.072242,-88.131622,-88.1321634382725,-88.160062,-88.132341,NaN,,,,,,,,,,,,,,,,,,,,,,,,,,,,,,,,,,,,,,,37.697142,37.742608,37.799224,37.781856,37.789703,37.817762,37.870651,37.8995914848741,37.762423,37.762365,37.638376,37.480052,37.54721,37.5041383273482,37.528826,37.572968,37.57451700083,37.654332,37.697142,NaN,,,,,,,,,,,,,,,,,,,,,,,,,,,,,,,,,,,,,,,373
-86.622895,-86.497187,-86.399165,-86.28175,-86.218607,-86.113512,-86.16674,-86.201417,-86.405769,-86.400518,-86.583289,-86.611586,-86.674462,-86.622895,NaN,,,,,,,,,,,,,,,,,,,,,,,,,,,,,,,,,,,,,,,,,,,,37.181089,37.190387,37.169896,37.080597,37.104029,37.061072,36.934015,36.935315,36.776187,36.807226,36.830282,36.883057,36.999766,37.181089,NaN,,,,,,,,,,,,,,,,,,,,,,,,,,,,,,,,,,,,,,,,,,,,374
-84.845962,-84.60754,-84.369876,-84.367891,-84.367795,-84.836889,-84.845962,NaN,,,,,,,,,,,,,,,,,,,,,,,,,,,,,,,,,,,,,,,,,,,,,,,,,,,43.466158,43.466006,43.466044,43.128452,43.117938,43.118851,43.466158,NaN,,,,,,,,,,,,,,,,,,,,,,,,,,,,,,,,,,,,,,,,,,,,,,,,,,,408
-84.826491,-84.709556,-84.363297,-84.3604190413973,-84.3995487854742,-84.438067,-84.806082,-84.805883,-84.8251282838768,-84.826491,NaN,,,,,,,,,,,,,,,,,,,,,,,,,,,,,,,,,,,,,,,,,,,,,,,,42.072468,42.070366,42.073456,41.7069558826335,41.7059213574056,41.704903,41.696089,41.760216,41.7601990063519,42.072468,NaN,,,,,,,,,,,,,,,,,,,,,,,,,,,,,,,,,,,,,,,,,,,,,,,,409
-83.479567,-83.43261,-83.407146,-83.28231,-83.26153,-83.134881,-83.046577,-83.024604,-82.928884,-82.793205,-82.709839,-82.633641,-82.612224,-82.6064774206084,-83.117844,-83.466592,-83.5060855525428,-83.479567,NaN,,,,,,,,,,,,,,,,,,,,,,,,,,,,,,,,,,,,,,,,43.793625,43.885273,43.919807,43.938031,43.973525,43.993147,44.01571,44.045174,44.069389,44.023247,43.948226,43.831224,43.739771,43.690435,43.675493,43.667621,43.7451572131399,43.793625,NaN,,,,,,,,,,,,,,,,,,,,,,,,,,,,,,,,,,,,,,,,410
-85.088811,-84.606035,-84.60754,-84.845962,-85.084996,-85.088811,NaN,,,,,,,,,,,,,,,,,,,,,,,,,,,,,,,,,,,,,,,,,,,,,,,,,,,,43.813676,43.815218,43.466006,43.466158,43.46619,43.813676,NaN,,,,,,,,,,,,,,,,,,,,,,,,,,,,,,,,,,,,,,,,,,,,,,,,,,,,413
-84.363297,-84.131963,-83.773922,-83.7631499920621,-83.8803902452576,-84.134417,-84.3604190413973,-84.363297,NaN,,,,,,,,,,,,,,,,,,,,,,,,,,,,,,,,,,,,,,,,,,,,,,,,,,42.073456,42.071577,42.08243,41.7235467977626,41.7201944966129,41.712931,41.7069558826335,42.073456,NaN,,,,,,,,,,,,,,,,,,,,,,,,,,,,,,,,,,,,,,,,,,,,,,,,,,417
-83.773922,-83.539396,-83.294814,-83.1949057141367,-83.216897,-83.269521,-83.326024,-83.341557,-83.39622,-83.441668,-83.424076,-83.453832,-83.5855418421088,-83.763038,-83.7631499920621,-83.773922,NaN,,,,,,,,,,,,,,,,,,,,,,,,,,,,,,,,,,,,,,,,,,42.08243,42.085598,42.094378,42.0332025181647,41.988561,41.939042,41.924961,41.879956,41.852965,41.808646,41.740738,41.732647,41.7287720285128,41.72355,41.7235467977626,42.08243,NaN,,,,,,,,,,,,,,,,,,,,,,,,,,,,,,,,,,,,,,,,,,423
-84.369876,-84.170576,-84.168127,-84.05,-84.050987,-83.916091,-83.817228,-83.817678,-83.698816,-83.698509,-83.695621,-83.932071,-83.929079,-84.367891,-84.369876,NaN,,,,,,,,,,,,,,,,,,,,,,,,,,,,,,,,,,,,,,,,,,,43.466044,43.481969,43.568899,43.567324,43.524064,43.522629,43.522345,43.479052,43.478957,43.392711,43.221422,43.220377,43.132782,43.128452,43.466044,NaN,,,,,,,,,,,,,,,,,,,,,,,,,,,,,,,,,,,,,,,,,,,429
-83.120396,-83.104136,-83.117844,-82.6064774206084,-82.593785,-82.53993,-82.523086,-82.5060424049551,-82.996257,-83.00043,-83.119027,-83.120396,NaN,,,,,,,,,,,,,,,,,,,,,,,,,,,,,,,,,,,,,,,,,,,,,,43.327049,43.338206,43.675493,43.690435,43.581467,43.422378,43.225361,43.1688273713115,43.154099,43.284913,43.28368,43.327049,NaN,,,,,,,,,,,,,,,,,,,,,,,,,,,,,,,,,,,,,,,,,,,,,,430
-83.6994170918811,-83.683351,-83.529640471734,-83.51234,-83.5060855525428,-83.466592,-83.117844,-83.104136,-83.120396,-83.354418,-83.351709,-83.460708,-83.460733,-83.695621,-83.698509,-83.698816,-83.699484,-83.6994170918811,NaN,,,,,,,,,,,,,,,,,,,,,,,,,,,,,,,,,,,,,,,,43.6016371502565,43.590584,43.7192449191049,43.733726,43.7451572131399,43.667621,43.675493,43.338206,43.327049,43.322257,43.235193,43.232791,43.223131,43.221422,43.392711,43.478957,43.565823,43.6016371502565,NaN,,,,,,,,,,,,,,,,,,,,,,,,,,,,,,,,,,,,,,,,433
-96.8354191619781,-96.253026,-96.241328,-96.117036,-96.118054,-96.103614,-96.311413,-96.457553498485,-96.457781,-96.4700776030493,-96.482556,-96.521787,-96.562142,-96.617726,-96.675447,-96.710786,-96.742509,-96.781036,-96.8354191619781,NaN,,,,,,,,,,,,,,,,,,,,,,,,,,,,,,,,,,,,,,,45.5861286928808,45.585526,45.412667,45.411993,45.239784,45.176675,45.251597,45.2688979287184,45.30761,45.3267996493923,45.346273,45.375645,45.38609,45.408092,45.410216,45.43693,45.478723,45.535972,45.5861286928808,NaN,,,,,,,,,,,,,,,,,,,,,,,,,,,,,,,,,,,,,,,438
-96.09295,-95.604001,-95.594817,-95.59357,-96.063778,-96.07858,-96.08041,-96.09295,NaN,,,,,,,,,,,,,,,,,,,,,,,,,,,,,,,,,,,,,,,,,,,,,,,,,,44.630486,44.629945,44.542305,44.19553,44.196425,44.19662,44.54313,44.630486,NaN,,,,,,,,,,,,,,,,,,,,,,,,,,,,,,,,,,,,,,,,,,,,,,,,,,458
-94.653462,-94.534724,-94.426529,-94.341679,-94.388922,-94.374592,-93.810362,-93.810321,-93.763948,-94.353112,-94.271776,-94.5133,-94.64399,-94.653462,NaN,,,,,,,,,,,,,,,,,,,,,,,,,,,,,,,,,,,,,,,,,,,,46.348678,46.302797,46.332336,46.277705,46.238166,46.157093,46.156585,45.98308,45.822143,45.821967,45.775208,45.77438,45.77395,46.348678,NaN,,,,,,,,,,,,,,,,,,,,,,,,,,,,,,,,,,,,,,,,,,,,461
-96.280977,-96.17227,-96.174587,-95.247999,-95.16371,-95.15554,-95.155418,-95.155422,-95.15557,-95.145791,-95.14588,-95.76975,-96.265366,-96.28,-96.280977,NaN,,,,,,,,,,,,,,,,,,,,,,,,,,,,,,,,,,,,,,,,,,,46.630765,46.630709,46.717854,46.716255,46.71764,46.62994,46.449499,46.448784,46.36888,46.282368,46.106761,46.10745,46.10861,46.28222,46.630765,NaN,,,,,,,,,,,,,,,,,,,,,,,,,,,,,,,,,,,,,,,,,,,467
-95.758508,-95.13967,-95.13173,-95.255206,-95.747402,-95.758508,NaN,,,,,,,,,,,,,,,,,,,,,,,,,,,,,,,,,,,,,,,,,,,,,,,,,,,,45.759932,45.758891,45.412402,45.412525,45.412313,45.759932,NaN,,,,,,,,,,,,,,,,,,,,,,,,,,,,,,,,,,,,,,,,,,,,,,,,,,,,468
-95.482889,-95.24852,-94.758189,-94.502395,-94.498028,-94.498074,-94.629489,-94.6242,-94.78063,-94.81488,-94.865824,-94.880335,-95.132652,-95.244218,-95.360177,-95.415854,-95.482843,-95.482889,NaN,,,,,,,,,,,,,,,,,,,,,,,,,,,,,,,,,,,,,,,,44.890712,44.89131,44.892097,44.892295,44.872516,44.717171,44.716663,44.45603,44.45665,44.48445,44.498218,44.516794,44.596443,44.66706,44.69854,44.734505,44.752505,44.890712,NaN,,,,,,,,,,,,,,,,,,,,,,,,,,,,,,,,,,,,,,,,470
-96.254022,-95.758508,-95.747402,-96.117036,-96.241328,-96.253026,-96.254022,NaN,,,,,,,,,,,,,,,,,,,,,,,,,,,,,,,,,,,,,,,,,,,,,,,,,,,45.75982,45.759932,45.412313,45.411993,45.412667,45.585526,45.75982,NaN,,,,,,,,,,,,,,,,,,,,,,,,,,,,,,,,,,,,,,,,,,,,,,,,,,,476
-96.851621,-96.82616,-96.745086,-96.672665,-96.630512,-96.587093,-96.571871,-96.563672,-96.574264,-96.572697494194,-96.26614,-96.253675,-96.254022,-96.253026,-96.8354191619781,-96.843957,-96.851621,NaN,,,,,,,,,,,,,,,,,,,,,,,,,,,,,,,,,,,,,,,,,45.619412,45.654164,45.701576,45.732336,45.781157,45.816445,45.871846,45.935245,46.016545,46.0218916713577,46.02161,45.934648,45.75982,45.585526,45.5861286928808,45.594003,45.619412,NaN,,,,,,,,,,,,,,,,,,,,,,,,,,,,,,,,,,,,,,,,,479
-94.082083,-94.075385,-93.616033,-93.621153,-93.625844,-94.052313,-94.083833,-94.082083,NaN,,,,,,,,,,,,,,,,,,,,,,,,,,,,,,,,,,,,,,,,,,,,,,,,,,37.349291,37.58157,37.572689,37.427423,37.282011,37.290078,37.290851,37.349291,NaN,,,,,,,,,,,,,,,,,,,,,,,,,,,,,,,,,,,,,,,,,,,,,,,,,,515
-89.519809,-89.501683,-89.465393,-89.375064,-89.307436691173,-89.257608,-89.195039,-89.132915,-89.098843,-89.1031354483266,-89.120472,-89.147674,-89.155891,-89.1559849090704,-89.15699,-89.202511,-89.165488,-89.1756497723469,-89.199136,-89.227319,-89.278935,-89.324658,-89.327319777009,-89.373741,-89.519701,-89.519809,NaN,,,,,,,,,,,,,,,,,,,,,,,,,,,,,,,,36.869617,36.906262,36.935729,36.964947,37.0287594496279,37.015496,36.989768,36.982057,36.95785,36.9447609003223,36.891896,36.847148,36.789126,36.7862926633714,36.755968,36.716618,36.662426,36.6513192625535,36.625649,36.569375,36.577699,36.624032,36.6239462887705,36.702948,36.847896,36.869617,NaN,,,,,,,,,,,,,,,,,,,,,,,,,,,,,,,,524
-93.067291,-93.059974,-92.839837,-92.841871,-92.625189,-92.633756,-92.689834,-92.695886,-92.764539,-92.80696,-93.01499,-93.077692,-93.067291,NaN,,,,,,,,,,,,,,,,,,,,,,,,,,,,,,,,,,,,,,,,,,,,,38.529995,38.693077,38.683974,38.596792,38.430778,38.348082,38.348472,38.222031,38.189619,38.191157,38.189775,38.263092,38.529995,NaN,,,,,,,,,,,,,,,,,,,,,,,,,,,,,,,,,,,,,,,,,,,,,526
-93.51103,-93.49311,-93.497278,-93.496377,-93.050453,-93.059974,-93.067291,-93.290454,-93.291851,-93.512743,-93.51103,NaN,,,,,,,,,,,,,,,,,,,,,,,,,,,,,,,,,,,,,,,,,,,,,,,38.55621,38.899016,38.92843,38.942837,38.928244,38.693077,38.529995,38.535388,38.506321,38.512476,38.55621,NaN,,,,,,,,,,,,,,,,,,,,,,,,,,,,,,,,,,,,,,,,,,,,,,,529
-90.958536,-90.707249,-90.6615829068768,-90.657254,-90.595354,-90.555693,-90.500117,-90.467784,-90.4509699408919,-90.395816,-90.298711,-90.2765837220256,-90.230336,-90.2072823011856,-90.113327,-90.117707,-90.195678,-90.320213,-90.382268,-90.440617,-90.482299,-90.492149,-90.541612,-90.660509,-90.732328,-90.742412,-90.773622,-90.916554,-90.964461,-90.958536,NaN,,,,,,,,,,,,,,,,,,,,,,,,,,,,38.870865,38.902722,38.9347033077532,38.92027,38.87505,38.870785,38.910408,38.961809,38.9613950033245,38.960037,38.923395,38.9193384672116,38.91086,38.8987323228399,38.849306,38.805748,38.821261,38.891148,38.821942,38.82765,38.764348,38.751793,38.685267,38.688551,38.639302,38.634563,38.594617,38.534725,38.547545,38.870865,NaN,,,,,,,,,,,,,,,,,,,,,,,,,,,,536
-99.425986,-99.207564,-98.748526,-98.721975,-98.72143,-98.724387,-98.906096,-99.179248,-99.376036,-99.417316,-99.426353,-99.425986,NaN,,,,,,,,,,,,,,,,,,,,,,,,,,,,,,,,,,,,,,,,,,,,,,41.046471,41.047003,41.04664,41.046674,40.698903,40.689772,40.652722,40.660541,40.664262,40.670825,40.699772,41.046471,NaN,,,,,,,,,,,,,,,,,,,,,,,,,,,,,,,,,,,,,,,,,,,,,,544
-102.051304798597,-102.051294151579,-101.345365,-101.342788,-102.051308551844,-102.051304798597,NaN,,,,,,,,,,,,,,,,,,,,,,,,,,,,,,,,,,,,,,,,,,,,,,,,,,,,40.440007993377,40.697546832389,40.698093,40.350444,40.3492213568722,40.440007993377,NaN,,,,,,,,,,,,,,,,,,,,,,,,,,,,,,,,,,,,,,,,,,,,,,,,,,,,549
-98.278103,-97.825723,-97.82478,-97.824114,-98.273571,-98.27809,-98.278103,NaN,,,,,,,,,,,,,,,,,,,,,,,,,,,,,,,,,,,,,,,,,,,,,,,,,,,40.698291,40.698555,40.698537,40.350541,40.350359,40.350347,40.698291,NaN,,,,,,,,,,,,,,,,,,,,,,,,,,,,,,,,,,,,,,,,,,,,,,,,,,,551
-99.179403,-98.726827,-98.726372963939,-99.0670183498981,-99.085597,-99.1791331508611,-99.179403,NaN,,,,,,,,,,,,,,,,,,,,,,,,,,,,,,,,,,,,,,,,,,,,,,,,,,,40.350681,40.350398,40.0023362731669,40.0021435130522,40.002133,40.0021089526949,40.350681,NaN,,,,,,,,,,,,,,,,,,,,,,,,,,,,,,,,,,,,,,,,,,,,,,,,,,,559
-100.197807,-100.094798,-99.642209,-99.630459,-99.6282538492245,-99.813401,-100.177797545879,-100.19359,-100.193599056836,-100.197807,NaN,,,,,,,,,,,,,,,,,,,,,,,,,,,,,,,,,,,,,,,,,,,,,,,,40.350027,40.351245,40.3512,40.35112,40.0017719472684,40.0014,40.0015658138516,40.001573,40.0015730057199,40.350027,NaN,,,,,,,,,,,,,,,,,,,,,,,,,,,,,,,,,,,,,,,,,,,,,,,,560
-96.916055,-96.913468,-96.912637,-96.463632,-96.463667,-96.4637120767748,-96.469945,-96.805768,-96.873812,-96.9164070054658,-96.916055,NaN,,,,,,,,,,,,,,,,,,,,,,,,,,,,,,,,,,,,,,,,,,,,,,,40.349727,40.369365,40.523625,40.523013,40.262173,40.0009585725545,40.000966,40.0013684550954,40.00145,40.0014540910439,40.349727,NaN,,,,,,,,,,,,,,,,,,,,,,,,,,,,,,,,,,,,,,,,,,,,,,,561
-97.368688,-96.916055,-96.9164070054658,-97.009165,-97.369199035315,-97.368688,NaN,,,,,,,,,,,,,,,,,,,,,,,,,,,,,,,,,,,,,,,,,,,,,,,,,,,,40.350392,40.349727,40.0014540910439,40.001463,40.0019393057605,40.350392,NaN,,,,,,,,,,,,,,,,,,,,,,,,,,,,,,,,,,,,,,,,,,,,,,,,,,,,570
-96.463632,-96.067012,-96.066736,-96.463667,-96.463632,NaN,,,,,,,,,,,,,,,,,,,,,,,,,,,,,,,,,,,,,,,,,,,,,,,,,,,,,40.523013,40.523148,40.262038,40.262173,40.523013,NaN,,,,,,,,,,,,,,,,,,,,,,,,,,,,,,,,,,,,,,,,,,,,,,,,,,,,,571
-99.179248,-98.906096,-98.724387,-98.723948,-98.726827,-99.179403,-99.179248,NaN,,,,,,,,,,,,,,,,,,,,,,,,,,,,,,,,,,,,,,,,,,,,,,,,,,,40.660541,40.652722,40.689772,40.350391,40.350398,40.350681,40.660541,NaN,,,,,,,,,,,,,,,,,,,,,,,,,,,,,,,,,,,,,,,,,,,,,,,,,,,572
-102.055535,-102.055256,-101.98463,-101.40726,-101.269695,-101.270381,-101.249975,-102.051761,-102.055528,-102.055535,NaN,,,,,,,,,,,,,,,,,,,,,,,,,,,,,,,,,,,,,,,,,,,,,,,,41.221547,41.395162,41.394712,41.395416,41.394934,41.047392,41.00395,41.00389,41.047457,41.221547,NaN,,,,,,,,,,,,,,,,,,,,,,,,,,,,,,,,,,,,,,,,,,,,,,,,573
-96.067012,-95.7122803718011,-95.694726,-95.684363,-95.649418,-95.641027,-95.653729,-95.598657,-95.553292,-95.5481820011801,-95.5478703162703,-96.010176,-96.066736,-96.067012,NaN,,,,,,,,,,,,,,,,,,,,,,,,,,,,,,,,,,,,,,,,,,,,40.523148,40.5237544262074,40.493602,40.463366,40.396149,40.366399,40.322582,40.309809,40.291158,40.2644146728427,40.2627834608198,40.261482,40.262038,40.523148,NaN,,,,,,,,,,,,,,,,,,,,,,,,,,,,,,,,,,,,,,,,,,,,582
-96.463667,-96.066736,-96.010176,-96.0106788179345,-96.02409,-96.154365,-96.239172,-96.2392078784111,-96.4637120767748,-96.463667,NaN,,,,,,,,,,,,,,,,,,,,,,,,,,,,,,,,,,,,,,,,,,,,,,,,40.262173,40.262038,40.261482,40.000704665772,40.000719,40.000495,40.000691,40.0006910427544,40.0009585725545,40.262173,NaN,,,,,,,,,,,,,,,,,,,,,,,,,,,,,,,,,,,,,,,,,,,,,,,,585
-97.368401,-96.913493,-96.912637,-96.913468,-96.916055,-97.368688,-97.368401,NaN,,,,,,,,,,,,,,,,,,,,,,,,,,,,,,,,,,,,,,,,,,,,,,,,,,,40.698625,40.697948,40.523625,40.369365,40.349727,40.350392,40.698625,NaN,,,,,,,,,,,,,,,,,,,,,,,,,,,,,,,,,,,,,,,,,,,,,,,,,,,592
-76.847264,-76.777404,-76.760598,-76.683751,-76.606214,-76.511899,-76.396794,-76.358393,-76.380009,-76.353669,-76.405565,-76.405971,-76.636394,-76.637513,-76.638009,-76.844279,-76.847264,NaN,,,,,,,,,,,,,,,,,,,,,,,,,,,,,,,,,,,,,,,,,35.719982,35.857839,35.864887,35.953101,35.978051,35.980726,36.026443,36.020019,35.914666,35.861365,35.782163,35.697579,35.705214,35.705215,35.705217,35.705717,35.719982,NaN,,,,,,,,,,,,,,,,,,,,,,,,,,,,,,,,,,,,,,,,,659
-98.467476,-97.961208,-97.706034,-97.706027,-97.681508,-97.682006,-98.033862,-98.439056,-98.439466,-98.467476,NaN,,,,,,,,,,,,,,,,,,,,,,,,,,,,,,,,,,,,,,,,,,,,,,,,47.240453,47.240512,47.239978,46.978558,46.978481,46.629928,46.630727,46.63112,46.979658,47.240453,NaN,,,,,,,,,,,,,,,,,,,,,,,,,,,,,,,,,,,,,,,,,,,,,,,,663
-101.496737,-101.125434,-100.431676,-100.182706982328,-100.183034,-100.145494,-100.145858,-100.27666,-100.406388,-100.40678,-101.059624,-101.05966,-101.451275,-101.451152,-101.496737,NaN,,,,,,,,,,,,,,,,,,,,,,,,,,,,,,,,,,,,,,,,,,,48.9991448340053,48.999078,48.999398,48.9992302246413,48.718909,48.718875,48.545211,48.544813,48.544657,48.631878,48.632424,48.545337,48.546079,48.720018,48.9991448340053,NaN,,,,,,,,,,,,,,,,,,,,,,,,,,,,,,,,,,,,,,,,,,,664
-97.706034,-97.451512,-96.8360095945419,-96.8265691272283,-96.819078,-96.833504,-96.763973,-96.788803,-96.786845,-96.790523,-96.7897865130498,-96.816308,-97.279948,-97.682006,-97.681508,-97.706027,-97.706034,NaN,,,,,,,,,,,,,,,,,,,,,,,,,,,,,,,,,,,,,,,,,47.239978,47.239061,47.2379818754871,47.150539,47.081152,47.01011,46.912507,46.777575,46.692805,46.63688,46.6357466727167,46.630185,46.629348,46.629928,46.978481,46.978558,47.239978,NaN,,,,,,,,,,,,,,,,,,,,,,,,,,,,,,,,,,,,,,,,,665
-100.66189,-100.081198,-99.915508,-99.916758,-99.878431,-99.8800620948066,-99.880292,-100.152084,-100.294126,-100.499354215384,-100.511793,-100.511949026151,-100.614504,-100.629145,-100.558549,-100.551199,-100.590199,-100.561035,-100.66189,NaN,,,,,,,,,,,,,,,,,,,,,,,,,,,,,,,,,,,,,,,46.63445,46.633396,46.632925,46.283171,46.282811,45.9416709158022,45.941672,45.942486,45.943269,45.9436319988143,45.943654,45.9436540704345,46.071796,46.145608,46.249993,46.363494,46.427894,46.587847,46.63445,NaN,,,,,,,,,,,,,,,,,,,,,,,,,,,,,,,,,,,,,,,667
-97.903434,-97.1419103871983,-97.1458449594749,-97.146745,-97.105616,-97.068987,-97.037354,-96.996364,-96.928506,-96.8934933013398,-97.472745,-97.882405,-97.882179,-97.903434,NaN,,,,,,,,,,,,,,,,,,,,,,,,,,,,,,,,,,,,,,,,,,,,48.194897,48.1936276188745,48.1732234829905,48.168556,48.091362,48.026267,47.933279,47.844398,47.744884,47.6721269594437,47.672051,47.672179,48.020803,48.194897,NaN,,,,,,,,,,,,,,,,,,,,,,,,,,,,,,,,,,,,,,,,,,,,668
-97.9502050115156,-97.77575,-97.229039,-97.227854,-97.187362,-97.152588,-97.121253,-97.100009,-97.142915,-97.1477235683009,-97.1481034661336,-97.927154,-97.949577,-97.9502050115156,NaN,,,,,,,,,,,,,,,,,,,,,,,,,,,,,,,,,,,,,,,,,,,,49.0005151189384,49.000574,49.000687,48.945864,48.867598,48.772602,48.713593,48.667926,48.583733,48.5438916836506,48.5407440461867,48.543124,48.717693,49.0005151189384,NaN,,,,,,,,,,,,,,,,,,,,,,,,,,,,,,,,,,,,,,,,,,,,670
-98.033862,-97.682006,-97.279948,-97.280568,-98.006715,-98.034573,-98.033862,NaN,,,,,,,,,,,,,,,,,,,,,,,,,,,,,,,,,,,,,,,,,,,,,,,,,,,46.630727,46.629928,46.629348,46.282321,46.282626,46.282796,46.630727,NaN,,,,,,,,,,,,,,,,,,,,,,,,,,,,,,,,,,,,,,,,,,,,,,,,,,,672
-97.98481,-97.882405,-97.472745,-97.474337,-97.451512,-97.706034,-97.961208,-97.986585,-97.98481,NaN,,,,,,,,,,,,,,,,,,,,,,,,,,,,,,,,,,,,,,,,,,,,,,,,,47.6723,47.672179,47.672051,47.324776,47.239061,47.239978,47.240512,47.3261,47.6723,NaN,,,,,,,,,,,,,,,,,,,,,,,,,,,,,,,,,,,,,,,,,,,,,,,,,675
-98.318098,-97.927154,-97.1481034661336,-97.149122,-97.139173,-97.137904,-97.129533,-97.1419103871983,-97.903434,-98.292184,-98.292112,-98.31867,-98.318098,NaN,,,,,,,,,,,,,,,,,,,,,,,,,,,,,,,,,,,,,,,,,,,,,48.543773,48.543124,48.5407440461867,48.532305,48.430528,48.344585,48.257815,48.1936276188745,48.194897,48.195177,48.369695,48.369722,48.543773,NaN,,,,,,,,,,,,,,,,,,,,,,,,,,,,,,,,,,,,,,,,,,,,,676
-102.2336,-102.152545,-102.152164,-102.021655,-102.021428,-101.842141,-101.841969,-101.059802,-101.014138,-100.970497,-100.971325,-101.871862,-101.871537,-101.922123,-101.922237,-101.973399,-101.973322,-102.233892,-102.2336,NaN,,,,,,,,,,,,,,,,,,,,,,,,,,,,,,,,,,,,,,,48.72029,48.720294,48.8072,48.807108,48.720283,48.720143,48.459545,48.458448,48.371432,48.022645,47.848703,47.847589,48.023176,48.023173,48.37233,48.372095,48.547133,48.546339,48.72029,NaN,,,,,,,,,,,,,,,,,,,,,,,,,,,,,,,,,,,,,,,677
-84.397374,-84.340531,-84.109586,-84.109516,-83.880423,-83.880063,-83.880194,-84.107787,-84.222799,-84.396778,-84.397374,NaN,,,,,,,,,,,,,,,,,,,,,,,,,,,,,,,,,,,,,,,,,,,,,,,40.815941,40.859099,40.860994,40.90473,40.920429,40.819919,40.64469,40.643069,40.685957,40.684926,40.815941,NaN,,,,,,,,,,,,,,,,,,,,,,,,,,,,,,,,,,,,,,,,,,,,,,,680
-84.45618,-84.396778,-84.222799,-84.107787,-83.880194,-83.879932,-83.993867,-84.002372,-84.339149,-84.3386,-84.434387,-84.455532,-84.455029,-84.455713,-84.45618,NaN,,,,,,,,,,,,,,,,,,,,,,,,,,,,,,,,,,,,,,,,,,,40.684862,40.684926,40.685957,40.643069,40.64469,40.538708,40.535174,40.483115,40.480915,40.379199,40.354534,40.363963,40.451305,40.567888,40.684862,NaN,,,,,,,,,,,,,,,,,,,,,,,,,,,,,,,,,,,,,,,,,,,683
-84.022919,-84.014763,-83.784196,-83.551338,-83.494498,-83.503714,-83.516155,-84.036069,-84.022919,NaN,,,,,,,,,,,,,,,,,,,,,,,,,,,,,,,,,,,,,,,,,,,,,,,,,40.183945,40.273459,40.260046,40.22937,40.225467,40.111468,40.010188,40.040182,40.183945,NaN,,,,,,,,,,,,,,,,,,,,,,,,,,,,,,,,,,,,,,,,,,,,,,,,,687
-84.051039,-84.036069,-83.516155,-83.588041,-83.647169,-83.829495,-83.939583,-84.053736,-84.051039,NaN,,,,,,,,,,,,,,,,,,,,,,,,,,,,,,,,,,,,,,,,,,,,,,,,,39.879807,40.040182,40.010188,39.768778,39.773029,39.797851,39.843797,39.850458,39.879807,NaN,,,,,,,,,,,,,,,,,,,,,,,,,,,,,,,,,,,,,,,,,,,,,,,,,688
-83.112737,-82.853184,-82.829512,-82.724792,-82.727164,-82.838905,-82.858302,-83.11136,-83.112737,NaN,,,,,,,,,,,,,,,,,,,,,,,,,,,,,,,,,,,,,,,,,,,,,,,,,40.993447,40.993661,40.996624,40.995638,40.711203,40.7126,40.705019,40.702915,40.993447,NaN,,,,,,,,,,,,,,,,,,,,,,,,,,,,,,,,,,,,,,,,,,,,,,,,,693
-84.8101612384745,-84.808706,-84.8049173025784,-84.8041205270149,-84.434631,-84.432575,-84.425902,-84.485367,-84.8114171063805,-84.8101612384745,NaN,,,,,,,,,,,,,,,,,,,,,,,,,,,,,,,,,,,,,,,,,,,,,,,,40.0050675438482,40.107216,40.3100959150341,40.3527622302971,40.354259,40.197037,39.919622,39.918491,39.9169136295798,40.0050675438482,NaN,,,,,,,,,,,,,,,,,,,,,,,,,,,,,,,,,,,,,,,,,,,,,,,,694
-84.8042532576115,-84.341664,-84.228454,-84.228222,-84.341602,-84.341827,-84.457059,-84.457217,-84.8036449822556,-84.8037035726169,-84.804133,-84.8042532576115,NaN,,,,,,,,,,,,,,,,,,,,,,,,,,,,,,,,,,,,,,,,,,,,,,41.4260497115499,41.427568,41.42781,41.165862,41.165524,41.209194,41.209434,41.253485,41.2525616835482,41.2712583305706,41.408292,41.4260497115499,NaN,,,,,,,,,,,,,,,,,,,,,,,,,,,,,,,,,,,,,,,,,,,,,,695
-82.824254,-82.802476,-82.799213,-82.810797,-82.782495,-82.493407,-82.462813,-82.472402,-82.396594,-82.374531,-82.490329,-82.496123,-82.617546,-82.620088,-82.731518,-82.842953,-82.824254,NaN,,,,,,,,,,,,,,,,,,,,,,,,,,,,,,,,,,,,,,,,,39.794996,39.822953,39.859684,39.941162,39.939662,39.926063,39.93038,39.837223,39.833057,39.654959,39.661704,39.602849,39.608605,39.563987,39.554445,39.56148,39.794996,NaN,,,,,,,,,,,,,,,,,,,,,,,,,,,,,,,,,,,,,,,,,696
-83.65333,-83.252435,-83.266737,-83.372714,-83.590878,-83.578194,-83.585523,-83.670196,-83.65333,NaN,,,,,,,,,,,,,,,,,,,,,,,,,,,,,,,,,,,,,,,,,,,,,,,,,39.716876,39.695438,39.516249,39.377416,39.378736,39.524033,39.545109,39.550254,39.716876,NaN,,,,,,,,,,,,,,,,,,,,,,,,,,,,,,,,,,,,,,,,,,,,,,,,,697
-84.3995487854742,-84.3604190413973,-84.134417,-83.8803902452576,-83.882943,-84.341902,-84.342051,-84.380735,-84.381312,-84.3995487854742,NaN,,,,,,,,,,,,,,,,,,,,,,,,,,,,,,,,,,,,,,,,,,,,,,,,41.7059213574056,41.7069558826335,41.712931,41.7201944966129,41.487543,41.485519,41.514107,41.513942,41.61673,41.7059213574056,NaN,,,,,,,,,,,,,,,,,,,,,,,,,,,,,,,,,,,,,,,,,,,,,,,,699
-84.092938,-84.053736,-83.939583,-83.829495,-83.647169,-83.65333,-83.670196,-83.977005,-84.114195,-84.092938,NaN,,,,,,,,,,,,,,,,,,,,,,,,,,,,,,,,,,,,,,,,,,,,,,,,39.838345,39.850458,39.843797,39.797851,39.773029,39.716876,39.550254,39.569169,39.577983,39.838345,NaN,,,,,,,,,,,,,,,,,,,,,,,,,,,,,,,,,,,,,,,,,,,,,,,,702
-83.881149,-83.421054,-83.420319,-83.45785,-83.514728,-83.515883,-83.880063,-83.880423,-83.881149,NaN,,,,,,,,,,,,,,,,,,,,,,,,,,,,,,,,,,,,,,,,,,,,,,,,,41.167824,41.16678,40.991889,40.991671,40.905115,40.818134,40.819919,40.920429,41.167824,NaN,,,,,,,,,,,,,,,,,,,,,,,,,,,,,,,,,,,,,,,,,,,,,,,,,705
-83.880063,-83.515883,-83.495799,-83.440203,-83.419836,-83.415977,-83.418378,-83.520227,-83.859178,-83.879932,-83.880194,-83.880063,NaN,,,,,,,,,,,,,,,,,,,,,,,,,,,,,,,,,,,,,,,,,,,,,,40.819919,40.818134,40.701617,40.702303,40.686823,40.525975,40.505232,40.504077,40.530652,40.538708,40.64469,40.819919,NaN,,,,,,,,,,,,,,,,,,,,,,,,,,,,,,,,,,,,,,,,,,,,,,706
-84.341902,-83.882943,-83.883234,-83.881149,-84.228222,-84.228454,-84.341664,-84.341902,NaN,,,,,,,,,,,,,,,,,,,,,,,,,,,,,,,,,,,,,,,,,,,,,,,,,,41.485519,41.487543,41.414503,41.167824,41.165862,41.42781,41.427568,41.485519,NaN,,,,,,,,,,,,,,,,,,,,,,,,,,,,,,,,,,,,,,,,,,,,,,,,,,708
-83.865679,-83.813873,-83.784793,-83.590878,-83.372714,-83.386057,-83.393794,-83.353531,-83.385637,-83.611592,-83.673018,-83.872214,-83.865679,NaN,,,,,,,,,,,,,,,,,,,,,,,,,,,,,,,,,,,,,,,,,,,,,39.247333,39.223044,39.262888,39.378736,39.377416,39.31969,39.268048,39.197585,39.055197,39.01889,39.02043,39.021304,39.247333,NaN,,,,,,,,,,,,,,,,,,,,,,,,,,,,,,,,,,,,,,,,,,,,,709
-82.841475,-82.342314,-82.344003,-82.344086,-82.336496,-82.436916,-82.432852,-82.724792,-82.829512,-82.838538,-82.840087,-82.841475,NaN,,,,,,,,,,,,,,,,,,,,,,,,,,,,,,,,,,,,,,,,,,,,,,41.290023,41.283554,41.211266,41.202152,41.065761,41.065379,40.992944,40.995638,40.996624,41.216999,41.255337,41.290023,NaN,,,,,,,,,,,,,,,,,,,,,,,,,,,,,,,,,,,,,,,,,,,,,,711
-84.0037,-84.002372,-83.993867,-83.879932,-83.859178,-83.520227,-83.551338,-83.784196,-84.014763,-84.0037,NaN,,,,,,,,,,,,,,,,,,,,,,,,,,,,,,,,,,,,,,,,,,,,,,,,40.312927,40.483115,40.535174,40.538708,40.530652,40.504077,40.22937,40.260046,40.273459,40.312927,NaN,,,,,,,,,,,,,,,,,,,,,,,,,,,,,,,,,,,,,,,,,,,,,,,,714
-83.647169,-83.588041,-83.516155,-83.503714,-83.206273,-83.210587,-83.255051,-83.243702,-83.252435,-83.65333,-83.647169,NaN,,,,,,,,,,,,,,,,,,,,,,,,,,,,,,,,,,,,,,,,,,,,,,,39.773029,39.768778,40.010188,40.111468,40.107733,40.065277,40.048614,39.812503,39.695438,39.716876,39.773029,NaN,,,,,,,,,,,,,,,,,,,,,,,,,,,,,,,,,,,,,,,,,,,,,,,716
-83.419836,-83.312959,-83.304687,-83.11136,-82.858302,-82.859753,-82.957715,-82.958401,-83.020798,-83.248595,-83.248298,-83.267767,-83.418378,-83.415977,-83.419836,NaN,,,,,,,,,,,,,,,,,,,,,,,,,,,,,,,,,,,,,,,,,,,40.686823,40.687141,40.702006,40.702915,40.705019,40.646395,40.635653,40.490664,40.433795,40.443989,40.500997,40.506906,40.505232,40.525975,40.686823,NaN,,,,,,,,,,,,,,,,,,,,,,,,,,,,,,,,,,,,,,,,,,,718
-84.804119,-84.8029313665713,-84.802547,-84.8024138785794,-84.8021190322638,-84.456172,-84.45618,-84.455713,-84.455029,-84.455532,-84.434387,-84.434631,-84.8041205270149,-84.804119,NaN,,,,,,,,,,,,,,,,,,,,,,,,,,,,,,,,,,,,,,,,,,,,40.352844,40.4653866217198,40.50181,40.5722128806467,40.7281459368726,40.728306,40.684862,40.567888,40.451305,40.363963,40.354534,40.354259,40.3527622302971,40.352844,NaN,,,,,,,,,,,,,,,,,,,,,,,,,,,,,,,,,,,,,,,,,,,,721
-84.432575,-84.218658,-84.022919,-84.036069,-84.051039,-84.157223,-84.157671,-84.425902,-84.432575,NaN,,,,,,,,,,,,,,,,,,,,,,,,,,,,,,,,,,,,,,,,,,,,,,,,,40.197037,40.200004,40.183945,40.040182,39.879807,39.88563,39.92297,39.919622,40.197037,NaN,,,,,,,,,,,,,,,,,,,,,,,,,,,,,,,,,,,,,,,,,,,,,,,,,722
-84.8036449822556,-84.457217,-84.457059,-84.341827,-84.341602,-84.341911,-84.399486,-84.8028596219514,-84.803234,-84.8036449822556,NaN,,,,,,,,,,,,,,,,,,,,,,,,,,,,,,,,,,,,,,,,,,,,,,,,41.2525616835482,41.253485,41.209434,41.209194,41.165524,40.990692,40.990315,40.9893740520086,41.121414,41.2525616835482,NaN,,,,,,,,,,,,,,,,,,,,,,,,,,,,,,,,,,,,,,,,,,,,,,,,727
-83.252435,-83.243702,-82.824254,-82.842953,-82.731518,-82.740729,-82.998204,-82.98456,-83.266737,-83.252435,NaN,,,,,,,,,,,,,,,,,,,,,,,,,,,,,,,,,,,,,,,,,,,,,,,,39.695438,39.812503,39.794996,39.56148,39.554445,39.46835,39.480061,39.506754,39.516249,39.695438,NaN,,,,,,,,,,,,,,,,,,,,,,,,,,,,,,,,,,,,,,,,,,,,,,,,728
-84.814129,-84.8141281379328,-84.8114171063805,-84.485367,-84.479213,-84.478927,-84.8157059432555,-84.814129,NaN,,,,,,,,,,,,,,,,,,,,,,,,,,,,,,,,,,,,,,,,,,,,,,,,,,39.726556,39.7266165116193,39.9169136295798,39.918491,39.591024,39.56879,39.5677216640274,39.726556,NaN,,,,,,,,,,,,,,,,,,,,,,,,,,,,,,,,,,,,,,,,,,,,,,,,,,730
-84.399486,-84.341911,-84.341602,-84.228222,-83.881149,-83.880423,-84.109516,-84.109586,-84.340531,-84.398407,-84.399486,NaN,,,,,,,,,,,,,,,,,,,,,,,,,,,,,,,,,,,,,,,,,,,,,,,40.990315,40.990692,41.165524,41.165862,41.167824,40.920429,40.90473,40.860994,40.859099,40.903265,40.990315,NaN,,,,,,,,,,,,,,,,,,,,,,,,,,,,,,,,,,,,,,,,,,,,,,,731
-83.414626,-83.338196,-83.067459,-82.952224,-82.847804,-82.844565,-82.841475,-82.840087,-83.419843,-83.414626,NaN,,,,,,,,,,,,,,,,,,,,,,,,,,,,,,,,,,,,,,,,,,,,,,,,41.500228,41.457508,41.457169,41.458239,41.430516,41.362394,41.290023,41.255337,41.254003,41.500228,NaN,,,,,,,,,,,,,,,,,,,,,,,,,,,,,,,,,,,,,,,,,,,,,,,,733
-83.421054,-83.419843,-82.840087,-82.838538,-82.829512,-82.853184,-83.112737,-83.420319,-83.421054,NaN,,,,,,,,,,,,,,,,,,,,,,,,,,,,,,,,,,,,,,,,,,,,,,,,,41.16678,41.254003,41.255337,41.216999,40.996624,40.993661,40.993447,40.991889,41.16678,NaN,,,,,,,,,,,,,,,,,,,,,,,,,,,,,,,,,,,,,,,,,,,,,,,,,735
-84.434387,-84.3386,-84.339149,-84.002372,-84.0037,-84.014763,-84.022919,-84.218658,-84.432575,-84.434631,-84.434387,NaN,,,,,,,,,,,,,,,,,,,,,,,,,,,,,,,,,,,,,,,,,,,,,,,40.354534,40.379199,40.480915,40.483115,40.312927,40.273459,40.183945,40.200004,40.197037,40.354259,40.354534,NaN,,,,,,,,,,,,,,,,,,,,,,,,,,,,,,,,,,,,,,,,,,,,,,,736
-83.520227,-83.418378,-83.267767,-83.248298,-83.248595,-83.248428,-83.17233,-83.169981,-83.206273,-83.503714,-83.494498,-83.551338,-83.520227,NaN,,,,,,,,,,,,,,,,,,,,,,,,,,,,,,,,,,,,,,,,,,,,,40.504077,40.505232,40.506906,40.500997,40.443989,40.244466,40.244257,40.143087,40.107733,40.111468,40.225467,40.22937,40.504077,NaN,,,,,,,,,,,,,,,,,,,,,,,,,,,,,,,,,,,,,,,,,,,,,740
-84.8028596219514,-84.399486,-84.398407,-84.340531,-84.397374,-84.396778,-84.45618,-84.456172,-84.8021190322638,-84.802119,-84.8026702061534,-84.8028596219514,NaN,,,,,,,,,,,,,,,,,,,,,,,,,,,,,,,,,,,,,,,,,,,,,,40.9893740520086,40.990315,40.903265,40.859099,40.815941,40.684926,40.684862,40.728306,40.7281459368726,40.728163,40.922568713921,40.9893740520086,NaN,,,,,,,,,,,,,,,,,,,,,,,,,,,,,,,,,,,,,,,,,,,,,,741
-82.129334,-81.977381,-81.688491,-81.647689,-81.647735,-81.647991,-81.650045,-82.126199,-82.129334,NaN,,,,,,,,,,,,,,,,,,,,,,,,,,,,,,,,,,,,,,,,,,,,,,,,,40.991807,40.989961,40.98859,40.988563,40.914016,40.825776,40.668117,40.668229,40.991807,NaN,,,,,,,,,,,,,,,,,,,,,,,,,,,,,,,,,,,,,,,,,,,,,,,,,744
-84.806082,-84.438067,-84.3995487854742,-84.381312,-84.380735,-84.342051,-84.341902,-84.341664,-84.8042532576115,-84.8049581562396,-84.806082,NaN,,,,,,,,,,,,,,,,,,,,,,,,,,,,,,,,,,,,,,,,,,,,,,,41.696089,41.704903,41.7059213574056,41.61673,41.513942,41.514107,41.485519,41.427568,41.4260497115499,41.5301378133882,41.696089,NaN,,,,,,,,,,,,,,,,,,,,,,,,,,,,,,,,,,,,,,,,,,,,,,,745
-83.883234,-83.85426,-83.747217,-83.680084,-83.588034,-83.565729,-83.415919,-83.414626,-83.419843,-83.421054,-83.881149,-83.883234,NaN,,,,,,,,,,,,,,,,,,,,,,,,,,,,,,,,,,,,,,,,,,,,,,41.414503,41.414451,41.466216,41.546859,41.60095,41.617463,41.618938,41.500228,41.254003,41.16678,41.167824,41.414503,NaN,,,,,,,,,,,,,,,,,,,,,,,,,,,,,,,,,,,,,,,,,,,,,,746
-98.104286,-97.462459,-97.461603,-97.460792,-97.675617,-98.103904,-98.104427,-98.104286,NaN,,,,,,,,,,,,,,,,,,,,,,,,,,,,,,,,,,,,,,,,,,,,,,,,,,36.593578,36.593627,36.593637,36.164462,36.164663,36.164877,36.463105,36.593578,NaN,,,,,,,,,,,,,,,,,,,,,,,,,,,,,,,,,,,,,,,,,,,,,,,,,,748
-97.4623460298641,-97.384925,-97.1477209669227,-97.100652,-96.749838,-96.752389,-96.889475,-96.931943,-97.064107,-97.057414,-97.461603,-97.462459,-97.4623460298641,NaN,,,,,,,,,,,,,,,,,,,,,,,,,,,,,,,,,,,,,,,,,,,,,36.9988242387969,36.998843,36.9989723356215,36.998998,36.998988,36.782091,36.75123,36.686097,36.684207,36.593647,36.593637,36.593627,36.9988242387969,NaN,,,,,,,,,,,,,,,,,,,,,,,,,,,,,,,,,,,,,,,,,,,,,750
-99.406961,-99.41015,-99.310826,-99.355864,-98.926997,-98.807771,-98.796965,-98.794588,-99.297882,-99.375378,-99.469097,-99.406961,NaN,,,,,,,,,,,,,,,,,,,,,,,,,,,,,,,,,,,,,,,,,,,,,,43.705277,43.774619,43.855216,43.934371,43.935143,43.935223,43.848575,43.499187,43.499856,43.656869,43.672803,43.705277,NaN,,,,,,,,,,,,,,,,,,,,,,,,,,,,,,,,,,,,,,,,,,,,,,807
-96.88457,-96.882345,-96.4558401136336,-96.4548305155538,-96.4538066996671,-96.4532913135987,-96.885504,-96.88457,NaN,,,,,,,,,,,,,,,,,,,,,,,,,,,,,,,,,,,,,,,,,,,,,,,,,,44.804436,44.97687,44.97734524828,44.8055502040458,44.631335831948,44.543636801818,44.543773,44.804436,NaN,,,,,,,,,,,,,,,,,,,,,,,,,,,,,,,,,,,,,,,,,,,,,,,,,,812
-99.573445,-98.722481,-98.717759,-98.716498,-99.311754,-99.572699,-99.573445,NaN,,,,,,,,,,,,,,,,,,,,,,,,,,,,,,,,,,,,,,,,,,,,,,,,,,,45.245364,45.243764,45.243732,44.896925,44.897227,44.897263,45.245364,NaN,,,,,,,,,,,,,,,,,,,,,,,,,,,,,,,,,,,,,,,,,,,,,,,,,,,813
-97.491346,-96.88457,-96.885504,-97.128024,-97.492266,-97.491346,NaN,,,,,,,,,,,,,,,,,,,,,,,,,,,,,,,,,,,,,,,,,,,,,,,,,,,,44.804035,44.804436,44.543773,44.543126,44.543884,44.804035,NaN,,,,,,,,,,,,,,,,,,,,,,,,,,,,,,,,,,,,,,,,,,,,,,,,,,,,815
-98.114758,-97.965012,-97.607012,-97.40145,-97.399191,-97.637496,-98.077108,-98.109492,-98.114758,NaN,,,,,,,,,,,,,,,,,,,,,,,,,,,,,,,,,,,,,,,,,,,,,,,,,43.498297,43.49904,43.499826,43.499783,43.169419,43.16877,43.16833,43.196838,43.498297,NaN,,,,,,,,,,,,,,,,,,,,,,,,,,,,,,,,,,,,,,,,,,,,,,,,,817
-97.853028,-97.492266,-97.128024,-97.129671,-97.370115,-97.849492,-97.85366,-97.853028,NaN,,,,,,,,,,,,,,,,,,,,,,,,,,,,,,,,,,,,,,,,,,,,,,,,,,44.544398,44.543884,44.543126,44.195933,44.194971,44.195235,44.195233,44.544398,NaN,,,,,,,,,,,,,,,,,,,,,,,,,,,,,,,,,,,,,,,,,,,,,,,,,,818
-97.40145,-97.129478,-96.924841,-96.924142,-97.160543,-97.160544,-97.399191,-97.40145,NaN,,,,,,,,,,,,,,,,,,,,,,,,,,,,,,,,,,,,,,,,,,,,,,,,,,43.499783,43.499683,43.500007,43.083733,43.083145,43.169978,43.169419,43.499783,NaN,,,,,,,,,,,,,,,,,,,,,,,,,,,,,,,,,,,,,,,,,,,,,,,,,,830
-89.339567,-89.342829,-89.280188,-89.188844,-89.135958,-89.109285,-88.916181,-89.021364,-89.069544,-89.338704,-89.356033,-89.339567,NaN,,,,,,,,,,,,,,,,,,,,,,,,,,,,,,,,,,,,,,,,,,,,,,35.862268,35.880934,35.886416,35.99976,35.967841,35.862089,35.797307,35.670953,35.692679,35.789273,35.817635,35.862268,NaN,,,,,,,,,,,,,,,,,,,,,,,,,,,,,,,,,,,,,,,,,,,,,,838
-89.206297,-89.163406,-89.154464,-88.961232,-88.959839,-88.863298,-88.692709,-88.706811,-88.916181,-89.109285,-89.135958,-89.188844,-89.206297,NaN,,,,,,,,,,,,,,,,,,,,,,,,,,,,,,,,,,,,,,,,,,,,,36.011814,36.026044,36.204678,36.201635,36.222834,36.137639,36.062746,35.791075,35.797307,35.862089,35.967841,35.99976,36.011814,NaN,,,,,,,,,,,,,,,,,,,,,,,,,,,,,,,,,,,,,,,,,,,,,841
-89.502118,-89.401805,-89.356033,-89.338704,-89.069544,-89.078876,-89.182551,-89.183944,-89.347491,-89.375071,-89.474171,-89.469862,-89.502118,NaN,,,,,,,,,,,,,,,,,,,,,,,,,,,,,,,,,,,,,,,,,,,,,35.580621,35.822657,35.817635,35.789273,35.692679,35.431428,35.432816,35.397126,35.400338,35.399936,35.403039,35.546566,35.580621,NaN,,,,,,,,,,,,,,,,,,,,,,,,,,,,,,,,,,,,,,,,,,,,,846
-86.828301,-86.746899,-86.602613,-86.599478,-86.525306,-86.52728,-86.392192,-86.363363,-86.318168,-86.3187607654651,-86.467798,-86.783628017169,-86.783648,-86.8362863159495,-86.828301,NaN,,,,,,,,,,,,,,,,,,,,,,,,,,,,,,,,,,,,,,,,,,,35.263677,35.252878,35.327013,35.36495,35.354718,35.311536,35.235381,35.12303,35.126986,34.9910785804428,34.990692,34.991924921992,34.991925,34.992803004217,35.263677,NaN,,,,,,,,,,,,,,,,,,,,,,,,,,,,,,,,,,,,,,,,,,,852
-87.150371,-87.1150035566884,-87.0608263443929,-86.813037,-86.7632909641085,-86.606394,-86.5620676518653,-86.693292,-86.754795,-86.825053,-86.913233,-86.98806,-87.063143,-87.120443,-87.150371,NaN,,,,,,,,,,,,,,,,,,,,,,,,,,,,,,,,,,,,,,,,,,,36.566824,36.6441420446512,36.6447708848516,36.647647,36.6487206745018,36.652107,36.6407466739073,36.407231,36.405496,36.349817,36.382621,36.369154,36.421415,36.45546,36.566824,NaN,,,,,,,,,,,,,,,,,,,,,,,,,,,,,,,,,,,,,,,,,,,861
-88.949163,-88.81642,-88.8271780363405,-88.8167641573481,-88.5163580599794,-88.530322,-88.532233,-88.655488,-88.692709,-88.863298,-88.959839,-88.949163,NaN,,,,,,,,,,,,,,,,,,,,,,,,,,,,,,,,,,,,,,,,,,,,,,36.410099,36.410732,36.5019683222569,36.5019514318132,36.5014641981633,36.152023,36.115416,36.117338,36.062746,36.137639,36.222834,36.410099,NaN,,,,,,,,,,,,,,,,,,,,,,,,,,,,,,,,,,,,,,,,,,,,,,867
-103.041924,-103.002434,-102.162463,-102.163015,-103.040824,-103.041924,NaN,,,,,,,,,,,,,,,,,,,,,,,,,,,,,,,,,,,,,,,,,,,,,,,,,,,,36.500439,36.500397,36.500326,36.055249,36.055231,36.500439,NaN,,,,,,,,,,,,,,,,,,,,,,,,,,,,,,,,,,,,,,,,,,,,,,,,,,,,877
-101.564856,-101.47158,-101.041484,-101.041437,-101.041158,-101.56358,-101.564563,-101.564856,NaN,,,,,,,,,,,,,,,,,,,,,,,,,,,,,,,,,,,,,,,,,,,,,,,,,,34.312493,34.31229,34.312444,34.130796,33.833625,33.830451,34.074228,34.312493,NaN,,,,,,,,,,,,,,,,,,,,,,,,,,,,,,,,,,,,,,,,,,,,,,,,,,881
-102.163015,-101.623466,-101.622831,-101.6228,-102.162752,-102.162809,-102.163015,NaN,,,,,,,,,,,,,,,,,,,,,,,,,,,,,,,,,,,,,,,,,,,,,,,,,,,36.055249,36.055405,35.624057,35.620196,35.620035,35.627515,36.055249,NaN,,,,,,,,,,,,,,,,,,,,,,,,,,,,,,,,,,,,,,,,,,,,,,,,,,,892
-89.784901,-89.599547,-89.245437,-89.12717,-89.006848,-89.006117,-89.009139,-89.363085,-89.720463,-89.677613,-89.60073,-89.599357,-89.732238,-89.785809,-89.784901,NaN,,,,,,,,,,,,,,,,,,,,,,,,,,,,,,,,,,,,,,,,,,,43.641051,43.642636,43.643083,43.631724,43.633045,43.458759,43.28483,43.281305,43.293084,43.361197,43.380666,43.558041,43.571826,43.641049,43.641051,NaN,,,,,,,,,,,,,,,,,,,,,,,,,,,,,,,,,,,,,,,,,,,935
-89.838135,-89.731738,-89.720463,-89.363085,-89.009139,-89.00892,-89.013582,-89.369128,-89.381734,-89.838167,-89.838135,NaN,,,,,,,,,,,,,,,,,,,,,,,,,,,,,,,,,,,,,,,,,,,,,,,43.206057,43.252203,43.293084,43.281305,43.28483,43.197721,42.84763,42.845064,42.856349,42.857397,43.206057,NaN,,,,,,,,,,,,,,,,,,,,,,,,,,,,,,,,,,,,,,,,,,,,,,,937
-89.009139,-89.006117,-89.006848,-88.886052,-88.401041,-88.400426,-88.418439,-88.417987,-88.535843,-89.00892,-89.009139,NaN,,,,,,,,,,,,,,,,,,,,,,,,,,,,,,,,,,,,,,,,,,,,,,,43.28483,43.458759,43.633045,43.63354,43.630933,43.543532,43.370175,43.194697,43.196048,43.197721,43.28483,NaN,,,,,,,,,,,,,,,,,,,,,,,,,,,,,,,,,,,,,,,,,,,,,,,938
-88.885697,-88.403195,-88.404187,-88.161654,-88.162274,-88.160873,-88.400426,-88.401041,-88.886052,-88.885697,NaN,,,,,,,,,,,,,,,,,,,,,,,,,,,,,,,,,,,,,,,,,,,,,,,,43.895184,43.892977,43.9382,43.937683,43.891511,43.542943,43.543532,43.630933,43.63354,43.895184,NaN,,,,,,,,,,,,,,,,,,,,,,,,,,,,,,,,,,,,,,,,,,,,,,,,941
-88.04324,-87.888087,-87.887526,-87.766026,-87.5433267854761,-87.545382,-87.521755,-87.507419,-87.53994,-87.600882,-87.655183,-87.69892,-87.7285795423089,-88.041794,-88.04324,NaN,,,,,,,,,,,,,,,,,,,,,,,,,,,,,,,,,,,,,,,,,,,44.241018,44.240461,44.327589,44.327184,44.3275128561299,44.321385,44.259957,44.210803,44.15969,44.131695,44.081894,43.965936,43.8922088874568,43.891692,44.241018,NaN,,,,,,,,,,,,,,,,,,,,,,,,,,,,,,,,,,,,,,,,,,,949
-89.223814,-88.98168,-88.981432,-88.735548,-88.736194,-88.489149,-88.248213,-88.242687,-88.252075,-88.245204,-88.606083,-88.605159,-89.223745,-89.223814,NaN,,,,,,,,,,,,,,,,,,,,,,,,,,,,,,,,,,,,,,,,,,,,45.029246,45.028917,44.942841,44.943178,44.856376,44.855445,44.852739,44.679631,44.667794,44.584746,44.590515,44.678331,44.681365,45.029246,NaN,,,,,,,,,,,,,,,,,,,,,,,,,,,,,,,,,,,,,,,,,,,,962
-88.162274,-88.041794,-87.7285795423089,-87.736017,-87.726407,-87.700251,-87.708185,-87.706204,-87.790135,-87.7910201556716,-88.040528,-88.160873,-88.162274,NaN,,,,,,,,,,,,,,,,,,,,,,,,,,,,,,,,,,,,,,,,,,,,,43.891511,43.891692,43.8922088874568,43.873721,43.810445,43.76735,43.722895,43.679542,43.563054,43.5430150907866,43.542361,43.542943,43.891511,NaN,,,,,,,,,,,,,,,,,,,,,,,,,,,,,,,,,,,,,,,,,,,,,963
-76.590107,-76.559646,-76.557088,-76.534654,-76.453711,-76.375064,-76.290671,-76.177396,-76.157953,-76.186705,-76.358393,-76.396794,-76.402957,-76.572077,-76.590107,NaN,,,,,,,,,,,,,,,,,,,,,,,,,,,,,,,,,,,,,,,,,,,36.238862,36.351056,36.354895,36.358385,36.378092,36.258901,36.223497,36.109191,36.059517,36.047725,36.020019,36.026443,36.072867,36.109463,36.238862,NaN,,,,,,,,,,,,,,,,,,,,,,,,,,,,,,,,,,,,,,,,,,,1029
-101.998493,-101.629257,-101.471562,-101.47158,-101.564856,-101.99802,-101.998493,NaN,,,,,,,,,,,,,,,,,,,,,,,,,,,,,,,,,,,,,,,,,,,,,,,,,,,34.74819,34.747649,34.747462,34.31229,34.312493,34.313039,34.74819,NaN,,,,,,,,,,,,,,,,,,,,,,,,,,,,,,,,,,,,,,,,,,,,,,,,,,,1079
-98.1119851837458,-98.045342,-97.8023129703503,-97.768704,-97.4623460298641,-97.462459,-98.104286,-98.109375,-98.1119851837458,NaN,,,,,,,,,,,,,,,,,,,,,,,,,,,,,,,,,,,,,,,,,,,,,,,,,36.9982479946353,36.998327,36.998698609394,36.99875,36.9988242387969,36.593627,36.593578,36.610551,36.9982479946353,NaN,,,,,,,,,,,,,,,,,,,,,,,,,,,,,,,,,,,,,,,,,,,,,,,,,1113
-103.042738818608,-103.042711,-103.042617950565,-102.167471,-102.168839,-102.525184,-103.042769,-103.042738818608,NaN,,,,,,,,,,,,,,,,,,,,,,,,,,,,,,,,,,,,,,,,,,,,,,,,,,34.9541420403614,35.144735,35.1831572590084,35.183233,34.747417,34.746931,34.747361,34.9541420403614,NaN,,,,,,,,,,,,,,,,,,,,,,,,,,,,,,,,,,,,,,,,,,,,,,,,,,1124
-84.367891,-83.929079,-83.922516,-84.158189,-84.363659,-84.367795,-84.367891,NaN,,,,,,,,,,,,,,,,,,,,,,,,,,,,,,,,,,,,,,,,,,,,,,,,,,,43.128452,43.132782,42.780821,42.776639,42.775778,43.117938,43.128452,NaN,,,,,,,,,,,,,,,,,,,,,,,,,,,,,,,,,,,,,,,,,,,,,,,,,,,1145
-98.705782,-98.320595,-98.114758,-98.109492,-98.706855,-98.705782,NaN,,,,,,,,,,,,,,,,,,,,,,,,,,,,,,,,,,,,,,,,,,,,,,,,,,,,43.499319,43.498651,43.498297,43.196838,43.370075,43.499319,NaN,,,,,,,,,,,,,,,,,,,,,,,,,,,,,,,,,,,,,,,,,,,,,,,,,,,,1170
-88.40407,-88.192611,-88.04324,-88.041794,-88.162274,-88.161654,-88.404187,-88.40407,NaN,,,,,,,,,,,,,,,,,,,,,,,,,,,,,,,,,,,,,,,,,,,,,,,,,,44.244102,44.241947,44.241018,43.891692,43.891511,43.937683,43.9382,44.244102,NaN,,,,,,,,,,,,,,,,,,,,,,,,,,,,,,,,,,,,,,,,,,,,,,,,,,1176
-88.039985,-88.040528,-87.7910201556716,-87.793239,-87.840955,-87.889207,-87.896286,-87.8965793338682,-87.924662,-87.959456,-88.063353,-88.039985,NaN,,,,,,,,,,,,,,,,,,,,,,,,,,,,,,,,,,,,,,,,,,,,,,43.367755,43.542361,43.5430150907866,43.492783,43.420677,43.307652,43.197108,43.1921342479758,43.192145,43.192405,43.192117,43.367755,NaN,,,,,,,,,,,,,,,,,,,,,,,,,,,,,,,,,,,,,,,,,,,,,,1180
-99.032971,-98.486108,-98.479927,-98.480377,-98.479841,-98.912583,-99.032309,-99.032408,-99.032971,NaN,,,,,,,,,,,,,,,,,,,,,,,,,,,,,,,,,,,,,,,,,,,,,,,,,38.696759,38.696878,38.676075,38.521841,38.26079,38.261088,38.261227,38.348334,38.696759,NaN,,,,,,,,,,,,,,,,,,,,,,,,,,,,,,,,,,,,,,,,,,,,,,,,,1181
-87.950385,-87.656794,-87.6382934137441,-87.625379,-87.572588,-87.579117,-87.529496,-87.527645,-87.5287176636979,-87.54737,-87.5352570508085,-87.908113,-87.945923,-87.950385,NaN,,,,,,,,,,,,,,,,,,,,,,,,,,,,,,,,,,,,,,,,,,,,39.174882,39.172177,39.1574925472025,39.101806,39.057286,39.001607,38.971925,38.907688,38.9059437862892,38.875614,38.8524914649674,38.850107,38.850108,39.174882,NaN,,,,,,,,,,,,,,,,,,,,,,,,,,,,,,,,,,,,,,,,,,,,1195
-88.470906,-88.47083,-88.012121,-88.007766,-88.360654,-88.470865,-88.470906,NaN,,,,,,,,,,,,,,,,,,,,,,,,,,,,,,,,,,,,,,,,,,,,,,,,,,,39.215029,39.374515,39.378968,39.173925,39.171118,39.171463,39.215029,NaN,,,,,,,,,,,,,,,,,,,,,,,,,,,,,,,,,,,,,,,,,,,,,,,,,,,1196
-86.085601,-85.952005,-85.684515,-85.686783,-85.799834,-85.798804,-85.860573,-86.069326,-86.080272,-86.07903,-86.085601,NaN,,,,,,,,,,,,,,,,,,,,,,,,,,,,,,,,,,,,,,,,,,,,,,,39.344189,39.347373,39.350049,39.130859,39.128897,39.068536,39.04091,39.03591,39.05027,39.079641,39.344189,NaN,,,,,,,,,,,,,,,,,,,,,,,,,,,,,,,,,,,,,,,,,,,,,,,1202
-85.864791,-85.638587,-85.448825,-85.447014,-85.44433,-85.578589,-85.862296,-85.862117,-85.863641,-85.864791,NaN,,,,,,,,,,,,,,,,,,,,,,,,,,,,,,,,,,,,,,,,,,,,,,,,40.651693,40.653129,40.653607,40.566929,40.37914,40.379524,40.378367,40.406889,40.565525,40.651693,NaN,,,,,,,,,,,,,,,,,,,,,,,,,,,,,,,,,,,,,,,,,,,,,,,,1204
-87.092563,-86.695637,-86.695804,-86.695071,-86.695127,-87.009477,-87.091542,-87.091006,-87.092563,NaN,,,,,,,,,,,,,,,,,,,,,,,,,,,,,,,,,,,,,,,,,,,,,,,,,40.214806,40.214367,40.178657,39.92277,39.864845,39.866705,39.867265,39.953009,40.214806,NaN,,,,,,,,,,,,,,,,,,,,,,,,,,,,,,,,,,,,,,,,,,,,,,,,,1208
-85.448825,-85.334667,-85.33603,-85.073861,-85.068479,-85.201146,-85.390539,-85.447014,-85.448825,NaN,,,,,,,,,,,,,,,,,,,,,,,,,,,,,,,,,,,,,,,,,,,,,,,,,40.653607,40.654413,40.917082,40.917823,40.56824,40.567242,40.566898,40.566929,40.653607,NaN,,,,,,,,,,,,,,,,,,,,,,,,,,,,,,,,,,,,,,,,,,,,,,,,,1213
-98.5044549836368,-98.2740170597529,-98.076034,-97.9318249263172,-97.931482,-97.931844,-98.487384,-98.505266,-98.5044549836368,NaN,,,,,,,,,,,,,,,,,,,,,,,,,,,,,,,,,,,,,,,,,,,,,,,,,40.002379876736,40.0023374507299,40.002301,40.0022363450196,39.653767,39.566921,39.567492,39.567603,40.002379876736,NaN,,,,,,,,,,,,,,,,,,,,,,,,,,,,,,,,,,,,,,,,,,,,,,,,,1225
-97.9318249263172,-97.8215008122752,-97.777155,-97.415833,-97.369199035315,-97.36867,-97.931482,-97.9318249263172,NaN,,,,,,,,,,,,,,,,,,,,,,,,,,,,,,,,,,,,,,,,,,,,,,,,,,40.0022363450196,40.0021868820889,40.002167,40.002001,40.0019393057605,39.654043,39.653767,40.0022363450196,NaN,,,,,,,,,,,,,,,,,,,,,,,,,,,,,,,,,,,,,,,,,,,,,,,,,,1228
-97.807823,-97.698692,-97.701969,-97.152476,-97.153331,-97.8076,-97.807823,NaN,,,,,,,,,,,,,,,,,,,,,,,,,,,,,,,,,,,,,,,,,,,,,,,,,,,37.733855,37.735056,37.911325,37.912733,37.475544,37.474184,37.733855,NaN,,,,,,,,,,,,,,,,,,,,,,,,,,,,,,,,,,,,,,,,,,,,,,,,,,,1229
-88.485697,-88.110831,-88.080126,-88.070532,-88.055738,-88.033802,-88.050466,-88.0533508007759,-88.127378,-88.4890767387132,-88.485697,NaN,,,,,,,,,,,,,,,,,,,,,,,,,,,,,,,,,,,,,,,,,,,,,,,36.750328,36.74715,36.706739,36.678118,36.630475,36.551733,36.500053,36.4999962506816,36.49854,36.5012837190757,36.750328,NaN,,,,,,,,,,,,,,,,,,,,,,,,,,,,,,,,,,,,,,,,,,,,,,,1230
-88.819541,-88.813229,-88.812897,-88.484103,-88.485697,-88.4890767387132,-88.51192,-88.5163580599794,-88.8167641573481,-88.819541,NaN,,,,,,,,,,,,,,,,,,,,,,,,,,,,,,,,,,,,,,,,,,,,,,,,36.753088,36.773115,36.946864,36.942096,36.750328,36.5012837190757,36.501457,36.5014641981633,36.5019514318132,36.753088,NaN,,,,,,,,,,,,,,,,,,,,,,,,,,,,,,,,,,,,,,,,,,,,,,,,1232
-84.167318,-84.166377,-84.045409,-84.044843,-83.901329352181,-83.910613,-83.929375,-83.94774,-83.909479,-83.817894,-83.731005,-83.6994170918811,-83.699484,-83.698816,-83.817678,-83.817228,-83.916091,-84.050987,-84.05,-84.168127,-84.167318,NaN,,,,,,,,,,,,,,,,,,,,,,,,,,,,,,,,,,,,,43.825902,43.996901,43.996974,43.911146,43.9084270508442,43.89322,43.777091,43.735165,43.672622,43.673789,43.623369,43.6016371502565,43.565823,43.478957,43.479052,43.522345,43.522629,43.524064,43.567324,43.568899,43.825902,NaN,,,,,,,,,,,,,,,,,,,,,,,,,,,,,,,,,,,,,1245
-84.836889,-84.367795,-84.363659,-84.38471,-84.602761,-84.837085,-84.836889,NaN,,,,,,,,,,,,,,,,,,,,,,,,,,,,,,,,,,,,,,,,,,,,,,,,,,,43.118851,43.117938,42.775778,42.769882,42.76988,42.770479,43.118851,NaN,,,,,,,,,,,,,,,,,,,,,,,,,,,,,,,,,,,,,,,,,,,,,,,,,,,1247
-97.1481034661336,-97.1477235683009,-96.387835,-95.602315,-95.593788,-96.500843,-97.1458449594749,-97.1419103871983,-97.129533,-97.137904,-97.139173,-97.149122,-97.1481034661336,NaN,,,,,,,,,,,,,,,,,,,,,,,,,,,,,,,,,,,,,,,,,,,,,48.5407440461867,48.5438916836506,48.544308,48.538887,48.172916,48.174108,48.1732234829905,48.1936276188745,48.257815,48.344585,48.430528,48.532305,48.5407440461867,NaN,,,,,,,,,,,,,,,,,,,,,,,,,,,,,,,,,,,,,,,,,,,,,1254
-97.1458449594749,-96.500843,-96.500901,-96.48255,-96.482092,-96.352708,-96.351727,-95.837177,-95.836827,-95.709148,-95.709619,-95.582155,-95.578839,-95.553392,-95.554248,-96.067621,-96.8559593490532,-96.854073,-96.882376,-96.8934933013398,-96.928506,-96.996364,-97.037354,-97.068987,-97.105616,-97.146745,-97.1458449594749,NaN,,,,,,,,,,,,,,,,,,,,,,,,,,,,,,,48.1732234829905,48.174108,48.021656,47.963595,47.847428,47.847328,47.7603,47.760894,47.848219,47.848594,47.935805,47.933966,47.673677,47.67361,47.499893,47.499136,47.499173229529,47.57201,47.649025,47.6721269594437,47.744884,47.844398,47.933279,48.026267,48.091362,48.168556,48.1732234829905,NaN,,,,,,,,,,,,,,,,,,,,,,,,,,,,,,,1255
-96.48255,-95.70984,-95.709619,-95.709148,-95.836827,-95.837177,-96.351727,-96.352708,-96.482092,-96.48255,NaN,,,,,,,,,,,,,,,,,,,,,,,,,,,,,,,,,,,,,,,,,,,,,,,,47.963595,47.96433,47.935805,47.848594,47.848219,47.760894,47.7603,47.847328,47.847428,47.963595,NaN,,,,,,,,,,,,,,,,,,,,,,,,,,,,,,,,,,,,,,,,,,,,,,,,1256
-96.7857861825985,-96.280977,-96.28,-96.265366,-96.26614,-96.572697494194,-96.554507,-96.59567,-96.60104,-96.647296,-96.709095,-96.744436,-96.7857861825985,NaN,,,,,,,,,,,,,,,,,,,,,,,,,,,,,,,,,,,,,,,,,,,,,46.6295908492609,46.630765,46.28222,46.10861,46.02161,46.0218916713577,46.083978,46.21985,46.319554,46.358499,46.435294,46.56596,46.6295908492609,NaN,,,,,,,,,,,,,,,,,,,,,,,,,,,,,,,,,,,,,,,,,,,,,1258
-89.96131,-89.752147,-89.728855,-89.611308,-89.5450313339691,-89.600544,-89.611819,-89.554289,-89.602374,-89.678046,-89.69263,-89.6276414416754,-89.623804,-89.592102,-89.64302,-89.680029,-89.692437,-89.733095,-89.901183,-89.9593752951737,-89.96131,NaN,,,,,,,,,,,,,,,,,,,,,,,,,,,,,,,,,,,,,36.388803,36.386396,36.427504,36.411273,36.344271398663,36.342985,36.309088,36.277751,36.238106,36.248284,36.224959,36.185460316606,36.183128,36.135637,36.10362,36.082494,36.020507,36.000608,35.999365,35.9990141101569,36.388803,NaN,,,,,,,,,,,,,,,,,,,,,,,,,,,,,,,,,,,,,1271
-98.726827,-98.723948,-98.27809,-98.273571,-98.2740170597529,-98.5044549836368,-98.613755,-98.726372963939,-98.726827,NaN,,,,,,,,,,,,,,,,,,,,,,,,,,,,,,,,,,,,,,,,,,,,,,,,,40.350398,40.350391,40.350347,40.350359,40.0023374507299,40.002379876736,40.0024,40.0023362731669,40.350398,NaN,,,,,,,,,,,,,,,,,,,,,,,,,,,,,,,,,,,,,,,,,,,,,,,,,1275
-99.846613,-99.492919,-99.200306,-99.199911,-99.070443,-99.070351,-99.001038,-98.991253,-98.803893,-98.75061,-98.79456,-98.672086,-98.625384,-98.525555,-98.525516,-98.556378,-99.297204,-99.812167,-99.812133,-99.846613,NaN,,,,,,,,,,,,,,,,,,,,,,,,,,,,,,,,,,,,,,48.371298,48.370946,48.370658,48.155309,48.107857,48.021955,48.053294,47.99026,48.059901,47.982456,47.951614,48.0004,47.916399,47.915056,47.846276,47.847459,47.846811,47.847257,48.021451,48.371298,NaN,,,,,,,,,,,,,,,,,,,,,,,,,,,,,,,,,,,,,,1293
-98.999803372711,-98.869037,-97.9502050115156,-97.949577,-97.927154,-98.318098,-98.970392,-98.970368,-98.99989,-98.999803372711,NaN,,,,,,,,,,,,,,,,,,,,,,,,,,,,,,,,,,,,,,,,,,,,,,,,48.9999862956524,49.000205,49.0005151189384,48.717693,48.543124,48.543773,48.544232,48.718089,48.718129,48.9999862956524,NaN,,,,,,,,,,,,,,,,,,,,,,,,,,,,,,,,,,,,,,,,,,,,,,,,1294
-99.0057543501525,-99.003118,-98.034573,-98.006715,-98.0081017982778,-98.070515,-98.414518,-98.625379,-98.7243744138881,-99.005642,-99.0057543501525,NaN,,,,,,,,,,,,,,,,,,,,,,,,,,,,,,,,,,,,,,,,,,,,,,,45.9399443091284,46.282898,46.282796,46.282626,45.9360126290493,45.93618,45.936504,45.938228,45.9386747332615,45.939944,45.9399443091284,NaN,,,,,,,,,,,,,,,,,,,,,,,,,,,,,,,,,,,,,,,,,,,,,,,1295
-98.500181,-97.98481,-97.986585,-97.961208,-98.467476,-98.467265,-98.499246,-98.500085,-98.500181,NaN,,,,,,,,,,,,,,,,,,,,,,,,,,,,,,,,,,,,,,,,,,,,,,,,,47.672413,47.6723,47.3261,47.240512,47.240453,47.325358,47.326538,47.587228,47.672413,NaN,,,,,,,,,,,,,,,,,,,,,,,,,,,,,,,,,,,,,,,,,,,,,,,,,1296
-99.480726,-99.26628,-98.499246,-98.467265,-98.467476,-98.439466,-98.439056,-99.036639,-99.44972,-99.446423,-99.480726,NaN,,,,,,,,,,,,,,,,,,,,,,,,,,,,,,,,,,,,,,,,,,,,,,,47.327076,47.327194,47.326538,47.325358,47.240453,46.979658,46.63112,46.630575,46.63163,46.980889,47.327076,NaN,,,,,,,,,,,,,,,,,,,,,,,,,,,,,,,,,,,,,,,,,,,,,,,1302
-99.5257000590717,-99.376068,-98.999803372711,-98.99989,-98.970368,-98.970392,-98.970975,-99.200306,-99.492919,-99.493189,-99.493002,-99.525895,-99.5257000590717,NaN,,,,,,,,,,,,,,,,,,,,,,,,,,,,,,,,,,,,,,,,,,,,,48.9992712911555,48.999357,48.9999862956524,48.718129,48.718089,48.544232,48.370472,48.370658,48.370946,48.544834,48.718359,48.718384,48.9992712911555,NaN,,,,,,,,,,,,,,,,,,,,,,,,,,,,,,,,,,,,,,,,,,,,,1303
-97.472745,-96.8934933013398,-96.882376,-96.854073,-96.8559593490532,-96.85748,-96.84022,-96.8360095945419,-97.451512,-97.474337,-97.472745,NaN,,,,,,,,,,,,,,,,,,,,,,,,,,,,,,,,,,,,,,,,,,,,,,,47.672051,47.6721269594437,47.649025,47.57201,47.499173229529,47.440457,47.276981,47.2379818754871,47.239061,47.324776,47.672051,NaN,,,,,,,,,,,,,,,,,,,,,,,,,,,,,,,,,,,,,,,,,,,,,,,1304
-83.248595,-83.020798,-82.924781,-82.929588,-82.744931,-82.750747,-82.761827,-82.971307,-83.005204,-83.169981,-83.17233,-83.248428,-83.248595,NaN,,,,,,,,,,,,,,,,,,,,,,,,,,,,,,,,,,,,,,,,,,,,,40.443989,40.433795,40.415004,40.358123,40.349603,40.276996,40.125855,40.134933,40.136336,40.143087,40.244257,40.244466,40.443989,NaN,,,,,,,,,,,,,,,,,,,,,,,,,,,,,,,,,,,,,,,,,,,,,1305
-97.494254,-97.249127,-97.226281,-96.883948,-96.882345,-96.88457,-97.491346,-97.494254,NaN,,,,,,,,,,,,,,,,,,,,,,,,,,,,,,,,,,,,,,,,,,,,,,,,,,45.151631,45.15117,45.151826,45.150224,44.97687,44.804436,44.804035,45.151631,NaN,,,,,,,,,,,,,,,,,,,,,,,,,,,,,,,,,,,,,,,,,,,,,,,,,,1319
-97.981457,-97.979592,-97.373366,-97.227089,-97.226244,-97.226281,-97.249127,-97.494254,-97.981792,-97.981457,NaN,,,,,,,,,,,,,,,,,,,,,,,,,,,,,,,,,,,,,,,,,,,,,,,,45.240415,45.588483,45.587634,45.558158,45.297647,45.151826,45.15117,45.151631,45.153295,45.240415,NaN,,,,,,,,,,,,,,,,,,,,,,,,,,,,,,,,,,,,,,,,,,,,,,,,1320
-97.9787778096234,-97.77704,-97.542598,-97.228291,-97.227089,-97.373366,-97.979592,-97.9787778096234,NaN,,,,,,,,,,,,,,,,,,,,,,,,,,,,,,,,,,,,,,,,,,,,,,,,,,45.9359339920987,45.935393,45.935258,45.9356565956461,45.558158,45.587634,45.588483,45.9359339920987,NaN,,,,,,,,,,,,,,,,,,,,,,,,,,,,,,,,,,,,,,,,,,,,,,,,,,1321
-88.886673,-88.7662,-88.73977,-88.524791,-88.40407,-88.404187,-88.403195,-88.885697,-88.886193,-88.886673,NaN,,,,,,,,,,,,,,,,,,,,,,,,,,,,,,,,,,,,,,,,,,,,,,,,44.242622,44.243366,44.243303,44.244028,44.244102,43.9382,43.892977,43.895184,43.983233,44.242622,NaN,,,,,,,,,,,,,,,,,,,,,,,,,,,,,,,,,,,,,,,,,,,,,,,,1340
-88.014205,-87.960179,-87.687437,-87.5316666819744,-87.531624,-87.531646,-87.578331,-87.600397,-87.594745845406,-87.593486,-87.577029,-87.640435,-87.6382934137441,-87.656794,-87.950385,-88.007766,-88.012121,-88.014205,NaN,,,,,,,,,,,,,,,,,,,,,,,,,,,,,,,,,,,,,,,,39.480762,39.481309,39.48734,39.4771109927429,39.469378,39.347888,39.340343,39.312904,39.259383616483,39.247452,39.211123,39.166727,39.1574925472025,39.172177,39.174882,39.173925,39.378968,39.480762,NaN,,,,,,,,,,,,,,,,,,,,,,,,,,,,,,,,,,,,,,,,1347
-88.147814,-87.953898,-87.97607,-87.951122,-87.9906,-88.027749,-88.1509,-88.147814,NaN,,,,,,,,,,,,,,,,,,,,,,,,,,,,,,,,,,,,,,,,,,,,,,,,,,38.569086,38.570094,38.399928,38.290611,38.259715,38.255661,38.256097,38.569086,NaN,,,,,,,,,,,,,,,,,,,,,,,,,,,,,,,,,,,,,,,,,,,,,,,,,,1348
-87.908113,-87.5352570508085,-87.521681,-87.498948,-87.545538,-87.62012,-87.637752,-87.6483567630745,-87.912286,-87.908113,NaN,,,,,,,,,,,,,,,,,,,,,,,,,,,,,,,,,,,,,,,,,,,,,,,,38.850107,38.8524914649674,38.826576,38.757774,38.677613,38.639489,38.588512,38.5666287160576,38.570104,38.850107,NaN,,,,,,,,,,,,,,,,,,,,,,,,,,,,,,,,,,,,,,,,,,,,,,,,1349
-90.355198,-90.206144,-90.199556,-90.118966,-90.03795,-89.92468,-89.717104,-89.714927,-89.602979,-89.601604,-89.638262,-89.749196,-89.969618,-89.994724,-90.134517,-90.286724,-90.355198,NaN,,,,,,,,,,,,,,,,,,,,,,,,,,,,,,,,,,,,,,,,,40.124245,40.155789,40.183945,40.235263,40.375041,40.435921,40.435655,40.319218,40.320129,40.122432,40.15487,40.126852,40.142358,40.108373,40.062023,40.055321,40.124245,NaN,,,,,,,,,,,,,,,,,,,,,,,,,,,,,,,,,,,,,,,,,1350
-88.929129,-88.908291,-88.71065,-88.490336,-88.4903994463247,-88.531576,-88.5610439294726,-88.61144,-88.693983,-88.753068,-88.835051,-88.9280048294943,-88.929129,NaN,,,,,,,,,,,,,,,,,,,,,,,,,,,,,,,,,,,,,,,,,,,,,37.302647,37.335727,37.33709,37.159358,37.0679576229479,37.067192,37.0839999809584,37.112745,37.141155,37.154701,37.196486,37.2263897662531,37.302647,NaN,,,,,,,,,,,,,,,,,,,,,,,,,,,,,,,,,,,,,,,,,,,,,1351
-87.9906,-87.951122,-87.97607,-87.953898,-87.912286,-87.6483567630745,-87.660732,-87.654166,-87.714047,-87.74104,-87.7511059451205,-87.779996,-87.831972,-87.908542,-87.968968,-87.9906,NaN,,,,,,,,,,,,,,,,,,,,,,,,,,,,,,,,,,,,,,,,,,38.259715,38.290611,38.399928,38.570094,38.570104,38.5666287160576,38.541092,38.511911,38.47988,38.435576,38.4188492084548,38.370842,38.307241,38.268581,38.237389,38.259715,NaN,,,,,,,,,,,,,,,,,,,,,,,,,,,,,,,,,,,,,,,,,,1352
-87.095357,-86.771293,-86.695353,-86.694665,-86.695637,-87.092563,-87.092148,-87.093676,-87.095357,NaN,,,,,,,,,,,,,,,,,,,,,,,,,,,,,,,,,,,,,,,,,,,,,,,,,40.562895,40.562082,40.561874,40.432156,40.214367,40.214806,40.366612,40.475745,40.562895,NaN,,,,,,,,,,,,,,,,,,,,,,,,,,,,,,,,,,,,,,,,,,,,,,,,,1353
-100.22709,-99.569879,-99.570576,-99.55958,-99.556119,-100.107248,-100.216229,-100.214637,-100.22709,NaN,,,,,,,,,,,,,,,,,,,,,,,,,,,,,,,,,,,,,,,,,,,,,,,,,37.914018,37.913016,37.825634,37.734888,37.467722,37.474836,37.47519,37.826808,37.914018,NaN,,,,,,,,,,,,,,,,,,,,,,,,,,,,,,,,,,,,,,,,,,,,,,,,,1357
-95.589472,-95.589041,-95.570351,-95.180891,-95.180125,-95.187103,-95.285425,-95.419439,-95.500254,-95.596759,-95.589472,NaN,,,,,,,,,,,,,,,,,,,,,,,,,,,,,,,,,,,,,,,,,,,,,,,39.216081,39.404586,39.41905,39.419218,39.128889,39.044109,39.032162,39.067205,39.056656,39.064672,39.216081,NaN,,,,,,,,,,,,,,,,,,,,,,,,,,,,,,,,,,,,,,,,,,,,,,,1359
-98.487384,-97.931844,-97.928623,-97.929097,-97.931614,-97.929746,-98.490149,-98.487384,NaN,,,,,,,,,,,,,,,,,,,,,,,,,,,,,,,,,,,,,,,,,,,,,,,,,,39.567492,39.566921,39.55146,39.306397,39.277094,39.219273,39.21978,39.567492,NaN,,,,,,,,,,,,,,,,,,,,,,,,,,,,,,,,,,,,,,,,,,,,,,,,,,1361
-99.584794,-99.032408,-99.032309,-98.912583,-98.913136,-99.022136,-99.240685,-99.350289,-99.350359,-99.569533,-99.569998,-99.570469,-99.584207,-99.584794,NaN,,,,,,,,,,,,,,,,,,,,,,,,,,,,,,,,,,,,,,,,,,,,38.349386,38.348334,38.261227,38.261088,38.000451,38.000236,37.999968,38.000745,38.087594,38.087372,38.189332,38.252576,38.262179,38.349386,NaN,,,,,,,,,,,,,,,,,,,,,,,,,,,,,,,,,,,,,,,,,,,,1362
-97.92856,-97.371614,-97.381205,-97.371911,-97.924795,-97.928592,-97.92856,NaN,,,,,,,,,,,,,,,,,,,,,,,,,,,,,,,,,,,,,,,,,,,,,,,,,,,38.958395,38.957852,38.9289,38.609353,38.60988,38.871099,38.958395,NaN,,,,,,,,,,,,,,,,,,,,,,,,,,,,,,,,,,,,,,,,,,,,,,,,,,,1366
-99.0670183498981,-98.726372963939,-98.613755,-98.5044549836368,-98.505266,-99.044398,-99.066203,-99.0670183498981,NaN,,,,,,,,,,,,,,,,,,,,,,,,,,,,,,,,,,,,,,,,,,,,,,,,,,40.0021435130522,40.0023362731669,40.0024,40.002379876736,39.567603,39.568035,39.568093,40.0021435130522,NaN,,,,,,,,,,,,,,,,,,,,,,,,,,,,,,,,,,,,,,,,,,,,,,,,,,1367
-101.556606,-101.52581,-101.089653,-101.067904,-101.06645021566,-101.211486,-101.485326,-101.555258848691,-101.556606,NaN,,,,,,,,,,,,,,,,,,,,,,,,,,,,,,,,,,,,,,,,,,,,,,,,,37.388485,37.388392,37.387721,37.387779,36.9977361751404,36.997124,36.995611,36.9952909392776,37.388485,NaN,,,,,,,,,,,,,,,,,,,,,,,,,,,,,,,,,,,,,,,,,,,,,,,,,1368
-87.495331,-87.472811,-87.408547,-87.138821,-87.03826,-87.135629,-87.099803,-87.210958,-87.295965,-87.328543,-87.375145,-87.482702,-87.495331,NaN,,,,,,,,,,,,,,,,,,,,,,,,,,,,,,,,,,,,,,,,,,,,,37.647547,37.664869,37.683563,37.575628,37.560803,37.485153,37.416042,37.38093,37.391819,37.398462,37.569988,37.600914,37.647547,NaN,,,,,,,,,,,,,,,,,,,,,,,,,,,,,,,,,,,,,,,,,,,,,1372
-95.76975,-95.14588,-95.139731,-95.13967,-95.758508,-95.76975,NaN,,,,,,,,,,,,,,,,,,,,,,,,,,,,,,,,,,,,,,,,,,,,,,,,,,,,46.10745,46.106761,45.773416,45.758891,45.759932,46.10745,NaN,,,,,,,,,,,,,,,,,,,,,,,,,,,,,,,,,,,,,,,,,,,,,,,,,,,,1374
-96.265366,-95.76975,-95.758508,-96.254022,-96.253675,-96.26614,-96.265366,NaN,,,,,,,,,,,,,,,,,,,,,,,,,,,,,,,,,,,,,,,,,,,,,,,,,,,46.10861,46.10745,45.759932,45.75982,45.934648,46.02161,46.10861,NaN,,,,,,,,,,,,,,,,,,,,,,,,,,,,,,,,,,,,,,,,,,,,,,,,,,,1375
-96.8559593490532,-96.067621,-96.067069,-96.194671,-96.8265691272283,-96.8360095945419,-96.84022,-96.85748,-96.8559593490532,NaN,,,,,,,,,,,,,,,,,,,,,,,,,,,,,,,,,,,,,,,,,,,,,,,,,47.499173229529,47.499136,47.151813,47.151149,47.150539,47.2379818754871,47.276981,47.440457,47.499173229529,NaN,,,,,,,,,,,,,,,,,,,,,,,,,,,,,,,,,,,,,,,,,,,,,,,,,1376
-96.500843,-95.593788,-95.592287,-95.582887,-95.582155,-95.709619,-95.70984,-96.48255,-96.500901,-96.500843,NaN,,,,,,,,,,,,,,,,,,,,,,,,,,,,,,,,,,,,,,,,,,,,,,,,48.174108,48.172916,48.037359,48.020557,47.933966,47.935805,47.96433,47.963595,48.021656,48.174108,NaN,,,,,,,,,,,,,,,,,,,,,,,,,,,,,,,,,,,,,,,,,,,,,,,,1377
-94.260821,-94.09272,-94.047327,-93.75661,-93.563814,-93.521653,-93.65881,-93.638653,-93.638622,-93.645168,-93.647747,-93.661545,-93.667203,-93.676267,-93.739245,-93.741837,-93.744022,-93.745762,-93.748603,-93.749446,-93.755077,-93.756369,-93.756821,-93.757402,-93.758659,-93.760019,-93.761497,-93.761874,-93.761127,-93.758624,-93.758497,-93.758699,-93.759763,-93.759889,-93.760236,-93.761403,-93.761366,-93.760752,-93.760189,-93.759791,-93.75898,-93.758408,-93.758478,-93.758685,-93.759425,-93.760588,-93.761708,-93.762205,-93.764506,-93.764447,-93.761996,-93.766812,-93.767367,-94.012236,-94.256074,-94.256681,-94.260821,NaN,45.283941,45.342467,45.422861,45.294721,45.301136,45.246618,45.194116,45.174161,45.16562,45.161561,45.158609,45.153274,45.154443,45.151044,45.080987,45.080153,45.080354,45.080216,45.079028,45.079028,45.079932,45.080423,45.080942,45.082524,45.082782,45.082472,45.081751,45.081244,45.079941,45.07778,45.077522,45.077348,45.077292,45.075741,45.075342,45.074611,45.073678,45.073697,45.074878,45.075,45.074756,45.073673,45.072909,45.07268,45.072666,45.07298,45.072773,45.072558,45.071054,45.070213,45.069739,45.053408,44.977964,44.978712,44.979465,45.239272,45.283941,NaN,1378
-93.050453,-93.048471,-92.934569,-92.852628,-92.558086,-92.498377,-92.617147,-92.839837,-93.059974,-93.050453,NaN,,,,,,,,,,,,,,,,,,,,,,,,,,,,,,,,,,,,,,,,,,,,,,,,38.928244,38.972418,39.064547,38.982183,38.970692,38.922084,38.680013,38.683974,38.693077,38.928244,NaN,,,,,,,,,,,,,,,,,,,,,,,,,,,,,,,,,,,,,,,,,,,,,,,,1381
-94.216696,-93.764021,-93.761973,-93.758992,-94.205844,-94.203595,-94.2188,-94.216696,NaN,,,,,,,,,,,,,,,,,,,,,,,,,,,,,,,,,,,,,,,,,,,,,,,,,,40.136626,40.132909,39.959552,39.784674,39.788954,40.025048,40.034885,40.136626,NaN,,,,,,,,,,,,,,,,,,,,,,,,,,,,,,,,,,,,,,,,,,,,,,,,,,1382
-109.551644,-109.51908,-109.496737,-109.464318,-109.464318,-109.505333,-109.505514,-109.489549778986,-109.250722,-109.000708,-108.543194,-108.236393,-108.259372,-108.259384,-108.319119,-108.346193,-108.346316,-108.410374,-108.433848,-108.43398,-108.607579,-108.625587,-108.888316,-108.891115,-108.978383,-109.132768,-109.274171,-109.425315,-109.538677,-109.534295,-109.551644,NaN,,,,,,,,,,,,,,,,,,,,,,,,,,,48.293479,48.293457,48.451762,48.452638,48.52526,48.56791,48.913911,49.0004208038805,49.000011,48.999234,48.999377,48.9995581173014,48.913592,48.742225,48.742209,48.56845,48.422305,48.448484,48.219551,47.976553,47.990997,47.920411,47.922722,47.734456,47.802658,47.781122,47.793239,47.720153,47.738864,48.134564,48.293479,NaN,,,,,,,,,,,,,,,,,,,,,,,,,,,1388
-106.112063323684,-106.050543,-105.775808,-105.355888,-105.265192,-105.057641716691,-105.038171,-105.038548,-104.973283,-104.973354,-105.804436,-106.021307,-106.021251,-106.151908,-106.112063323684,NaN,,,,,,,,,,,,,,,,,,,,,,,,,,,,,,,,,,,,,,,,,,,48.9992794384003,48.999207,48.999637,48.999357,48.9995,48.9992288873925,48.910512,48.650099,48.65006,48.56319,48.563358,48.563225,48.823975,48.823927,48.9992794384003,NaN,,,,,,,,,,,,,,,,,,,,,,,,,,,,,,,,,,,,,,,,,,,1392
-110.750595,-110.743064,-110.531615,-110.438151,-110.171595,-109.500737,-109.489549778986,-109.505514,-109.505333,-109.464318,-109.464318,-109.496737,-109.51908,-109.551644,-109.534295,-109.726914,-109.726943,-109.845812,-109.845932,-110.625409,-110.625543,-110.755873,-110.750595,NaN,,,,,,,,,,,,,,,,,,,,,,,,,,,,,,,,,,,48.914088,48.9980081121848,48.99839,48.999188,48.999262,49.00044,49.0004208038805,48.913911,48.56791,48.52526,48.452638,48.451762,48.293457,48.293479,48.134564,48.132859,48.221525,48.219004,48.305971,48.306479,48.219731,48.219601,48.914088,NaN,,,,,,,,,,,,,,,,,,,,,,,,,,,,,,,,,,,1397
-114.604462,-114.47729,-114.49219,-114.038545,-114.078282,-114.029042,-113.884541,-113.842313,-113.747183,-113.668077,-113.6817,-113.640588,-113.603924,-113.634079,-113.948844,-113.930289,-113.908581,-113.95118,-113.87111,-113.870769,-113.821166,-113.821447,-113.933568,-113.933503,-114.18717,-114.203119,-114.203026,-114.288557,-114.35308,-114.301457,-114.383453,-114.320528,-114.58376,-114.584454,-114.604462,NaN,,,,,,,,,,,,,,,,,,,,,,,47.789871,47.789941,47.961989,47.96255,48.023148,48.051653,48.0519,47.978877,47.952952,47.890963,47.805153,47.719998,47.72144,47.600027,47.599993,47.598499,47.514436,47.475994,47.39197,47.288158,47.2687,47.181709,47.18172,47.138289,47.138191,47.181908,47.355746,47.355875,47.38985,47.49705,47.483254,47.594551,47.601718,47.746355,47.789871,NaN,,,,,,,,,,,,,,,,,,,,,,,1399
-105.804599,-105.804436,-104.973354,-104.757619,-104.757643,-104.627726,-104.62776,-104.046782161706,-104.045692,-104.044093272821,-104.098921,-104.14247,-104.245936,-104.544517,-104.681633,-104.822581,-104.891321,-104.990346,-105.173367,-105.177722,-105.194783,-105.503195,-105.647941,-105.843891,-105.804599,NaN,,,,,,,,,,,,,,,,,,,,,,,,,,,,,,,,,48.219037,48.563358,48.56319,48.563127,48.476556,48.476349,48.389362,48.3893007311455,48.241415,47.9961071741871,48.000019,48.055005,48.031005,48.126553,48.103323,48.118945,48.15069,48.066449,48.081855,48.1031,48.066617,48.097792,48.077304,48.010289,48.219037,NaN,,,,,,,,,,,,,,,,,,,,,,,,,,,,,,,,,1406
-100.095095,-99.981193,-99.981743,-99.699269,-99.643462,-99.642209,-100.094798,-100.095095,NaN,,,,,,,,,,,,,,,,,,,,,,,,,,,,,,,,,,,,,,,,,,,,,,,,,,40.438656,40.438291,40.700003,40.699969,40.684911,40.3512,40.351245,40.438656,NaN,,,,,,,,,,,,,,,,,,,,,,,,,,,,,,,,,,,,,,,,,,,,,,,,,,1415
-76.491336,-76.437286,-76.231329,-76.216211,-76.12458,-76.02939,-76.022607,-76.058217,-76.157953,-76.177396,-76.290671,-76.375064,-76.453711,-76.491405,-76.491336,NaN,,,,,,,,,,,,,,,,,,,,,,,,,,,,,,,,,,,,,,,,,,,36.510677,36.467846,36.37208,36.298302,36.263963,36.158819,36.096725,36.080593,36.059517,36.109191,36.223497,36.258901,36.378092,36.468648,36.510677,NaN,,,,,,,,,,,,,,,,,,,,,,,,,,,,,,,,,,,,,,,,,,,1419
-102.385565,-101.871862,-100.971325,-100.585161,-100.585106,-100.67245,-100.673285,-100.749334,-100.74937,-100.965156,-100.977629,-101.034623,-101.257031,-101.345735,-101.362536,-101.440139,-101.370866,-101.428037,-101.641696,-101.707537,-101.813848,-102.036648,-102.20535,-102.265452,-102.262051,-102.335554,-102.385758,-102.385565,NaN,,,,,,,,,,,,,,,,,,,,,,,,,,,,,,47.84775,47.847589,47.848703,47.84748,47.673912,47.673928,47.327426,47.327685,47.157245,47.156631,47.249992,47.286393,47.264895,47.291897,47.367998,47.477299,47.518696,47.561986,47.528379,47.538278,47.496502,47.572705,47.574506,47.624307,47.782009,47.80111,47.758008,47.84775,NaN,,,,,,,,,,,,,,,,,,,,,,,,,,,,,,1421
-102.096675,-101.764392,-100.935983,-100.907902,-100.779477,-100.787809,-100.66189,-100.561035,-100.590199,-100.721261,-100.884552,-101.025662,-101.048532,-101.29899,-101.299052,-101.718105,-101.718155,-102.096239,-102.096675,NaN,,,,,,,,,,,,,,,,,,,,,,,,,,,,,,,,,,,,,,,46.981159,46.981306,46.98284,46.904367,46.736571,46.69063,46.63445,46.587847,46.427894,46.390084,46.409096,46.284219,46.371393,46.371451,46.63031,46.630999,46.718019,46.717706,46.981159,NaN,,,,,,,,,,,,,,,,,,,,,,,,,,,,,,,,,,,,,,,1422
-102.885763,-102.233892,-101.973322,-101.973399,-101.922237,-101.922123,-101.871537,-101.871862,-102.385565,-102.385758,-102.561965,-102.642266,-102.644764,-102.551964,-102.663487,-102.828477,-102.828061,-102.885737,-102.885763,NaN,,,,,,,,,,,,,,,,,,,,,,,,,,,,,,,,,,,,,,,48.54639,48.546339,48.547133,48.372095,48.37233,48.023173,48.023176,47.847589,47.84775,47.758008,47.780111,47.823713,47.906715,47.997149,48.076651,48.123664,48.37292,48.372578,48.54639,NaN,,,,,,,,,,,,,,,,,,,,,,,,,,,,,,,,,,,,,,,1423
-82.958401,-82.957715,-82.859753,-82.858302,-82.838905,-82.727164,-82.689113,-82.627767,-82.644977,-82.623609,-82.646503,-82.744931,-82.929588,-82.924781,-83.020798,-82.958401,NaN,,,,,,,,,,,,,,,,,,,,,,,,,,,,,,,,,,,,,,,,,,40.490664,40.635653,40.646395,40.705019,40.7126,40.711203,40.711033,40.709352,40.666425,40.549879,40.345076,40.349603,40.358123,40.415004,40.433795,40.490664,NaN,,,,,,,,,,,,,,,,,,,,,,,,,,,,,,,,,,,,,,,,,,1424
-119.999505153462,-119.965744,-119.868153889391,-119.802655,-119.669877,-119.600549,-119.571584,-119.487829,-119.432138558816,-119.43464,-119.248547,-119.248214,-119.145144,-119.146424,-119.162966,-119.643745,-119.672228,-119.791162,-119.790699,-119.760731,-119.759759,-119.883914,-119.882346,-120.006555,-119.999505153462,NaN,,,,,,,,,,,,,,,,,,,,,,,,,,,,,,,,,45.8116849230819,45.824365,45.8382266026357,45.84753,45.856867,45.919581,45.925456,45.906307,45.9132091442339,45.603056,45.601935,45.516076,45.515909,45.08294,44.996241,44.994596,44.995117,44.994755,45.067823,45.081278,45.169211,45.169152,45.256916,45.257706,45.8116849230819,NaN,,,,,,,,,,,,,,,,,,,,,,,,,,,,,,,,,1437
-121.01569,-120.956471,-120.868569,-120.826385,-120.908459,-120.913935013084,-120.895575,-120.855674,-120.68937,-120.652516760194,-120.634968,-120.591166,-120.505863,-120.488546820704,-120.358135,-120.364955,-120.496059,-120.525059,-120.540256,-120.45225,-120.503733,-120.729792,-120.723569,-120.889357,-121.02408,-121.01569,NaN,,,,,,,,,,,,,,,,,,,,,,,,,,,,,,,,45.307148,45.310345,45.401146,45.514978,45.558241,45.6480658664235,45.642945,45.671545,45.715847,45.7361697306749,45.745847,45.746547,45.700048,45.6999122274785,45.534239,45.49725,45.465149,45.405249,45.217049,45.14545,45.083477,45.083731,45.130911,45.202305,45.218726,45.307148,NaN,,,,,,,,,,,,,,,,,,,,,,,,,,,,,,,,1438
-119.432138558816,-119.364396,-119.25715,-119.12612,-119.061462,-118.987227539565,-118.987129,-118.67787,-118.606789154189,-118.36779,-117.996970429603,-117.977657306532,-117.977601,-117.97298,-117.972948,-118.045003,-118.066383,-118.117194,-118.116461,-118.197955,-118.197876,-118.428539,-118.428329,-118.697766,-118.656102,-118.655992,-118.546632,-118.518687,-118.518689,-119.162966,-119.146424,-119.145144,-119.248214,-119.248547,-119.43464,-119.432138558816,NaN,,,,,,,,,,,,,,,,,,,,,,45.9132091442339,45.921605,45.939926,45.932859,45.958527,45.9998002135237,45.999855,46.000935,46.0008632497912,46.000622,46.0001906671726,46.000168202382,45.876889,45.860595,45.816896,45.817073,45.688395,45.688607,45.470732,45.4704,45.427204,45.429076,45.35519,45.345647,45.257729,45.196928,45.196898,45.08069,44.995877,44.996241,45.08294,45.515909,45.516076,45.601935,45.603056,45.9132091442339,NaN,,,,,,,,,,,,,,,,,,,,,,1439
-121.804426,-121.65871,-121.652638,-121.731438,-121.681525,-121.696479,-121.481888,-121.482168,-121.440695827861,-121.423592,-121.33777,-121.215779,-121.183841,-121.1222,-121.084933,-120.943977,-120.913935013084,-120.908459,-120.826385,-120.868569,-120.956471,-121.01569,-121.02408,-120.889357,-120.723569,-120.729792,-120.503733,-120.49516,-120.455204,-120.371441,-121.08948,-121.725068,-121.752994,-121.734223,-121.804426,NaN,,,,,,,,,,,,,,,,,,,,,,,45.012877,45.066355,45.101992,45.170633,45.248818,45.25792,45.258128,45.519604,45.6990737947724,45.69399,45.704949,45.671238,45.606441,45.616067,45.647893,45.656445,45.6480658664235,45.558241,45.514978,45.401146,45.310345,45.307148,45.218726,45.202305,45.130911,45.083731,45.083477,45.068279,44.865607,44.821769,44.823272,44.825519,44.829919,44.88572,45.012877,NaN,,,,,,,,,,,,,,,,,,,,,,,1440
-98.325242,-97.967279,-97.965012,-98.114758,-98.320595,-98.325242,NaN,,,,,,,,,,,,,,,,,,,,,,,,,,,,,,,,,,,,,,,,,,,,,,,,,,,,43.851058,43.850686,43.49904,43.498297,43.498651,43.851058,NaN,,,,,,,,,,,,,,,,,,,,,,,,,,,,,,,,,,,,,,,,,,,,,,,,,,,,1441
-99.7180710428822,-99.61116,-99.490254,-99.34496,-99.092868,-99.0057543501525,-99.005642,-98.7243744138881,-98.725002,-99.707705,-99.717466,-99.7180710428822,NaN,,,,,,,,,,,,,,,,,,,,,,,,,,,,,,,,,,,,,,,,,,,,,,45.9409070034964,45.941098,45.940362,45.940299,45.940184,45.9399443091284,45.939944,45.9386747332615,45.591252,45.593391,45.593428,45.9409070034964,NaN,,,,,,,,,,,,,,,,,,,,,,,,,,,,,,,,,,,,,,,,,,,,,,1442
-100.430079,-99.717466,-99.707705,-99.708987,-100.260223,-100.307384,-100.274176,-100.341924,-100.486561,-100.430079,NaN,,,,,,,,,,,,,,,,,,,,,,,,,,,,,,,,,,,,,,,,,,,,,,,,45.594823,45.593428,45.593391,45.245866,45.24681,45.291909,45.381845,45.472904,45.536521,45.594823,NaN,,,,,,,,,,,,,,,,,,,,,,,,,,,,,,,,,,,,,,,,,,,,,,,,1443
-119.368662,-118.982652,-118.979777,-117.96093,-117.959335,-118.015567,-118.210243,-118.358881,-119.369429,-119.368662,NaN,,,,,,,,,,,,,,,,,,,,,,,,,,,,,,,,,,,,,,,,,,,,,,,,46.912562,46.911344,47.261709,47.260568,46.914811,46.784873,46.738833,46.736623,46.737695,46.912562,NaN,,,,,,,,,,,,,,,,,,,,,,,,,,,,,,,,,,,,,,,,,,,,,,,,1461
-119.874042,-119.618479,-119.511388,-119.45319,-119.403042,-119.27032,-119.264392,-119.041498,-118.974664,-118.941323,-118.987227539565,-119.061462,-119.12612,-119.25715,-119.364396,-119.432138558816,-119.487829,-119.571584,-119.600549,-119.669877,-119.802655,-119.868153889391,-119.865829,-119.874042,NaN,,,,,,,,,,,,,,,,,,,,,,,,,,,,,,,,,,46.628283,46.647583,46.727687,46.679243,46.613043,46.521311,46.272595,46.192667,46.139523,46.027528,45.9998002135237,45.958527,45.932859,45.939926,45.921605,45.9132091442339,45.906307,45.925456,45.919581,45.856867,45.84753,45.8382266026357,46.040858,46.628283,NaN,,,,,,,,,,,,,,,,,,,,,,,,,,,,,,,,,,1463
-118.228635,-118.21566,-118.165292,-117.881857,-117.85185,-117.863347,-117.737303,-117.674946,-117.611903,-117.603425834504,-117.717852,-117.977657306532,-117.996970429603,-117.991481,-118.116624,-118.116117,-118.241872,-118.228635,NaN,,,,,,,,,,,,,,,,,,,,,,,,,,,,,,,,,,,,,,,,46.593362,46.588924,46.555135,46.592193,46.62467,46.470667,46.471454,46.337651,46.338478,45.9987601734427,45.999866,46.000168202382,46.0001906671726,46.207702,46.20805,46.295455,46.295064,46.593362,NaN,,,,,,,,,,,,,,,,,,,,,,,,,,,,,,,,,,,,,,,,1464
-120.002065,-120.007074,-120.004704,-119.918915,-119.87576,-119.533123,-119.532889,-119.405196,-119.320304,-119.298649,-119.21241,-119.212225,-119.125904,-119.103873,-118.982234,-118.973504,-118.979777,-118.982652,-119.368662,-119.369429,-119.369165,-119.45319,-119.511388,-119.618479,-119.874042,-119.904046,-119.973036,-119.927436,-119.966129,-120.042866,-120.002065,NaN,,,,,,,,,,,,,,,,,,,,,,,,,,,47.126153,47.220133,47.319994,47.364475,47.437492,47.441207,47.527756,47.612636,47.626797,47.728328,47.800695,47.887708,47.917301,47.961763,47.962025,47.943414,47.261709,46.911344,46.912562,46.737695,46.678179,46.679243,46.727687,46.647583,46.628283,46.638101,46.737126,46.798445,46.943757,47.073453,47.126153,NaN,,,,,,,,,,,,,,,,,,,,,,,,,,,1467
-118.973504,-118.945143,-118.85196,-118.711682,-118.688394,-118.570396,-118.54409,-118.369064,-118.340938,-118.246103,-118.078182,-117.881473,-117.820947,-117.823629,-117.96093,-118.979777,-118.973504,NaN,,,,,,,,,,,,,,,,,,,,,,,,,,,,,,,,,,,,,,,,,47.943414,47.942281,47.957906,47.903347,47.942718,47.932318,47.883973,47.832685,47.894316,47.943604,47.800062,47.84749,47.825775,47.26022,47.260568,47.261709,47.943414,NaN,,,,,,,,,,,,,,,,,,,,,,,,,,,,,,,,,,,,,,,,,1469
-117.820947,-117.697774,-117.535262,-117.535262,-117.436993,-117.041214453461,-117.041306446459,-117.041634,-117.040490375568,-117.040159751863,-117.823629,-117.820947,NaN,,,,,,,,,,,,,,,,,,,,,,,,,,,,,,,,,,,,,,,,,,,,,,47.825775,47.856278,47.794458,48.047779,48.047207,48.0454651038028,47.9774559200268,47.7353,47.366028886698,47.259272,47.26022,47.825775,NaN,,,,,,,,,,,,,,,,,,,,,,,,,,,,,,,,,,,,,,,,,,,,,,1470
-119.023417,-118.860733,-118.766898,-118.746199,-118.633826,-118.615592,-118.471646,-118.228635,-118.241872,-118.116117,-118.116624,-117.991481,-117.996970429603,-118.36779,-118.606789154189,-118.67787,-118.987129,-118.987227539565,-118.941323,-118.974664,-119.041498,-119.023417,NaN,,,,,,,,,,,,,,,,,,,,,,,,,,,,,,,,,,,,46.216656,46.252455,46.297916,46.359512,46.414022,46.504543,46.597262,46.593362,46.295064,46.295455,46.20805,46.207702,46.0001906671726,46.000622,46.0008632497912,46.000935,45.999855,45.9998002135237,46.027528,46.139523,46.192667,46.216656,NaN,,,,,,,,,,,,,,,,,,,,,,,,,,,,,,,,,,,,1471
-118.249122,-118.210243,-118.015567,-117.959335,-117.96093,-117.823629,-117.040159751863,-117.039836,-117.039833386028,-117.039777655562,-117.039771,-117.036645748421,-117.208628,-117.22812,-117.254262,-117.382742,-117.464769,-117.597792,-117.740868,-117.85185,-117.881857,-118.165292,-118.21566,-118.249122,NaN,,,,,,,,,,,,,,,,,,,,,,,,,,,,,,,,,,46.734138,46.738833,46.784873,46.914811,47.260568,47.26022,47.259272,47.154734,47.1272689922541,46.5417089920381,46.471779,46.4261004826554,46.423707,46.462245,46.545082,46.614684,46.699626,46.672543,46.694583,46.62467,46.592193,46.555135,46.588924,46.734138,NaN,,,,,,,,,,,,,,,,,,,,,,,,,,,,,,,,,,1472
-121.456447,-121.379961,-121.379682,-121.280716,-121.090054,-121.02662,-120.634562,-120.633981,-120.508605,-120.51,-119.973036,-119.904046,-119.874042,-119.865829,-120.801295,-121.522321,-121.522324,-121.393734,-121.451256,-121.353562,-121.455218,-121.52307,-121.456447,NaN,,,,,,,,,,,,,,,,,,,,,,,,,,,,,,,,,,,46.923577,47.087248,47.087495,47.088731,46.991007,46.911308,46.91213,46.825776,46.824862,46.737946,46.737126,46.638101,46.628283,46.040858,46.041014,46.044006,46.388224,46.390204,46.533894,46.711506,46.783797,46.872783,46.923577,NaN,,,,,,,,,,,,,,,,,,,,,,,,,,,,,,,,,,,1473
