PRCP1,PRCP2,PRCP3,PRCP4,PRCP5,PRCP6,PRCP7
81.5455474853516,136.449111938477,167.224212646484,122.737777709961,102.536666870117,96.9411163330078,47.6306686401367
85.4248199462891,146.427642822266,244.811614990234,101.935173034668,77.7779083251953,124.057945251465,44.6521492004395
106.870956420898,135.554122924805,320.522033691406,87.277458190918,77.6349258422852,108.198097229004,33.9033317565918
105.980422973633,188.700149536133,247.287887573242,89.6045608520508,121.064994812012,100.761833190918,17.5535793304443
87.2037963867188,146.10693359375,202.758041381836,111.580047607422,86.0373764038086,84.7825775146484,59.1110076904297
95.8977813720703,159.131118774414,315.387084960938,114.457092285156,83.8898620605469,86.4719543457031,39.1880569458008
96.7111129760742,114.933334350586,218.322219848633,100.488891601563,69.4222259521484,83.5666656494141,27.9777774810791
71.1013488769531,151.606796264648,290.946075439453,209.8759765625,63.4718399047852,147.738296508789,41.8822479248047
106.68236541748,138.609313964844,216.446258544922,123.473197937012,97.2426452636719,85.0901412963867,59.2108306884766
58.6669464111328,136.655151367188,211.463195800781,144.336395263672,71.9162445068359,71.2013854980469,56.9243049621582
77.6520080566406,158.685531616211,257.071838378906,116.048675537109,72.8036727905273,109.576606750488,64.3404846191406
113.286888122559,182.372894287109,234.136444091797,105.305770874023,155.802444458008,79.7917785644531,21.8773307800293
111.511108398438,161.233337402344,292.433349609375,85.6722259521484,101.477783203125,115.144439697266,28.6833343505859
102.747772216797,188.563888549805,295.488891601563,121.194442749023,104.642227172852,53.3783340454102,25.685001373291
63.6384468078613,158.857620239258,245.921279907227,204.777389526367,53.4063377380371,58.2842407226563,38.9004020690918
65.2325592041016,161.039825439453,232.351623535156,88.7059020996094,98.5824737548828,102.280769348145,56.3511085510254
49.6100006103516,126.720001220703,256.309997558594,246.270004272461,59.9599990844727,40.7299995422363,43.7400016784668
99.7477722167969,212.984436035156,293.607788085938,120.738334655762,90.0733337402344,62.7672233581543,16.468334197998
126.858627319336,134.877639770508,294.648651123047,79.553825378418,69.8925933837891,111.598892211914,29.4396286010742
168.437225341797,91.5327758789063,193.390563964844,156.496109008789,65.2761077880859,66.1055526733398,42.6111106872559
97.9457778930664,178.209991455078,269.955993652344,126.908218383789,115.453567504883,63.4122200012207,22.5757789611816
45.2599296569824,174.133529663086,225.553848266602,66.6897888183594,93.9274215698242,118.879341125488,63.2158508300781
70.5528717041016,157.360549926758,334.986877441406,170.691299438477,53.5727729797363,94.1668472290039,49.1706428527832
93.965934753418,195.531845092773,270.025268554688,100.752403259277,76.350830078125,115.125549316406,17.8990726470947
158.691268920898,95.9898376464844,217.753677368164,121.739921569824,58.1056022644043,78.3955917358398,45.8589820861816
63.2948837280273,153.705108642578,201.136444091797,74.2937774658203,108.177780151367,96.5375595092773,59.6177749633789
86.0046157836914,128.038177490234,351.518951416016,227.866455078125,86.7139663696289,65.3912048339844,47.9536590576172
82.5018463134766,140.608673095703,307.370178222656,181.2587890625,94.2148895263672,60.8355712890625,48.1380004882813
113.370758056641,130.824615478516,271.64306640625,187.287811279297,103.903541564941,66.5059585571289,44.4752044677734
126.864837646484,69.7426834106445,213.586776733398,185.869720458984,74.4265060424805,70.7433166503906,117.355087280273
238.661102294922,93.0166625976563,262.561096191406,132.46110534668,66.7444458007813,38.5888900756836,114.033332824707
55.1896476745605,127.80876159668,137.040588378906,212.895751953125,113.112228393555,83.2223052978516,37.2399749755859
117.069999694824,85.2144470214844,228.957229614258,124.822784423828,72.4005584716797,46.0805549621582,94.0933380126953
83.2547225952148,117.515838623047,313.848907470703,97.1800079345703,80.6091613769531,64.5419464111328,48.8638877868652
192.010543823242,96.7950057983398,230.723876953125,144.750564575195,71.0627822875977,63.5986976623535,67.6501846313477
132.722229003906,108.768615722656,265.240844726563,154.419998168945,50.1425018310547,65.7161102294922,39.8911094665527
126.227828979492,88.1702346801758,227.141754150391,172.027557373047,50.7484436035156,72.7615280151367,84.8428421020508
129.385482788086,109.113403320313,248.531234741211,116.712600708008,65.2641830444336,56.4227714538574,82.1824722290039
89.5348739624023,128.909439086914,318.062561035156,204.365905761719,75.5760192871094,57.2828636169434,45.9877052307129
54.9996299743652,119.634437561035,177.0537109375,165.853332519531,105.512962341309,108.538513183594,39.2048149108887
62.7311096191406,163.756225585938,188.717559814453,134.282211303711,95.1602172851563,101.83088684082,40.6486663818359
57.5142211914063,148.417327880859,236.230224609375,167.643783569336,84.9891128540039,84.513557434082,42.0668907165527
58.9722213745117,151.261108398438,213.216674804688,127.71110534668,102.733337402344,99.0944442749023,41.1666641235352
100.888137817383,135.503021240234,265.995941162109,142.471405029297,72.3809051513672,57.8841438293457,61.2698287963867
115.933418273926,91.7131042480469,215.827529907227,171.280334472656,68.7510070800781,52.8652992248535,106.10181427002
119.523475646973,75.0349197387695,219.824356079102,216.864013671875,54.8897132873535,55.5883598327637,100.569847106934
77.6306610107422,94.1179962158203,301.451110839844,109.696449279785,54.1993293762207,67.6011123657227,42.5999984741211
183.28889465332,93.8333358764648,215.844451904297,164.688888549805,86.3777770996094,37.1777763366699,96.8888854980469
126.969688415527,132.639404296875,236.199798583984,109.697166442871,79.3517227172852,45.4351501464844,76.3701019287109
87.1940078735352,136.410140991211,298.631896972656,144.111846923828,77.2073287963867,85.658203125,43.1852684020996
80.5686111450195,102.974166870117,269.579711914063,145.121658325195,60.6158294677734,79.3419494628906,39.3891677856445
98.7277755737305,286.388885498047,76.7611083984375,275.538879394531,56.9000015258789,58.4055557250977,28.8666667938232
99.9555587768555,208.622222900391,80.0555572509766,136.155548095703,36.8222236633301,53.6222229003906,29.8888893127441
79.2133865356445,219.9267578125,88.2323226928711,108.900253295898,114.438636779785,51.3911628723145,31.4199485778809
95.7813491821289,296.505035400391,63.1158332824707,210.777633666992,63.6139678955078,56.1095695495605,32.248966217041
254.840911865234,77.9204559326172,189.704544067383,251.227279663086,82.238639831543,91.1931838989258,109.022727966309
236.580001831055,158.204040527344,49.0858573913574,189.181655883789,47.2353515625,64.7865295410156,126.8232421875
218.025939941406,186.625930786133,51.3370361328125,196.075927734375,82.8111190795898,26.9722213745117,102.81111907959
211.820602416992,198.547912597656,59.9908828735352,206.568786621094,82.396110534668,31.8456058502197,114.862373352051
210.8564453125,116.589279174805,92.7708282470703,186.390274047852,39.4604797363281,73.3622436523438,126.253158569336
279.266662597656,43.6444435119629,178.71110534668,258.333343505859,72.8777770996094,65.0555572509766,112.844444274902
196.36100769043,97.9165649414063,89.3731307983398,191.819183349609,50.9395980834961,76.3042373657227,129.577178955078
253.246459960938,165.159393310547,74.1838455200195,201.064239501953,39.1208076477051,98.4967651367188,125.466468811035
236.278900146484,125.783332824707,85.4250030517578,274.190002441406,57.6511116027832,43.4338912963867,119.620559692383
196.334548950195,93.8919448852539,184.700042724609,184.45671081543,116.164306640625,48.0559577941895,92.3742599487305
218.562622070313,87.0116119384766,95.1944427490234,185.814636230469,60.4373741149902,98.4181823730469,120.222732543945
75.7324447631836,89.3166656494141,110.394882202148,63.287109375,103.074668884277,92.8737716674805,66.7486724853516
66,120.309997558594,213.300003051758,120.23999786377,54.3600006103516,56.9000015258789,48.6500015258789
62.6509666442871,70.4380645751953,99.4852523803711,71.0583801269531,130.768814086914,93.281608581543,79.8277969360352
84.1800003051758,97.6600036621094,126.059997558594,55.5400009155273,101.559997558594,134.419998168945,75.7600021362305
60.1771392822266,122.745658874512,228.114791870117,103.215126037598,54.3380012512207,59.6290855407715,51.9912071228027
62.5595932006836,132.618438720703,236.402572631836,80.1549224853516,71.5501556396484,81.2776489257813,52.6834373474121
61.7799987792969,86.3499984741211,120.139999389648,49.9300003051758,123.230003356934,111.129997253418,63.1699981689453
49.4570121765137,84.9660263061523,99.4765396118164,61.0876617431641,121.727416992188,78.0368576049805,86.6058883666992
61.7658615112305,78.1500549316406,115.788345336914,59.6856498718262,146.407989501953,104.342628479004,71.5427474975586
17.5589447021484,158.082000732422,47.9357528686523,102.883865356445,102.208137512207,20.4675559997559,30.7136840820313
19.6130065917969,138.78857421875,117.194381713867,100.207695007324,122.938064575195,74.0143356323242,31.7739868164063
24.7708339691162,121.208335876465,98.8645858764648,132.33332824707,114.385414123535,46.6770820617676,77.1875
28.5024929046631,175.239440917969,116.965026855469,77.6663131713867,64.5987167358398,82.4009475708008,47.2750549316406
32.509449005127,161.961090087891,95.6459197998047,101.316780090332,144.0361328125,32.0582389831543,57.2031517028809
28.0840091705322,139.15803527832,94.4043579101563,92.65234375,94.1417770385742,58.0960578918457,54.3630332946777
29.7498931884766,172.905151367188,71.6433944702148,95.3804092407227,114.095336914063,43.050651550293,44.3058013916016
20.686897277832,187.7177734375,94.6108627319336,77.401496887207,64.9556427001953,41.1358489990234,33.321704864502
107.415466308594,257.573577880859,189.476043701172,145.575744628906,215.1923828125,88.4153060913086,37.2778701782227
165.654144287109,189.202880859375,72.5718536376953,211.654846191406,70.7947082519531,31.4883804321289,71.1237258911133
80.1481475830078,185.135803222656,286.765441894531,192.135803222656,76.5555572509766,27.3333339691162,48.7530860900879
96.0724945068359,193.727508544922,265.078338623047,104.780143737793,83.8854217529297,42.3629150390625,44.1040267944336
111.690002441406,119.23999786377,242.820007324219,144.449996948242,155.399993896484,76.7300033569336,32.7599983215332
80.6105270385742,72.3571624755859,170.029739379883,51.0650901794434,66.3941040039063,56.8864860534668,35.7065467834473
66.8181838989258,220.761367797852,41.3295440673828,38.8977279663086,68.6590881347656,14.6136360168457,50.5909080505371
70.3861465454102,129.365936279297,229.50634765625,108.627670288086,50.5255813598633,61.0751724243164,33.9027061462402
70.0563354492188,123.590293884277,124.709434509277,72.183219909668,65.8843002319336,36.8374366760254,30.7323455810547
76.1010131835938,134.636367797852,146.080810546875,98.6565628051758,115.909088134766,36.6464653015137,40.6767692565918
79.9457855224609,196.365341186523,251.092025756836,122.481788635254,52.5272178649902,81.2880554199219,18.8423442840576
81.3570098876953,201.775085449219,297.396270751953,92.9419631958008,47.2054061889648,53.5798454284668,19.5986461639404
79.0432434082031,210.627349853516,239.670059204102,133.992004394531,43.2188262939453,109.082649230957,18.7543621063232
90.7949981689453,101.440216064453,176.149337768555,67.8237228393555,69.4065170288086,42.6200294494629,31.8531246185303
74.488639831543,162.511367797852,78.4659118652344,72.25,69.9431838989258,20.8409099578857,63.9772720336914
79.6404800415039,217.809814453125,194.744155883789,178.569778442383,54.750862121582,107.620277404785,16.4839820861816
73.8479766845703,210.884613037109,249.718811035156,162.111236572266,31.2542953491211,69.7542953491211,17.0946960449219
70.3376312255859,257.208099365234,316.163726806641,64.2745208740234,66.2672271728516,57.9016532897949,19.3953742980957
136.420455932617,99.8522720336914,185.306823730469,118.386360168457,104.784088134766,159.227279663086,130.863632202148
16.5507011413574,170.105682373047,86.9076461791992,48.3569641113281,40.2323112487793,13.5802965164185,25.429573059082
14.8648157119751,81.1494598388672,100.969161987305,71.1506118774414,51.0278091430664,92.3759841918945,33.3909606933594
21.9713554382324,188.273345947266,103.09447479248,88.8173904418945,55.1789436340332,20.7348899841309,33.5488624572754
16.4027462005615,160.656066894531,112.215507507324,44.6586570739746,49.8075180053711,15.5598611831665,30.1044082641602
22.3909015655518,139.072036743164,91.8758239746094,135.542343139648,40.7855110168457,25.7613964080811,29.6485824584961
22.1629371643066,137.229797363281,110.864227294922,100.985748291016,50.5955696105957,109.395988464355,33.6894111633301
13.4332094192505,175.479141235352,99.6185989379883,43.269344329834,47.7701683044434,20.7890453338623,36.0126533508301
21.491024017334,145.859146118164,94.8284759521484,89.8335418701172,41.5973739624023,14.5580520629883,28.3446998596191
22.5790061950684,136.886856079102,93.9183044433594,130.607131958008,45.8757972717285,73.5165557861328,32.5593719482422
22.5633563995361,88.7451858520508,118.259712219238,73.6356964111328,48.0627937316895,51.5503883361816,45.4673538208008
88.6770553588867,142.407653808594,318.449645996094,159.978927612305,77.4606094360352,45.3466110229492,61.4076461791992
98.2559051513672,135.828628540039,319.912200927734,178.175277709961,83.3717498779297,42.091178894043,65.0231552124023
130.99755859375,79.3718643188477,211.993927001953,133.968841552734,69.5984115600586,44.0099563598633,85.8060531616211
146.099746704102,72.8093414306641,282.518188476563,166.136871337891,64.8492431640625,52.2588386535645,84.4333343505859
102.030113220215,100.54940032959,188.625061035156,94.0443115234375,86.2765960693359,49.9444351196289,75.1433486938477
109.332122802734,96.6690902709961,212.448516845703,182.795852661133,75.3007583618164,36.0458641052246,80.0349273681641
64.8935928344727,146.054336547852,245.885330200195,115.409942626953,79.6160354614258,34.8610000610352,52.3089904785156
105.566665649414,112.444442749023,205.33332824707,132.477783203125,57.5111122131348,63.2111129760742,79.2444458007813
129.132446289063,42.9661598205566,238.081558227539,130.750122070313,75.9479751586914,63.0885124206543,82.9500045776367
62.6337776184082,125.022521972656,223.581451416016,133.605926513672,59.6557121276855,51.6111068725586,51.9323120117188
149.839630126953,64.0760116577148,279.117919921875,178.758331298828,73.4267654418945,44.8406562805176,89.194694519043
81.8164978027344,112.376098632813,228.026519775391,127.785888671875,69.612434387207,48.2340431213379,59.1707763671875
97.4349746704102,105.666320800781,261.200164794922,132.465713500977,63.6475715637207,46.3393669128418,72.2679748535156
72.6411209106445,141.377471923828,236.266159057617,133.499893188477,73.5909194946289,43.7718467712402,51.8628768920898
154.013732910156,46.1014175415039,229.831939697266,168.625457763672,119.164245605469,48.6224250793457,91.6460647583008
96.0388870239258,105.661117553711,177.177780151367,121.444442749023,104.883331298828,85.9055557250977,85.8111114501953
109.204551696777,112.162689208984,243.2451171875,149.213165283203,81.1486129760742,35.4553871154785,80.5202331542969
123.370330810547,66.6110458374023,268.801696777344,144.632400512695,77.9015197753906,57.2195701599121,78.6617431640625
115.335083007813,114.203399658203,206.685409545898,111.031959533691,65.0780563354492,55.2262573242188,78.4926528930664
88.7716522216797,154.882202148438,323.474334716797,226.024185180664,81.0291748046875,47.7081031799316,49.8959007263184
120.11742401123,94.4239959716797,205.171463012695,145.543426513672,71.9719696044922,49.8762626647949,95.0828247070313
75.8069763183594,150.001953125,305.372772216797,161.529357910156,90.6659164428711,46.1460914611816,52.2548294067383
122.342430114746,51.853443145752,188.112747192383,115.064727783203,71.8474731445313,65.9428787231445,66.0185470581055
142.195465087891,86.080810546875,224.091918945313,108.870712280273,83.7393951416016,30.8141422271729,97.6459579467773
94.1068115234375,140.275161743164,287.346557617188,170.556335449219,84.6791152954102,39.5183868408203,55.9162178039551
86.5078430175781,111.185707092285,229.400527954102,145.710021972656,102.834335327148,97.8342437744141,70.6319732666016
86.8902130126953,98.4633407592773,189.740142822266,137.101623535156,104.981033325195,70.1664733886719,73.2810516357422
107.72900390625,110.795608520508,275.915008544922,175.123321533203,82.1745300292969,45.011287689209,80.0678100585938
113.694541931152,96.7626190185547,198.352508544922,112.900405883789,67.8423233032227,61.9145431518555,78.1812210083008
85.6742248535156,155.676208496094,354.171630859375,236.368545532227,81.9413070678711,48.4548225402832,51.7687721252441
96.1818161010742,124.515151977539,182.33332824707,90.6262588500977,35.2222213745117,106.616165161133,79.7070693969727
61.8583869934082,135.269744873047,222.47900390625,119.399368286133,70.9062042236328,53.1730880737305,50.8876571655273
73.8786087036133,144.703506469727,218.439453125,131.452789306641,83.047477722168,72.5377807617188,54.4304809570313
134.970001220703,279.779998779297,53.9700012207031,118.819999694824,68.3000030517578,69.4100036621094,18.5499992370605
96.3666687011719,300.122222900391,52.6111106872559,218.100006103516,61.6222229003906,82.7777786254883,33.8666648864746
17.5487880706787,128.503860473633,86.0519714355469,153.589279174805,93.7042617797852,84.4885635375977,32.4388656616211
32.6632957458496,120.407127380371,94.3667373657227,105.58869934082,203.789855957031,20.6973419189453,38.6421241760254
14.0304718017578,173.881576538086,73.5736999511719,91.4734878540039,99.8976287841797,20.4566078186035,24.2010517120361
19.873233795166,109.121215820313,106.10913848877,124.6552734375,155.859375,27.2647953033447,44.5832977294922
38.7773208618164,125.485374450684,97.6275329589844,110.657829284668,120.455322265625,96.8774261474609,44.0541305541992
12.4064149856567,100.516914367676,85.0649642944336,107.734313964844,162.383544921875,47.0859489440918,47.0290908813477
29.1153812408447,87.2867202758789,95.0021896362305,119.222732543945,144.196472167969,82.6551284790039,38.8454437255859
131.050094604492,186.104843139648,91.1145477294922,113.490921020508,95.85595703125,48.615348815918,79.6501007080078
150.466003417969,193.306854248047,95.234748840332,122.149848937988,87.8233108520508,54.7766799926758,92.387077331543
132.395370483398,194.807815551758,81.223518371582,107.880088806152,109.180953979492,45.1079368591309,71.3532485961914
162.393936157227,149.717178344727,94.6666641235352,102.888885498047,210.929290771484,40.7474746704102,82.0202026367188
173.16667175293,95.2814865112305,82.0259246826172,151.059265136719,24.6037044525146,80.6259231567383,120.140739440918
202.181411743164,185.28076171875,68.1167678833008,140.639587402344,81.4841690063477,51.9039421081543,108.896179199219
57.1090888977051,131.145080566406,22.0700759887695,111.671974182129,82.1246185302734,41.5162887573242,130.833724975586
59.4234390258789,299.417175292969,71.2325286865234,100.619186401367,4.06161594390869,22.5610103607178,111.673133850098
68.9536590576172,154.863128662109,26.1563129425049,145.087127685547,109.732452392578,35.5527801513672,155.132080078125
135.825256347656,123.623023986816,91.5349502563477,123.103637695313,107.548683166504,134.445861816406,53.6064643859863
128.3310546875,111.795959472656,97.7047958374023,128.264144897461,111.665657043457,146.410354614258,52.6053009033203
115.784851074219,107.131652832031,93.2148208618164,122.236694335938,112.571380615234,140.120208740234,46.6784515380859
90.486946105957,127.560272216797,94.5538940429688,66.1599960327148,103.301116943359,117.08610534668,45.2013854980469
70.8454513549805,96.6909103393555,100.636360168457,37.8090896606445,98.4636383056641,126.636360168457,72.4272689819336
57.1778450012207,106.026222229004,100.557273864746,70.0714797973633,122.971214294434,120.810844421387,75.823974609375
76.2522277832031,94.1849975585938,99.9855575561523,46.2666664123535,105.23388671875,117.228332519531,58.7622222900391
143.519485473633,61.8441543579102,198.220779418945,139.571426391602,130.350646972656,142.220779418945,100.714286804199
73.0833282470703,244.966674804688,74.6833343505859,126.838882446289,43.2333335876465,17.4111099243164,139.233337402344
146.294448852539,333.344451904297,51.7444458007813,133.883331298828,65.3333282470703,77.2777709960938,25.5555553436279
43.8592567443848,206.492599487305,58.7407417297363,155,60.7296295166016,50.0333290100098,167.077774047852
54.0822219848633,89.96533203125,120.660446166992,75.2795562744141,87.7275543212891,73.2644424438477,67.1866607666016
28.4298419952393,128.038726806641,81.6029739379883,121.65892791748,97.3528594970703,98.3521728515625,47.7814407348633
83.9499969482422,122.327270507813,97.3681793212891,41.9772720336914,106.404541015625,176.218185424805,77.2363586425781
120.809089660645,106.445457458496,81.4454574584961,61.5909080505371,121.427268981934,90.6181793212891,56.5545463562012
110.566665649414,236.283340454102,56.9722213745117,103.27222442627,38.0777778625488,20.466667175293,36.9833335876465
127.838890075684,86.8882217407227,236.844680786133,69.9093399047852,71.0406646728516,100.597991943359,28.2651100158691
91.8088912963867,116.14722442627,282.374969482422,80.5779571533203,70.2753677368164,70.6011123657227,40.0720405578613
130.404144287109,77.8608703613281,213.691604614258,260.955505371094,68.1677398681641,38.6318969726563,117.432693481445
100.09619140625,127.598098754883,277.33251953125,139.083480834961,71.4065093994141,70.2463531494141,39.2276229858398
137.214385986328,101.923782348633,267.683746337891,230.6376953125,55.203441619873,55.6211051940918,42.0210494995117
89.1306610107422,128.672424316406,355.678161621094,210.64421081543,83.62109375,73.7413864135742,43.1659774780273
59.1385498046875,218.427932739258,144.70539855957,104.619529724121,114.727783203125,33.8986511230469,29.3321533203125
82.9393081665039,181.005584716797,179.899108886719,97.9933624267578,89.0779495239258,40.2910957336426,31.3064785003662
85.0888900756836,305.511108398438,117.972221374512,163.838897705078,119.949996948242,67.4833374023438,25.9722213745117
185.57112121582,136.784439086914,97.5222320556641,187.353332519531,69.5644454956055,28.5422248840332,120.435562133789
183.551834106445,147.944442749023,100.829627990723,216.400009155273,79.6777801513672,30.8481502532959,115.977783203125
68.4233322143555,80.836669921875,145.796676635742,52.6966667175293,118.5,154.636672973633,65.1600036621094
49.6269454956055,101.723052978516,111.741111755371,70.9205551147461,138.492767333984,78.1644439697266,55.5013885498047
18.1013565063477,121.332633972168,86.2875671386719,135.543273925781,73.5182647705078,44.8492126464844,40.8421516418457
14.4547233581543,110.031608581543,98.323112487793,120.306907653809,37.22900390625,20.4207286834717,44.5839233398438
11.6628942489624,111.30012512207,97.2086715698242,123.330123901367,27.1276760101318,22.8056125640869,46.6855010986328
20.9586582183838,174.935134887695,99.3772811889648,73.181282043457,54.2525787353516,43.0309104919434,37.4939155578613
152.995590209961,166.840911865234,70.1880950927734,127.996604919434,77.3506774902344,20.8363170623779,90.7206649780273
74.1225357055664,110.376518249512,163.881057739258,71.3643035888672,59.3178672790527,55.0252227783203,37.0999069213867
8.5106840133667,111.645812988281,67.2231674194336,117.445869445801,29.35791015625,45.653263092041,40.1062850952148
20.1099166870117,99.3255920410156,107.65453338623,71.74755859375,30.2567310333252,115.823356628418,34.7072372436523
8.13104152679443,207.873825073242,109.398460388184,56.9998741149902,69.9145355224609,19.8088779449463,33.8170585632324
19.5743846893311,148.703872680664,80.3325958251953,87.8970031738281,39.0359077453613,14.5323257446289,23.6784477233887
12.7202577590942,184.043746948242,106.13655090332,61.1035041809082,32.079833984375,12.0209722518921,20.4409770965576
11.9026966094971,91.677978515625,97.1528472900391,78.8392562866211,33.0071868896484,96.4004516601563,41.1589317321777
23.4230060577393,136.14631652832,101.088066101074,105.482421875,38.0697250366211,16.8704853057861,36.163501739502
107.688888549805,97.8777770996094,194.344451904297,102.577774047852,68.6444473266602,70.2777786254883,75.4444427490234
18.1206512451172,115.539924621582,92.2386093139648,111.886253356934,154.10302734375,11.9336681365967,37.3053016662598
12.6739187240601,134.475326538086,79.4860916137695,134.210144042969,93.0809555053711,9.2726354598999,34.0540199279785
15.6232128143311,151.376434326172,56.1073684692383,110.490768432617,50.6289367675781,21.9660339355469,35.8227729797363
81.8686904907227,131.101013183594,88.7272720336914,55.6969680786133,114.656562805176,127.303031921387,58
113.000709533691,81.2698974609375,217.844467163086,72.3488845825195,85.0329284667969,80.7846527099609,36.4969711303711
165.449630737305,114.278457641602,267.854522705078,109.916786193848,67.9409255981445,85.9500045776367,38.6841163635254
163.90087890625,123.250915527344,260.158447265625,82.5564041137695,58.9531478881836,104.921798706055,37.5226249694824
73.8334884643555,167.075012207031,386.674926757813,147.724670410156,49.2344589233398,72.9460525512695,48.7550621032715
156.636367797852,126.990905761719,117.972724914551,232.254547119141,44.6454544067383,34.8272743225098,43.1363639831543
170.85807800293,106.005867004395,255.535232543945,116.583183288574,72.5319061279297,100.365234375,46.6438064575195
110.660667419434,114.653991699219,242.628662109375,177.999328613281,41.4751091003418,80.7699966430664,43.1066665649414
35.4111099243164,250.977783203125,71.8666687011719,86.5111083984375,62.0666656494141,50.6111106872559,85.6666641235352
61.3222236633301,275.111114501953,196.966659545898,181.477783203125,45.3444442749023,76.7888870239258,37.9111099243164
52.977611541748,166.365310668945,113.560607910156,131.469024658203,104.545463562012,12.4319868087769,32.7181816101074
107.308074951172,194.192428588867,35.9277801513672,77.2042922973633,53.4835891723633,24.9742412567139,38.3962097167969
56.1111106872559,236.424240112305,105.989898681641,105.636360168457,93.8282852172852,58.1010093688965,17.1616153717041
38.5319862365723,151.37712097168,74.7205429077148,128.247482299805,124.930969238281,21.824914932251,33.4326591491699
40.2424240112305,250.808074951172,102.979797363281,100.373741149902,68.7878799438477,26.8686866760254,162.989898681641
223.969085693359,94.6985855102539,142.71272277832,255.900604248047,72.2794036865234,42.1248474121094,122.53010559082
32.2037010192871,167.151947021484,92.286376953125,90.6890029907227,123.28938293457,56.0028686523438,52.338321685791
29.586841583252,178.151092529297,102.636604309082,83.9136199951172,81.3324584960938,67.2844924926758,45.084789276123
19.94260597229,130.005554199219,122.674766540527,90.0721130371094,34.0621299743652,20.9566841125488,44.140796661377
11.4711532592773,117.244720458984,85.8047866821289,123.524108886719,48.5973815917969,23.1628398895264,43.7940940856934
39.3512229919434,150.355651855469,79.3796310424805,166.249160766602,89.1719284057617,72.2822036743164,89.4168701171875
82.3888854980469,175.888885498047,257.388885498047,172.611114501953,90.2444458007813,38.0777778625488,49.4000015258789
62.9111099243164,301.155548095703,220.311111450195,224.5,73.1111145019531,90.9111099243164,44.3222236633301
15.0641021728516,68.038459777832,24.8076915740967,140.846160888672,13.4615383148193,54.461540222168,39.6153831481934
17.3754234313965,28.6127395629883,33.6700248718262,105.95076751709,26.4323692321777,19.3357925415039,40.5432090759277
11.8461542129517,51.3012847900391,16.8846168518066,124.461532592773,9.35897445678711,51.4230766296387,39.0320510864258
15.1794872283936,24.8461532592773,18.5256404876709,36.4743576049805,7.03846168518066,39.7435913085938,36.0769233703613
7.32967042922974,56.527473449707,93.5494537353516,38.6703300476074,45.2527465820313,44.0219764709473,24.472526550293
75.7390518188477,104.783836364746,134.90705871582,71.0154876708984,112.235687255859,49.415828704834,33.9723892211914
132.067367553711,67.5873031616211,165.533950805664,150.913864135742,104.484764099121,148.17301940918,100.575477600098
19.7033596038818,78.7925720214844,121.272201538086,82.9433517456055,40.6325645446777,44.4787979125977,37.5925140380859
18.1327342987061,106.861625671387,143.84716796875,48.1061744689941,57.0948638916016,31.5042972564697,32.0353164672852
20.4803009033203,67.3847351074219,109.919723510742,67.3935699462891,54.6198844909668,72.7092208862305,39.3841285705566
140.611114501953,132.033325195313,186.45556640625,102.994445800781,75.3111114501953,68.7833404541016,82.1499938964844
6.11538457870483,33.2999992370605,0,0,2.50769233703613,2.6769232749939,15.4923076629639
3.38461518287659,9.13846111297607,0,0,1.30256414413452,0.148717954754829,15.6615381240845
11.6519947052002,57.1485748291016,1.89159536361694,0.00284900283440948,2.35170936584473,20.8652420043945,26.5260696411133
4.1076922416687,6.83846187591553,0.276923090219498,0,1.94615387916565,1.23846161365509,28.8461532592773
36.6476554870605,142.426971435547,102.137298583984,90.4097290039063,93.2014389038086,52.1183204650879,51.037841796875
8.28318881988525,208.810729980469,105.140571594238,73.8925628662109,84.5361175537109,18.490550994873,24.139612197876
9.4033031463623,186.207061767578,112.375,76.4069900512695,106.39835357666,25.6684551239014,21.0989055633545
4.88769245147705,31.9882049560547,0,0,0.54256409406662,9.65794944763184,14.7184619903564
4.61623954772949,45.5376091003418,0,0.0512820519506931,0.332478642463684,3.01709389686584,18.8692302703857
22.033332824707,15.396580696106,0.615384638309479,0,1.98974370956421,18.6427345275879,52.9247856140137
6.02312278747559,29.8092498779297,0,0,1.59371185302734,6.36378240585327,9.82109355926514
25.1172161102295,34.7120895385742,1.28058612346649,8.60622692108154,4.07252740859985,22.1793041229248,35.9831504821777
24.8773612976074,25.6750373840332,11.6204214096069,11.7188091278076,6.1208610534668,12.3710985183716,41.899299621582
14.9192323684692,34.9546127319336,0.687435925006866,0,3.7802562713623,20.1871795654297,35.9271774291992
21.273416519165,52.1858139038086,8.37609481811523,3.11091947555542,2.08071732521057,17.7722511291504,39.7628974914551
1.48000013828278,38.8492317199707,0,0,0.156923085451126,1.12923073768616,8.24307727813721
64.1693267822266,88.4968948364258,83.3188934326172,158.046890258789,116.166000366211,78.4440002441406,75.3091049194336
88.9212493896484,94.5291213989258,141.092086791992,153.075332641602,156.429840087891,102.432006835938,58.906867980957
141.682861328125,92.0506439208984,59.8968276977539,175.671112060547,207.175704956055,104.870468139648,61.6823806762695
117.432174682617,118.911598205566,28.9808540344238,151.338714599609,174.968887329102,159.433792114258,68.2869491577148
58.4431800842285,156.063522338867,110.79084777832,153.194442749023,162.117614746094,60.7398567199707,71.4426803588867
163.161926269531,94.3133392333984,53.0552825927734,204.2197265625,183.43359375,84.1122283935547,91.5704116821289
116.777778625488,144.088882446289,48.5222206115723,233.877777099609,250.933334350586,124.944442749023,60.6666679382324
73.6538238525391,94.2634811401367,111.538970947266,201.578338623047,227.01904296875,89.4733352661133,51.5290565490723
62.618896484375,162.001388549805,93.430419921875,147.360137939453,109.891937255859,61.2498588562012,87.7550048828125
67.2476348876953,101.91805267334,103.736114501953,184.476104736328,182.451675415039,52.8259735107422,57.1984710693359
61.3959083557129,133.667083740234,166.9462890625,143.387084960938,237.390655517578,65.73486328125,65.6882171630859
122.193771362305,114.625999450684,39.6762199401855,193.526214599609,170.5,152.913330078125,76.6584396362305
137.188888549805,112.638885498047,57.2333297729492,160.483337402344,197.361114501953,133.233337402344,67.7222213745117
93.663330078125,181.929443359375,45.6877784729004,152.980010986328,204.60888671875,187.907775878906,63.8238906860352
72.8052139282227,88.0180969238281,46.8637542724609,226.160552978516,129.226257324219,67.7856369018555,26.4942951202393
61.0223045349121,114.167007446289,114.167190551758,139.20735168457,190.905456542969,63.1343612670898,60.8410224914551
52.810001373291,104.769996643066,22.3199996948242,193.690002441406,107.190002441406,66.7099990844727,18.8299999237061
95.5438919067383,193,60.0922241210938,141.928329467773,210.435546875,171.206115722656,39.7383346557617
134.175689697266,100.22900390625,67.7138366699219,155.650009155273,197.684066772461,97.6695098876953,62.9166679382324
112.41389465332,179.248886108398,63.3511123657227,287.718872070313,179.917785644531,90.3511123657227,38.7222213745117
95.2113342285156,154.5419921875,38.613109588623,167.452438354492,182.042877197266,178.104446411133,60.157112121582
55.4542083740234,88.0002059936523,136.873428344727,123.15795135498,168.834945678711,84.7330780029297,69.8842163085938
49.2136077880859,117.005554199219,73.3643493652344,179.138137817383,216.745101928711,96.2060165405273,63.1739807128906
109.726104736328,138.346755981445,51.486572265625,128.50749206543,237.094467163086,159.062118530273,51.2502746582031
131.33447265625,163.903182983398,126.855461120605,253.505172729492,136.181671142578,114.703567504883,29.6678695678711
61.3793334960938,99.9982147216797,111.334007263184,152.5791015625,156.783538818359,75.9704437255859,72.092887878418
71.7199859619141,80.5674057006836,97.4270095825195,51.9384117126465,143.158004760742,99.1469345092773,79.5604705810547
78.9688186645508,88.0148086547852,113.312232971191,46.5261116027832,120.909118652344,116.878440856934,85.9864044189453
66.0982055664063,76.8895645141602,73.8114166259766,75.7743225097656,151.332702636719,128.021255493164,67.4299011230469
146.268783569336,92.1762542724609,135.048950195313,149.97802734375,205.430786132813,137.113555908203,73.0037307739258
149.200012207031,129.761108398438,69.6277770996094,234.194442749023,109.283332824707,64.3277740478516,17.2722206115723
88.4944458007813,75.8039932250977,112.04850769043,62.0476531982422,140.839569091797,90.8597259521484,132.076721191406
132.399993896484,74.4761123657227,162.814453125,99.9472198486328,155.188888549805,111.281112670898,64.0244445800781
112.382781982422,74.1413879394531,105.38249206543,115.637771606445,175.808334350586,98.2980499267578,74.6336135864258
146.248336791992,147.406112670898,63.4081535339355,214.790725708008,97.8292617797852,80.4527816772461,32.6385192871094
92.8138885498047,91.9808349609375,150.151107788086,101.855285644531,128.563613891602,114.953048706055,90.4905548095703
122.622406005859,93.3281936645508,131.254791259766,106.62085723877,187.181289672852,107.463218688965,63.301212310791
113.11890411377,81.478759765625,153.75260925293,91.6406021118164,155.726608276367,95.8544769287109,69.9889144897461
60.982234954834,73.9014511108398,82.5494689941406,62.4412002563477,163.67936706543,89.5882263183594,81.7502746582031
71.5244445800781,79.5529632568359,127.304077148438,60.0211067199707,149.740005493164,103.171112060547,95.3877792358398
94.7113342285156,102.435775756836,81.163330078125,121.409339904785,280.719787597656,93.1520004272461,104.034446716309
77.42578125,88.9213409423828,109.530883789063,92.4748916625977,163.294891357422,117.849998474121,86.623779296875
94.6833343505859,83.2333374023438,49.8055572509766,145.061111450195,246.866668701172,83.2888946533203,82.272216796875
78.6148223876953,77.4419250488281,96.0225067138672,80.3376312255859,187.76513671875,60.2695350646973,89.3513946533203
136.864852905273,74.8227767944336,149.222351074219,117.127212524414,180.294311523438,137.563262939453,66.561279296875
135.412857055664,80.6432418823242,113.124557495117,169.856369018555,189.563278198242,107.126724243164,64.6791229248047
98.6360015869141,98.577995300293,158.663986206055,68.3953399658203,154.328002929688,94.6353302001953,75.122444152832
151.755554199219,125.011108398438,77.4777755737305,223.888885498047,82.8333358764648,74.0666656494141,13.1888885498047
106.878379821777,69.4612121582031,98.4692916870117,84.0111083984375,162.100006103516,68.2436370849609,88.912727355957
88.9645309448242,62.5556755065918,116.056541442871,170.565292358398,182.67399597168,102.502784729004,46.31884765625
89.5074920654297,102.003883361816,165.513885498047,61.4663925170898,152.89111328125,111.438613891602,83.323616027832
139.994445800781,119.061111450195,45.0833358764648,126.97777557373,100.400001525879,155.433334350586,59.1833343505859
146.899993896484,124.088890075684,53.5999984741211,122.02222442627,178.622222900391,132.077774047852,27.1888885498047
117.917938232422,173.562622070313,72.5020217895508,174.817916870117,179.497482299805,152.133331298828,46.5540428161621
121.668960571289,170.239181518555,66.2294082641602,129.97639465332,164.842483520508,171.86100769043,73.3816146850586
88.4204559326172,156.590911865234,109.568183898926,121.181816101074,112.431816101074,54.2272720336914,32.1363639831543
84.3272705078125,193.459091186523,146.626937866211,414.724945068359,148.744277954102,49.3749198913574,22.5432643890381
102.864814758301,149.064804077148,71.9203720092773,136.242599487305,179.770370483398,38.8037071228027,14.5703706741333
107.841171264648,155.140762329102,78.1179809570313,158.465270996094,173.406280517578,31.48828125,13.3993682861328
79.8811874389648,219.966415405273,82.4197006225586,367.560089111328,154.592544555664,53.0135116577148,16.8486099243164
101.188888549805,141.21110534668,74.8666687011719,266.088897705078,110.466667175293,53.5222206115723,29.1666660308838
69.0331344604492,285.597351074219,101.095962524414,339.25048828125,145.851303100586,74.3555526733398,14.2812118530273
81.9468688964844,239.225860595703,140.563232421875,403.048675537109,138.967269897461,36.7791938781738,20.2167663574219
89.4855575561523,186.814453125,87.5899963378906,416.438903808594,160.065551757813,42.1805572509766,16.9394454956055
139.379409790039,153.618286132813,69.6555099487305,274.819091796875,103.477416992188,90.6537933349609,33.8629302978516
63.3707084655762,254.955047607422,89.3368682861328,342.866668701172,149.995452880859,50.9191932678223,14.8550510406494
79.2040023803711,82.9688873291016,20.9426670074463,99.2308883666992,147.453552246094,82.7806625366211,98.9708938598633
76.7600021362305,77.3499984741211,88.1100006103516,128.339996337891,131.970001220703,94.5899963378906,104.449996948242
60.6740531921387,43.8943061828613,63.5053596496582,75.8964080810547,149.558731079102,68.8122177124023,80.0825424194336
73.8399963378906,75.6999969482422,23.6700000762939,89.6900024414063,140.850006103516,86.9899978637695,95.0999984741211
71.1887741088867,89.9607772827148,54.4537010192871,118.150329589844,121.50952911377,97.9614944458008,98.3101577758789
67.2567138671875,74.7717895507813,41.2762603759766,89.4784088134766,118.496162414551,103.926719665527,98.2513122558594
65.9300003051758,64.5299987792969,59.6599998474121,93.2799987792969,157.339996337891,58.6399993896484,79.3899993896484
63.2293395996094,55.2201232910156,55.8116416931152,83.9018630981445,139.23616027832,69.2544326782227,84.1947402954102
59.098014831543,53.2936515808105,48.5083198547363,104.707633972168,148.296417236328,64.2387924194336,76.6726989746094
67.7559127807617,37.0085716247559,20.5140228271484,206.628753662109,99.1860198974609,63.9200553894043,81.7147216796875
73.1669845581055,85.9324569702148,63.6732406616211,136.30290222168,152.770843505859,111.589210510254,60.8335800170898
50.5,62.2708320617676,75.125,241.36457824707,154.11457824707,85.84375,60.8854179382324
67.7945938110352,42.3769302368164,60.3859024047852,185.667694091797,104.149696350098,95.7141571044922,77.5134811401367
43.051830291748,68.2114028930664,47.5631065368652,214.56184387207,124.605010986328,70.2394409179688,76.1462707519531
56.6765327453613,119.162155151367,115.129112243652,162.131317138672,237.223266601563,128.21516418457,71.3819732666016
56.6025924682617,50.779914855957,34.3224067687988,222.764190673828,105.033851623535,53.7368049621582,84.8441162109375
54.6970138549805,33.2453498840332,39.7256889343262,176.096832275391,79.8515701293945,57.3431739807129,92.9177703857422
127.811386108398,215.788208007813,99.9613342285156,120.695335388184,65.2279357910156,154.718597412109,97.1143188476563
99.9551315307617,167.656326293945,45.1451034545898,194.599807739258,156.800857543945,39.351261138916,10.7166204452515
115.753089904785,111.839508056641,53.0740737915039,150.790130615234,175.308639526367,174.185180664063,44.5185203552246
78.0872268676758,149.340972900391,39.5241661071777,214.861526489258,175.743194580078,135.538330078125,69.8198547363281
109.23999786377,108.230003356934,17.6499996185303,248.770004272461,124.069999694824,106.470001220703,38.5
204.440689086914,86.5547943115234,32.6186370849609,102.22811126709,38.8933448791504,51.118480682373,6.98725414276123
122.659088134766,100.306816101074,78.7840881347656,65.9431838989258,37.9659080505371,65.8295440673828,15.9659090042114
116.251663208008,145.609954833984,14.3603239059448,76.5773468017578,89.2504119873047,83.6567535400391,30.5254154205322
178.789749145508,104.598976135254,29.6247253417969,67.3611526489258,90.03369140625,83.1561050415039,2.75233578681946
173.050506591797,127.393936157227,81.1616134643555,77.8282852172852,56.858585357666,39.0707054138184,4.45454549789429
121.482093811035,158.576858520508,45.2682189941406,80.6538467407227,139.274047851563,65.5275726318359,34.6782760620117
100.845802307129,157.233581542969,17.1207885742188,77.6228179931641,139.772399902344,61.7674903869629,46.2629852294922
145.049499511719,148.924697875977,24.8929309844971,99.3319625854492,196.205871582031,80.0377349853516,31.3174495697021
193.126098632813,87.4528045654297,22.8570919036865,69.2280654907227,58.7134208679199,52.3744926452637,6.20171737670898
126.306816101074,96.8068161010742,51.3863639831543,81.988639831543,19.6136360168457,13.3409090042114,59.3636360168457
157.0693359375,148.157440185547,28.8606071472168,115.144737243652,219.745025634766,95.3378067016602,34.4617576599121
161.861358642578,139.266418457031,29.2561874389648,91.4385070800781,163.247970581055,87.1755065917969,35.8920440673828
112.56266784668,181.077667236328,30.247049331665,88.8803100585938,129.544311523438,64.3643951416016,62.4893493652344
118.579544067383,144.590911865234,146.602279663086,192.75,118.625,316.375,237.045455932617
62.2186012268066,94.0884552001953,89.1278991699219,120.149307250977,73.4779434204102,79.6226119995117,34.1067924499512
51.4279632568359,70.5915145874023,109.578460693359,73.6552047729492,43.8123359680176,78.9541091918945,52.0466918945313
71.5015716552734,75.0444183349609,52.5161094665527,133.502029418945,65.5376434326172,109.4169921875,53.4588928222656
94.5074005126953,53.7410049438477,40.5025978088379,151.468643188477,70.5140380859375,55.5490875244141,14.1298093795776
54.9516830444336,89.9449691772461,100.112380981445,175.817581176758,86.0463562011719,80.5431671142578,35.3005638122559
72.4634094238281,95.2052841186523,137.563919067383,232.944030761719,82.7341156005859,148.276672363281,30.5217914581299
72.3678665161133,70.2680206298828,54.4505233764648,100.502586364746,108.627349853516,60.2654418945313,53.086742401123
68.048210144043,98.0056762695313,88.207145690918,153.005172729492,92.1742706298828,111.30891418457,36.6458778381348
67.7712326049805,95.2216186523438,122.046569824219,236.491333007813,90.3511199951172,112.631881713867,27.7967376708984
87.2851028442383,57.9228744506836,83.5139083862305,88.4323654174805,34.5821876525879,108.814582824707,50.5157699584961
77.1875839233398,85.3001480102539,124.779502868652,32.4012985229492,116.390037536621,89.7070770263672,79.5109710693359
63.7994155883789,70.7645416259766,73.3140106201172,34.8557777404785,134.854934692383,93.8359069824219,90.937385559082
75.0194778442383,90.0825347900391,86.0978317260742,81.8961029052734,163.752227783203,108.68701171875,68.5220794677734
95.1623764038086,108.906059265137,69.2613677978516,114.896713256836,163.343185424805,132.491912841797,74.0063171386719
104.07112121582,97.5027770996094,81.4452514648438,42.0683059692383,101.083969116211,87.7513732910156,88.6457672119141
76.4845886230469,62.0327224731445,81.2598342895508,67.6594543457031,165.282135009766,65.5802917480469,74.6406707763672
83.7456741333008,74.8448181152344,106.650970458984,54.0434417724609,106.140769958496,113.775749206543,76.7620468139648
111.177780151367,81.0888900756836,103.366668701172,79.6111145019531,99.2222213745117,70,62.6777763366699
98.2250061035156,109.745712280273,51.185604095459,106.639144897461,120.745964050293,94.9608612060547,67.6565628051758
73.0389862060547,81.8926544189453,73.1077117919922,95.9287033081055,122.779113769531,103.31925201416,81.3369369506836
104.515151977539,96.4224700927734,75.1686859130859,105.256820678711,173.782073974609,110.417167663574,68.2790374755859
90.7301635742188,90.4411697387695,113.058204650879,28.4457015991211,89.5611724853516,82.690803527832,75.2014389038086
77.0312347412109,86.4485168457031,113.411460876465,42.8830223083496,128.227615356445,84.2503662109375,91.3067321777344
79.2825546264648,72.3589935302734,79.8707733154297,70.7502593994141,95.1542892456055,113.211990356445,69.4109344482422
122.98161315918,136.500213623047,73.3430328369141,124.148902893066,163.307281494141,63.4872665405273,48.3549423217773
109.638885498047,96.8388900756836,68.1611175537109,64.0111083984375,88.783332824707,91.7055511474609,78.0666656494141
64.825080871582,82.8974075317383,57.029125213623,45.324779510498,139.763320922852,87.7961654663086,87.8650817871094
80.6941299438477,104.374633789063,74.3883209228516,118.857315063477,132.042617797852,127.176399230957,79.4243698120117
74.3101043701172,78.0697860717773,112.193481445313,58.2297515869141,117.809646606445,104.451240539551,83.4838409423828
57.8235206604004,66.2741928100586,68.246467590332,41.8426818847656,155.545318603516,78.0084075927734,85.5624923706055
74.2992401123047,80.8727264404297,77.3055572509766,38.2224769592285,138.780044555664,77.3300552368164,63.2131309509277
77.7887344360352,77.6084747314453,109.112678527832,46.4585990905762,115.803970336914,117.517280578613,91.6035308837891
82.9101943969727,112.59300994873,64.4053268432617,93.7093734741211,99.2165298461914,94.773551940918,71.2248840332031
105.537879943848,84.2671661376953,84.9267730712891,105.834342956543,135.653030395508,81.9419174194336,77.272216796875
89.90380859375,85.2220611572266,149.344863891602,43.8816871643066,86.7988586425781,80.3764495849609,82.5424423217773
103.534851074219,93.8259887695313,57.4125900268555,71.2682952880859,86.6717834472656,115.518539428711,69.3092346191406
102.816757202148,98.9626693725586,63.1740760803223,53.4910469055176,92.330078125,96.0598754882813,75.0989837646484
60.7761878967285,68.0454559326172,55.2670974731445,37.5608329772949,125.740379333496,85.4393844604492,92.4244766235352
71.3315200805664,93.1072769165039,114.720504760742,85.406364440918,149.851318359375,102.990310668945,84.1947479248047
69.8496475219727,80.9430160522461,80.003791809082,35.6841011047363,137.526306152344,103.723014831543,87.1968078613281
92.4949493408203,86.5353546142578,53.7777786254883,72.6060638427734,76.3232345581055,107.202018737793,98.5454559326172
69.0869903564453,78.1413345336914,109.922645568848,77.4326934814453,102.072891235352,105.721572875977,76.4827880859375
93.7392883300781,79.9018478393555,50.6256561279297,55.5113563537598,94.1462020874023,147.369964599609,63.651912689209
118.720001220703,75.370002746582,60.7000007629395,127.660003662109,52.5999984741211,62.060001373291,120.209999084473
146.022216796875,163.722229003906,75.5666656494141,168.28889465332,159.277770996094,125.566665649414,123.900001525879
147.714462280273,108.833686828613,40.1800270080566,30.8148136138916,95.5119552612305,95.1346054077148,21.5378437042236
71.2792663574219,73.9833908081055,51.0744857788086,130.365188598633,155.737808227539,95.260986328125,71.3174057006836
102.337295532227,78.7815017700195,66.4416809082031,51.0862464904785,50.5527153015137,47.1570663452148,22.7229785919189
67.3288192749023,84.3029708862305,34.5110282897949,125.775993347168,131.020568847656,80.0236663818359,67.6516342163086
119.953536987305,167.871231079102,46.1006164550781,47.304500579834,79.7202377319336,129.218414306641,55.7676887512207
77.2700805664063,95.8379058837891,41.8706550598145,87.4870071411133,123.923454284668,81.2917404174805,60.7106170654297
102.497802734375,137.552154541016,42.1008110046387,39.7392349243164,75.1355438232422,171.508911132813,49.9243202209473
111.031112670898,143.402008056641,97.7462615966797,87.0654525756836,139.445037841797,32.6076736450195,18.5155544281006
105.673416137695,133.162811279297,80.8555908203125,87.8052215576172,149.258911132813,35.6169700622559,15.2566738128662
114.254402160645,152.846176147461,112.282676696777,96.7135620117188,138.539688110352,26.4673881530762,24.5923500061035
103.858589172363,43.1313133239746,97.4646453857422,136.535354614258,163.141418457031,41.5252532958984,13.2121210098267
73.2259216308594,221.851852416992,77.022216796875,347.15185546875,142.21110534668,62.2407417297363,14.7518510818481
102.902954101563,129.680786132813,81.2799682617188,89.2342910766602,166.291839599609,35.2621955871582,17.9720458984375
78.8708343505859,47.8799247741699,49.078784942627,27.9564380645752,103.783714294434,43.7393951416016,11.5496215820313
44.9892921447754,81.3092880249023,38.6323204040527,23.6977767944336,107.412521362305,58.0418167114258,15.0701017379761
70.4491119384766,56.5018920898438,36.2237396240234,34.5520210266113,99.9775238037109,28.850378036499,12.1135101318359
43.6822204589844,96.6238403320313,123.810707092285,149.017974853516,152.721405029297,196.241607666016,99.4995956420898
45.8328247070313,87.1810607910156,131.890655517578,146.465667724609,154.947463989258,175.753021240234,111.694442749023
43.0643119812012,96.4276123046875,129.102020263672,107.780815124512,129.389907836914,213.97575378418,89.4548721313477
38.3394470214844,108.29638671875,107.756118774414,102.134719848633,116.366394042969,182.374176025391,84.7761077880859
51.3636360168457,68.0363616943359,107.954544067383,145.136367797852,68.8272705078125,136.909088134766,80.8727264404297
70.614143371582,52.6650199890137,147.929183959961,118.004516601563,75.3947448730469,123.078315734863,69.5395584106445
49.7516632080078,76.212776184082,101.47777557373,123.058891296387,57.831111907959,145.174987792969,85.8050003051758
93.7402572631836,129.415588378906,129.103897094727,111.025970458984,123.363639831543,408.753234863281,246.662338256836
38.4055557250977,55.3499984741211,52.0499992370605,28.7111110687256,122.772216796875,88.5944442749023,8.70555591583252
109.544448852539,80.9277801513672,48.9499969482422,123.127777099609,76.3833312988281,114.311111450195,77.8388900756836
48.5222206115723,35.2148132324219,35.7851867675781,19.6740741729736,104.374076843262,50.9037017822266,6.41481447219849
70.697998046875,78.1382217407227,28.3691139221191,109.481552124023,149.449783325195,73.3268890380859,100.817771911621
148.352203369141,178.211669921875,42.6142616271973,39.0370483398438,74.8301620483398,78.1691513061523,42.3158683776855
46.5681838989258,76.9318237304688,137.977279663086,154.981811523438,111.431823730469,146.386352539063,77.2727279663086
46.0999984741211,92.7545471191406,102.509094238281,88.9909057617188,96.7454528808594,180.381820678711,98.7545471191406
149.066665649414,125.661109924316,74.1166687011719,174.483337402344,109.388885498047,30.3888893127441,12.5166664123535
139.420455932617,91.1780014038086,82.9046630859375,161.365325927734,189.968231201172,69.226448059082,79.0228881835938
139.627777099609,79.9155578613281,60.928150177002,188.962600708008,157.713317871094,67.6933288574219,88.2122192382813
142.497283935547,80.3957748413086,74.9946060180664,212.693084716797,221.991546630859,119.67448425293,80.8176727294922
84.6100006103516,82.2968292236328,106.322067260742,70.8928604125977,151.457778930664,102.715713500977,73.1477737426758
101.180519104004,90.4863128662109,125.351959228516,136.36328125,173.967178344727,113.6943359375,68.6119155883789
79.0916748046875,76.9918212890625,112.251281738281,67.5688934326172,118.145034790039,108.842483520508,76.9394989013672
140.370544433594,187.567184448242,25.1372051239014,128.490905761719,163.741760253906,68.385856628418,17.0924243927002
125.037803649902,203.155548095703,23.941858291626,126.011070251465,169.136428833008,65.0010833740234,38.8248977661133
142.572219848633,192.961120605469,114.177780151367,168.133331298828,182.483337402344,241.183319091797,49.9833297729492
117.308883666992,181.066680908203,88.2977752685547,392.711120605469,124.993324279785,41.2222213745117,7.29111099243164
108.874076843262,156.159255981445,76.9888916015625,251.496292114258,143.755554199219,33.6000022888184,5.71111106872559
64.879997253418,67.9566650390625,51.1266670227051,72.6533279418945,154.029983520508,71.0400009155273,73.5400009155273
82.5744476318359,95.4558410644531,24.6350002288818,84.2852783203125,175.196929931641,71.2402801513672,90.7508316040039
48.1189994812012,97.9485015869141,118.120208740234,146.704391479492,90.4841079711914,103.233833312988,31.5741481781006
40.6566162109375,89.8596420288086,78.2062911987305,153.676818847656,134.135787963867,83.1886367797852,39.9422454833984
40.5962753295898,82.10791015625,71.429328918457,142.169082641602,150.299377441406,76.5273132324219,37.4537696838379
77.1965103149414,44.1881523132324,47.4752502441406,165.002456665039,102.486267089844,98.7130355834961,76.001823425293
82.4955520629883,148.431976318359,66.299201965332,72.8518829345703,146.453399658203,65.0654907226563,24.5352611541748
149.119415283203,127.192390441895,20.1861114501953,57.429386138916,153.182540893555,100.680397033691,5.17541027069092
56.8036117553711,54.838939666748,81.1495208740234,140.304214477539,66.6088638305664,88.2814025878906,19.5521335601807
76.6489562988281,129.335922241211,146.593719482422,241.6845703125,104.267669677734,121.504371643066,25.6374568939209
106.815605163574,63.7532997131348,84.6855316162109,134.459030151367,119.534080505371,56.4787712097168,67.1339340209961
49.9033966064453,80.5267181396484,81.8512802124023,144.524658203125,88.1470489501953,82.2000122070313,17.297643661499
67.0495986938477,65.1876983642578,63.1170043945313,136.747024536133,74.5757446289063,74.393669128418,22.1794528961182
62.3474311828613,73.3075866699219,117.057395935059,154.95491027832,75.8746795654297,81.2683029174805,46.9691505432129
55.455883026123,92.7313079833984,75.314208984375,151.208602905273,92.6425857543945,102.35230255127,33.1181869506836
71.3000030517578,85.533332824707,124.422225952148,81.8333358764648,132.322219848633,108.911109924316,79.8333358764648
68.5827331542969,59.0294494628906,33.2877006530762,108.364318847656,125.642799377441,64.3725967407227,72.062141418457
69.3481597900391,52.3756904602051,36.5440368652344,128.274368286133,118.388763427734,45.215518951416,57.5083961486816
66.769645690918,36.6741333007813,40.2356033325195,166.802764892578,82.0064849853516,52.5420227050781,65.7543640136719
36.4646453857422,101.545455932617,113.010101318359,90.5252532958984,93.080810546875,161.737380981445,74.1717147827148
146.512115478516,81.0388870239258,89.5402069091797,183.0146484375,168.323944091797,81.066764831543,82.1460647583008
135.522674560547,127.224227905273,62.9761924743652,191.5947265625,149.024063110352,109.23006439209,50.3003616333008
128.983489990234,102.160003662109,79.5124282836914,146.671722412109,204.924270629883,88.3820571899414,60.8511734008789
48.2227058410645,128.498794555664,75.1795120239258,169.518859863281,211.604995727539,92.3527526855469,47.7086296081543
112.854545593262,147.181823730469,28.4363632202148,261.5,132.445449829102,25.0545463562012,16.4181823730469
138.862686157227,123.655235290527,57.0995254516602,188.046829223633,154.003326416016,96.5169830322266,46.2517471313477
82.6137771606445,72.9944458007813,148.742889404297,135.521331787109,147.890213012695,102.966003417969,48.4506645202637
197.611114501953,41.9444427490234,99.4444427490234,189.777770996094,83.8777770996094,17.8555564880371,1.0888888835907
158.766662597656,212.566665649414,8.28888893127441,191.022216796875,192.78889465332,213.422225952148,67.9111099243164
117.086875915527,202.875076293945,26.5188541412354,171.422378540039,174.651504516602,76.4341812133789,16.8461284637451
158.138885498047,109.14444732666,66.8345947265625,175.176773071289,117.841926574707,31.6780300140381,27.2118701934814
121.060607910156,142.404037475586,35.9696960449219,136.191925048828,169.787872314453,67.7474746704102,61.858585357666
148.318176269531,116.196968078613,52.8131294250488,119.343421936035,135.597640991211,119.072395324707,2.64141392707825
154.454544067383,17.141414642334,115.020202636719,68.1919174194336,72.8888854980469,6.31313133239746,4.78787899017334
131.597778320313,143.025039672852,110.249694824219,385.714538574219,132.831298828125,78.5608062744141,35.8945465087891
49.3378562927246,57.301197052002,49.9317283630371,182.744522094727,127.505477905273,66.5751876831055,70.7866439819336
51.7123527526855,43.2748985290527,48.257740020752,184.166839599609,105.414184570313,60.2581100463867,91.2595062255859
43.0947570800781,74.9735107421875,57.8873100280762,158.279083251953,158.101516723633,82.0364303588867,54.4577560424805
44.8074226379395,87.9796142578125,90.3377456665039,120.404296875,139.430953979492,77.870231628418,31.4830894470215
78.7163314819336,117.292297363281,122.874786376953,160.452865600586,203.070297241211,137.165405273438,66.4511795043945
107.577774047852,117.777778625488,58.0777778625488,226.644439697266,133.488891601563,149.300003051758,45.2888870239258
124,149.144439697266,134,117.388885498047,283.822235107422,128.28889465332,35.2000007629395
133.038467407227,171.179489135742,62.9743576049805,110.012817382813,43.2051277160645,89.9743576049805,158.551284790039
36.1352958679199,93.8355865478516,108.814239501953,90.0299835205078,15.1829814910889,53.8746299743652,71.4517059326172
118.910255432129,145.19873046875,55.5576934814453,83.3269195556641,38.3846130371094,76.5128173828125,125.442306518555
46.4871788024902,71.1538467407227,43.1923065185547,66.7692337036133,10.2692308425903,27.2435894012451,114.153846740723
43.1318664550781,68.516487121582,128.901092529297,71.516487121582,6.25274705886841,69.6263732910156,37.1318664550781
195.728271484375,116.495628356934,77.1717147827148,77.7875366210938,47.6616172790527,38.7905731201172,2.97508430480957
108.470825195313,127.301948547363,116.719207763672,108.366065979004,135.263229370117,353.947479248047,269.802764892578
77.5768051147461,65.102897644043,55.1199340820313,124.296783447266,38.3429374694824,91.2721099853516,25.8057918548584
106.430801391602,50.6804084777832,65.2444534301758,133.604583740234,47.3958168029785,60.297534942627,13.6095857620239
85.4990310668945,66.8713150024414,67.3117904663086,76.9407272338867,27.9278182983398,124.185409545898,84.6612701416016
75.2388916015625,84.8555603027344,107.794441223145,60.3666687011719,110.172225952148,119.394439697266,77.6166687011719
10.2307691574097,40.2384643554688,9.60000038146973,7.46153879165649,1.3692307472229,12.0076923370361,61.4846153259277
4.63589763641357,17.1282043457031,1.74871790409088,7.10256433486938,0,7.02564096450806,78.6974411010742
18.3162403106689,49.9759292602539,19.6457271575928,20.7528476715088,1.88233613967896,18.0515670776367,110.806838989258
4.57692337036133,20.1846160888672,1.93846154212952,6.0230770111084,0,3.46923089027405,80.538459777832
133.605178833008,143.701232910156,39.9246788024902,41.3545722961426,69.2546005249023,66.5240631103516,61.2445640563965
105.119201660156,66.276725769043,88.8259658813477,103.016738891602,101.158668518066,43.140193939209,49.1400604248047
108.448234558105,95.462646484375,78.8700561523438,45.3371200561523,79.5316619873047,55.094066619873,27.0823879241943
15.8584623336792,19.454870223999,19.1912803649902,8.78564071655273,0,3.07897424697876,97.9943542480469
9.69487190246582,20.7205123901367,11.4760675430298,9.12222194671631,0.992307662963867,11.6290597915649,72.9760665893555
32.2170944213867,47.5863227844238,18.8692321777344,20.1854686737061,2.06410241127014,17.2529926300049,162.013671875
11.1824636459351,20.0350875854492,12.2341423034668,12.6265115737915,0.00641025649383664,1.6638126373291,109.757484436035
22.5584259033203,29.8230762481689,36.3454208374023,18.9793033599854,7.47930383682251,5.67637348175049,181.458618164063
30.0419578552246,45.9797668457031,16.0652923583984,18.2421798706055,12.3320150375366,21.8461723327637,221.596389770508
33.9753799438477,37.3228225708008,19.6141014099121,31.5964088439941,2.50589728355408,17.5905113220215,112.345642089844
37.6552963256836,34.1572685241699,20.2352695465088,19.5817832946777,9.56968402862549,14.990797996521,164.379898071289
6.75076913833618,13.190770149231,9.72307682037354,6.38153839111328,0,5.39692306518555,92.4184646606445
166.78645324707,127.807334899902,189.522888183594,223.457794189453,37.4942245483398,5.51844453811646,165.621551513672
156.645278930664,134.827911376953,52.0495147705078,77.7172622680664,80.9915618896484,28.0328483581543,128.975799560547
225.282241821289,143.969512939453,69.761100769043,97.4109573364258,35.3973007202148,23.6876182556152,138.242065429688
230.655578613281,118.78401184082,80.1756820678711,89.4739761352539,47.5751914978027,34.0317535400391,76.6303939819336
165.760803222656,111.320098876953,110.804595947266,209.903854370117,47.9033813476563,5.6057071685791,229.456344604492
219.951110839844,184.784881591797,81.3123626708984,96.4447250366211,32.1909713745117,18.1650009155273,137.326812744141
289.5,77.4555587768555,97.3333358764648,99.2777786254883,35.033332824707,24.7555561065674,125.577774047852
141.666442871094,141.345626831055,167.679641723633,88.9638748168945,116.841278076172,55.7480812072754,126.603691101074
155.117782592773,106.218193054199,119.911247253418,181.778472900391,55.3595848083496,10.9877786636353,225.117218017578
158.585144042969,103.270141601563,79.2631912231445,126.78931427002,60.7873573303223,13.4094438552856,149.061798095703
169.600128173828,120.575912475586,99.2746276855469,225.865386962891,33.7690582275391,5.03912019729614,209.83576965332
236.095123291016,138.021331787109,96.3415679931641,119.14176940918,69.2708892822266,45.877555847168,95.9477767944336
235,134.588897705078,71.6055526733398,85.5555572509766,31.8055572509766,17.1222229003906,92.0833282470703
254.674987792969,124.260559082031,61.6511116027832,59.9238891601563,60.9355545043945,11.9333324432373,73.4394454956055
207.696395874023,147.158874511719,47.7337188720703,65.9497222900391,49.6844291687012,5.66267490386963,107.09001159668
165.537857055664,124.915214538574,104.23983001709,243.479141235352,38.6290588378906,8.68085384368896,151.553939819336
190.389999389648,164.649993896484,63.0900001525879,57.0800018310547,68.8499984741211,12.6499996185303,102.269996643066
301.065002441406,108.936111450195,66.2038879394531,76.9555511474609,68.5038909912109,14.9899997711182,68.4261169433594
206.413436889648,138.861236572266,77.6009826660156,94.9292526245117,41.6486396789551,26.8920974731445,139.292724609375
328.689453125,98.2633361816406,84.5794448852539,60.1544456481934,55.9566650390625,30.0855560302734,98.5266647338867
247.641326904297,131.971771240234,71.7519989013672,80.2266693115234,54.64599609375,20.1422214508057,73.2666702270508
140.803497314453,135.722244262695,134.587585449219,250.794387817383,58.4495239257813,5.07764291763306,128.300918579102
158.609237670898,78.3432464599609,52.7433319091797,121.091400146484,80.6123123168945,23.2866668701172,105.221473693848
254.471862792969,115.109443664551,89.7086181640625,70.0209274291992,52.7691650390625,31.0947208404541,86.1787948608398
301.491333007813,81.7808837890625,67.9769287109375,77.6658554077148,41.8163566589355,25.5019550323486,109.01342010498
152.687561035156,132.575775146484,147.601989746094,221.085540771484,36.952220916748,5.68377780914307,145.407775878906
124.870124816895,212.063598632813,151.572738647461,141.439865112305,68.5362167358398,56.4916343688965,74.6017456054688
124.14714050293,203.988830566406,138.677261352539,122.671691894531,77.8374481201172,56.0119247436523,67.4907913208008
156.471481323242,200.787826538086,155.276321411133,107.378890991211,63.2226486206055,48.3990173339844,96.9057006835938
134.007369995117,184.623641967773,181.706848144531,174.585113525391,69.0423126220703,52.4542999267578,128.163787841797
247.166656494141,155.388885498047,106.783332824707,204.022216796875,33.1888885498047,68.9388885498047,113.466667175293
99.832145690918,153.688140869141,53.3210067749023,94.4315948486328,72.3032379150391,61.6419448852539,105.33568572998
105.371109008789,206.929443359375,154.337219238281,219.646667480469,54.179443359375,58.7972221374512,99.211669921875
112.982215881348,152.440567016602,145.267486572266,163.061401367188,82.7508316040039,64.5288848876953,109.656661987305
272.045562744141,122.934631347656,112.416297912598,92.2594528198242,42.9537048339844,54.5703735351563,88.9038925170898
154.92805480957,206.544158935547,152.561950683594,193.238067626953,37.3783340454102,50.6383323669434,107.561943054199
114.777160644531,207.815277099609,151.936584472656,224.679443359375,44.2010078430176,29.1566200256348,94.8879547119141
105.199928283691,206.942474365234,190.085174560547,219.482055664063,37.895149230957,58.433967590332,84.5235595703125
106.276809692383,203.474868774414,157.958755493164,119.325073242188,51.3606910705566,42.3463363647461,90.4278030395508
102.362968444824,133.56852722168,69.3551864624023,160.78630065918,69.4366683959961,58.3274078369141,91.1100082397461
133.20866394043,109.022888183594,82.8359909057617,145.379119873047,53.2033309936523,45.0695571899414,177.623992919922
105.845115661621,133.633331298828,80.8639984130859,196.088226318359,72.6737823486328,57.2037773132324,108.458450317383
128.733337402344,100.444442749023,81.8388900756836,178.894439697266,53.1611099243164,27.3222236633301,166.938888549805
98.4467697143555,186.424880981445,184.218719482422,140.203643798828,40.1920166015625,50.957103729248,83.3525619506836
100.535568237305,206.256652832031,148.124786376953,241.938659667969,54.2611618041992,57.5274658203125,113.887084960938
112.563484191895,160.729904174805,167.392669677734,177.467514038086,55.4803886413574,57.3354873657227,124.765426635742
113.634666442871,194.22265625,163.17643737793,186.655548095703,74.4222259521484,46.9357757568359,86.1031112670898
177.555557250977,112.777778625488,73.5,112.055557250977,113.5,72.8666687011719,120.955558776855
92.8606109619141,211.007476806641,206.234771728516,179.904449462891,50.1248474121094,65.2785873413086,81.5286865234375
145.008224487305,137.321762084961,167.929183959961,137.5078125,87.7731552124023,38.0140724182129,107.548583984375
124.895004272461,201.337219238281,180.114166259766,164.415557861328,73.0280609130859,53.5911102294922,77.138053894043
142.027770996094,130.438888549805,90.1277770996094,18.466667175293,94.3222198486328,55.5166664123535,60.4111099243164
179.488891601563,126.911109924316,75.5,35.3222236633301,105.866668701172,99.2888870239258,50.1555557250977
168.956558227539,95.7661590576172,82.3833312988281,46.8297996520996,62.7734870910645,56.2886390686035,65.9250030517578
151.962188720703,134.368041992188,114.105422973633,26.4699878692627,121.447273254395,70.3055191040039,97.4580383300781
84.0568161010742,156.477279663086,122.613639831543,109.931816101074,81.2045440673828,68.9659118652344,133.954544067383
131.233489990234,129.857238769531,155.374572753906,91.8180160522461,210.512283325195,65.1053848266602,201.263809204102
184.477783203125,137.105545043945,107.244438171387,109.62963104248,117.75,20.9833335876465,94.5796279907227
176.689483642578,132.186721801758,120.156112670898,105.267166137695,137.770156860352,28.6266422271729,100.616539001465
140.620697021484,132.281692504883,152.042434692383,103.463638305664,325.148864746094,92.6584548950195,124.450386047363
158.33332824707,129.522216796875,128.866668701172,93.7777786254883,74.6444473266602,147.022216796875,129.544448852539
144.579193115234,179.409088134766,167.316162109375,112.452125549316,265.717590332031,118.205665588379,110.040000915527
155.449295043945,141.836959838867,159.179397583008,96.2331314086914,308.291320800781,78.1911087036133,187.976165771484
117.386108398438,127.912216186523,157.735565185547,74.8649978637695,133.95166015625,69.1677780151367,197.245559692383
195.609100341797,119.162307739258,84.8364715576172,62.559253692627,96.0037155151367,68.1642456054688,119.631652832031
132.492431640625,201.973739624023,173.064147949219,104.321716308594,257.025268554688,115.412628173828,127.745452880859
163.603546142578,45.1780014038086,146.320220947266,63.7897758483887,39.7600021362305,14.1193332672119,194.252227783203
126.919998168945,116.669998168945,69.4000015258789,122.559997558594,73.9599990844727,57.4300003051758,95.9199981689453
167.378845214844,78.1291885375977,169.802597045898,71.4200744628906,62.7615509033203,34.20263671875,87.4836196899414
162.410003662109,46.1599998474121,300.149993896484,58.3400001525879,42.5400009155273,15.3000001907349,195.270004272461
103.093360900879,110.271492004395,75.7263259887695,81.5518951416016,60.1585998535156,37.9376258850098,82.7533798217773
84.1976776123047,129.562377929688,80.5644454956055,85.6039581298828,65.7185363769531,32.7324485778809,71.8928756713867
175.410003662109,47.1500015258789,181.149993896484,44.310001373291,77.4400024414063,16.8999996185303,123.930000305176
154.293762207031,81.0886306762695,148.738540649414,81.8446350097656,78.6848297119141,28.1059799194336,85.878059387207
167.781677246094,60.1160583496094,168.011611938477,53.2781753540039,64.8048095703125,21.4598484039307,102.883781433105
66.2815628051758,69.0672760009766,107.82642364502,45.5177230834961,174.062515258789,126.93473815918,45.6224899291992
93.9902191162109,120.161109924316,72.0222244262695,78.9636993408203,195.61979675293,67.9775848388672,81.1077728271484
103.979164123535,90.75,80.78125,114.114585876465,177.51042175293,106.708335876465,103.8125
69.5395965576172,56.4234390258789,118.281227111816,76.68359375,156.834182739258,119.641395568848,41.6449699401855
78.0626831054688,85.0033645629883,116.856628417969,59.2457656860352,206.850296020508,109.841743469238,59.5208625793457
111.952972412109,83.7459487915039,88.3881301879883,61.0006675720215,290.733306884766,69.2588806152344,124.045471191406
72.2002334594727,80.9057998657227,108.084609985352,45.2881011962891,201.120208740234,122.594802856445,50.6082000732422
64.5976638793945,58.1938552856445,120.171699523926,37.73046875,140.012756347656,130.758499145508,38.9484100341797
356.638580322266,221.925750732422,142.380737304688,68.8765411376953,248.424072265625,42.3043518066406,110.004348754883
217.280334472656,156.901870727539,98.0618896484375,91.4704513549805,71.1213455200195,13.1836185455322,91.5876388549805
245.41975402832,196.037033081055,112.456787109375,91.1481475830078,186.592590332031,19.2098770141602,170.58024597168
222.611389160156,100.793472290039,155.525543212891,110.273880004883,240.364028930664,39.7081985473633,129.351943969727
219.289993286133,142.399993896484,109.849998474121,66.1399993896484,56.1399993896484,11.7700004577637,51.1399993896484
83.4636306762695,137.280944824219,43.2283668518066,93.7078247070313,133.089385986328,74.1493759155273,76.3616790771484
72.136360168457,107.761360168457,31.8295459747314,55.0909080505371,63.8068199157715,50.1136360168457,25.0909099578857
107.39030456543,154.212539672852,43.4964752197266,73.8866424560547,92.0974273681641,75.8800659179688,111.443946838379
100.986610412598,174.091934204102,68.3539657592773,149.508682250977,61.4914817810059,66.668327331543,100.320709228516
105.020202636719,138.202026367188,21.5151519775391,106.818183898926,100.75757598877,73.9696960449219,44.343433380127
101.869361877441,129.437408447266,95.9207992553711,74.2477188110352,82.8971176147461,98.1774063110352,136.731491088867
96.0392150878906,170.338226318359,57.2901725769043,46.2120933532715,76.9301605224609,83.9106674194336,97.0997009277344
111.624801635742,112.058403015137,109.175582885742,79.7013778686523,89.699089050293,66.417350769043,166.689529418945
98.3983459472656,172.110900878906,41.1170539855957,131.044586181641,89.4026107788086,64.2309722900391,85.3937835693359
65.9659118652344,107.397727966309,14.4886360168457,57.1818199157715,74.5227279663086,65.25,38.4431800842285
124.576545715332,94.0472564697266,98.2628402709961,64.4409103393555,76.8230133056641,45.1480484008789,166.232192993164
123.75,107.499618530273,78.0518951416016,50.2750015258789,50.5146522521973,59.1217193603516,181.647094726563
89.0532379150391,160.588577270508,74.181396484375,57.0439682006836,82.5335006713867,62.8179512023926,98.9325408935547
120.659088134766,186.375,134.045455932617,164.818176269531,239.636367797852,87.0909118652344,61.9204559326172
41.7567291259766,34.4506568908691,60.526912689209,32.1159400939941,77.83056640625,119.096572875977,6.81500482559204
16.080171585083,19.1456470489502,69.3910064697266,23.8598804473877,51.7436485290527,62.8830299377441,0.719983696937561
39.7882118225098,29.3476829528809,85.0051498413086,46.4214324951172,56.4376411437988,120.602767944336,16.6246604919434
19.7734470367432,20.866268157959,57.7993125915527,59.9656829833984,116.678596496582,52.2320938110352,3.32148361206055
45.3240127563477,32.1386947631836,172.560470581055,25.0533676147461,30.8552799224854,136.194534301758,6.68500995635986
10.5235042572021,34.5954170227051,69.3748016357422,54.0557708740234,19.3717613220215,98.2314300537109,10.2022466659546
51.991626739502,44.3777961730957,64.9574279785156,29.4250297546387,97.715446472168,86.459358215332,15.1055698394775
46.0315361022949,46.2817420959473,141.312255859375,58.8159217834473,53.9296379089355,93.5685958862305,3.16370248794556
20.4968585968018,34.0691070556641,112.214157104492,37.1438903808594,35.5478744506836,106.276344299316,7.21091318130493
23.2238311767578,24.9393825531006,40.4780921936035,15.1546039581299,57.2325859069824,79.7484588623047,1.83236229419708
97.3972625732422,198.640548706055,142.322067260742,205.297698974609,56.6307373046875,38.267822265625,77.7826766967773
93.9836807250977,198.849227905273,173.266387939453,198.399017333984,63.943920135498,31.8652305603027,80.9001541137695
117.39119720459,133.054702758789,130.65007019043,164.85368347168,86.3823928833008,60.8594551086426,106.776054382324
120.28157043457,163.959075927734,150.43359375,180.719451904297,90.7358627319336,79.3265075683594,149.316421508789
91.5382461547852,166.986480712891,122.258499145508,159.834014892578,43.2636260986328,49.5394058227539,98.0544738769531
94.4149398803711,185.606658935547,153.367340087891,147.217620849609,38.6050987243652,43.5215454101563,84.4440078735352
106.025749206543,147.734573364258,133.98876953125,129.951126098633,53.4384078979492,66.8389663696289,61.6835479736328
114.377777099609,131.522216796875,106.577774047852,282.688903808594,54.0111122131348,55.1333351135254,91.7333297729492
124.102142333984,108.466163635254,179.277526855469,180.219314575195,70.0165405273438,73.9814453125,142.817047119141
105.659652709961,115.45166015625,96.2336578369141,106.727638244629,60.0499877929688,54.4984359741211,77.6523208618164
118.425498962402,133.092926025391,202.536117553711,123.432579040527,81.2686920166016,53.2934341430664,125.242919921875
101.452293395996,167.705184936523,131.416046142578,190.937240600586,57.8860816955566,59.2327499389648,75.4215621948242
100.909507751465,158.799301147461,163.746032714844,200.470153808594,43.917652130127,50.9894218444824,78.6145629882813
97.9330062866211,157.478042602539,141.953414916992,132.721420288086,54.5108070373535,63.140983581543,67.09912109375
162.531524658203,114.574142456055,191.00080871582,119.510093688965,53.4670715332031,89.8448486328125,128.958984375
117.594444274902,140.861114501953,99.6166687011719,151.355560302734,48.3555564880371,34.8944435119629,119.127777099609
108.377784729004,150.381973266602,179.771179199219,168.042358398438,72.9538345336914,40.5612106323242,92.4791564941406
119.120452880859,149.588958740234,132.573486328125,233.884399414063,92.2537841796875,71.4254379272461,133.342407226563
91.4678573608398,136.611389160156,148.829849243164,194.725982666016,46.2145080566406,43.2226829528809,98.743896484375
90.9283065795898,217.466079711914,159.913711547852,159.54231262207,39.5508079528809,42.813648223877,79.4961471557617
107.293441772461,174.769439697266,157.251007080078,149.847229003906,73.8840942382813,52.7209587097168,104.894195556641
103.083763122559,194.095428466797,148.163726806641,164.55339050293,67.7395172119141,60.5988121032715,64.2050628662109
119.611846923828,94.6974334716797,136.078430175781,218.850936889648,55.6971473693848,65.5860443115234,121.430763244629
116.348991394043,185.318176269531,166.222717285156,148.734848022461,77.4949493408203,66.5580825805664,105.974243164063
107.797973632813,190.117736816406,135.516143798828,170.024566650391,71.9171600341797,49.3648109436035,81.0430221557617
101.163108825684,156.242492675781,116.40291595459,170.20573425293,64.8760528564453,34.2496299743652,91.0335388183594
105.890617370605,170.368804931641,100.114318847656,176.792297363281,56.2962112426758,52.0527420043945,96.0302124023438
102.401336669922,167.392883300781,180.106170654297,181.467575073242,83.9908065795898,38.8431854248047,101.618942260742
99.9037322998047,115.166549682617,126.152420043945,157.108581542969,77.5490875244141,48.8825225830078,104.923843383789
107.915748596191,213.67106628418,142.785568237305,157.224044799805,55.9368896484375,51.7944450378418,67.1579284667969
99.7373733520508,161.323226928711,116.262626647949,120.535354614258,25.8989906311035,28.6262626647949,85.2727279663086
122.740249633789,126.088134765625,88.2738418579102,120.631332397461,60.7334365844727,71.6689071655273,72.9692687988281
87.0340194702148,155.747329711914,136.809844970703,159.569946289063,52.9168281555176,53.0166664123535,87.8749923706055
135.960006713867,85.0500030517578,49.2900009155273,86.0299987792969,99.0500030517578,60.9300003051758,130.149993896484
163.122222900391,105.188888549805,55.5111122131348,36.6222229003906,100.155555725098,72.3333358764648,117.722221374512
83.7750396728516,50.2794609069824,25.5763492584229,39.0586051940918,125.04402923584,105.210296630859,22.166597366333
61.902416229248,98.4968490600586,78.6168975830078,85.0376052856445,163.217636108398,116.601455688477,63.3865394592285
28.6259269714355,21.7009887695313,76.4962387084961,76.0815200805664,84.8833541870117,72.4464645385742,22.4802188873291
51.8070297241211,76.5214080810547,87.246940612793,91.616813659668,114.598320007324,129.354675292969,66.6348037719727
90.1542434692383,75.182373046875,72.2906265258789,35.4805870056152,121.489860534668,69.2932052612305,79.4343185424805
58.517765045166,79.4570922851563,59.5131950378418,141.659729003906,112.601127624512,125.426193237305,63.1525955200195
105.941795349121,80.1545639038086,101.266593933105,31.9214935302734,166.339935302734,65.709098815918,103.318199157715
123.751914978027,122.160606384277,79.4499053955078,108.051315307617,245.087478637695,24.3470706939697,91.6179809570313
141.643692016602,130.485336303711,111.545783996582,135.744277954102,195.837005615234,23.4223136901855,103.400993347168
140.754837036133,127.180809020996,83.1506500244141,112.754981994629,252.143890380859,34.8678207397461,92.5820999145508
170.33332824707,189.363632202148,170.808074951172,174.636367797852,214.353530883789,91.363639831543,172.323226928711
146.429626464844,129.959274291992,153.199996948242,100.259254455566,341.54443359375,72.1592636108398,116.462959289551
150.138290405273,116.308738708496,113.263664245605,146.00666809082,167.030258178711,27.6940155029297,89.2320175170898
118.147346496582,41.080680847168,30.7867431640625,66.9954528808594,82.389778137207,92.5609741210938,106.19734954834
39.7868690490723,24.1383838653564,95.5171737670898,75.1177749633789,121.417579650879,112.975143432617,16.807071685791
120.319564819336,45.2672996520996,21.1002540588379,65.0925445556641,87.7404022216797,98.3049240112305,96.2930603027344
160.215545654297,80.9046478271484,184.382629394531,140.387878417969,63.8442459106445,25.2614154815674,93.6707153320313
153.300262451172,87.7325744628906,181.223236083984,172.567932128906,65.4669189453125,17.4755058288574,93.9492416381836
158.951843261719,96.7683486938477,175.686874389648,123.436363220215,97.6262588500977,53.5010070800781,102.91650390625
167.252777099609,85.6016693115234,167.928894042969,102.916656494141,89.8011016845703,73.4533386230469,86.2566680908203
146.072723388672,74.4727249145508,170.218185424805,81.2909088134766,108.772727966309,46.7000007629395,92.0272750854492
126.149658203125,63.8578491210938,176.234329223633,108.709098815918,122.906364440918,34.7930641174316,89.293098449707
145.485000610352,64.5661163330078,133.692779541016,88.0205535888672,116.768333435059,43.2555541992188,85.853889465332
66.3766250610352,185.766235351563,115.571426391602,223.337661743164,208.818176269531,84.363639831543,81.3506469726563
56.3444442749023,19.4111099243164,81.5944442749023,84.7555541992188,166.494445800781,98.1999969482422,34.8555526733398
135.005554199219,94.7111129760742,64.3888854980469,76.1111145019531,106.144439697266,54.7611083984375,75.2777786254883
54.288890838623,38.6333351135254,52.6666679382324,42.0518531799316,173.62223815918,47.3592567443848,59.5296325683594
149.050216674805,55.8677787780762,95.6924438476563,48.6471138000488,43.4053344726563,35.0746650695801,153.111328125
76.1801376342773,68.1563720703125,36.3575668334961,37.0441665649414,122.263832092285,105.769599914551,55.3490829467773
135.881805419922,91.6636352539063,219.199996948242,82.6136322021484,102.12272644043,88.2545471191406,91.0681838989258
141.790908813477,67.4545440673828,125.454544067383,99.7636337280273,110.354545593262,33.3727264404297,73.6181793212891
144.338882446289,123.099998474121,39.9111099243164,25.9500007629395,65.8055572509766,90.4499969482422,88.3666687011719
191.89665222168,155.2080078125,70.439338684082,98.3091201782227,70.8337783813477,27.3539981842041,155.21533203125
214.816848754883,179.312973022461,77.647216796875,82.3088836669922,37.1222229003906,14.053147315979,169.373321533203
125.022415161133,168.513153076172,175.504730224609,132.170791625977,57.6990127563477,55.2995986938477,97.372200012207
148.2626953125,210.221435546875,152.087142944336,132.59619140625,53.0349197387695,54.1615905761719,79.0672988891602
162.347579956055,180.772323608398,125.475738525391,178.18424987793,54.0606803894043,25.9346904754639,126.059036254883
137.162872314453,199.888031005859,149.831970214844,128.480590820313,63.7202033996582,51.6485176086426,73.7929458618164
89.5227279663086,155.945617675781,60.0464630126953,55.7508430480957,63.9745788574219,60.1412467956543,50.5693550109863
91.4969863891602,179.374633789063,68.0307235717773,60.6527519226074,55.8146324157715,79.7868957519531,54.972900390625
162.038879394531,138.805557250977,80.9888916015625,28.3777770996094,48.6388893127441,83.5611114501953,102.266662597656
159.124435424805,160.566680908203,134.459991455078,124.982223510742,174.364456176758,45.2488899230957,145.046661376953
171.411117553711,146.251846313477,146.825927734375,103.114814758301,147.381469726563,42.533332824707,107.240745544434
162.533340454102,43.0566673278809,261.160003662109,37.1900024414063,55.4766654968262,14.5,160.293334960938
147.946380615234,45.9797210693359,65.1483306884766,24.700834274292,45.5772247314453,53.1616630554199,198.376663208008
29.2596797943115,31.2755317687988,96.5116577148438,29.4997463226318,24.1164894104004,142.061553955078,16.3276958465576
32.1541481018066,35.879768371582,110.3291015625,32.5932388305664,37.8673973083496,143.792175292969,14.4106950759888
25.4380359649658,35.9430770874023,101.434928894043,25.5006237030029,47.8110580444336,137.55842590332,17.4091167449951
66.2099685668945,39.859691619873,91.7894821166992,71.2267379760742,130.280303955078,122.651306152344,39.2500495910645
164.527847290039,123.827842712402,107.933372497559,82.3534393310547,92.3279113769531,14.0385179519653,67.324462890625
104.9990234375,172.390197753906,88.8636322021484,114.85457611084,67.6399993896484,63.6639213562012,109.943817138672
23.9774379730225,17.3042583465576,91.1506195068359,29.3877906799316,57.4908332824707,51.7662811279297,1.95112490653992
12.1534481048584,32.0741920471191,82.7371063232422,49.2209587097168,58.8902549743652,82.792594909668,9.97922611236572
34.4804077148438,54.8609466552734,56.129337310791,43.3782272338867,90.9399108886719,89.7105178833008,15.6028728485107
42.8779258728027,29.4248275756836,82.8192291259766,29.4983425140381,72.9399108886719,71.174934387207,0.475810408592224
36.1294631958008,21.1451416015625,67.1861724853516,21.5341415405273,91.7120666503906,74.833854675293,2.64081883430481
12.0422763824463,21.4068603515625,67.4814147949219,25.9858303070068,52.9380836486816,66.2527313232422,4.03922033309937
42.109432220459,31.1836414337158,121.585388183594,53.5067329406738,25.6970729827881,152.430587768555,6.83199548721313
107.099998474121,125,119.433334350586,163.988891601563,63.7666664123535,41.9222221374512,113.755554199219
59.9422416687012,56.0504722595215,115.321243286133,62.1890106201172,115.084053039551,144.268157958984,51.766357421875
40.778678894043,38.1042633056641,103.395172119141,47.1112251281738,94.6612854003906,121.577453613281,30.6400833129883
53.0360984802246,44.2816009521484,96.2623596191406,39.9694175720215,103.526321411133,117.490615844727,24.5226993560791
136.303024291992,57.7575759887695,179.181823730469,84.8383865356445,98.1616134643555,85.4444427490234,78.7373733520508
202.868988037109,155.379989624023,78.0493850708008,90.668083190918,57.1933326721191,19.7871723175049,180.52262878418
252.236663818359,122.391296386719,85.5686111450195,79.2330169677734,32.0550498962402,24.134126663208,120.840377807617
197.954849243164,163.375793457031,86.9737548828125,95.8887481689453,36.238395690918,23.2165946960449,133.643539428711
179.708602905273,95.24267578125,27.6732234954834,140.84455871582,85.8319320678711,19.4182720184326,118.543525695801
233.37272644043,109.454544067383,134.354537963867,50.6545448303223,62.1636352539063,27.6727275848389,142.62727355957
278.77587890625,145.490951538086,93.0668258666992,85.6812744140625,31.1788883209229,31.0622215270996,102.348098754883
140.324661254883,186.979339599609,154.251998901367,179.345336914063,85.8762130737305,40.439338684082,119.055114746094
173.655548095703,150.111114501953,109.311111450195,55.9333343505859,34.0444450378418,43.1111106872559,15.3777780532837
179.955551147461,156.955551147461,181.144439697266,74.5999984741211,203.311111450195,50.2111129760742,100.622222900391
81.2141418457031,193.005554199219,49.5390586853027,43.0478096008301,57.0501708984375,65.758918762207,68.5281143188477
179.211608886719,109.154541015625,45.9573211669922,45.9833335876465,60.7568206787109,66.6959609985352,52.4866142272949
127.292930603027,139.939392089844,66.8585891723633,46.5555572509766,45.5252532958984,56.8383827209473,139.565658569336
116.175079345703,180.851852416992,35.3148155212402,81.072395324707,54.7760925292969,62.3973083496094,66.0269393920898
152.282821655273,62.3030319213867,17.0808086395264,93.7373733520508,124.151512145996,81.0606079101563,23.5757579803467
104.503829956055,134.095977783203,129.427673339844,68.7357635498047,113.316566467285,94.5486831665039,202.81233215332
78.1136016845703,66.6337814331055,127.409339904785,107.404777526855,191.108322143555,115.33243560791,55.9092216491699
69.4304046630859,66.3452835083008,129.586837768555,66.7995758056641,181.055160522461,123.160484313965,45.3010787963867
41.1986083984375,39.3848876953125,86.3402481079102,57.5676383972168,42.6569786071777,149.78498840332,17.7224521636963
27.3588027954102,35.9939117431641,100.043807983398,25.3099403381348,25.2736663818359,139.053680419922,18.6099987030029
120.472015380859,103.715270996094,75.1338424682617,56.9505500793457,150.739273071289,59.3282814025879,160.307662963867
216.755554199219,125.255554199219,136.233337402344,105.388885498047,154.966659545898,28.9333324432373,144.588882446289
167.522216796875,73.0555572509766,128.366668701172,76.9888916015625,128.28889465332,42.2888870239258,119.322219848633
42.5641021728516,39.0769233703613,32.3205146789551,2.26923084259033,1.17948722839355,30.1282043457031,114.538459777832
29.003475189209,12.4353199005127,19.1721267700195,9.12104892730713,24.6521682739258,25.716775894165,9.47571563720703
40.519229888916,31.0705127716064,32.6474380493164,2.88461542129517,5.39743614196777,25.7179489135742,94.3717956542969
67.9358978271484,40.1666679382324,57.3333320617676,0,0,25.7051277160645,66.6410293579102
9.83516502380371,8.67033004760742,12.0879125595093,60.1648368835449,40.241756439209,65.2966995239258,20.5604400634766
99.91650390625,121.926940917969,38.4670066833496,104.597984313965,101.302696228027,78.1744079589844,51.4616203308105
60.5826110839844,177.698318481445,92.0419845581055,229.624893188477,208.345596313477,82.5792236328125,95.3262557983398
20.6319522857666,24.1465091705322,45.6106491088867,27.5274353027344,97.3152236938477,46.0289993286133,3.21929979324341
21.8176651000977,23.7657794952393,32.3741874694824,37.6186981201172,122.325439453125,45.9256591796875,1.61229956150055
27.0619354248047,27.0669136047363,29.1846294403076,12.9936418533325,45.2984008789063,96.3284378051758,4.07887077331543
95.4111175537109,136,147.411102294922,195.833343505859,42.4888877868652,38,103.099998474121
41.4307708740234,14.384614944458,4.64615392684937,0,1.94615387916565,16.8307685852051,25.7846145629883
47.1538429260254,17.5230770111084,8.7128210067749,0,2.49743580818176,19.6871795654297,37.6615409851074
50.2193756103516,22.494873046875,25.8525657653809,0.0240740738809109,0.843732178211212,23.8568382263184,41.3256378173828
53.4307708740234,13.5461540222168,12.2461538314819,0,3.14615392684937,23.9692306518555,51.5846176147461
64.0398483276367,57.7172546386719,27.2635898590088,72.7343215942383,95.7924499511719,98.895378112793,39.8310737609863
23.502721786499,39.5022583007813,49.8081359863281,58.6989440917969,92.0023651123047,70.893424987793,22.6984081268311
16.385627746582,28.4691696166992,54.4554901123047,109.077964782715,115.206649780273,54.9644355773926,26.591329574585
30.0317935943604,18.9358978271484,8.84871864318848,0,1.06769239902496,8.58102607727051,30.0256404876709
37.5170936584473,26.1572647094727,12.3940172195435,0,2,14.0307693481445,24.6794872283936
51.3794860839844,24.0153827667236,31.7358951568604,0.00854700896888971,1.62991464138031,38.0589752197266,46.9683799743652
30.6290912628174,15.5504274368286,4.06077527999878,0,1.76646816730499,3.90415120124817,20.4842624664307
73.5593414306641,51.4811325073242,12.4023809432983,0.72289377450943,0,21.9945049285889,36.2965202331543
66.1265716552734,52.5261611938477,27.575403213501,0,1.00153851509094,29.0356025695801,74.0462646484375
49.0110244750977,24.9746170043945,24.7707691192627,0,0.73025643825531,25.6507720947266,46.0905151367188
54.4573669433594,44.0183258056641,24.1154365539551,0,1.46497476100922,24.4548835754395,72.2418899536133
39.7938461303711,16.7292289733887,8.31384563446045,0,3.46153831481934,5.62461566925049,13.4400005340576
45.1764450073242,152.225997924805,251.442901611328,66.1651077270508,159.457550048828,206.697998046875,139.634674072266
58.0468444824219,90.7158203125,182.408325195313,110.217208862305,102.395973205566,125.184928894043,87.0973892211914
77.680793762207,66.9654006958008,219.356811523438,111.853019714355,160.439682006836,217.7880859375,85.06396484375
80.2847900390625,77.4076690673828,170.820907592773,84.7768325805664,162.337966918945,152.04216003418,73.9728775024414
31.7600517272949,171.138229370117,212.592758178711,61.4609603881836,116.592765808105,94.1248016357422,119.647026062012
89.5773620605469,53.4830551147461,214.431793212891,160.625823974609,147.977081298828,134.884155273438,79.2154235839844
88.5777740478516,124.97777557373,115.366668701172,73.5222244262695,97.1555557250977,241.899993896484,79.8888854980469
53.0137557983398,57.1516494750977,141.803970336914,62.8469581604004,95.522590637207,87.6263275146484,122.550888061523
40.3762512207031,204.797241210938,209.710845947266,55.0687522888184,130.211242675781,103.369445800781,132.273483276367
27.5676383972168,90.8616714477539,120.868881225586,86.8199920654297,142.957641601563,154.56999206543,98.3697204589844
28.8684253692627,160.542556762695,221.953277587891,89.5542297363281,135.94660949707,103.752021789551,115.105529785156
84.5642242431641,97.4020004272461,125.637771606445,99.8579940795898,138.446670532227,91.0422210693359,64.7873382568359
74.2833404541016,69.4888916015625,222.477783203125,96.0555572509766,177.555557250977,183.911102294922,78.4555511474609
78.7833404541016,121.789443969727,124.177780151367,125.317779541016,151.216674804688,175.067779541016,76.7638854980469
70.713981628418,110.412857055664,80.680061340332,155.6728515625,189.796325683594,64.3586273193359,106.551963806152
32.6427307128906,160.496658325195,264.981262207031,77.2539367675781,195.224105834961,145.225891113281,136.971099853516
47.8300018310547,91.2900009155273,73.3300018310547,118.26000213623,148.369995117188,76.2200012207031,129.360000610352
89.2677764892578,142.514999389648,150.060546875,128.591110229492,141.392211914063,180.25,79.0261077880859
78.0992584228516,78.2650604248047,195.636795043945,91.8174133300781,161.121719360352,243.626037597656,101.743698120117
123.902221679688,156.994995117188,150.24333190918,66.14111328125,54.304443359375,187.452789306641,122.661117553711
75.3719940185547,113.156661987305,120.081558227539,105.374671936035,167.451553344727,170.046005249023,65.4995574951172
36.4122924804688,134.715484619141,235.907241821289,87.846305847168,209.330856323242,210.302627563477,146.243896484375
51.1942596435547,103.800926208496,112.212608337402,84.2038803100586,137.180648803711,64.5711059570313,140.057968139648
74.9771347045898,111.635841369629,163.263870239258,81.1371231079102,178.758041381836,197.47981262207,87.3836975097656
94.958740234375,147.392318725586,141.705657958984,51.2954750061035,61.6956787109375,235.075988769531,100.03352355957
35.0546646118164,142.491119384766,269.704650878906,75.7268829345703,197.739334106445,188.38932800293,149.193115234375
72.0921478271484,82.7058792114258,192.25407409668,110.915008544922,173.451293945313,59.5096893310547,106.988410949707
69.8184509277344,95.0244293212891,166.837905883789,95.142204284668,184.471313476563,42.9302139282227,90.1278533935547
88.7348480224609,59.746337890625,160.865676879883,150.374420166016,192.170822143555,147.115829467773,117.969848632813
132.484985351563,93.6393737792969,200.607360839844,114.652725219727,124.230255126953,148.725219726563,86.3268890380859
97.0611114501953,118.550003051758,202.877777099609,109.483337402344,44.3666687011719,242.861114501953,82.0111083984375
81.4658050537109,145.209091186523,116.014083862305,95.1069412231445,127.04027557373,54.7253570556641,143.685501098633
120.812774658203,71.0411071777344,146.030548095703,136.766662597656,138.416107177734,159.612777709961,84.3655548095703
75.2541656494141,92.3502807617188,109.876663208008,84.1811065673828,142.448608398438,57.9844436645508,129.074722290039
93.7270278930664,199.733520507813,219.089614868164,66.0005569458008,41.9146270751953,227.446487426758,91.1222229003906
98.6175003051758,42.1888885498047,140.838607788086,106.154441833496,135.222778320313,140.092224121094,74.5558319091797
116.880439758301,71.4715423583984,158.435791015625,170.20964050293,163.819046020508,192.449417114258,97.5691070556641
109.336296081543,63.8786544799805,169.945449829102,137.630218505859,154.18586730957,176.774002075195,89.5161972045898
107.515502929688,66.1249084472656,138.680099487305,113.367111206055,137.048416137695,118.982818603516,101.755409240723
78.8025894165039,136.45703125,80.0544509887695,94.5155563354492,155.062591552734,53.8559265136719,123.077415466309
56.4526672363281,119.755111694336,85.1548843383789,75.3000030517578,121.57844543457,77.1806640625,130.443572998047
77.8666687011719,139.584884643555,82.5833282470703,97.9264450073242,147.390655517578,52.5028915405273,141.415786743164
47.3222198486328,114.944442749023,91.4888916015625,59,125.199996948242,76.716667175293,120.655555725098
107.355857849121,60.8640365600586,143.274124145508,131.820648193359,144.675018310547,163.352569580078,83.2345199584961
131.624145507813,76.4515991210938,154.285354614258,138.908798217773,146.93798828125,142.969665527344,85.1341781616211
129.576812744141,81.3380126953125,183.658279418945,120.464492797852,97.1586456298828,147.519668579102,91.5258560180664
66.808219909668,108.775123596191,99.0064468383789,122.097999572754,227.854888916016,50.8282241821289,133.773788452148
88.7333297729492,193.466659545898,197.78889465332,82.7333297729492,36.6777763366699,198.755554199219,87.3000030517578
116.882019042969,69.8727264404297,149.050918579102,154.992523193359,161.695159912109,222.413940429688,97.63818359375
63.9803009033203,92.6133117675781,167.3271484375,63.5673027038574,140.14875793457,65.6421203613281,141.405838012695
68.6127777099609,97.9111099243164,125.016662597656,126.230560302734,235.740005493164,44.3469467163086,110.998062133789
56.033332824707,134.122222900391,153.53889465332,146.149993896484,57,81.272216796875,200.027770996094
43.1333351135254,137.71110534668,158.766662597656,168.28889465332,121.988891601563,171.355560302734,262.277770996094
39.0361099243164,121.657325744629,76.2421722412109,135.997711181641,123.051010131836,79.4320678710938,210.793426513672
58.9339904785156,122.281829833984,150.312316894531,135.547302246094,72.4715042114258,88.2362823486328,189.392379760742
107.943183898926,145.136367797852,131.340911865234,221.215911865234,154.511367797852,367.261352539063,117.693183898926
106.185691833496,184.405883789063,136.993438720703,75.6988296508789,104.864471435547,150.335510253906,119.074745178223
138.037033081055,187.753707885742,81.7296295166016,42.2999992370605,86.7370376586914,192.661117553711,136.253707885742
138.774505615234,182.730072021484,76.9548492431641,48.0414428710938,68.7454528808594,184.966644287109,135.001998901367
113.512496948242,175.978271484375,120.608589172363,75.338005065918,152.804916381836,149.266403198242,138.922225952148
108.044441223145,146.633331298828,141.433334350586,159.022216796875,126.677780151367,247.233337402344,100.633331298828
122.174758911133,174.025451660156,125.88020324707,102.705459594727,122.335754394531,146.156158447266,135.962020874023
112.582015991211,201.015350341797,130.460205078125,79.7505035400391,202.737579345703,157.466461181641,154.889099121094
141.309448242188,175.393341064453,170.923889160156,77.4366683959961,57.0638885498047,164.908889770508,107.632781982422
125.661033630371,191.888748168945,186.430541992188,47.5470123291016,36.4688491821289,185.849822998047,117.229187011719
117.085357666016,167.222717285156,117.664138793945,99.2434387207031,119.149993896484,160.401519775391,128.196975708008
78.4753341674805,95.2337799072266,113.714881896973,37.6786651611328,171.681762695313,99.728889465332,84.1668853759766
95.25,187.240005493164,83.5500030517578,74.1999969482422,142.380004882813,70.5999984741211,119.910003662109
118.633430480957,64.2336730957031,38.771354675293,46.2324981689453,183.314575195313,59.5539588928223,84.1514053344727
83.4000015258789,123.099998474121,90.6100006103516,34.3499984741211,202.949996948242,96.1600036621094,93.25
99.3369445800781,173.097640991211,70.9797134399414,48.9012908935547,106.084037780762,72.0152740478516,110.465026855469
92.3682098388672,161.442169189453,64.4843902587891,60.1976737976074,80.8512344360352,84.0830612182617,103.532447814941
90.0199966430664,73.7399978637695,57.4199981689453,44.060001373291,173.740005493164,87.5299987792969,75.7900009155273
120.778511047363,73.5695724487305,53.9464454650879,54.1226539611816,156.783676147461,69.7500228881836,74.0803833007813
91.0735855102539,76.6324768066406,43.7263603210449,41.622802734375,177.161834716797,77.3693084716797,73.5787353515625
30.4466037750244,33.2871475219727,132.908157348633,165.255142211914,57.3407707214355,57.8362503051758,78.8126831054688
61.9116821289063,83.2825775146484,224.402709960938,196.232177734375,90.0405883789063,190.693481445313,77.0030364990234
33.2083320617676,41.4583320617676,130.73957824707,104.520835876465,141.48957824707,80.8020858764648,112.34375
16.5045967102051,27.8822479248047,152.08642578125,121.189956665039,53.0252265930176,52.8708000183105,67.6275787353516
22.6846523284912,38.5424461364746,175.056686401367,127.185470581055,90.9155044555664,67.0373229980469,79.6624298095703
58.5083389282227,71.6906890869141,234.619537353516,178.490386962891,68.9160385131836,163.366424560547,78.0565719604492
25.8402462005615,40.3327560424805,152.054260253906,155.947174072266,86.6369781494141,57.6309509277344,72.6454315185547
18.7128162384033,42.3509674072266,143.465255737305,161.448623657227,49.506778717041,53.6277656555176,71.4508514404297
52.9284248352051,102.202194213867,73.5517578125,75.5630569458008,198.27978515625,61.8303070068359,99.203369140625
145.370132446289,166.279403686523,126.124809265137,34.7758941650391,106.665550231934,168.135467529297,123.395904541016
27.4691352844238,117.950614929199,144.308639526367,52.5308647155762,91.0617294311523,56.7654304504395,202.246917724609
28.7729167938232,112.450561523438,133.592651367188,80.5445785522461,97.7430572509766,115.040550231934,88.7402801513672
43.810001373291,144.350006103516,145.720001220703,33.1699981689453,130.100006103516,47.9199981689453,100.849998474121
40.1137237548828,162.034912109375,135.217361450195,103.629173278809,86.5043106079102,44.9153213500977,76.9541778564453
35.1590919494629,124.909088134766,73.0568161010742,122.147727966309,30.0340900421143,17.6704540252686,55.6363639831543
23.9740581512451,70.1410293579102,172.95231628418,76.2603302001953,128.310409545898,143.242431640625,103.104049682617
30.9091548919678,82.5478286743164,128.840438842773,90.80712890625,133.040496826172,112.64624786377,96.6881484985352
29.2020206451416,116.343437194824,128.65657043457,109.515151977539,66.0202026367188,87.5555572509766,79.3131332397461
20.9203052520752,114.587097167969,177.198974609375,71.2492141723633,115.69197845459,176.216751098633,130.291000366211
25.8374557495117,93.0047760009766,187.051574707031,93.6379623413086,104.594879150391,174.789733886719,120.944343566895
22.4397621154785,122.394134521484,144.484390258789,65.4886093139648,128.793655395508,163.352233886719,149.26823425293
39.6250228881836,105.573608398438,130.701385498047,104.503051757813,109.812156677246,87.7342681884766,91.4627380371094
41,191.625,126.488639831543,170.920455932617,50.2045440673828,23.8636360168457,60.5340919494629
23.4526672363281,119.39631652832,137.014785766602,55.9891090393066,150.734481811523,167.727340698242,153.286209106445
27.2650241851807,124.361480712891,136.820449829102,62.995964050293,163.068313598633,160.275634765625,159.3125
19.1266670227051,68.9113235473633,168.56591796875,78.2427139282227,103.756286621094,178.509399414063,96.7299346923828
132.102279663086,144.613632202148,214.977279663086,217.465911865234,140.806823730469,214.943176269531,51.2272720336914
12.3963441848755,65.3323211669922,116.310317993164,141.681121826172,99.4050827026367,46.511344909668,72.8147506713867
1.17358815670013,38.5384178161621,155.29443359375,54.8627395629883,29.0815753936768,29.9778537750244,42.2691955566406
16.3197269439697,31.1999187469482,115.972633361816,97.7290573120117,120.968627929688,71.1020126342773,84.1863098144531
23.239595413208,82.0924911499023,110.723541259766,79.0829849243164,39.4123420715332,67.4348907470703,38.3035545349121
12.1481056213379,48.1369857788086,115.279815673828,72.9888763427734,40.8972930908203,47.0802383422852,84.3442077636719
4.14090442657471,58.403133392334,72.478271484375,60.3364448547363,26.0974864959717,44.5593757629395,65.5120315551758
13.2091941833496,39.1892433166504,117.356475830078,134.929138183594,49.1246795654297,53.034839630127,71.6048889160156
23.3836879730225,47.0496101379395,99.0467376708984,70.9602355957031,103.564102172852,57.4838562011719,86.6035003662109
5.39473438262939,58.4173240661621,88.0697479248047,64.2459487915039,22.5002670288086,45.2382049560547,71.1779251098633
2.75769710540771,49.9601669311523,153.941497802734,38.5854187011719,26.1813831329346,30.8784103393555,35.9611549377441
91.1246795654297,66.2497787475586,176.477066040039,89.84228515625,108.305488586426,85.0187606811523,118.607353210449
105.991256713867,71.0209274291992,140.008819580078,87.0390167236328,110.015037536621,111.017723083496,105.489135742188
120.529289245605,96.2103881835938,157.441543579102,70.762336730957,115.334053039551,171.422225952148,70.2633514404297
144.449249267578,107.618690490723,167.297973632813,116.557319641113,136.435089111328,172.278533935547,65.9522705078125
108.762084960938,104.566551208496,126.239418029785,73.0654907226563,89.7783508300781,98.3992233276367,120.299034118652
118.186111450195,89.4744415283203,119.350242614746,133.133865356445,120.05859375,163.109771728516,78.0478591918945
73.1914138793945,136.256942749023,119.245574951172,65.8537902832031,140.629135131836,40.8508758544922,85.2198181152344
150.588882446289,128.966659545898,173.322219848633,85.1333312988281,104.877777099609,169.899993896484,99.533332824707
133.853790283203,126.967041015625,166.343048095703,119.19229888916,127.964767456055,155.420440673828,72.0472259521484
84.4872894287109,169.432220458984,102.680908203125,60.371654510498,147.777099609375,56.6593551635742,92.8336715698242
137.506820678711,100.726264953613,179.739898681641,115.29167175293,120.40657043457,145.491149902344,70.1972198486328
91.3955764770508,84.2907409667969,142.057144165039,80.0667953491211,111.039985656738,58.9184722900391,115.257957458496
100.381530761719,88.5986557006836,141.618881225586,96.2447738647461,103.352668762207,93.2568435668945,105.731330871582
70.9240417480469,128.507705688477,135.424911499023,54.9799270629883,151.350784301758,54.3574905395508,87.3395614624023
129.028076171875,104.844039916992,173.254745483398,131.097381591797,113.857376098633,162.18180847168,76.3355560302734
100.722221374512,106.794448852539,113.644439697266,59.9000015258789,128.361114501953,107.100006103516,114.116668701172
112.509254455566,79.2791213989258,127.047302246094,94.6902694702148,105.622825622559,130.081985473633,77.4438095092773
128.896392822266,127.355934143066,168.738632202148,101.96036529541,141.357955932617,188.355804443359,72.8293533325195
110.426536560059,88.3438034057617,140.574096679688,78.5880661010742,90.1362686157227,96.9611587524414,101.133247375488
99.9413757324219,74.6686630249023,132.008239746094,105.45378112793,110.952766418457,105.405937194824,110.426170349121
118.855560302734,109.629043579102,98.158332824707,116.210098266602,132.234085083008,153.556564331055,77.8143997192383
74.8259201049805,111.410385131836,161.992645263672,81.2054824829102,163.007461547852,49.0720863342285,92.7328262329102
151.193588256836,120.627365112305,203.246734619141,102.308639526367,132.646728515625,143.568405151367,76.7626266479492
144.762634277344,97.3550567626953,142.665649414063,139.024749755859,109.430297851563,218.766159057617,80.6833343505859
70.4041213989258,82.4374237060547,157.242691040039,74.3360595703125,141.707855224609,66.2539138793945,119.928703308105
99.7596740722656,120.590423583984,143.167327880859,35.2131423950195,147.622573852539,76.0090255737305,105.631317138672
95.5416717529297,104.043006896973,138.792144775391,52.368522644043,117.48804473877,82.2227020263672,115.400917053223
115.934494018555,85.8317413330078,116.792297363281,92.3361434936523,114.677871704102,137.844528198242,76.6792602539063
108.306564331055,88.5526275634766,198.151000976563,73.3232345581055,91.8003082275391,135.713439941406,76.5239410400391
69.1858444213867,76.6234664916992,194.416198730469,98.8386306762695,147.229690551758,65.1498718261719,102.865119934082
152.65657043457,118.969696044922,115.575759887695,74.1313095092773,94.5050506591797,179.858581542969,107.080810546875
83.2076416015625,171.29768371582,95.6236419677734,79.1936798095703,146.969604492188,47.4179000854492,98.3714752197266
87.3057327270508,137.918151855469,176.559051513672,39.3743667602539,129.282989501953,55.820686340332,103.156730651855
60.9199981689453,86.129997253418,152.270004272461,45.2900009155273,132.820007324219,71.8600006103516,170.619995117188
60.6333351135254,93.3111114501953,162.988891601563,109.800003051758,88.6111145019531,69.9555587768555,198.71110534668
56.7274475097656,52.5457649230957,148.722640991211,74.8085708618164,65.0867004394531,84.9121017456055,60.724536895752
72.7368927001953,35.5582618713379,147.093734741211,96.6937561035156,79.7389144897461,104.573318481445,61.3141784667969
33.517765045166,28.0776481628418,103.286102294922,119.388305664063,33.6131324768066,93.0236511230469,52.1394004821777
39.460865020752,41.7440452575684,122.292533874512,88.8388366699219,100.54322052002,78.8168640136719,50.907283782959
90.6074523925781,51.3041648864746,243.270477294922,70.1692733764648,89.8899307250977,179.355484008789,65.0406875610352
48.0146751403809,38.9736022949219,119.463752746582,86.4070434570313,99.2209091186523,75.3904037475586,53.1001434326172
83.0078430175781,68.6361923217773,258.978271484375,67.0490570068359,126.600685119629,169.926712036133,70.9175415039063
151.395156860352,141.371505737305,106.696762084961,131.297164916992,92.2193984985352,243.628692626953,151.209701538086
146.054779052734,183.454940795898,96.0270309448242,84.4938812255859,71.3280868530273,240.650955200195,148.740127563477
149.922088623047,117.346321105957,101.007934570313,84.0606079101563,99.4382400512695,224.835479736328,139.00505065918
210.111114501953,108.373741149902,156.555557250977,43.1818199157715,89.1717147827148,184.373733520508,75.5151519775391
125.640739440918,177.511108398438,95.1222229003906,80.640739440918,132.659255981445,140.170364379883,117.14444732666
137.473861694336,188.009719848633,95.3947219848633,56.9063377380371,60.7958831787109,211.293716430664,134.528106689453
26.537878036499,65.1340942382813,72.6598510742188,12.3344697952271,66.327278137207,3.92727279663086,108.933326721191
3.05777788162231,36.6975784301758,72.9971771240234,25.4393939971924,51.5446472167969,117.779602050781,124.021018981934
24.8071975708008,77.2914123535156,85.6953277587891,14.5654048919678,45.2896461486816,18.2123737335205,76.5392608642578
74.062629699707,205.592926025391,147.908279418945,79.6442413330078,257.585266113281,151.914138793945,128.063430786133
65.1047973632813,213.046722412109,175.926010131836,76.0303039550781,275.203552246094,166.889129638672,124.347724914551
90.6289596557617,187.943435668945,115.836364746094,103.220207214355,311.63232421875,127.258247375488,132.375747680664
101.851104736328,204.768051147461,80.9933319091797,94.6252822875977,261.997497558594,130.020278930664,127.564720153809
85.0090942382813,121.254547119141,89.7818145751953,103.354545593262,177.990905761719,83.6727294921875,111.772727966309
117.009056091309,92.2432327270508,108.336364746094,63.1277122497559,134.647735595703,114.72110748291,152.084457397461
83.3722229003906,124.467224121094,63.2122230529785,84.0149993896484,190.890563964844,80.3594436645508,123.183334350586
136.363632202148,174.68830871582,162.038955688477,246.623382568359,122.610389709473,111.948051452637,48.2077903747559
15.588888168335,43.1944427490234,52.9555549621582,24.466667175293,84.3666687011719,74.7944488525391,95.3777770996094
54.3444442749023,89.033332824707,144.616668701172,80.9055557250977,92.9222259521484,71.6888885498047,188.949996948242
15.4962959289551,23.9555568695068,36.8814811706543,52.5333366394043,57.8925933837891,56.7259254455566,93.5629653930664
80.0640029907227,109.49422454834,87.9420013427734,40.1760025024414,134.968444824219,105.245994567871,80.3902282714844
71.0896148681641,49.7591590881348,208.730407714844,85.4149627685547,83.8410797119141,152.014053344727,67.4844741821289
109.37272644043,188.759094238281,118.345458984375,93.8636322021484,219.354553222656,118.563629150391,126.486366271973
59,132.718185424805,73.7181854248047,61.7636375427246,290.918182373047,127.272727966309,88.5818176269531
38.1222229003906,119.216667175293,107.966667175293,89.3499984741211,125.261108398438,119.25,197.316665649414
93.1300048828125,110.974891662598,228.698211669922,119.370887756348,150.675109863281,199.121109008789,111.948669433594
128.790725708008,71.4496307373047,229.793334960938,157.86833190918,123.48592376709,135.954071044922,81.8475952148438
113.637496948242,103.658058166504,186.826141357422,112.082885742188,103.09432220459,184.084197998047,87.8056793212891
78.0619049072266,52.4431762695313,170.399536132813,158.710800170898,183.868270874023,131.281585693359,106.676025390625
104.439430236816,82.2872009277344,207.958541870117,78.1971969604492,160.493469238281,194.707046508789,99.3143615722656
72.5959625244141,70.3976287841797,190.691375732422,128.688446044922,165.730102539063,74.7216796875,113.053604125977
25.9271030426025,98.6402359008789,184.61784362793,76.0880508422852,108.427612304688,143.77490234375,146.180969238281
28.365385055542,74.5011444091797,161.783920288086,89.1935882568359,131.049743652344,152.379974365234,138.45686340332
49.6444473266602,119.672225952148,138.744445800781,153.433334350586,92.1333312988281,119.916664123535,229.755554199219
172.517776489258,162.259994506836,98.2599945068359,57.3400039672852,89.2266616821289,165.922210693359,129.362213134766
172.344436645508,187.066665649414,83.1037063598633,53.114818572998,64.8777770996094,181.455551147461,140.159255981445
81.9266662597656,81.696662902832,50.8400001525879,40.9766693115234,199.140014648438,96.0266723632813,92.2533340454102
81.9847259521484,98.9588928222656,113.55721282959,20.9572219848633,106.229995727539,140.838333129883,110.19361114502
10.1187677383423,63.1475105285645,95.5746917724609,53.6761932373047,37.8803405761719,53.8857727050781,80.5960388183594
11.6806869506836,51.6614685058594,129.923721313477,52.7850341796875,51.1274070739746,68.5713424682617,91.8757019042969
14.9775886535645,55.2391357421875,116.295852661133,50.1631851196289,60.8740043640137,71.1675109863281,97.572883605957
16.4583015441895,26.1158294677734,152.551681518555,122.658683776855,59.8463935852051,53.2141418457031,67.5036392211914
136.932678222656,199.319900512695,56.8359413146973,16.2237224578857,164.561660766602,151.375686645508,146.966491699219
22.8368663787842,75.390495300293,170.092514038086,68.1328506469727,105.109725952148,166.859451293945,107.379791259766
0.0487049520015717,55.5893936157227,135.372131347656,42.3695030212402,22.3992137908936,29.2959671020508,32.8352890014648
5.80634784698486,54.1187477111816,90.4224548339844,58.900634765625,33.6820945739746,49.1102905273438,63.4969940185547
14.7746047973633,45.6939544677734,98.2942504882813,156.040481567383,34.8231239318848,82.2768325805664,61.4126853942871
8.1203556060791,61.7882194519043,111.156967163086,83.0499649047852,55.8926544189453,34.4178161621094,60.204402923584
10.2927331924438,84.6595153808594,106.610847473145,118.784690856934,71.4185028076172,35.4899787902832,48.4435882568359
1.44233071804047,55.6463317871094,168.833374023438,33.0662841796875,39.7835121154785,37.7979393005371,38.5718574523926
14.917875289917,41.7394676208496,90.6876449584961,57.2908134460449,89.4360198974609,65.160514831543,90.5469131469727
106.266670227051,87.0555572509766,186.233337402344,67.1333312988281,102.666664123535,128.533340454102,80.9888916015625
35.9852638244629,58.1927604675293,103.388496398926,67.3496856689453,67.9367828369141,78.0197372436523,60.2990531921387
30.6802616119385,56.7879028320313,64.3884506225586,128.307495117188,68.0934982299805,61.6768760681152,62.856128692627
19.5802669525146,37.3248596191406,86.5486907958984,200.372528076172,43.1760139465332,55.7304611206055,72.8928070068359
105.24242401123,189.696975708008,103.060607910156,101.010101318359,199.707077026367,130.070709228516,117.444442749023
114.088088989258,110.970603942871,241.549514770508,142.355773925781,142.854537963867,166.003341674805,114.71354675293
82.6445541381836,121.893409729004,219.018081665039,78.7293930053711,103.234092712402,273.627838134766,105.256645202637
82.5191879272461,95.5755157470703,203.570831298828,70.5287857055664,112.376121520996,236.84147644043,104.772415161133
58.1738052368164,83.4065475463867,100.830223083496,90.3326873779297,187.086959838867,80.3960494995117,143.216415405273
138.436370849609,127.354545593262,259.336364746094,48.0363655090332,60.3818168640137,210.745452880859,155.481811523438
86.4307861328125,144.296661376953,216.897750854492,67.2503128051758,79.0049209594727,230.427947998047,100.660804748535
75.128662109375,100.508438110352,172.39176940918,74.8073272705078,141.046661376953,110.041114807129,141.970886230469
23.6888885498047,82.8666687011719,118.422225952148,107.044441223145,171.555557250977,53.533332824707,147.66667175293
33.7555541992188,99.1555557250977,138.955551147461,19.5111103057861,117.099998474121,44.1222229003906,181.71110534668
28.5702037811279,143.935195922852,132.904708862305,94.6713790893555,75.9439392089844,148.376266479492,160.884017944336
39.2876281738281,119.463890075684,98.9237442016602,93.841667175293,83.3780288696289,97.9459609985352,203.406326293945
37.6262626647949,57.8686866760254,83.0606079101563,129.606063842773,121.979797363281,158.595962524414,168.202026367188
23.9747467041016,102.673400878906,139.797988891602,103.01683807373,96.8569030761719,112.052185058594,116.86026763916
26.2525253295898,83.1414108276367,141.898986816406,120.222221374512,112.191917419434,64.9494934082031,100.717170715332
110.254150390625,179.619384765625,169.409286499023,55.794750213623,66.4387969970703,158.7880859375,129.915771484375
19.6270599365234,32.813549041748,157.4169921875,114.374633789063,89.6803359985352,61.4520530700684,78.8113784790039
13.940016746521,33.1136436462402,144.314605712891,124.064514160156,65.8474349975586,56.1807823181152,66.8916549682617
10.5593824386597,62.5736045837402,113.915626525879,67.0016021728516,73.7961959838867,87.6548309326172,89.6940002441406
14.8635158538818,55.1218757629395,95.5019683837891,51.3762397766113,60.7125244140625,58.6352462768555,93.1836090087891
55.5372467041016,61.6496238708496,161.840911865234,90.0755386352539,74.7571563720703,133.247268676758,78.7575759887695
15.0222225189209,98.8000030517578,115.300003051758,44.3222236633301,93.3666687011719,95.9222259521484,128.133331298828
28.7999992370605,95.8666687011719,91.0555572509766,46.966667175293,204.344451904297,50.7999992370605,261.700012207031
21.269229888916,44.2179489135742,100.897438049316,6.11538457870483,25.5897426605225,64.538459777832,14.1282052993774
21.3373870849609,52.2128257751465,48.6991119384766,70.6846618652344,6.92819833755493,54.5206413269043,29.562255859375
16.6666679382324,39.7692337036133,56.8205108642578,6.98717975616455,20.0833339691162,58.711540222168,9.68589782714844
70.7435913085938,80.538459777832,61.8846168518066,1.43589746952057,8.38461494445801,1.14102566242218,46.5769233703613
19.7142848968506,67.6483535766602,57.6153831481934,76.3076934814453,6.42857122421265,44.0988998413086,29.3186817169189
32.6383819580078,130.903366088867,160.915832519531,96.8037033081055,81.7946090698242,70.2875442504883,80.4208755493164
130.032241821289,182.852584838867,187.176162719727,269.858978271484,111.050140380859,103.782920837402,46.4085502624512
7.3547101020813,54.2780647277832,139.687561035156,45.1069145202637,25.6036491394043,39.2924041748047,33.8517265319824
20.25559425354,51.0200653076172,120.133773803711,85.8120727539063,35.1290130615234,61.3260726928711,36.1540718078613
6.49559640884399,60.6670036315918,114.646301269531,31.7516841888428,23.0637054443359,39.7058181762695,45.949878692627
123.544448852539,93.5166625976563,143.161102294922,87.3444519042969,107.877777099609,115.650001525879,94.7666625976563
39.9538459777832,14.9846153259277,5.53846168518066,0,3.80769205093384,0,32.0538444519043
76.8102493286133,12.8102569580078,4.1538462638855,0,0,0,29.8769226074219
56.0870361328125,25.9141025543213,12.0595436096191,0,5.01908826828003,0,61.2273483276367
72.8615417480469,7.50769233703613,4.807692527771,0,0,0.100000001490116,30.3923072814941
65.6917114257813,29.8970165252686,171.77375793457,51.3272590637207,65.5530471801758,115.23787689209,61.3594398498535
29.2710475921631,55.2370109558105,75.9565811157227,84.1956024169922,35.4045715332031,83.9578094482422,44.6048469543457
39.2680931091309,75.5289306640625,129.244735717773,65.6366882324219,18.5275688171387,113.420448303223,44.2570495605469
38.1641006469727,18.7241020202637,4.37487173080444,0,0.0369230769574642,0.264102578163147,20.1456413269043
43.3034172058105,16.5615386962891,5.48034143447876,0,2.19401717185974,0,35.1948738098145
82.7923049926758,33.9256401062012,17.8367519378662,0,6.21709442138672,0,46.0076904296875
33.033748626709,20.3537082672119,7.43826341629028,0,0.159401714801788,0.0346153862774372,25.7437896728516
76.8675842285156,39.0380935668945,11.9957876205444,0.448717951774597,2.85860824584961,1.23058605194092,54.0375442504883
85.5479888916016,41.2066688537598,37.0089340209961,0.246153861284256,8.68214225769043,2.94919419288635,45.7179336547852
63.9074325561523,27.3307685852051,13.7756404876709,0,3.7187180519104,0,45.0266647338867
65.3554534912109,53.8771629333496,41.3653945922852,0.350061058998108,8.41719818115234,2.21858525276184,25.4363574981689
26.5415382385254,10.6707706451416,2.80615377426147,0,0.280000030994415,0,28.9507694244385
