TMAX1,TMAX2,TMAX3,TMAX4,TMAX5,TMAX6,TMAX7
16.2480068206787,21.3888206481934,25.1290473937988,27.099063873291,26.3229866027832,25.211799621582,17.1419563293457
18.403205871582,24.5680274963379,27.136962890625,28.0950622558594,27.7749347686768,27.386739730835,19.6356086730957
19.5885105133057,25.2560939788818,28.7070159912109,30.0734043121338,29.2109775543213,28.2675762176514,20.980396270752
20.2580642700195,25.248010635376,28.8314094543457,30.4257488250732,29.2575302124023,28.2509136199951,21.3272876739502
16.7797908782959,21.8828372955322,25.3976745605469,27.0482044219971,26.2557754516602,25.4603824615479,17.4903583526611
19.1451740264893,24.968677520752,28.2375545501709,29.5981788635254,29.0166702270508,28.0533809661865,20.7242317199707
20.1990737915039,25.0680999755859,28.5444450378418,30.3557357788086,28.8553771972656,27.8840732574463,20.9896049499512
17.8255367279053,23.9339847564697,26.5475425720215,27.8087043762207,27.4082813262939,26.9376029968262,18.754753112793
16.5512409210205,21.9079456329346,25.3592491149902,27.3561325073242,26.3936290740967,25.3607234954834,17.4635028839111
18.3786449432373,23.1266231536865,26.6041965484619,27.688138961792,26.9983196258545,27.1952819824219,18.7388572692871
17.3228397369385,22.1279258728027,25.6952018737793,26.9290561676025,26.3559589385986,25.8769607543945,17.7261028289795
20.0862998962402,25.1096134185791,28.8513603210449,30.313549041748,29.2408866882324,28.354944229126,21.4148750305176
19.61962890625,24.982795715332,28.3278694152832,29.8800182342529,28.8755378723145,27.9557418823242,20.7811813354492
20.9265937805176,25.3116226196289,29.4075088500977,31.075267791748,29.568531036377,28.3633422851563,21.4333953857422
19.4616870880127,24.1457099914551,27.5708675384521,28.7815856933594,28.3718776702881,28.2437496185303,20.074987411499
17.143087387085,21.8027877807617,25.7119541168213,27.1207294464111,26.5879898071289,25.8481845855713,17.6295795440674
19.888500213623,24.1680641174316,27.767333984375,29.201774597168,28.6391944885254,28.5750007629395,20.2261295318604
21.1210289001465,25.448673248291,29.6836948394775,31.4626159667969,29.7308864593506,28.3973979949951,21.4634857177734
19.6275634765625,25.2898540496826,28.8884963989258,30.1283168792725,29.2045822143555,28.3091049194336,21.1426620483398
20.6196212768555,25.2107887268066,29.2969722747803,30.7362632751465,29.1001434326172,28.2010097503662,21.5499458312988
20.8126583099365,25.434627532959,29.3841361999512,30.9953460693359,29.6367225646973,28.4873390197754,21.6062870025635
16.9207897186279,21.4429168701172,25.5043563842773,27.0438003540039,26.5333461761475,25.8055019378662,17.4828472137451
19.0683307647705,24.1065769195557,27.4927062988281,28.4858093261719,28.2537059783936,28.1960678100586,19.8949851989746
20.3060302734375,25.1366901397705,28.6783962249756,30.4425258636475,29.0640811920166,27.950532913208,21.0488529205322
20.1098003387451,25.3970203399658,29.2598857879639,30.5986251831055,29.1836681365967,28.4912910461426,21.582857131958
16.7992706298828,21.4948062896729,25.5274066925049,27.0903129577637,26.5662727355957,25.7313957214355,17.4500541687012
16.8135643005371,24.0424957275391,25.7459659576416,27.3761348724365,27.0296630859375,26.1429195404053,18.0823440551758
16.6979789733887,23.8519401550293,25.6726951599121,27.2933902740479,26.9840755462646,26.0697059631348,17.9083366394043
16.9597492218018,24.0731735229492,25.8579387664795,27.3274211883545,26.7478675842285,26.0110340118408,18.105073928833
18.7971534729004,25.2121334075928,27.4145736694336,28.4569835662842,27.5476379394531,27.0936412811279,19.9815902709961
20.2136116027832,25.4877243041992,29.0791664123535,30.0180110931396,28.932975769043,28.1551856994629,21.2898750305176
16.2646198272705,22.9968795776367,25.3738746643066,26.8835182189941,26.2844142913818,25.4859447479248,17.4197807312012
17.9044628143311,24.7919998168945,26.7751312255859,27.9398651123047,27.0316123962402,26.7233333587646,19.180591583252
16.658670425415,23.8433990478516,25.8505268096924,27.2542610168457,26.9682426452637,26.3511867523193,17.8577289581299
20.1481418609619,25.4956512451172,29.472448348999,30.4312076568604,29.19407081604,28.4136943817139,21.5993175506592
17.3951892852783,24.3246421813965,26.4453887939453,27.6678638458252,27.149694442749,26.4912090301514,18.6602153778076
17.8358993530273,24.6397113800049,26.8039722442627,27.9743518829346,27.139612197876,26.6659965515137,19.1021480560303
17.4203510284424,24.4205665588379,26.4190044403076,27.6150417327881,26.732421875,26.3628273010254,18.7305641174316
17.0184154510498,24.1841907501221,25.933012008667,27.4020156860352,26.8623065948486,26.1348781585693,18.313081741333
16.4772033691406,23.233190536499,25.5522403717041,27.0854187011719,26.5240230560303,25.6878452301025,17.5955905914307
16.1406593322754,22.7449493408203,25.332389831543,27.2608604431152,26.5265808105469,25.5665187835693,17.3866062164307
16.4784145355225,23.3120536804199,25.5699939727783,27.12255859375,26.616153717041,25.7925510406494,17.5307731628418
16.2799072265625,22.8222236633301,25.4744453430176,27.3404121398926,26.7093200683594,25.7377777099609,17.5417556762695
17.187686920166,24.338888168335,26.1909446716309,27.4383144378662,26.6799221038818,26.1733150482178,18.5053482055664
18.1638565063477,24.8933296203613,26.9354496002197,28.0620040893555,27.1551856994629,26.8543930053711,19.4069442749023
18.5898990631104,25.1282215118408,27.4103183746338,28.5111179351807,27.6026439666748,27.3041248321533,20.0511150360107
16.6464862823486,23.8973064422607,25.8342132568359,27.19362449646,26.8989677429199,26.1985359191895,17.9829654693604
20.5861110687256,25.6587810516357,29.6794452667236,30.7485656738281,29.1931896209717,28.4027767181396,21.6516132354736
17.3476619720459,24.4931125640869,26.3847236633301,27.4600944519043,26.6637020111084,26.3396701812744,18.7124271392822
17.0502376556396,23.8045558929443,26.2008972167969,27.4873561859131,27.2949142456055,26.5594863891602,18.3649501800537
16.5548152923584,23.6621284484863,25.5741081237793,26.9378719329834,26.6001091003418,25.7787132263184,17.7671051025391
22.1168518066406,22.8022384643555,32.810001373291,33.2215042114258,31.3995513916016,30.77805519104,23.512186050415
21.1559257507324,22.0792121887207,32.1114807128906,32.9449806213379,30.8055553436279,30.293888092041,22.8700714111328
20.6183338165283,22.5705413818359,31.9542236328125,32.9595184326172,30.3779773712158,30.3463878631592,22.5805969238281
22.1170883178711,23.0121364593506,32.6161880493164,32.9710540771484,31.0582752227783,30.4712047576904,23.4445724487305
19.1534080505371,26.2016124725342,28.4293556213379,29.1044731140137,28.2747440338135,27.2642040252686,19.9204540252686
21.6748657226563,26.1679534912109,29.9967269897461,31.3792629241943,29.5136127471924,28.6024723052979,21.6196994781494
21.7868824005127,25.6444149017334,30.8474063873291,31.8582134246826,29.9912185668945,28.9780883789063,22.0201625823975
21.7230587005615,25.5343894958496,30.6670341491699,31.6938667297363,29.8930053710938,28.8454113006592,21.862813949585
21.5970973968506,26.5128784179688,30.1201972961426,31.3976345062256,29.590892791748,28.6249618530273,21.7748107910156
20.0418510437012,25.9682788848877,28.9488887786865,29.6261653900146,28.5575275421143,27.3555545806885,20.3618278503418
21.4749794006348,26.5544548034668,29.9750461578369,31.2448482513428,29.4817142486572,28.4809608459473,21.7554206848145
21.5741634368896,26.3087959289551,30.0194187164307,31.3790378570557,29.5688133239746,28.5820503234863,21.6121788024902
21.8445472717285,26.0962371826172,30.0703315734863,31.4401512145996,29.4464683532715,28.6579360961914,21.7824020385742
20.7681465148926,25.4826107025146,29.7691993713379,30.9101963043213,29.1094722747803,28.398229598999,21.7152538299561
21.5542182922363,26.6667976379395,30.1014823913574,31.4518661499023,29.6402492523193,28.5792083740234,21.8558502197266
14.3188629150391,21.9411010742188,24.3746509552002,27.1431884765625,25.6229057312012,24.2826499938965,15.4364185333252
15.6966667175293,23.0538711547852,25.2345008850098,27.0529041290283,26.6279029846191,25.8111667633057,17.2466125488281
11.6143455505371,20.4970397949219,22.4604949951172,26.1177368164063,24.6893310546875,23.7945537567139,14.5142784118652
13.8116664886475,21.7643547058105,24.2848339080811,26.997257232666,25.4422588348389,23.720666885376,15.1787099838257
15.7563505172729,23.4683399200439,25.3078937530518,27.512321472168,26.9573230743408,26.0971927642822,17.5658321380615
15.4339160919189,23.2925224304199,25.2459468841553,27.7039566040039,27.0409412384033,26.0016040802002,17.5500545501709
13.796667098999,22.3053226470947,24.5518341064453,27.5324192047119,25.8256454467773,24.7773342132568,15.676290512085
12.1669683456421,21.3120746612549,23.0816440582275,26.631591796875,25.2920970916748,24.506706237793,15.0712404251099
13.2814502716064,21.9088745117188,24.0436630249023,27.1474380493164,25.4585304260254,24.6253776550293,15.2802963256836
16.1019477844238,19.0477962493896,25.9578304290771,28.1187076568604,26.2573375701904,25.2002296447754,16.5598640441895
16.3249778747559,19.7861061096191,26.1756401062012,28.5198249816895,25.8410682678223,25.3964824676514,16.9543533325195
14.3605899810791,18.8870964050293,25.0609378814697,27.4637088775635,25.2116928100586,23.760763168335,14.7920026779175
14.941309928894,18.4382171630859,24.7872428894043,27.3034820556641,25.61399269104,24.1042976379395,15.2594499588013
15.2913570404053,19.0766506195068,25.4583492279053,27.592306137085,25.4880218505859,24.5396842956543,15.6496858596802
15.6048831939697,19.6777400970459,26.0600776672363,27.9891014099121,25.851541519165,25.2704696655273,16.5933685302734
15.8123426437378,19.2253284454346,25.7933654785156,27.949499130249,25.9885749816895,24.9992179870605,16.1870384216309
16.017240524292,19.0800228118896,25.6822605133057,27.9715766906738,26.2952270507813,25.0793743133545,16.3359355926514
20.3101692199707,23.6233806610107,29.6381683349609,31.2268295288086,29.4494132995605,28.1359672546387,21.4141044616699
21.8347339630127,25.6966381072998,30.9202995300293,31.9694385528564,30.2351970672607,28.9386901855469,22.2266807556152
20.5088481903076,23.3094387054443,28.3975315093994,30.1953411102295,28.8373165130615,27.9726333618164,21.0368385314941
20.3344039916992,22.9494915008545,28.5965118408203,30.314733505249,28.9227333068848,28.0367984771729,20.7232341766357
20.4890003204346,25.0200004577637,28.804500579834,30.2833862304688,29.336612701416,28.5224990844727,20.9382247924805
17.8742198944092,20.3851261138916,27.9437389373779,30.5929050445557,28.6498222351074,27.8877372741699,20.3031139373779
18.1977272033691,19.0833950042725,29.201135635376,31.9087238311768,30.8487892150879,29.4337120056152,20.7193908691406
18.3412227630615,21.1527767181396,28.4676246643066,30.335994720459,28.7797966003418,28.1159782409668,20.9083576202393
18.1193962097168,20.5659847259521,28.4788589477539,30.5954818725586,29.05592918396,28.6817493438721,20.7606372833252
19.038215637207,21.0995445251465,29.1920871734619,31.3292598724365,29.675464630127,29.2797985076904,21.4187030792236
18.2749652862549,21.3533039093018,28.3308048248291,29.7512264251709,28.5332317352295,27.9776782989502,20.8050556182861
18.5286140441895,21.6557636260986,28.6886177062988,30.1791572570801,28.9055957794189,28.4320507049561,21.210319519043
18.2323703765869,21.3024921417236,28.2419548034668,29.660924911499,28.2729320526123,27.6960010528564,20.4376468658447
17.8541126251221,20.3539161682129,28.07248878479,30.3725528717041,28.6734218597412,28.2166690826416,20.5280418395996
17.5990524291992,18.6004390716553,28.0520839691162,30.8570384979248,29.3324775695801,28.444128036499,19.9572944641113
18.4773578643799,21.5725193023682,28.4350605010986,29.7757129669189,28.2401275634766,27.701587677002,20.3972454071045
18.2825336456299,21.2983932495117,28.2148494720459,29.507942199707,28.2791709899902,27.8328437805176,20.5507926940918
18.3838691711426,21.439525604248,28.3151187896729,29.8585395812988,28.4715843200684,27.7963371276855,20.8890399932861
22.3143939971924,27.5942077636719,31.774242401123,31.9957847595215,30.6193180084229,28.1994323730469,22.6708202362061
15.5160675048828,18.3945598602295,25.4325389862061,27.8347454071045,26.8465194702148,24.5255641937256,15.7707710266113
13.6891021728516,18.2436466217041,24.7648010253906,27.6110191345215,27.3707160949707,22.6466159820557,14.0756864547729
16.0742282867432,18.7955055236816,25.7462730407715,28.1845207214355,26.9707317352295,24.716739654541,16.1650199890137
15.4252319335938,18.118049621582,25.3239727020264,28.3936138153076,27.9263305664063,25.5636463165283,16.0156116485596
14.6562471389771,18.281099319458,24.88134765625,27.2666797637939,26.716682434082,23.7069225311279,14.9722585678101
13.9748134613037,18.5719013214111,24.3285102844238,27.0119895935059,26.4451503753662,23.0964393615723,14.0046634674072
16.4145107269287,18.9147090911865,25.9998474121094,28.5712718963623,27.1357669830322,25.0335521697998,16.5336627960205
14.9160232543945,18.0716514587402,24.9393196105957,27.163818359375,26.5106353759766,23.8786220550537,15.1343212127686
13.9336929321289,18.1697025299072,24.4292449951172,26.9313735961914,26.4706974029541,23.2095222473145,14.1544752120972
14.0710592269897,18.2430381774902,24.8123607635498,27.8272705078125,27.9804573059082,23.1476764678955,14.5073499679565
16.8257598876953,24.3238182067871,25.93088722229,27.4060802459717,27.1253604888916,26.3575687408447,18.47021484375
16.884557723999,24.3867778778076,25.9642696380615,27.306941986084,26.9474697113037,26.409481048584,18.5707321166992
16.7926959991455,24.7842254638672,26.0970268249512,27.1420993804932,26.6567344665527,26.3161888122559,18.6276302337646
17.1979541778564,24.8560237884521,26.2538890838623,27.2380466461182,26.5783233642578,26.218677520752,18.7565689086914
16.2210254669189,24.3711853027344,25.9238529205322,27.557596206665,27.0873680114746,26.0979766845703,17.8735961914063
17.2920036315918,24.5708503723145,26.3631057739258,27.4834041595459,26.8663749694824,26.4924507141113,18.8956050872803
16.5382862091064,23.7619705200195,25.8028888702393,27.5323123931885,27.2592391967773,26.4209861755371,18.0173187255859
17.7242584228516,25.1806449890137,26.5644454956055,27.8376350402832,27.5094985961914,26.4307403564453,18.6949825286865
17.7683525085449,25.408390045166,26.7267169952393,27.6784648895264,26.9635581970215,26.4715843200684,18.9440116882324
16.0304317474365,23.6216583251953,25.5551280975342,27.5084285736084,27.123119354248,26.2819519042969,17.7577743530273
17.5617294311523,25.0915031433105,26.5162010192871,27.5031890869141,26.7385425567627,26.3092765808105,18.9086799621582
16.6462020874023,24.3979015350342,25.9363956451416,27.4264392852783,27.2064933776855,26.1734085083008,18.4207992553711
16.6312160491943,24.5528717041016,26.0296573638916,27.3461608886719,27.0339965820313,26.2809906005859,18.4334449768066
16.4978618621826,24.0444793701172,25.8328037261963,27.6267070770264,27.3879585266113,26.3875064849854,18.2230052947998
18.0318622589111,25.575267791748,27.00537109375,27.7525825500488,26.9701595306396,26.4351997375488,18.9799690246582
15.7980556488037,24.0104827880859,25.6463890075684,27.4258060455322,27.0639801025391,25.9186115264893,17.6993732452393
16.7411098480225,24.6014995574951,26.0134868621826,27.1969013214111,26.8275012969971,26.4582767486572,18.5994243621826
17.3506107330322,25.0660648345947,26.453857421875,27.445915222168,26.929126739502,26.3694095611572,18.8055667877197
16.6948680877686,24.7909183502197,26.2545471191406,27.5954418182373,27.251220703125,26.2683887481689,18.4227924346924
16.980525970459,24.2723255157471,25.9763011932373,27.3751945495605,26.9547805786133,26.3434810638428,18.5336608886719
17.0293769836426,24.6797943115234,26.1977787017822,27.2813301086426,26.7817974090576,26.5307540893555,18.8741359710693
16.6991443634033,24.01389503479,25.8587894439697,27.6607265472412,27.3822650909424,26.5380420684814,18.1894226074219
18.1922264099121,25.8889904022217,27.001916885376,28.0987071990967,27.5865592956543,26.8706378936768,19.2012424468994
17.570125579834,24.7058734893799,26.6588134765625,27.6867713928223,26.8751220703125,26.5224571228027,18.9656810760498
16.8063278198242,24.2910709381104,25.9507522583008,27.5805931091309,27.3521194458008,26.4138679504395,18.4880657196045
15.8339099884033,23.9477958679199,25.5623607635498,27.48655128479,27.252405166626,25.9729709625244,17.9036540985107
16.0680027008057,24.1490821838379,25.7308483123779,27.4774208068848,27.1867656707764,26.014440536499,17.9272613525391
16.855827331543,24.4975280761719,26.0528106689453,27.2214794158936,26.8172645568848,26.4506282806396,18.6391181945801
16.8883113861084,24.9388046264648,26.3229179382324,27.4796714782715,27.147008895874,26.3681297302246,18.6325454711914
16.8082447052002,24.1592082977295,25.8535785675049,27.5031414031982,27.2032337188721,26.4173965454102,18.3017711639404
16.0629634857178,24.5400791168213,25.7425918579102,27.5294895172119,27.3613548278809,25.7567348480225,17.4017601013184
16.1924095153809,23.4356822967529,25.6401615142822,27.3939914703369,27.0446281433105,26.1857109069824,17.6878795623779
16.2788867950439,24.1084785461426,25.6923847198486,27.5633525848389,27.3932762145996,26.0768337249756,18.1725044250488
22.0330009460449,23.3820972442627,32.7413330078125,33.484676361084,32.6374206542969,31.1153335571289,23.885160446167
22.2749996185303,23.2768821716309,32.8175926208496,33.2550163269043,31.5562725067139,30.5687046051025,23.6505374908447
17.8533115386963,19.5756015777588,27.4327392578125,30.3327693939209,28.4933319091797,26.4234943389893,18.3728923797607
15.7679977416992,18.3916435241699,25.1417388916016,27.6526927947998,25.135950088501,24.1624317169189,16.0998229980469
17.267765045166,18.9074535369873,26.6397533416748,29.6791381835938,27.1872501373291,25.4079360961914,17.3592739105225
16.043909072876,18.470645904541,25.561710357666,27.9495658874512,25.6389102935791,24.4788341522217,16.3914985656738
18.3575115203857,20.7895278930664,27.5514335632324,29.5095958709717,27.4524269104004,26.2309818267822,18.9615535736084
16.89089012146,19.1795310974121,26.0881996154785,28.392147064209,26.0555419921875,24.8446941375732,16.9014701843262
18.067943572998,20.8444766998291,27.1762771606445,28.9944171905518,26.8338088989258,25.7634868621826,18.7753162384033
22.386890411377,26.1938285827637,31.2018013000488,32.4199600219727,30.2728366851807,29.1417808532715,22.7619323730469
22.2230358123779,26.0065307617188,31.0526599884033,32.1980514526367,30.1383953094482,29.1021003723145,22.3637504577637
22.4747676849365,26.2337627410889,31.25510597229,32.4841346740723,30.3511180877686,29.1363201141357,22.9417514801025
22.6831645965576,27.4925060272217,31.358585357666,32.2042999267578,30.1987609863281,28.0148143768311,22.8365917205811
21.5331478118896,26.4908599853516,30.0332717895508,31.3037624359131,29.5612888336182,28.6585178375244,21.7436065673828
21.9605178833008,25.7025814056396,30.7918128967285,31.9019107818604,29.8921527862549,28.968282699585,21.8862781524658
22.1536865234375,22.8390445709229,31.6879482269287,33.1238403320313,32.1394195556641,31.0145511627197,22.0935115814209
23.5314884185791,24.0539894104004,30.4594078063965,32.6491012573242,32.9204978942871,31.1270904541016,23.5427207946777
22.4237461090088,22.9771099090576,31.6475410461426,33.0481262207031,32.18994140625,31.1679878234863,22.2984352111816
15.2043170928955,21.0197772979736,24.8497924804688,26.7235660552979,25.5499992370605,24.8724555969238,16.1601829528809
15.4135227203369,21.1236114501953,24.9228210449219,26.7605972290039,25.6517486572266,24.9798622131348,16.3202018737793
14.5301132202148,20.7867431640625,24.6396732330322,26.5159301757813,25.1778697967529,24.4228000640869,15.7152223587036
13.9670133590698,20.6287689208984,24.4854507446289,26.7850933074951,24.9663314819336,24.0249481201172,15.4150543212891
11.399242401123,18.2999992370605,22.1828784942627,25.8612899780273,24.2353382110596,22.6542415618896,15.4117298126221
13.2169523239136,20.4679069519043,23.3439331054688,26.6786365509033,24.5575866699219,23.7648792266846,14.8305540084839
11.6159076690674,18.6052055358887,22.4191570281982,25.9385929107666,24.4078140258789,22.9765377044678,15.6479749679565
22.0904769897461,27.0519485473633,31.1047611236572,31.4499378204346,30.3525352478027,28.2051944732666,22.5412654876709
23.1055564880371,23.5120067596436,30.4580554962158,32.173210144043,32.1655044555664,30.8256492614746,22.5354843139648
22.2596302032471,23.395788192749,33.107780456543,33.7969512939453,32.7156829833984,31.3775939941406,24.0267925262451
23.0269756317139,23.5697116851807,30.9312362670898,32.485424041748,32.3703117370605,31.0216674804688,22.0056762695313
14.7425584793091,22.3564510345459,24.7313270568848,27.4169311523438,26.0272827148438,25.1358337402344,15.9349317550659
18.066219329834,20.1705207824707,27.4444637298584,29.9185771942139,28.0303325653076,26.3499965667725,18.6252574920654
12.9867420196533,20.266056060791,23.805606842041,27.0388565063477,24.9969940185547,23.8501510620117,15.2136363983154
12.2148485183716,19.1090908050537,23.0222721099854,26.2202339172363,24.775806427002,23.8157577514648,16.1139297485352
21.0623149871826,22.3973121643066,32.7983322143555,34.083869934082,32.2422027587891,31.3666667938232,23.1545696258545
19.4584445953369,25.3179378509521,28.5635890960693,29.7881622314453,29.317174911499,28.2650547027588,21.0372676849365
18.9950008392334,24.9125518798828,28.0332584381104,29.3711566925049,28.9694080352783,27.9458599090576,20.6692562103271
19.1636505126953,25.4104290008545,27.8685245513916,28.9280548095703,28.0760078430176,27.6127872467041,20.5865001678467
16.9272804260254,24.1247234344482,25.9432353973389,27.3494358062744,26.9004058837891,26.2381381988525,18.1778087615967
17.5002117156982,24.2868843078613,26.7397327423096,27.6575984954834,27.2499217987061,26.689525604248,19.1399574279785
16.7973461151123,23.9831237792969,25.7506713867188,27.2624168395996,26.8674716949463,26.0018405914307,18.0364570617676
19.1199512481689,21.7751865386963,29.9151172637939,31.7067642211914,30.0691585540771,29.629358291626,21.7802448272705
18.7615756988525,21.7523097991943,29.5898323059082,31.1466941833496,29.6085357666016,29.2283668518066,21.5012588500977
21.6800003051758,22.723747253418,32.4109268188477,32.815860748291,30.47607421875,30.3951835632324,23.1628131866455
21.9115905761719,25.7867374420166,30.4798526763916,31.7901802062988,29.7496757507324,28.6353721618652,21.6475620269775
21.7125930786133,25.5647563934326,30.5152492523193,31.70041847229,29.7726993560791,28.6511096954346,21.714635848999
13.6161661148071,22.1820964813232,24.5580005645752,27.695161819458,25.9586563110352,24.3561096191406,15.6114511489868
15.0056533813477,22.1896057128906,24.5677032470703,27.281810760498,25.8742752075195,24.9299621582031,15.778736114502
14.1736373901367,18.5486392974854,24.5223407745361,26.8825168609619,26.1092681884766,23.163049697876,14.3220052719116
14.6334714889526,18.5458221435547,24.84787940979,27.2273254394531,26.2898941040039,23.684440612793,15.0668077468872
14.0560369491577,18.2441520690918,24.4663257598877,26.778751373291,25.6860580444336,23.2090263366699,14.6524610519409
15.7669801712036,18.793285369873,25.3276767730713,27.875581741333,26.3324222564697,24.7401103973389,15.9811658859253
22.0942306518555,26.1201457977295,31.6040172576904,32.5692100524902,30.4154014587402,29.4138870239258,22.8978881835938
18.254566192627,20.9087543487549,28.6776542663574,30.7095489501953,29.218225479126,28.7288551330566,20.9448566436768
13.6656217575073,18.0260734558105,24.6042041778564,27.2773284912109,27.2640151977539,23.5082397460938,14.0640592575073
12.7932100296021,17.4791564941406,23.6917057037354,26.1492862701416,25.7706241607666,22.4200820922852,12.9091367721558
16.3209972381592,18.4251194000244,25.75048828125,28.4694919586182,26.7306842803955,24.847146987915,16.2217140197754
14.5534219741821,17.8743190765381,24.8675708770752,27.060375213623,26.56298828125,23.9751319885254,14.9872207641602
14.7188673019409,17.8977012634277,24.883415222168,27.5621280670166,26.9751014709473,24.4311676025391,15.2861585617065
12.8938598632813,17.5497970581055,23.9359226226807,26.6442451477051,26.3009185791016,22.6653823852539,13.1436548233032
15.3922672271729,18.5163097381592,25.3114681243896,27.6739463806152,26.7635402679443,24.1897163391113,15.6301708221436
17.0735187530518,25.1435489654541,26.5566673278809,27.6901435852051,27.4456977844238,26.4811115264893,18.758960723877
15.5956592559814,18.0216102600098,25.1936874389648,27.8148078918457,25.6823673248291,24.4325466156006,16.0828189849854
15.6180191040039,18.0715808868408,25.2484130859375,27.9802875518799,26.0534114837646,24.509973526001,16.0140819549561
15.5179281234741,18.0709648132324,25.3157138824463,28.0147247314453,26.3870849609375,24.5836143493652,16.0079612731934
13.8062286376953,20.7616481781006,24.3892250061035,27.0998687744141,25.2137508392334,24.1582489013672,15.4312477111816
19.1620750427246,25.1922016143799,28.1456470489502,29.410680770874,29.1619548797607,27.9466876983643,20.752534866333
19.9231395721436,25.4579811096191,29.2565002441406,30.4241180419922,29.2569732666016,28.4917469024658,21.4683036804199
19.7140312194824,25.3830642700195,28.9986114501953,30.0742149353027,29.249683380127,28.4058570861816,21.3216457366943
19.4701557159424,24.1981067657471,27.5601692199707,28.6734237670898,28.4934883117676,28.4272346496582,20.0848159790039
21.4627265930176,25.3595314025879,30.0386371612549,31.2797660827637,29.6762466430664,28.3343944549561,21.8950138092041
19.9399509429932,25.4683589935303,29.2971324920654,30.3754215240479,29.260929107666,28.4864978790283,21.5118446350098
17.3961544036865,24.1571311950684,26.5864753723145,27.5807285308838,27.3451194763184,26.7608337402344,18.9060211181641
21.484073638916,22.207706451416,31.8400001525879,33.1507186889648,31.4539432525635,30.7961101531982,22.0455207824707
19.734073638916,22.1774196624756,29.2899990081787,30.3374557495117,29.1218643188477,27.8785190582275,20.834587097168
19.7320899963379,21.9599132537842,30.5986423492432,32.5181541442871,30.7224960327148,30.1266098022461,22.191764831543
21.1235065460205,22.1800842285156,32.5113830566406,33.624439239502,32.0829734802246,31.1028537750244,22.7728118896484
20.9515151977539,22.9428157806396,32.1673393249512,33.6608009338379,31.3719444274902,30.5134677886963,23.0226459503174
19.7827167510986,21.757791519165,30.364143371582,32.2178802490234,30.7254543304443,30.266134262085,21.9696712493896
22.4126262664795,22.9183769226074,32.3375396728516,33.491527557373,32.298957824707,31.6122894287109,22.8031921386719
21.195011138916,25.8688926696777,29.7304573059082,31.0372123718262,29.0937232971191,28.1609897613525,21.5684471130371
14.5884571075439,18.3656272888184,24.7185859680176,27.080961227417,25.1891956329346,23.8694515228271,14.9234218597412
15.401421546936,18.8424186706543,25.2450885772705,27.6228199005127,25.8471508026123,24.5592002868652,15.7498760223389
15.0615091323853,18.6223392486572,25.1919841766357,27.6747913360596,26.3784923553467,24.0711784362793,15.431866645813
13.8794412612915,18.1937026977539,24.3200092315674,26.5667915344238,25.5309219360352,22.9039325714111,14.3316135406494
14.4994974136353,18.8162059783936,25.2735900878906,27.2146244049072,25.2271194458008,24.1884784698486,15.6005249023438
20.3425922393799,23.2096767425537,28.4061107635498,30.1129035949707,28.77903175354,27.9379634857178,20.6648750305176
19.1512966156006,21.7596778869629,28.0555553436279,29.454122543335,28.1270618438721,27.3396301269531,19.4141578674316
11.3365383148193,14.2657155990601,22.890811920166,24.0146808624268,24.1811408996582,18.1835479736328,13.6784534454346
13.8100395202637,17.9186668395996,25.054271697998,27.7727336883545,27.4591445922852,21.8645153045654,14.4679393768311
12.9922008514404,16.0142688751221,24.7180557250977,25.7700576782227,25.8947486877441,19.5145301818848,14.63254737854
15.2478628158569,20.5043430328369,28.903205871582,29.0237808227539,29.3755168914795,22.0529918670654,16.3616619110107
15.6247253417969,19.5127620697021,26.3771057128906,29.7320098876953,29.7818145751953,24.0375461578369,16.0577812194824
17.9596118927002,20.1287441253662,28.2297077178955,30.5640487670898,28.8138523101807,28.3626556396484,20.5515537261963
21.9301300048828,26.7392425537109,30.8991374969482,31.2694702148438,30.1567096710205,28.1488170623779,22.5015563964844
14.2312879562378,18.4159603118896,25.0277881622314,28.2878513336182,28.4882221221924,24.4374866485596,15.008321762085
14.7533226013184,18.0161075592041,24.9557228088379,28.5314617156982,28.7220458984375,25.3165130615234,15.5000467300415
14.0573081970215,18.064432144165,24.7287502288818,27.5875778198242,27.9538230895996,22.7785530090332,14.4093732833862
16.7454643249512,24.7267036437988,26.2361106872559,27.6191749572754,27.2038536071777,26.1788883209229,18.2994613647461
19.3396148681641,25.4630279541016,32.8212814331055,33.9992523193359,31.5426788330078,25.5024375915527,21.2377166748047
16.9994010925293,22.9631099700928,30.5059814453125,31.9844493865967,29.95947265625,24.0491466522217,19.8968563079834
18.4611053466797,24.5233917236328,32.3271369934082,33.5110359191895,31.4470615386963,24.8686695098877,20.8485279083252
17.8082046508789,23.4784126281738,31.1078205108643,32.3099250793457,30.4647636413574,24.6767959594727,20.4358558654785
18.3475208282471,20.5914611816406,27.5526142120361,29.8666248321533,27.9132175445557,26.4117298126221,18.7005977630615
16.3229026794434,18.2437801361084,25.7235565185547,28.6617393493652,26.7572536468506,24.87624168396,16.3370151519775
16.3231410980225,18.3666038513184,25.8601951599121,29.2761878967285,27.3609886169434,25.4463424682617,16.6256294250488
18.5729732513428,25.2058544158936,32.2521133422852,33.5289001464844,31.3218841552734,24.6907272338867,20.6281223297119
18.5791034698486,24.7731456756592,32.2913665771484,33.5933532714844,30.9349727630615,24.8282909393311,20.6863803863525
16.4114685058594,22.3399505615234,30.111967086792,31.5762615203857,29.9309616088867,22.8379764556885,19.3818187713623
18.2007503509521,25.1584167480469,32.2649269104004,33.5991020202637,31.1725063323975,24.506462097168,20.3228607177734
14.9986991882324,21.7388019561768,28.9184150695801,30.3089618682861,29.0633888244629,21.3575115203857,17.3419342041016
15.1126890182495,22.0465526580811,28.77414894104,30.5540218353271,29.5581874847412,21.9444274902344,18.3784999847412
17.7694053649902,23.8277683258057,31.3283500671387,32.8168487548828,30.9154567718506,24.0653820037842,20.1617908477783
15.5705127716064,22.0114459991455,28.9831867218018,30.8683242797852,29.8756217956543,22.4964504241943,19.2454948425293
19.2304630279541,25.5956325531006,33.0282554626465,34.2277412414551,31.4492797851563,25.3397445678711,21.2111167907715
14.4926881790161,21.1898250579834,27.2191867828369,28.2828483581543,28.1815223693848,25.4030075073242,18.188928604126
17.5825862884521,22.3334102630615,29.6230659484863,28.6316909790039,29.0836410522461,27.5674953460693,21.709545135498
19.5269412994385,22.8304119110107,31.3404731750488,30.4829063415527,30.4338550567627,28.7683219909668,23.2487373352051
20.307653427124,23.1193866729736,31.6411056518555,30.8826789855957,30.630651473999,28.5113143920898,23.2494506835938
14.9057006835938,21.3252487182617,27.4762706756592,28.0441951751709,28.1437854766846,25.7857055664063,18.7299613952637
19.0753402709961,22.6820259094238,31.105016708374,30.1199645996094,30.2589073181152,28.5528297424316,22.8612022399902
20.4981479644775,22.9512538909912,31.3237037658691,30.9829750061035,30.3046588897705,28.6809253692627,23.6534042358398
16.3613967895508,21.7482681274414,29.1179237365723,28.4512062072754,28.858247756958,27.0457649230957,20.8277111053467
14.8665132522583,21.3127841949463,27.4803256988525,28.4200782775879,28.4787445068359,25.7509670257568,18.6684226989746
16.6201171875,22.0120315551758,29.4210186004639,28.183708190918,28.3972396850586,26.9971504211426,20.299732208252
15.2331523895264,21.595043182373,27.8889293670654,27.9164543151855,28.1280097961426,26.0778999328613,19.2763919830322
20.1021022796631,23.1560745239258,31.5161895751953,30.60595703125,30.3768730163574,28.4196472167969,23.016731262207
19.6073150634766,22.6041221618652,31.2232398986816,30.3912200927734,30.2892456054688,28.3777770996094,22.9082431793213
21.0689430236816,23.6794357299805,31.8771858215332,31.4688529968262,30.7649192810059,28.9475555419922,23.8387279510498
18.6827621459961,22.7758960723877,31.0262660980225,29.5173416137695,29.4201755523682,28.1447525024414,22.1397190093994
15.1115627288818,21.729118347168,27.7797412872314,28.1538562774658,28.3666553497314,25.9917163848877,19.1276206970215
18.726167678833,22.9650001525879,31.3950004577637,29.9229030609131,29.7380638122559,28.33766746521,22.2999992370605
21.4255275726318,23.8922386169434,32.0847778320313,31.7931537628174,30.9920692443848,29.2265090942383,24.1265506744385
19.6364498138428,22.8757724761963,31.2319602966309,30.4438095092773,30.4726333618164,28.8824367523193,23.4642658233643
21.1736392974854,23.2712364196777,31.3595371246338,31.3269081115723,30.5330638885498,29.1452865600586,24.1797218322754
20.9097595214844,23.610143661499,31.9890632629395,31.3955574035645,30.8450012207031,28.9046325683594,23.7648830413818
14.8764724731445,21.6461963653564,27.5657520294189,28.0299606323242,28.2772312164307,25.7108840942383,18.7667560577393
17.7689456939697,22.7420654296875,30.2342014312744,29.1132946014404,29.2773571014404,27.6570606231689,21.4538879394531
20.4841747283936,23.0852909088135,31.622465133667,31.0222320556641,30.4916610717773,28.4862880706787,23.4115219116211
20.5663776397705,23.0860691070557,31.5519580841064,31.2617664337158,30.8989868164063,29.4416065216064,24.192419052124
14.8511552810669,21.5832462310791,27.5524406433105,28.1328735351563,28.3055877685547,25.7184600830078,18.700267791748
15.7337446212769,21.2719058990479,28.1372451782227,29.2004833221436,29.209587097168,26.618143081665,19.999885559082
15.5071840286255,21.2336597442627,27.8585548400879,29.3015098571777,29.248218536377,26.4004402160645,19.7404308319092
16.3918533325195,21.4357528686523,28.2050132751465,28.8380908966064,29.0905132293701,26.7951164245605,20.2371921539307
18.6062335968018,21.9232788085938,29.1327743530273,28.9179306030273,29.5088024139404,27.5800933837891,21.8675193786621
20.281759262085,22.7962379455566,30.5805549621582,30.2268810272217,30.2863807678223,28.9156475067139,23.815860748291
15.0254716873169,21.0633983612061,27.4675674438477,28.7857646942139,28.8697738647461,25.6344528198242,18.8479766845703
17.6966857910156,21.5427513122559,28.7549533843994,28.7431983947754,29.4252681732178,27.3147048950195,21.1074466705322
15.6489067077637,21.156925201416,28.2421741485596,28.533655166626,28.9597587585449,26.516134262085,19.8450126647949
20.3312606811523,23.0715923309326,31.098970413208,30.6791210174561,30.6390533447266,29.2707424163818,24.1471500396729
17.2863330841064,21.6780548095703,28.5278511047363,28.5418243408203,29.216402053833,26.9656200408936,20.685546875
17.7659797668457,21.7123317718506,28.8145885467529,28.7866954803467,29.3313827514648,27.2673511505127,21.1057586669922
17.3485202789307,21.418436050415,28.4623470306396,28.5972900390625,29.2060527801514,27.0993690490723,20.7880210876465
16.4010486602783,21.45924949646,28.362865447998,29.0880546569824,29.1888027191162,26.8775634765625,20.2960681915283
15.1906671524048,21.1693725585938,27.6590118408203,28.8211002349854,28.9648971557617,25.8354644775391,19.11794090271
14.9730043411255,20.7887554168701,27.7440853118896,28.4690551757813,28.5889778137207,26.0166873931885,19.39328956604
15.1982297897339,21.0509967803955,27.7752017974854,28.6395835876465,28.857946395874,25.9706153869629,19.2650814056396
15.0825004577637,20.8680992126465,28.0002784729004,28.4911289215088,28.6396064758301,26.2405548095703,19.6166667938232
16.8375053405762,21.5625171661377,28.4276847839355,28.9355545043945,29.2320747375488,27.024019241333,20.5327339172363
17.9161968231201,21.5919418334961,28.822208404541,28.6757678985596,29.3282299041748,27.350715637207,21.256477355957
18.5414447784424,22.049503326416,29.3320484161377,29.0413875579834,29.5976543426514,27.6697483062744,21.8325748443604
15.8172149658203,21.25608253479,27.8573150634766,28.7717628479004,29.0637760162354,26.3505668640137,19.7535152435303
20.8009262084961,23.1937274932861,31.174259185791,30.9247303009033,30.715950012207,29.3427772521973,24.4682788848877
17.1168403625488,21.5196285247803,28.4548435211182,28.6907711029053,29.2321968078613,27.0642852783203,20.7167587280273
15.9001579284668,21.1993446350098,28.5822296142578,28.1206188201904,28.8311386108398,26.8362789154053,20.3106174468994
15.5952644348145,21.0382308959961,27.4857082366943,28.6826801300049,28.827579498291,26.0224113464355,19.4793910980225
22.0849990844727,24.0836906433105,33.2324981689453,34.6329727172852,32.4003601074219,29.4237976074219,25.1537628173828
21.3396301269531,23.2913970947266,32.3566665649414,33.9198913574219,31.4107532501221,28.6235179901123,24.6189956665039
21.2688255310059,23.2576866149902,32.5535545349121,33.2357177734375,31.3646125793457,28.4242553710938,24.2430152893066
22.1764373779297,24.0661506652832,33.1304321289063,34.1115570068359,32.2186660766602,29.4212665557861,25.2562351226807
20.3312492370605,22.2762088775635,29.4706439971924,30.1656894683838,30.7434024810791,29.0814399719238,23.383430480957
22.0845813751221,23.8360080718994,31.0200862884521,31.8128452301025,31.0009841918945,29.6540908813477,25.4004287719727
22.1900310516357,24.4789733886719,31.6788578033447,32.5074119567871,31.2683696746826,30.2403087615967,25.6013164520264
22.0617523193359,24.3620929718018,31.5448608398438,32.341724395752,31.199987411499,30.0690402984619,25.5287284851074
22.1830043792725,23.7395820617676,31.1003341674805,32.0101623535156,31.4873886108398,30.0215358734131,25.3758735656738
20.4774074554443,22.6980285644531,29.9662971496582,30.4333324432373,30.7736568450928,28.9077777862549,23.7426528930664
22.2485790252686,23.6295356750488,30.9411201477051,31.9015159606934,31.5780391693115,30.0838470458984,25.2700099945068
22.0184078216553,23.7099113464355,30.9843635559082,31.8414363861084,31.175724029541,29.7268829345703,25.2977409362793
22.2391204833984,24.025411605835,31.256175994873,31.9444541931152,30.9379920959473,29.8336296081543,25.5764427185059
21.1951866149902,23.2964668273926,31.2667179107666,31.4540138244629,30.7803859710693,29.5046691894531,24.556734085083
22.4267597198486,23.8432140350342,31.1322212219238,32.0210914611816,31.6687774658203,30.2202682495117,25.4080486297607
11.9367265701294,20.900411605835,26.4410552978516,28.794490814209,28.7958736419678,24.122859954834,17.5215587615967
14.4796667098999,20.9159679412842,27.6071662902832,29.2717742919922,28.8598384857178,25.6691665649414,18.6411285400391
9.03915023803711,19.0725440979004,24.2638931274414,27.2596607208252,27.6972370147705,23.3782291412354,16.6316833496094
11.5380001068115,20.936128616333,26.1633338928223,28.7216129302979,28.5340328216553,23.7836666107178,17.1687088012695
14.2663221359253,21.3637104034424,28.0765018463135,29.9050750732422,29.4598217010498,25.96018409729,18.9621849060059
13.5845584869385,21.4076900482178,28.1917419433594,30.1283321380615,29.8748931884766,25.9359035491943,18.9020233154297
11.5063333511353,21.2569351196289,26.4728336334229,28.9329032897949,28.7327423095703,24.408332824707,17.6295166015625
9.84273052215576,19.3217449188232,24.763879776001,27.4818439483643,28.034273147583,23.685941696167,16.7708606719971
10.9587516784668,20.7241325378418,25.876392364502,28.4395523071289,28.3905372619629,24.1295356750488,17.3458938598633
13.6221895217896,22.1414852142334,27.5936698913574,27.6609992980957,27.068115234375,22.4663391113281,15.4027109146118
14.5030469894409,21.6723976135254,27.9643135070801,28.3106994628906,27.2227115631104,23.1448669433594,16.241626739502
11.8876733779907,20.78125,25.1140632629395,26.9578285217285,26.3875999450684,21.1755199432373,14.6444892883301
11.902530670166,21.4087867736816,25.4984169006348,26.7672328948975,26.3874931335449,21.5667724609375,14.0993528366089
12.9452695846558,21.5129241943359,26.2006149291992,27.0594120025635,26.5520629882813,21.8759517669678,15.0720176696777
14.2526187896729,21.592306137085,26.9831695556641,27.7504463195801,26.974157333374,22.9064235687256,15.8629636764526
13.3764724731445,22.0242576599121,26.9478187561035,27.3809814453125,26.9242553710938,22.366662979126,15.2870407104492
13.2591886520386,22.1574001312256,27.0589714050293,27.4660682678223,27.1165218353271,22.6088752746582,15.1431865692139
21.2232704162598,22.8846626281738,31.2213516235352,31.7399291992188,31.1123905181885,28.7581367492676,24.0065059661865
22.4162063598633,24.6297855377197,32.0393562316895,32.6104202270508,31.3423042297363,30.2357292175293,25.4404220581055
20.3820991516113,22.9603748321533,31.0590534210205,30.6772193908691,29.6696529388428,27.7242794036865,22.902229309082
20.1455955505371,22.7659549713135,31.0108222961426,30.6789531707764,29.953577041626,27.8905181884766,22.6823196411133
20.2988338470459,23.4116134643555,31.7631664276123,30.9545154571533,30.3587093353271,28.6613330841064,23.0308074951172
17.5698184967041,21.3169441223145,31.2416343688965,30.5307102203369,29.1875057220459,26.1521492004395,21.6030979156494
17.1375007629395,20.4583950042725,31.3409099578857,31.8808650970459,29.9415321350098,26.8092803955078,23.0879764556885
18.5821323394775,21.9519519805908,31.79541015625,30.7551307678223,29.2145957946777,26.2762241363525,21.8411293029785
18.1855125427246,21.2737598419189,31.4825191497803,31.2843074798584,29.3047790527344,26.3034515380859,22.0554676055908
18.5691928863525,21.5997066497803,31.661111831665,31.4708366394043,29.7394924163818,27.0838375091553,22.9812641143799
19.1417179107666,22.2649326324463,31.7196369171143,30.27756690979,29.3565998077393,27.1493091583252,21.8352794647217
19.3833389282227,22.4190502166748,32.0327110290527,30.7024612426758,29.4578533172607,27.195671081543,22.2187480926514
18.9130401611328,22.2477035522461,31.5459651947021,29.8417072296143,29.2015762329102,27.1400756835938,21.4934921264648
17.7560958862305,21.1546535491943,31.2417335510254,30.8415107727051,29.1362571716309,26.1329746246338,21.7831897735596
16.4748096466064,20.2291049957275,30.9039783477783,30.7565975189209,29.5340919494629,25.9842796325684,21.866569519043
19.0795078277588,22.5277843475342,31.7483711242676,29.8100566864014,29.2778377532959,27.3401393890381,21.5165519714355
19.1209163665771,22.2021713256836,31.6415710449219,30.0741443634033,29.3093585968018,27.1275653839111,21.5916175842285
19.0173435211182,22.2780094146729,31.6737518310547,30.172815322876,29.0068855285645,26.9029598236084,21.7076168060303
21.8151512145996,25.2386360168457,30.28125,33.2234230041504,32.4098243713379,28.9702644348145,24.2677783966064
11.2261381149292,21.8201961517334,25.8247852325439,27.3010921478271,26.9101276397705,21.8157596588135,14.2067441940308
11.3254585266113,21.212760925293,24.7093696594238,26.2573165893555,27.5039768218994,20.5111808776855,11.8391284942627
11.4672451019287,22.5409851074219,26.210599899292,27.5685272216797,27.3045234680176,22.3239154815674,14.4772815704346
12.7238073348999,21.1069927215576,26.7509536743164,28.0933284759521,27.8984680175781,21.8151931762695,15.1351709365845
9.90915012359619,21.6269760131836,24.6830463409424,26.3765068054199,26.6322078704834,21.1272716522217,13.0924835205078
9.09645843505859,21.7201538085938,23.8352661132813,25.6615715026855,26.0855255126953,20.5220508575439,12.0880212783813
12.3007411956787,22.4691524505615,26.7340087890625,28.1818656921387,27.622953414917,22.709939956665,15.1205129623413
10.2317399978638,21.4418430328369,25.0295753479004,26.4894123077393,26.4441204071045,21.2033672332764,13.3995656967163
9.26728248596191,21.4573593139648,24.121187210083,25.8140182495117,26.2327289581299,20.6073246002197,12.3722038269043
11.9743881225586,21.2931251525879,25.2463474273682,27.1262874603271,28.2007923126221,20.7617378234863,12.3009405136108
15.5341176986694,21.4436588287354,28.2478046417236,29.6101970672607,29.7496452331543,26.7562217712402,20.1575489044189
16.049861907959,21.3871173858643,28.402135848999,29.4886569976807,29.610818862915,26.9161891937256,20.3053569793701
16.4902534484863,21.0655460357666,28.3323020935059,29.2129611968994,29.5593700408936,27.0003032684326,20.2739372253418
16.8263893127441,21.044921875,28.3997192382813,29.0357093811035,29.4212265014648,27.0200080871582,20.5200080871582
15.0245189666748,21.1452445983887,28.0001773834229,29.6938991546631,29.9097442626953,26.5609321594238,19.7357349395752
16.9610729217529,21.6675128936768,28.6044158935547,29.2628517150879,29.5554275512695,27.1195602416992,20.6624221801758
15.2200813293457,21.3705825805664,28.1895599365234,29.9543495178223,29.5760116577148,26.4547863006592,19.669921875
17.7227783203125,21.7154121398926,28.7142601013184,29.5537643432617,30.3096771240234,27.6255550384521,20.6474914550781
17.6577491760254,21.3012180328369,28.697660446167,29.2845630645752,29.8397960662842,27.4468479156494,21.1302394866943
14.6611270904541,21.3418655395508,28.2021980285645,29.918701171875,29.4465141296387,26.1425666809082,19.2354869842529
17.1862201690674,21.1748867034912,28.5656204223633,29.1329536437988,29.5369758605957,27.1419773101807,20.862699508667
15.2776918411255,21.5340576171875,28.2435245513916,29.7554569244385,29.9914360046387,26.6962413787842,20.0483913421631
15.7354927062988,21.2768115997314,28.2533626556396,29.5329532623291,29.8495025634766,26.8278408050537,20.180305480957
14.980375289917,21.5961513519287,28.41872215271,30.0739192962646,29.880615234375,26.5171051025391,19.8097057342529
18.1305961608887,21.2619361877441,28.6623115539551,29.2417659759521,29.756628036499,27.6181602478027,21.4975852966309
14.2425918579102,20.9058246612549,27.7103691101074,29.7422943115234,29.7445335388184,26.2491664886475,19.5927429199219
16.1926403045654,21.1606292724609,28.3782577514648,29.4519634246826,29.7102203369141,26.9668426513672,20.3225154876709
17.015796661377,21.2963562011719,28.5450172424316,29.2939510345459,29.7673835754395,27.2099132537842,20.6431636810303
15.9338235855103,21.4676856994629,28.3968257904053,29.7293338775635,30.1250476837158,27.0747184753418,20.234260559082
16.2420196533203,21.4866466522217,28.4587459564209,29.3692855834961,29.3891716003418,26.9360580444336,20.3150482177734
16.7049140930176,21.3862934112549,28.5093173980713,29.3912887573242,29.6920185089111,27.0933151245117,20.5061092376709
15.3512716293335,21.4710731506348,28.2732124328613,29.9286937713623,29.7351112365723,26.6851196289063,19.9604396820068
18.2570209503174,21.8533554077148,28.9672069549561,29.6960163116455,30.5134201049805,28.026575088501,21.4540004730225
17.2708854675293,21.550537109375,28.5609016418457,28.7905006408691,29.4389209747314,27.0251274108887,20.8763999938965
15.3660564422607,21.6298904418945,28.3352165222168,29.8507328033447,29.9425220489502,26.7757015228271,20.1403617858887
14.0976867675781,21.1584739685059,28.0911560058594,30.0836715698242,29.9670276641846,26.3518676757813,19.6666774749756
14.5152950286865,21.1837711334229,28.0299797058105,29.8941764831543,29.9287967681885,26.4186859130859,19.6959838867188
16.2626323699951,21.2697143554688,28.4038543701172,29.4093265533447,29.5885372161865,26.94358253479,20.3254508972168
16.3964786529541,21.3974876403809,28.484188079834,29.5797157287598,29.9646396636963,27.1506462097168,20.4287376403809
15.5812120437622,21.3965072631836,28.2899703979492,29.5927295684814,29.5228939056396,26.7655715942383,20.1080074310303
15.4377107620239,20.9822425842285,27.6052188873291,29.6912670135498,30.0114040374756,26.5456218719482,19.3507652282715
14.9707307815552,21.1867122650146,28.0198516845703,29.708740234375,29.2071418762207,26.1331367492676,19.1936740875244
14.5500736236572,21.6119365692139,28.4241046905518,30.1520538330078,30.0572509765625,26.4208545684814,19.7146968841553
22.6121673583984,24.8466129302979,33.4436683654785,34.6667747497559,33.4862899780273,30.1550006866455,26.0295162200928
22.4635181427002,24.4557342529297,33.3829650878906,34.308780670166,32.590145111084,29.9285182952881,25.7231178283691
14.9289350509644,21.5298824310303,29.6901931762695,30.9564609527588,29.8497142791748,24.8489742279053,18.455415725708
13.5107412338257,20.7953758239746,27.2689571380615,27.6575832366943,26.4603157043457,21.7009544372559,15.155255317688
14.3246583938599,21.7960624694824,28.0629272460938,29.3885860443115,29.2285747528076,23.6617641448975,16.8337364196777
13.762544631958,20.7965812683105,27.4482383728027,28.0572395324707,26.9201316833496,21.9664249420166,15.373743057251
15.4585990905762,22.0822982788086,30.1341514587402,30.2400703430176,29.0627155303955,24.9811229705811,17.9248504638672
14.1904878616333,21.0225028991699,27.9438629150391,28.5352821350098,27.3591213226318,22.6566009521484,16.0236663818359
15.3698348999023,21.9567985534668,29.7933292388916,29.7426338195801,28.5043621063232,24.780632019043,17.5312633514404
22.5081634521484,24.8946495056152,31.7242622375488,32.6080589294434,31.4885406494141,30.9396324157715,26.656005859375
22.32057762146,24.6638526916504,31.604621887207,32.5835952758789,31.3991069793701,30.6807537078857,26.2927322387695
22.5830726623535,25.0444793701172,31.766674041748,32.584098815918,31.5264377593994,31.1224365234375,26.8409881591797
23.0962963104248,25.9591064453125,32.2462959289551,33.117790222168,32.1482582092285,31.7466335296631,27.311014175415
22.1967258453369,23.715051651001,31.0383319854736,32.0025672912598,31.4998798370361,30.0420989990234,25.330286026001
22.0696144104004,24.4226589202881,31.4682769775391,32.4801788330078,31.2673225402832,30.3394775390625,25.8619232177734
20.9964466094971,24.3542022705078,32.6924743652344,36.405460357666,31.2010803222656,29.4568347930908,26.9834613800049
23.4476432800293,25.9289817810059,31.7851409912109,36.0630798339844,31.925365447998,28.2858028411865,26.7500247955322
21.3383312225342,24.4554405212402,32.8467025756836,36.4931678771973,31.5277061462402,29.4730987548828,27.1845588684082
13.2245149612427,20.9864540100098,26.6283149719238,27.8200283050537,27.5089817047119,23.9004516601563,17.2066631317139
13.3978538513184,20.983470916748,26.6618957519531,27.8244209289551,27.5245666503906,24.0418434143066,17.3372402191162
12.720516204834,20.7700443267822,26.2159652709961,27.715051651001,27.5420436859131,23.7378845214844,16.8538074493408
12.2778329849243,20.8218765258789,26.0415878295898,27.9834098815918,27.7947940826416,23.7338981628418,16.8473663330078
9.20045471191406,18.3322582244873,23.8668174743652,26.4926681518555,26.57155418396,22.7171211242676,15.8249263763428
10.2465028762817,20.0539894104004,24.7068843841553,26.7715358734131,26.7845249176025,22.696195602417,15.8037805557251
9.50403690338135,18.5605659484863,24.0708694458008,26.7191486358643,26.6860046386719,22.8653335571289,15.9926519393921
21.3155841827393,24.4991626739502,29.763635635376,32.794303894043,32.1631774902344,28.6140689849854,24.1369915008545
22.6212959289551,25.3994636535645,31.7968521118164,35.7596778869629,31.4197120666504,27.6222229003906,26.1961479187012
22.706018447876,24.9937286376953,33.7307395935059,35.2253570556641,33.4448013305664,30.2591667175293,26.1947135925293
22.1077175140381,25.0262832641602,32.2783317565918,36.2118263244629,31.4116497039795,28.1861724853516,26.5307064056396
12.4818935394287,21.1119346618652,26.9212741851807,29.1667938232422,28.9898281097412,24.5110778808594,17.7707595825195
15.144214630127,21.6770114898682,29.7904796600342,30.4588012695313,29.4279518127441,24.8382759094238,18.0713977813721
10.6933336257935,19.916202545166,25.1187877655029,27.3503665924072,27.2546195983887,23.2365913391113,16.1384887695313
10.0446968078613,18.7741928100586,24.3566665649414,27.1781520843506,26.9461879730225,23.1601524353027,16.2274188995361
21.3717594146729,23.5475807189941,33.0812034606934,34.0083312988281,32.0337829589844,29.408332824707,25.5554656982422
19.4572334289551,23.0056953430176,31.0675468444824,30.0159950256348,30.2596397399902,28.5928401947021,23.1234798431396
18.7839221954346,22.6679019927979,30.8440952301025,29.8304824829102,30.0944442749023,28.4308948516846,22.6925640106201
19.2373313903809,22.4120235443115,29.7012901306152,29.4187717437744,29.9107666015625,28.009220123291,22.5503196716309
16.4331398010254,21.4252758026123,28.1974639892578,28.7052879333496,29.1518497467041,26.7365818023682,20.2141418457031
17.320426940918,21.6720352172852,28.7495861053467,28.3170108795166,29.1015033721924,27.258960723877,21.2851448059082
15.9641065597534,21.2545776367188,27.9918460845947,28.8679313659668,29.053674697876,26.56516456604,19.9800834655762
20.0807971954346,22.6045532226563,32.5230751037598,31.835054397583,29.9302520751953,27.1698474884033,23.0303173065186
19.8217067718506,22.5690574645996,32.4298706054688,31.454122543335,29.8044776916504,27.2553043365479,22.7735843658447
21.7837963104248,23.6310043334961,32.9462051391602,33.8508071899414,31.7412185668945,28.851016998291,24.6608428955078
22.1946678161621,24.3508949279785,31.5468139648438,32.3212509155273,31.0659141540527,30.1720371246338,25.6799983978271
22.0129623413086,24.278434753418,31.5102462768555,32.1936073303223,31.0815410614014,30.0381469726563,25.5391864776611
11.1841669082642,21.1217746734619,26.2498340606689,28.8489780426025,28.5957546234131,24.1812801361084,17.4251079559326
12.6215972900391,20.8941612243652,26.793176651001,28.9981498718262,29.0301265716553,24.4757423400879,17.8460578918457
9.47149276733398,21.4878463745117,23.9999618530273,26.1694164276123,26.2735443115234,20.4765567779541,12.6531782150269
10.0954437255859,21.6177730560303,24.5828685760498,26.5426387786865,26.5413074493408,20.8899765014648,13.2549295425415
9.72050857543945,21.0386753082275,24.0010032653809,26.1359767913818,26.0182991027832,20.2477378845215,12.9200801849365
12.4344282150269,22.2178211212158,26.3100814819336,27.4369583129883,27.0750293731689,22.3672180175781,14.5419073104858
22.5942325592041,25.1017742156982,32.1444473266602,32.8526573181152,31.5691452026367,31.0312385559082,26.4160289764404
18.6047801971436,21.6389389038086,31.7336139678955,31.3387241363525,29.5128898620605,26.2948265075684,22.1227436065674
10.0336503982544,20.8978462219238,24.4536418914795,25.9114933013916,26.4864521026611,20.5785903930664,12.5997943878174
8.28332138061523,20.6053848266602,23.1387500762939,24.6167278289795,25.2436962127686,19.6342029571533,11.1781892776489
12.6181592941284,21.7896347045898,26.4759044647217,27.8348350524902,27.4141635894775,22.3597774505615,15.3116064071655
10.3140735626221,21.1205101013184,25.0494728088379,26.2831325531006,26.1190910339355,21.1156120300293,13.4235649108887
10.9070558547974,21.0884494781494,25.3379230499268,26.745189666748,26.5342617034912,20.9448528289795,13.7602834701538
9.16804695129395,20.4591197967529,23.5142459869385,24.9627132415771,25.7207527160645,19.9875411987305,11.4422760009766
10.5620346069336,22.0586490631104,25.3680381774902,26.9064884185791,26.9383754730225,21.6523952484131,13.7530946731567
16.5016670227051,21.6675624847412,28.6292591094971,29.8270606994629,30.224552154541,27.2996292114258,20.5689964294434
13.3507499694824,20.8861598968506,27.3018703460693,27.9570751190186,26.9149932861328,21.6900424957275,15.0158309936523
13.1211576461792,21.1815795898438,27.1096630096436,27.7612323760986,27.0000782012939,21.8963108062744,15.0090341567993
12.7030744552612,21.4324989318848,26.781982421875,27.4751434326172,26.9216651916504,22.0178737640381,14.8859748840332
11.7069025039673,20.642391204834,25.7195281982422,27.8194847106934,27.640926361084,23.590404510498,16.6068744659424
18.9940376281738,22.8655872344971,30.7194900512695,29.7593822479248,30.0791187286377,28.3366260528564,22.6666393280029
20.1067504882813,23.0720615386963,31.4081859588623,30.8843936920166,30.8181400299072,29.2868251800537,24.0139045715332
19.7391872406006,22.9450416564941,31.0897979736328,30.2599849700928,30.4196891784668,28.9461975097656,23.5508613586426
18.118537902832,22.7396068572998,30.3691349029541,29.0612373352051,29.0650806427002,27.7613887786865,21.7521381378174
21.8624248504639,23.9036655426025,31.4416675567627,31.7046928405762,30.6520519256592,29.3825759887695,24.90087890625
20.0769481658936,23.0441780090332,31.2568187713623,30.6654987335205,30.6967067718506,29.2304954528809,23.9520664215088
16.6213493347168,21.4861621856689,28.6594429016113,28.080114364624,28.9566287994385,27.0487823486328,20.7715244293213
20.6157417297363,23.1688175201416,31.7592582702637,33.657527923584,31.4994621276855,29.6948146820068,26.453763961792
20.0327777862549,22.3132610321045,31.8187046051025,31.0620079040527,30.0964164733887,27.3218517303467,22.1537628173828
20.5698928833008,22.9034194946289,32.8227996826172,32.4277954101563,30.2583675384521,27.5729293823242,23.648078918457
21.1481513977051,23.3263473510742,32.5354919433594,33.9586563110352,31.8363819122314,29.2657299041748,25.3836860656738
21.8316497802734,24.0467586517334,33.7462959289551,33.634407043457,31.5229721069336,28.839225769043,24.7608337402344
19.8105506896973,22.367956161499,32.591724395752,32.5929985046387,30.1695709228516,27.3714370727539,23.421012878418
21.2525253295898,24.1321277618408,32.9452857971191,35.0593032836914,31.5488758087158,30.2959594726563,27.2521991729736
21.4793643951416,23.5043983459473,30.9806880950928,31.3659152984619,30.8011360168457,29.4357872009277,24.8507633209229
11.949068069458,20.9800472259521,25.3217678070068,26.5816459655762,26.1260852813721,21.2332515716553,14.242262840271
12.6726512908936,21.7422904968262,26.2323513031006,27.1040287017822,26.758861541748,22.1164817810059,14.7389802932739
10.7221555709839,21.8540840148926,25.1855583190918,26.8580207824707,26.6472854614258,21.3061428070068,13.706148147583
9.46259307861328,20.9164733886719,23.7305030822754,25.9756774902344,25.8898525238037,20.0619487762451,12.7234048843384
13.1967315673828,21.0269641876221,26.107873916626,27.4074172973633,26.6288070678711,22.4965991973877,15.5638198852539
19.981481552124,22.842472076416,30.974630355835,30.411111831665,29.5686378479004,27.7566661834717,22.5279579162598
18.5296287536621,22.0729389190674,30.9222221374512,29.93727684021,29.020788192749,26.8818511962891,21.2537631988525
12.210470199585,15.0535564422607,21.4566230773926,23.0084781646729,22.67555809021,16.5754280090332,10.2431764602661
13.8676109313965,19.6516437530518,24.1323165893555,25.4365272521973,26.7521915435791,20.1746807098389,10.8582038879395
13.5001068115234,16.4038467407227,23.1002140045166,24.8899917602539,24.4761161804199,18.2507476806641,10.911187171936
17.8459396362305,19.1645984649658,25.3585472106934,27.6029777526855,28.3933010101318,20.7549152374268,11.6894130706787
14.9769229888916,21.5358028411865,26.2970695495605,27.7653312683105,29.1040420532227,21.9287548065186,13.3652963638306
17.5229396820068,20.8673572540283,30.7931823730469,30.4727935791016,28.9182643890381,26.2749500274658,22.0301723480225
21.0880870819092,24.3649921417236,29.5857181549072,32.761302947998,32.0791206359863,28.6229572296143,24.0604839324951
12.0738525390625,21.2878551483154,25.9017562866211,27.7636337280273,28.2690544128418,21.2402305603027,13.2110996246338
12.9372911453247,21.1930770874023,26.7518310546875,28.2828845977783,28.1468944549561,21.6664733886719,14.5778942108154
12.2212390899658,20.8061428070068,24.9404277801514,26.8472156524658,28.0033683776855,20.5627365112305,12.0823698043823
16.081018447876,21.4360218048096,28.3592586517334,29.6924743652344,30.0899658203125,27.0341682434082,20.1461486816406
21.9393577575684,24.2073211669922,28.5719223022461,31.0303974151611,32.0781631469727,25.3479499816895,17.4311408996582
19.9098300933838,22.0239868164063,26.312650680542,28.5931339263916,30.6250610351563,23.8047866821289,15.4928045272827
21.2843551635742,23.3172092437744,27.9937648773193,30.3571910858154,31.8351306915283,24.5511722564697,17.2337436676025
20.6623077392578,22.8116626739502,26.7173080444336,28.738956451416,31.1456565856934,24.3261528015137,15.826922416687
15.2619676589966,22.0408611297607,30.0098495483398,30.654935836792,29.49098777771,24.8497562408447,17.8284587860107
12.9527502059937,21.3890743255615,26.6750965118408,28.0496463775635,27.8125743865967,22.3684253692627,15.560133934021
13.8165225982666,21.1670341491699,27.4905090332031,29.286003112793,28.9468765258789,22.9769954681396,16.1443119049072
21.850154876709,24.1190986633301,28.1081447601318,30.0826473236084,31.5350379943848,24.5599250793457,16.2356071472168
21.6975231170654,24.03249168396,28.145055770874,30.4751987457275,31.7122135162354,24.8937320709229,16.5259170532227
19.1827335357666,20.9511432647705,25.7689304351807,28.176607131958,29.8368625640869,22.3445434570313,15.4931344985962
21.6326599121094,23.938985824585,27.7258377075195,29.6755886077881,31.2966594696045,24.4459552764893,15.5499563217163
18.3716907501221,20.2283267974854,24.1015815734863,26.711935043335,28.8345623016357,21.5994720458984,12.4635829925537
18.5772457122803,20.1092109680176,24.2425270080566,26.9045963287354,29.2191047668457,21.8931560516357,13.1987781524658
20.5297393798828,22.4381999969482,27.1238746643066,29.4495429992676,31.0450744628906,23.5879974365234,16.5610961914063
18.5628395080566,20.1904544830322,24.6401596069336,27.2495231628418,29.5454387664795,22.2208023071289,14.0717277526855
22.492769241333,24.7335472106934,28.5160026550293,31.0221824645996,32.2003974914551,25.4697456359863,16.678165435791
16.6911430358887,19.5813388824463,27.3279323577881,27.4651737213135,25.3612632751465,25.62965965271,16.9850463867188
20.0367412567139,22.3401985168457,29.3088874816895,29.8996925354004,27.2399635314941,27.5306453704834,19.4954566955566
21.2908916473389,24.0519981384277,29.9664421081543,31.7676696777344,28.7111167907715,28.5781993865967,20.5699024200439
21.3047294616699,24.4031963348389,29.8223857879639,32.5454406738281,28.8094158172607,28.8955554962158,21.5654926300049
16.9912567138672,19.9894256591797,27.8302307128906,27.7563056945801,25.511116027832,25.967529296875,17.5443115234375
20.9161109924316,23.6176109313965,29.7301330566406,31.5608329772949,28.5147438049316,28.7491283416748,20.4743118286133
21.570369720459,24.3335132598877,29.4985179901123,31.6322574615479,28.4736557006836,28.3520374298096,21.0200710296631
19.1977767944336,21.3593120574951,28.8614387512207,29.1344833374023,26.5816440582275,26.6380939483643,19.1568126678467
17.2464771270752,20.0847225189209,27.8731517791748,27.8599662780762,25.7353115081787,25.994945526123,17.480037689209
18.0734443664551,21.7211532592773,28.6667652130127,29.6324901580811,26.1823081970215,26.7044448852539,18.2636013031006
17.0459442138672,20.2474250793457,28.0486469268799,28.0462856292725,25.4637756347656,26.1723155975342,17.8190441131592
21.3751068115234,24.3783054351807,29.8475742340088,32.5479354858398,28.5919437408447,28.809741973877,21.3155918121338
20.8579635620117,23.7763442993164,29.5025939941406,31.8190860748291,28.5113792419434,28.4986114501953,20.8414878845215
22.0629081726074,25.08544921875,30.2221202850342,33.1983032226563,29.1643543243408,29.0975379943848,22.1199283599854
20.4676113128662,23.2966861724854,29.608528137207,31.5895252227783,28.0127906799316,28.48850440979,20.1186180114746
16.8714427947998,20.3166389465332,27.9826431274414,28.12158203125,25.5364284515381,26.1410350799561,17.4887294769287
20.5031661987305,23.5458068847656,29.7721672058105,31.9788703918457,28.2572574615479,28.4438323974609,20.24338722229
22.2660827636719,25.3458423614502,30.3669261932373,33.1788787841797,29.277946472168,29.0774173736572,22.3874549865723
21.5516796112061,24.2652473449707,30.0311717987061,31.6210021972656,28.7390842437744,28.5055847167969,20.5005130767822
22.2730751037598,24.4364776611328,29.5696029663086,31.611873626709,28.6590042114258,28.2538414001465,21.3903121948242
21.9501991271973,25.0543346405029,30.268985748291,33.1535034179688,29.252233505249,29.2945804595947,22.1263236999512
16.6223087310791,20.162389755249,27.6874141693115,27.9473781585693,25.2501354217529,25.9109497070313,17.2536792755127
19.6193103790283,22.6177597045898,29.3265552520752,30.4193115234375,27.2291622161865,27.8430080413818,19.5107231140137
21.3159465789795,24.4306125640869,29.6328754425049,32.2693367004395,28.7519989013672,28.771110534668,21.5510578155518
22.167366027832,24.5553569793701,30.017297744751,31.7316703796387,28.5380001068115,28.3692264556885,21.1454906463623
16.6946468353271,20.0393314361572,27.6587181091309,27.877010345459,25.4066772460938,25.9083290100098,17.208423614502
19.0651378631592,20.6922435760498,27.6518325805664,28.123628616333,26.3292541503906,25.309419631958,19.0758075714111
18.7506885528564,20.4656944274902,27.6957702636719,28.0831108093262,26.1969509124756,25.1690349578857,19.0699367523193
19.3978366851807,21.0214366912842,27.6395092010498,28.2749252319336,26.3716201782227,25.5031356811523,19.1020278930664
21.9343204498291,22.5704307556152,27.6384811401367,28.9360256195068,27.1437339782715,25.720344543457,19.1919994354248
22.784351348877,24.5396957397461,29.3625926971436,30.8905029296875,28.4806442260742,27.2058334350586,20.5722236633301
17.951416015625,19.9818859100342,27.2549133300781,27.8702621459961,25.6659374237061,25.0538330078125,18.3239841461182
21.0703887939453,21.9752502441406,27.40212059021,28.5544357299805,26.8913173675537,25.3134155273438,18.8646240234375
18.6801586151123,20.368350982666,27.8870468139648,28.0860290527344,26.0263595581055,25.4183883666992,18.8897762298584
22.5462970733643,24.9223918914795,29.8472194671631,31.4888916015625,28.7035388946533,28.0654220581055,20.8391780853271
19.9187774658203,21.5112781524658,27.9079914093018,28.5513038635254,26.7071990966797,25.8927135467529,18.9598560333252
20.8123664855957,21.9242782592773,27.6647701263428,28.7170162200928,27.0081596374512,25.7867774963379,18.9632530212402
20.5336570739746,21.6150207519531,27.3622779846191,28.3589973449707,26.7262744903564,25.3472156524658,18.7979698181152
19.6280136108398,21.0677108764648,27.6159267425537,28.2292194366455,26.4968910217285,25.5117092132568,19.0923080444336
18.2056903839111,20.1633281707764,27.4860000610352,27.9544544219971,25.7945461273193,25.1311855316162,18.5901126861572
18.2729835510254,19.7912406921387,28.0111274719238,27.9894466400146,25.9414520263672,25.480396270752,18.5595207214355
18.2485885620117,20.1197872161865,27.6588649749756,27.9390258789063,25.855052947998,25.1467952728271,18.6406288146973
18.364351272583,19.9799270629883,28.2744445800781,28.166934967041,26.0998210906982,25.7345371246338,18.7047500610352
20.152774810791,21.3957023620605,27.6347522735596,28.359260559082,26.689977645874,25.4549560546875,18.9580917358398
21.2670726776123,22.0704574584961,27.3841533660889,28.5801086425781,26.8849239349365,25.4566230773926,18.9655990600586
21.6193675994873,22.5524806976318,27.9209842681885,29.1318111419678,27.456880569458,26.1531314849854,19.2314739227295
18.6875495910645,20.5400810241699,27.6641120910645,28.0870971679688,25.9919700622559,25.2912940979004,18.8702259063721
23.161111831665,25.3467750549316,29.7648143768311,31.5896053314209,28.7641582489014,27.6666660308838,20.9428310394287
20.5497436523438,21.629545211792,27.5445442199707,28.2938022613525,26.68581199646,25.1921806335449,18.7268466949463
18.9291229248047,20.60036277771,28.2144107818604,28.372594833374,26.1487255096436,25.9457569122314,19.032075881958
18.4872417449951,20.3122711181641,27.3549156188965,27.780294418335,25.7025852203369,24.9730453491211,18.7332878112793
20.0517578125,25.6977596282959,31.7491664886475,34.5999984741211,30.5363807678223,29.3626861572266,22.673656463623
19.3596305847168,24.8182792663574,31.3461112976074,34.2401428222656,30.1290321350098,28.7881488800049,21.9320793151855
19.4841117858887,24.9166030883789,31.6378078460693,34.1760444641113,30.0935192108154,29.803409576416,22.0748863220215
20.4075469970703,25.8255310058594,31.4096717834473,34.279224395752,30.2411270141602,29.2439956665039,22.3817749023438
22.4660987854004,23.616569519043,28.1719703674316,29.900110244751,27.8803157806396,25.4770832061768,20.9034099578857
23.5227890014648,25.6403045654297,28.9519557952881,31.8002262115479,29.4904651641846,27.5551376342773,21.9203281402588
23.2612018585205,25.9767913818359,29.8675632476807,31.8017044067383,29.3208484649658,28.1972522735596,22.4442043304443
23.2213649749756,25.9134311676025,29.6472549438477,31.7471122741699,29.3173885345459,28.0961856842041,22.2571258544922
23.5854797363281,25.5301856994629,29.0085678100586,31.9482097625732,29.4549350738525,27.1083030700684,22.0019187927246
23.0740737915039,24.2663078308105,28.6335182189941,30.31272315979,28.4426517486572,26.1603698730469,20.7399635314941
23.715747833252,25.4699611663818,28.8444557189941,31.7375392913818,29.3093318939209,26.905345916748,22.1145038604736
23.408863067627,25.498119354248,28.9216651916504,31.8535652160645,29.4328460693359,27.2389469146729,21.8021240234375
23.7632331848145,25.8946762084961,29.116397857666,31.9160213470459,29.6944808959961,27.9519538879395,22.1346950531006
22.9278869628906,24.4927444458008,29.5225162506104,31.7694244384766,29.0042304992676,28.0615787506104,21.4357624053955
23.830135345459,25.5678730010986,28.9546127319336,31.8781356811523,29.454252243042,27.0627269744873,22.1802368164063
16.8418235778809,19.9797954559326,26.6301460266113,28.1688137054443,25.4841575622559,25.3306083679199,17.8518390655518
17.761833190918,20.0040321350098,27.6286659240723,28.0943546295166,26.2616119384766,25.2813339233398,18.5769348144531
14.2895393371582,17.2529125213623,24.3211917877197,25.5415096282959,24.0623092651367,23.2511234283447,17.4583148956299
16.6523342132568,19.904354095459,26.4418334960938,28.157096862793,25.2961292266846,25.050500869751,17.6541938781738
18.0811519622803,20.3419742584229,27.9879245758057,28.4118556976318,26.6806621551514,25.7021007537842,19.1044101715088
17.9281616210938,20.2192802429199,27.855993270874,28.4689197540283,26.869873046875,25.6400985717773,19.1666107177734
16.4459991455078,19.525806427002,26.1586666107178,27.4467735290527,25.2501621246338,25.2029991149902,18.1690330505371
14.7812471389771,17.4889392852783,24.7513885498047,25.9190902709961,24.4762325286865,23.4909572601318,17.6996250152588
15.8700084686279,18.9112453460693,25.6340522766113,26.8459396362305,24.897346496582,24.5831642150879,17.9508209228516
13.8304653167725,20.4828910827637,26.7163391113281,29.0918064117432,24.3800029754639,23.2271995544434,14.9632596969604
13.5955753326416,20.1650485992432,27.1088314056396,29.4281826019287,24.3411293029785,24.027811050415,14.9973554611206
13.0270833969116,19.0332660675049,25.3312492370605,27.399866104126,23.3442535400391,22.3487854003906,13.5451946258545
13.1590824127197,19.4528751373291,25.3165283203125,27.5742893218994,23.8171043395996,21.9444770812988,13.8261890411377
13.5122213363647,19.6241092681885,25.8019428253174,28.0240612030029,23.8264446258545,22.904167175293,14.3031930923462
14.0369930267334,20.1560325622559,26.8782196044922,28.8775615692139,24.3199405670166,23.8288383483887,14.8479804992676
13.768518447876,20.1846237182617,26.365255355835,28.5846900939941,24.2169494628906,23.1721820831299,14.7624034881592
13.7771186828613,20.4054985046387,26.4787101745605,28.6714820861816,24.3309345245361,22.9054393768311,14.8072080612183
20.7486228942871,24.6689414978027,29.0343055725098,32.213794708252,28.392219543457,28.1594505310059,21.5853424072266
23.2572536468506,26.1044616699219,30.377347946167,32.1185684204102,29.5069026947021,28.6961650848389,22.6388339996338
20.8164615631104,24.0937881469727,29.264404296875,31.7516918182373,27.7594585418701,27.981481552124,20.6453609466553
20.141773223877,24.0224609375,29.1626796722412,31.3538761138916,27.5874042510986,27.7863159179688,20.3591899871826
21.6498336791992,24.5262908935547,30.0428333282471,32.8732261657715,28.7553234100342,28.7189998626709,20.9985485076904
17.0577487945557,21.9181175231934,30.2712821960449,31.5123672485352,27.4662990570068,26.7850856781006,17.999584197998
17.8142051696777,21.7774925231934,30.2145824432373,33.9204559326172,29.1875,26.580680847168,18.4668254852295
17.6229972839355,23.0672359466553,30.5397090911865,31.8693237304688,27.5388889312744,27.3519897460938,18.4759044647217
17.5495834350586,22.4752101898193,30.45361328125,32.2549896240234,28.0013027191162,27.5180435180664,18.8880062103271
18.4577445983887,22.739818572998,31.5269355773926,33.0689163208008,28.882209777832,28.0547142028809,19.5483875274658
17.6088581085205,23.464334487915,29.9832458496094,32.0181312561035,27.9653778076172,28.2574024200439,19.2126197814941
17.7436332702637,23.5415668487549,30.3958740234375,32.3730735778809,28.1236515045166,28.2772274017334,19.4864978790283
17.6004104614258,23.495512008667,29.8121948242188,31.7408123016357,27.7133560180664,28.2730407714844,19.0327796936035
17.3130054473877,22.1708946228027,30.2740993499756,31.6345920562744,27.5740394592285,27.0587615966797,18.3382873535156
17.2725372314453,20.9959678649902,29.7147731781006,33.2248916625977,28.4919357299805,25.9297351837158,17.6121692657471
17.7786464691162,23.7746849060059,29.9863586425781,31.6921138763428,27.673921585083,28.3518562316895,19.1683940887451
17.6071300506592,23.4343147277832,29.7373275756836,32.0392227172852,28.0436592102051,28.4119262695313,19.2041702270508
17.5976142883301,23.4102840423584,30.2236328125,31.7105197906494,27.5223121643066,27.7278442382813,18.9744243621826
25.4255676269531,26.5707473754883,29.9782199859619,31.8859977722168,30.128849029541,27.848295211792,24.6988639831543
13.1527500152588,20.3400440216064,25.8729839324951,29.4602279663086,24.9640674591064,21.9777698516846,14.4132871627808
12.0215911865234,20.2163219451904,23.9485244750977,28.9210891723633,26.0106468200684,20.7048358917236,12.8484058380127
13.5739879608154,20.616735458374,26.2584629058838,29.1425552368164,25.2650928497314,22.3339672088623,14.5890474319458
13.5083560943604,21.1374588012695,26.5711421966553,31.3123149871826,24.98046875,22.1365184783936,14.6344289779663
12.274206161499,20.0078868865967,25.0323429107666,28.3524112701416,25.585599899292,21.3928108215332,13.8068170547485
11.828519821167,19.5887470245361,24.2659397125244,27.4068908691406,25.6144905090332,20.8158912658691,13.0648994445801
13.9944543838501,20.8000030517578,26.7909603118896,30.0564193725586,25.3129272460938,22.7448749542236,14.9876947402954
12.3707437515259,19.9053192138672,25.1793079376221,28.5538673400879,25.0110721588135,21.3180675506592,13.8998422622681
11.7276344299316,19.5413570404053,24.2957057952881,27.7601337432861,25.4883594512939,20.8832912445068,13.1512155532837
12.2241706848145,20.6059474945068,24.7350540161133,30.4085140228271,26.0877723693848,20.6478462219238,12.8463096618652
19.7118244171143,20.8663578033447,27.5179481506348,28.0417919158936,26.4324684143066,25.3222312927246,19.0479907989502
19.8952331542969,21.1285362243652,27.4152927398682,28.0179080963135,26.5353126525879,25.3363800048828,19.0716037750244
20.4964962005615,21.5508708953857,27.112361907959,28.0252246856689,26.4623737335205,24.8002300262451,19.058406829834
20.6473922729492,21.7045421600342,27.0320205688477,28.1660346984863,26.4243488311768,24.6753082275391,19.1738796234131
20.0756340026855,20.6161994934082,27.160472869873,27.8766899108887,26.3228454589844,25.1313591003418,19.5799598693848
20.5656642913818,21.6776237487793,27.6210556030273,28.3935966491699,26.7799224853516,25.4091701507568,19.0418376922607
18.647346496582,20.3056945800781,27.8825798034668,28.2133769989014,26.529670715332,25.402889251709,19.2143001556396
21.6059265136719,22.1347675323486,27.8042602539063,28.2347660064697,26.6336917877197,25.0094451904297,19.6953411102295
21.1359767913818,22.126766204834,27.4377937316895,28.4639701843262,26.7226543426514,24.8452777862549,19.7157173156738
18.239444732666,20.2795524597168,28.0360469818115,28.3014183044434,26.5682163238525,25.5992622375488,19.1056632995605
20.8904037475586,21.9004230499268,27.1513500213623,28.3242301940918,26.5840759277344,24.8223152160645,19.3772983551025
19.8318462371826,20.8326797485352,27.6095447540283,28.0697021484375,26.3649063110352,25.2884960174561,19.1827869415283
20.1161937713623,21.0317287445068,27.333137512207,27.9184951782227,26.4255504608154,25.1180973052979,19.1390247344971
18.9527492523193,20.4635524749756,27.9247894287109,28.2259387969971,26.4844169616699,25.4613246917725,19.1452827453613
21.2983055114746,22.2789325714111,27.3449096679688,28.5462036132813,26.7649936676025,24.7056846618652,19.689416885376
19.5509262084961,20.1696243286133,27.1590747833252,27.7943553924561,26.2121868133545,24.9750919342041,19.5391578674316
20.1184749603271,21.2876949310303,27.2253437042236,27.9467849731445,26.5700778961182,25.0875759124756,19.0638599395752
20.9835720062256,21.8556118011475,27.3663749694824,28.3164672851563,26.5883731842041,24.8714771270752,19.4389057159424
20.6223430633545,21.2205867767334,27.4634170532227,28.1318855285645,26.6115283966064,25.3330860137939,19.6118469238281
19.7689628601074,21.1199321746826,27.5546760559082,28.1297721862793,26.5310897827148,25.4655075073242,19.0898818969727
20.5212631225586,21.7066135406494,27.3390407562256,28.2238883972168,26.7382984161377,25.1841220855713,19.1209945678711
19.0207233428955,20.5644702911377,27.8822269439697,28.3062362670898,26.640754699707,25.5016098022461,19.2503280639648
21.8845806121826,22.6315994262695,28.1824283599854,28.9708671569824,27.3092269897461,25.4984798431396,20.3056926727295
20.8266906738281,21.8676605224609,27.4970283508301,28.4336833953857,26.8021430969238,25.0703353881836,18.7168865203857
19.5591430664063,20.7755012512207,27.7435340881348,28.2197437286377,26.4935665130615,25.4435958862305,19.1327838897705
19.0742683410645,20.2585716247559,27.6601886749268,28.0214557647705,26.3757266998291,25.1308097839355,19.4807052612305
19.5280170440674,20.3980770111084,27.4438419342041,27.9451675415039,26.3095016479492,25.1240177154541,19.4737567901611
20.0722045898438,21.2623310089111,27.2675018310547,27.9555549621582,26.5185661315918,25.1776676177979,19.0382137298584
20.764347076416,21.5163307189941,27.4232730865479,28.1330986022949,26.6376686096191,25.1569957733154,19.3493633270264
19.2727184295654,20.7788715362549,27.6938552856445,28.1991748809814,26.5242671966553,25.4556293487549,19.1007785797119
19.815824508667,20.4486808776855,26.5429286956787,27.7541542053223,26.2512226104736,25.0038719177246,19.2911376953125
18.1820449829102,20.1834125518799,27.8890438079834,28.2017860412598,26.4617805480957,25.3787956237793,18.9552822113037
19.1253395080566,20.530689239502,27.9496803283691,28.2252902984619,26.4653720855713,25.3543720245361,19.2377529144287
21.0265007019043,26.4458065032959,31.8898334503174,34.8382263183594,30.7633876800537,29.7433338165283,23.0632266998291
20.9127769470215,26.2510757446289,31.6696300506592,34.5177421569824,30.4231185913086,29.4007396697998,22.6412181854248
15.1761960983276,21.2650203704834,29.146598815918,33.635311126709,26.6540603637695,24.6926937103271,16.2553844451904
12.7911376953125,19.3814659118652,25.7733421325684,28.5323047637939,23.6387920379639,22.5347633361816,14.277717590332
14.9155607223511,21.7473545074463,28.2081604003906,31.9046249389648,25.7261390686035,23.8780651092529,15.6347646713257
13.0586519241333,19.6944580078125,26.0065250396729,28.9051399230957,23.9030227661133,22.489559173584,14.3770561218262
15.7043895721436,21.371618270874,29.170747756958,31.7904186248779,26.0221977233887,25.0109081268311,16.762825012207
13.7473125457764,20.1570606231689,26.7179641723633,29.696870803833,24.36203956604,22.9712104797363,14.9322137832642
15.4162225723267,21.2048606872559,28.8795509338379,31.1543045043945,25.5842838287354,24.7626876831055,16.3812122344971
23.8135662078857,26.2661533355713,29.854944229126,32.2160911560059,29.6480808258057,28.1309661865234,22.9586601257324
23.6245651245117,26.1849594116211,29.7418251037598,32.0287628173828,29.5516490936279,28.0398845672607,22.7561988830566
23.8855800628662,26.2468414306641,29.8472881317139,32.2780647277832,29.6586093902588,28.1442375183105,23.0544586181641
25.1382160186768,26.1917572021484,28.9276103973389,31.7699584960938,29.512544631958,26.9015159606934,23.0503425598145
23.6509857177734,25.5887088775635,28.9699382781982,31.8641567230225,29.4477310180664,26.9922847747803,22.0602169036865
23.3715362548828,26.0159339904785,29.5329532623291,31.7691707611084,29.3783416748047,27.8962955474854,22.4309692382813
21.1826190948486,25.6494388580322,33.1089897155762,34.6393013000488,29.0556735992432,27.5991916656494,22.5106906890869
23.2209568023682,28.1190433502197,33.0391693115234,33.5996551513672,30.0931339263916,28.2235927581787,23.3145294189453
21.377950668335,26.0451011657715,33.3092498779297,35.0504913330078,29.4176845550537,27.9342155456543,22.7346687316895
15.5948352813721,19.1731567382813,26.1596031188965,27.1752815246582,24.5825138092041,24.5740871429443,16.1873760223389
15.8344774246216,19.2727146148682,26.3176803588867,27.2787742614746,24.699047088623,24.8361358642578,16.3918495178223
15.0948600769043,18.7840442657471,25.640287399292,26.8008575439453,24.2343215942383,24.0309753417969,15.7323122024536
14.8122634887695,18.7426433563232,25.6345653533936,26.9968013763428,24.1709060668945,23.8113479614258,15.6454257965088
13.1246967315674,16.5442810058594,24.5318183898926,25.7296180725098,23.3604106903076,22.7281818389893,15.3249263763428
13.721339225769,18.0247173309326,24.8257141113281,26.67360496521,23.3988742828369,23.2182159423828,15.3791666030884
13.4917221069336,16.8214511871338,24.8824729919434,25.9037094116211,23.4567642211914,22.9425659179688,15.5626707077026
25.1785717010498,25.9960193634033,29.7861480712891,31.6971092224121,29.8774604797363,27.5809516906738,24.5435695648193
22.3500003814697,27.2913970947266,32.8459243774414,33.1612930297852,29.1103057861328,27.4927787780762,22.650806427002
20.9595375061035,26.5012550354004,32.3063888549805,35.1186370849609,31.0112915039063,29.8878707885742,23.3132629394531
22.0268535614014,26.6747894287109,33.2279014587402,33.9566917419434,29.0035247802734,27.307409286499,22.1911602020264
16.80078125,19.8890037536621,26.7704410552979,27.9250736236572,25.709300994873,25.5591316223145,18.1796321868896
15.3664989471436,21.1765232086182,29.0420169830322,32.5016021728516,26.2319297790527,24.8083477020264,16.504825592041
14.1257572174072,18.0971412658691,25.4398498535156,26.9111442565918,23.8393688201904,23.7380294799805,15.688196182251
14.1359090805054,17.2398834228516,25.3781814575195,26.1583576202393,23.828592300415,23.3136367797852,16.2105579376221
19.5290756225586,25.1955184936523,32.1836090087891,35.0819892883301,30.9923820495605,29.7177772521973,21.8684577941895
21.476390838623,23.8931217193604,29.78977394104,31.1339988708496,28.5760307312012,28.4806728363037,20.2510032653809
20.9431858062744,23.4801998138428,29.6950588226318,31.2562847137451,28.3414249420166,28.7412872314453,20.2441844940186
22.298131942749,23.0734596252441,28.2754878997803,29.6267967224121,27.8998317718506,26.487829208374,19.5617122650146
19.2270374298096,20.9794406890869,27.711389541626,28.2816123962402,26.2914390563965,25.5053672790527,19.0001430511475
20.0605087280273,21.7938785552979,28.2128162384033,28.8398876190186,26.7962265014648,26.7315044403076,19.1468772888184
19.0571098327637,20.7181015014648,27.6061344146729,28.0824432373047,26.1854038238525,25.275239944458,19.042407989502
18.350606918335,23.7565898895264,31.0327987670898,33.4142303466797,28.9746570587158,28.5668087005615,19.937406539917
17.9676399230957,23.5749931335449,30.8216171264648,33.0091400146484,28.5373573303223,28.3388214111328,19.639368057251
19.7663879394531,25.2947120666504,31.4554634094238,34.2030487060547,30.1768836975098,29.3412971496582,22.0863800048828
23.5115928649902,26.0464878082275,29.507848739624,32.0402145385742,29.5559501647949,28.146556854248,22.0030460357666
23.2974071502686,25.9322566986084,29.4970989227295,31.8650531768799,29.3884105682373,28.0836410522461,22.0229396820068
16.3081665039063,19.4869365692139,26.079833984375,27.5120449066162,25.1410751342773,25.1082782745361,17.9943008422852
17.0410327911377,20.1213436126709,27.0670337677002,28.2996826171875,25.775936126709,25.6934127807617,18.0694808959961
11.8926296234131,19.2509632110596,24.2890529632568,27.6047744750977,25.5288848876953,21.0501155853271,13.2826766967773
12.2944631576538,19.4387435913086,24.7091617584229,27.919828414917,25.3769664764404,21.4717197418213,13.6397829055786
11.8633222579956,18.6797790527344,24.0110149383545,27.3762378692627,24.83815574646,20.9838733673096,13.2257499694824
13.6846570968628,20.2206497192383,26.0764064788818,28.2752361297607,24.4547939300537,22.4037685394287,14.4512338638306
23.6341342926025,26.3033638000488,30.4620609283447,32.196964263916,29.4975814819336,28.7620754241943,23.1572856903076
17.6262397766113,22.825511932373,30.4388828277588,32.2524642944336,27.9367389678955,27.5831890106201,18.7591857910156
11.8369140625,19.6875152587891,24.1439342498779,28.6889228820801,25.3033618927002,20.8438835144043,13.5814170837402
10.6929445266724,18.5816707611084,22.8322277069092,26.5877132415771,24.5822887420654,19.7526760101318,11.9357576370239
13.8405027389526,20.6017227172852,26.8686714172363,30.4119720458984,24.9522533416748,22.4399452209473,14.7111310958862
12.4542465209961,19.8749351501465,25.0376472473145,28.9066886901855,24.8856601715088,21.2847709655762,13.9530801773071
12.5488805770874,20.0522632598877,25.1862525939941,29.5660381317139,24.6787223815918,21.3436508178711,14.1819305419922
11.1652669906616,19.096565246582,23.1313209533691,27.43723487854,24.9792137145996,20.0803127288818,12.5266342163086
12.8657426834106,20.22043800354,25.5940723419189,28.5511817932129,25.39040184021,21.8361186981201,14.1818952560425
21.1383323669434,21.6668453216553,27.6811103820801,28.325626373291,26.8198928833008,25.429630279541,19.6879920959473
12.8558120727539,19.6472816467285,25.7143878936768,28.9073047637939,23.85959815979,22.3848609924316,14.0492610931396
13.2990074157715,20.12428855896,26.0295429229736,29.6769618988037,24.3468265533447,22.5707187652588,14.2681455612183
13.4450769424438,20.2188472747803,26.2156944274902,29.8186492919922,24.6058254241943,22.4224414825439,14.4793043136597
14.7202014923096,18.7165203094482,25.6555557250977,27.2386779785156,24.1839370727539,23.9510097503662,15.8590745925903
21.2907695770264,23.5868530273438,29.6184024810791,30.9243659973145,28.2855052947998,28.4992618560791,20.0969066619873
22.0482578277588,24.7431144714355,30.156665802002,31.7920627593994,28.7747898101807,28.4702777862549,20.8324871063232
21.8111133575439,24.3524990081787,29.9575958251953,31.3588962554932,28.7835636138916,28.4258670806885,20.4638233184814
20.0167217254639,22.9600028991699,29.4395618438721,30.7355117797852,27.3460826873779,28.0117683410645,19.7977619171143
22.9642429351807,25.5142230987549,29.5769691467285,31.8633422851563,29.3615837097168,28.3878784179688,22.0649566650391
22.1136016845703,24.7305126190186,30.0706386566162,31.6148242950439,28.7861213684082,28.3792686462402,20.7621631622314
19.4764251708984,21.2152671813965,28.2174167633057,28.6082344055176,26.3744010925293,26.3000335693359,19.1545352935791
19.7811107635498,24.7261657714844,31.6079635620117,34.0261650085449,30.3535842895508,29.0935192108154,22.1978492736816
18.7264823913574,23.8709678649902,29.275369644165,31.7268810272217,27.7616481781006,27.5509262084961,19.8872756958008
18.7777252197266,24.0136890411377,31.4142932891846,34.1218185424805,29.6111354827881,29.1116008758545,20.4083976745605
19.5454254150391,25.1145439147949,32.0205764770508,34.8135986328125,30.8824462890625,29.4610710144043,21.9123859405518
20.0151519775391,25.4232654571533,32.4412460327148,35.1347351074219,30.5509929656982,30.4632987976074,21.9133262634277
18.7931537628174,23.7418823242188,31.5952587127686,34.1529808044434,29.8372707366943,29.3678722381592,20.4025726318359
20.838888168335,25.3789501190186,33.1220550537109,34.2785911560059,29.7447052001953,28.7159938812256,22.8748779296875
23.4918975830078,25.4289054870605,29.1548004150391,31.4141845703125,28.9479942321777,27.5570316314697,21.3093070983887
12.9600429534912,19.0523986816406,25.0930881500244,27.2379360198975,23.3900623321533,22.0878276824951,13.6671552658081
13.499098777771,19.8637599945068,25.8718166351318,27.9981079101563,24.0012187957764,22.5875301361084,14.3931455612183
12.7615737915039,19.6062622070313,25.0711765289307,28.0623912811279,24.9124813079834,21.7232666015625,13.8195915222168
11.7287330627441,18.6040706634521,23.7872467041016,27.2527236938477,24.8507652282715,20.7895793914795,13.0751647949219
13.9870519638062,19.432409286499,26.1316967010498,28.2169933319092,24.0866565704346,23.5775241851807,14.3752717971802
20.4301853179932,23.9589614868164,29.2287044525146,31.4487457275391,27.648567199707,28.0542602539063,20.28369140625
18.3666667938232,23.3569889068604,29.5622215270996,31.5037631988525,27.6077060699463,27.662036895752,19.2655906677246
10.3643159866333,17.7208442687988,21.1228637695313,28.730562210083,24.8703479766846,18.0433769226074,9.87613773345947
12.2572774887085,20.9758548736572,24.3501358032227,31.5390243530273,26.6984481811523,20.4484214782715,13.2744741439819
11.7061967849731,19.2985954284668,22.9494667053223,30.4465465545654,26.3985729217529,19.5832252502441,11.0262613296509
11.9070510864258,19.9185276031494,24.4237174987793,33.0370140075684,30.193962097168,21.2698726654053,12.266749382019
13.5510988235474,22.3690185546875,26.2970695495605,33.1885871887207,27.8020210266113,21.3787536621094,14.5824174880981
17.4922103881836,21.7564563751221,30.6537780761719,32.048282623291,27.9679203033447,27.2031650543213,18.6004447937012
24.9195251464844,25.8150119781494,29.646577835083,31.5431060791016,29.7734279632568,27.4604167938232,24.5342884063721
12.8322381973267,21.0174827575684,25.687068939209,31.2961444854736,25.9668483734131,21.3534622192383,13.7581825256348
13.210428237915,21.2196712493896,26.4582176208496,31.942699432373,25.4318866729736,21.4882354736328,14.3829164505005
12.1868982315063,20.5880527496338,24.5033798217773,30.4574279785156,26.2540035247803,20.1753807067871,12.7280311584473
20.8097229003906,21.2413101196289,27.3982410430908,28.1125450134277,26.549015045166,25.2803688049316,19.6926536560059
16.9942302703857,24.1802730560303,27.9442291259766,34.242805480957,33.534366607666,25.917179107666,17.6631507873535
14.2011108398438,22.3336639404297,25.58034324646,31.8320922851563,32.4038887023926,24.7698287963867,16.4511165618896
16.5733222961426,23.2559947967529,27.3219604492188,34.0049133300781,33.336799621582,25.7782497406006,17.5909042358398
14.6221790313721,22.9914398193359,26.0438461303711,32.003475189209,33.1923065185547,25.5857696533203,17.2085609436035
15.5753974914551,21.568208694458,29.2503890991211,32.3202247619629,26.2971954345703,24.9871845245361,16.6036682128906
13.9408445358276,20.9722347259521,27.0473442077637,30.76318359375,24.8295307159424,22.6300468444824,14.6572103500366
14.4431915283203,21.370885848999,27.68385887146,31.8886585235596,25.2687759399414,22.7398567199707,14.8408527374268
16.3864097595215,23.7089900970459,27.6834869384766,33.5407867431641,32.9176330566406,25.3779220581055,16.7506370544434
16.3541584014893,23.5228424072266,27.3667812347412,33.806095123291,32.9283561706543,25.3110961914063,17.2235870361328
14.5925216674805,21.0773086547852,25.0930233001709,32.1308631896973,31.3264255523682,23.6627349853516,15.2129030227661
15.8464784622192,23.4649181365967,27.4485034942627,33.2257804870605,32.8152275085449,25.1686706542969,16.3731212615967
12.4929704666138,19.6458797454834,24.0670013427734,30.9236736297607,30.4745063781738,22.4370422363281,13.1168670654297
12.4817981719971,19.8347434997559,23.9957809448242,31.4515686035156,30.9465980529785,22.6656799316406,13.4686861038208
16.1023845672607,22.602970123291,26.5601615905762,33.3659400939941,32.424919128418,24.9386959075928,16.6357650756836
12.7970628738403,19.9142780303955,24.1844940185547,31.5670166015625,31.1309700012207,23.041690826416,13.86376953125
16.5237941741943,24.4152851104736,28.0505123138428,34.2089309692383,33.5340957641602,26.013744354248,17.4525566101074
10.0503406524658,24.7016487121582,26.0786075592041,28.0114841461182,27.775562286377,23.9694004058838,14.1289978027344
13.9178304672241,28.6484851837158,29.1460704803467,28.5079956054688,29.1240882873535,27.7147216796875,18.0568618774414
15.6021118164063,29.4289398193359,30.8948001861572,30.5612926483154,30.0486507415771,28.3985576629639,19.9527397155762
16.0144939422607,29.2610244750977,31.3365707397461,30.8541946411133,30.1901550292969,28.466869354248,20.0248718261719
10.7488508224487,25.376802444458,26.8195915222168,28.0451049804688,28.1433277130127,24.950813293457,14.7517461776733
15.0623464584351,29.1762351989746,30.5662956237793,30.0311431884766,29.7035694122314,28.2352256774902,19.6859035491943
16.3687038421631,28.8645153045654,30.9381484985352,30.6394271850586,29.8761653900146,27.8659267425537,19.7489242553711
12.5669584274292,27.8540000915527,28.6749038696289,28.6623554229736,29.1966743469238,27.1370410919189,17.0823230743408
10.7022314071655,25.2979259490967,26.7790603637695,28.4263324737549,28.5381164550781,24.8944988250732,14.8882236480713
12.2086668014526,27.3284664154053,28.6779098510742,28.5890083312988,28.6668300628662,25.783519744873,16.1097946166992
10.9682836532593,25.8437347412109,27.2070236206055,27.9354496002197,28.0309162139893,25.0716552734375,14.9564352035522
15.8653516769409,29.2162227630615,31.2597599029541,30.6551780700684,30.2426567077637,28.5601997375488,19.9176979064941
15.4239816665649,28.9779567718506,30.8806476593018,30.3556442260742,29.7565422058105,28.1047229766846,19.7046585083008
16.5359630584717,29.4094429016113,31.5510101318359,31.2592735290527,30.3934135437012,28.6091766357422,20.1866397857666
14.7446937561035,29.1867027282715,30.3557739257813,29.6277198791504,29.7018775939941,28.1516647338867,18.7322616577148
10.5139045715332,25.4234828948975,26.9184436798096,27.9508876800537,27.7635498046875,24.6520767211914,14.6237525939941
14.6098337173462,29.2293548583984,30.8118324279785,30.2438716888428,30.2058067321777,28.2011661529541,18.7740325927734
16.6848239898682,29.5017013549805,31.681999206543,31.34521484375,30.2441844940186,28.5248146057129,20.3326873779297
15.7826433181763,29.4903564453125,30.8249034881592,30.7399215698242,30.2031764984131,28.5698947906494,20.1765804290771
17.0390186309814,29.0556640625,31.0600090026855,30.785717010498,30.3130550384521,28.3581123352051,20.0694618225098
16.5501480102539,29.4882144927979,31.6214962005615,31.2822322845459,30.4706363677979,28.7791748046875,20.341236114502
10.0941591262817,25.1636600494385,26.6373519897461,27.9677791595459,27.5619945526123,24.2438735961914,14.3722038269043
13.7828931808472,28.7262420654297,29.3378734588623,28.9009017944336,29.4926204681396,27.6263942718506,17.5294399261475
16.1093864440918,29.0388622283936,31.219482421875,30.8575897216797,29.8644561767578,28.0655975341797,19.9369983673096
16.873384475708,29.273588180542,31.0241775512695,30.740083694458,30.6735172271729,28.7944145202637,20.145866394043
10.1349544525146,24.9591941833496,26.4695224761963,27.9477024078369,27.6326446533203,24.242374420166,14.3078279495239
12.1432886123657,26.4799194335938,27.6083126068115,28.3708515167236,28.201530456543,25.7707672119141,17.1292495727539
11.9976015090942,26.0302639007568,27.2505683898926,28.4459629058838,28.0938510894775,25.5383815765381,16.7486000061035
12.5964851379395,27.099458694458,28.0187358856201,28.1806716918945,28.1412811279297,25.8913536071777,17.4274559020996
14.993803024292,27.9883499145508,28.5588760375977,28.8243942260742,28.6350936889648,26.464900970459,18.6316223144531
17.0115737915039,29.4484748840332,30.5861129760742,30.8181896209717,30.875358581543,28.2854633331299,20.7495517730713
11.6066579818726,25.2292938232422,26.3013648986816,28.1443023681641,27.6809749603271,25.036693572998,15.7542505264282
14.0318613052368,27.778995513916,28.3196849822998,28.5203857421875,28.3952865600586,26.097620010376,18.0611743927002
11.7652311325073,26.428466796875,27.6132640838623,28.3172588348389,28.2694778442383,25.9053707122803,16.5780563354492
16.9273586273193,29.4279479980469,30.9984722137451,30.9945850372314,30.762414932251,28.8457260131836,20.5197486877441
13.277416229248,27.7390899658203,28.6330051422119,28.3953170776367,28.4108638763428,26.0779914855957,17.5394535064697
13.9142274856567,27.9776268005371,28.6526832580566,28.7052764892578,28.5050849914551,26.2500247955322,18.0893001556396
13.6020231246948,27.6809043884277,28.2846069335938,28.2805519104004,28.1756992340088,25.9459571838379,17.8593349456787
12.6812496185303,27.0552082061768,27.9691638946533,28.2302150726318,28.1671657562256,25.9487800598145,17.4563007354736
11.8323583602905,25.5735416412354,26.7332057952881,28.3071746826172,27.9073944091797,25.3627338409424,16.0388813018799
11.179292678833,25.6054420471191,27.1202507019043,28.2565975189209,28.5561008453369,25.68678855896,16.3431262969971
11.6023693084717,25.7641410827637,26.9730587005615,28.3711948394775,28.0806522369385,25.4440231323242,16.14013671875
11.3305549621582,25.906810760498,27.4307403564453,28.3154125213623,28.7318115234375,25.9880561828613,16.492919921875
13.2172632217407,27.4325065612793,28.1044635772705,28.141918182373,28.1411762237549,25.957067489624,17.5885639190674
14.1287117004395,27.8325347900391,28.3673267364502,28.562068939209,28.3746185302734,26.2254772186279,18.22239112854
14.642614364624,28.2305431365967,28.8142700195313,29.117748260498,28.8865871429443,26.6490421295166,18.7067012786865
12.1976451873779,26.3544616699219,27.5504570007324,28.3082580566406,28.0649814605713,25.7401466369629,16.5713920593262
17.421667098999,29.2265224456787,31.0587043762207,30.9718647003174,30.7765235900879,28.6324081420898,20.4326171875
13.6277542114258,27.5717658996582,28.0788764953613,28.1030883789063,28.1032295227051,25.8899688720703,17.5968055725098
12.1557731628418,27.0475788116455,27.9608612060547,28.151517868042,28.5538349151611,26.4719066619873,17.0165233612061
12.1073980331421,25.9359893798828,27.1245498657227,28.0239601135254,27.739444732666,25.4213790893555,16.425012588501
18.4829635620117,30.9676513671875,33.1508331298828,33.1198043823242,32.2201614379883,27.7445373535156,19.6041221618652
18.2440738677979,30.4032249450684,33.1222229003906,32.725269317627,31.6883506774902,27.2264823913574,18.987813949585
16.9575462341309,30.2069282531738,33.4086952209473,33.186393737793,31.1804370880127,26.9577865600586,18.821662902832
18.3042945861816,30.5326194763184,32.6923446655273,32.9652862548828,31.9131832122803,27.5631370544434,19.7742958068848
16.2071971893311,27.9129390716553,29.3043556213379,29.8273468017578,29.2586135864258,26.7481060028076,20.0601177215576
17.7948398590088,29.0174102783203,31.3725032806396,31.4030075073242,31.0356216430664,28.8845119476318,21.747594833374
17.655122756958,29.6433696746826,31.8790740966797,32.0640068054199,31.0090789794922,28.9919128417969,21.9556484222412
17.6581420898438,29.5240898132324,31.7750930786133,31.9323291778564,31.027681350708,28.9732646942139,21.8111381530762
17.3117904663086,29.1736354827881,31.4844360351563,31.6405982971191,31.1555919647217,28.651439666748,21.8575458526611
16.9170360565186,28.3582439422607,29.8725929260254,30.1379928588867,29.6885299682617,27.3012962341309,20.229211807251
17.3349285125732,29.1171264648438,31.4596195220947,31.6354274749756,31.0452728271484,28.5641784667969,21.8365612030029
17.3691787719727,29.0120754241943,31.29563331604,31.419246673584,31.0492496490479,28.6534729003906,21.7191982269287
18.2076663970947,29.2124176025391,31.5792045593262,31.5692558288574,31.1696968078613,29.2131843566895,21.8566589355469
17.0907573699951,29.1461486816406,31.1897392272949,30.922420501709,30.734302520752,28.9049377441406,20.6654758453369
17.6368427276611,29.2528686523438,31.5220718383789,31.5912189483643,31.0822830200195,28.6448993682861,21.9077377319336
9.74956703186035,24.1385555267334,25.7392234802246,28.882999420166,28.0411949157715,23.1564521789551,13.9760389328003
11.3486661911011,24.8909683227539,26.3444995880127,29.0080642700195,28.1514511108398,24.742166519165,15.6456451416016
7.22997426986694,21.7427978515625,23.5769138336182,27.3040027618408,26.4842891693115,21.9113788604736,13.2841901779175
9.4975004196167,24.0775814056396,25.6469993591309,28.9891929626465,27.9422588348389,22.9401664733887,13.7011289596558
11.6953172683716,25.1243591308594,26.8479900360107,29.6061553955078,28.6778888702393,25.0886325836182,16.0801677703857
11.4139518737793,24.6930809020996,26.6493186950684,29.4885444641113,28.855354309082,24.9760856628418,16.0761871337891
9.27333354949951,23.8741931915283,25.7873344421387,28.7561283111572,27.8864517211914,23.1246662139893,14.1193552017212
7.75277948379517,22.2808475494385,24.0708789825439,27.4033508300781,26.7381191253662,22.2799606323242,13.6526556015015
8.66323375701904,23.4018478393555,25.3345146179199,28.4017429351807,27.4681091308594,22.8389148712158,13.8370923995972
7.737144947052,25.6362190246582,26.8692359924316,27.5670280456543,26.4374141693115,21.8229160308838,10.8416166305542
6.62739419937134,25.0461368560791,26.5470523834229,28.0171756744385,26.99387550354,22.3395519256592,12.1830415725708
7.79322910308838,24.5656929016113,25.4937496185303,27.1597785949707,25.9212036132813,20.431770324707,9.56132411956787
7.45385599136353,24.6799411773682,26.213659286499,26.6545810699463,25.3854789733887,20.1895637512207,9.18620872497559
7.68279218673706,25.2315788269043,26.247314453125,27.3385257720947,26.3527297973633,21.3684501647949,10.2783041000366
7.06724691390991,25.2117958068848,26.0086097717285,27.5672512054443,26.6563034057617,22.0851173400879,11.4730911254883
7.84928512573242,25.5938968658447,26.7559852600098,27.4889869689941,26.4372615814209,21.6748600006104,10.5359506607056
7.90780925750732,25.5567855834961,26.8818035125732,27.3103561401367,26.0967845916748,21.5380573272705,10.4023542404175
16.8685760498047,29.0184860229492,31.7914047241211,32.6766357421875,30.8416023254395,27.5179634094238,19.4987888336182
17.732048034668,29.9025211334229,32.3406524658203,32.3920097351074,31.0421981811523,29.0787105560303,21.8700275421143
16.249382019043,28.4920349121094,30.8259258270264,31.333532333374,31.0300674438477,27.7858028411865,19.2550773620605
15.1875257492065,28.7841663360596,30.7545127868652,31.1771850585938,30.619836807251,27.2858600616455,18.9023952484131
16.0833339691162,29.3693542480469,31.5288333892822,31.0516128540039,30.781774520874,28.7481670379639,19.8348388671875
13.3158988952637,25.1098728179932,30.1605739593506,29.3862209320068,28.2544002532959,24.5743656158447,15.6195182800293
14.9384469985962,24.8607044219971,30.5990524291992,31.0630493164063,29.6572589874268,26.6217803955078,15.930718421936
13.9040126800537,26.6699733734131,30.7252769470215,29.9157905578613,28.7191734313965,24.7652778625488,16.11598777771
13.9323692321777,26.0419998168945,31.0989933013916,30.1413021087646,28.6343460083008,24.8984527587891,15.932391166687
15.0131311416626,26.3734111785889,31.6668357849121,30.5795040130615,29.4116973876953,25.8318176269531,16.7885303497314
14.2251272201538,28.2747859954834,30.78098487854,30.4135570526123,29.6865158081055,25.090856552124,16.5371417999268
14.3603391647339,28.1997184753418,31.1332893371582,30.4396286010742,29.5648860931396,25.3430671691895,16.6223659515381
14.2066221237183,28.4202098846436,30.4337177276611,30.379508972168,29.6804981231689,25.0580615997314,16.5295639038086
13.6026582717896,25.4632911682129,30.5814723968506,29.6422729492188,28.291805267334,24.6263198852539,15.6776475906372
13.3564395904541,24.1644058227539,29.2132568359375,29.9391498565674,28.883430480957,25.7575759887695,15.2406520843506
14.2556734085083,28.8639430999756,30.4001712799072,30.4462242126465,29.7342834472656,25.3852386474609,16.718770980835
14.1497011184692,28.8023681640625,30.7505550384521,30.7650279998779,30.0277214050293,25.1390056610107,16.6997032165527
14.1612091064453,27.5914058685303,30.5182228088379,29.8268585205078,29.0253086090088,25.1167678833008,16.3365211486816
21.4914779663086,28.3194637298584,31.1166667938232,30.4358501434326,31.7107772827148,30.2795448303223,23.5175952911377
7.03347730636597,24.7589015960693,27.0028820037842,27.4617729187012,26.6074142456055,19.8069515228271,9.28152275085449
7.5201563835144,24.014720916748,25.9929790496826,27.2361240386963,27.8593101501465,16.7730255126953,9.00177097320557
7.20891618728638,25.368070602417,27.3657264709473,27.62744140625,26.7171688079834,20.4457550048828,9.25881862640381
7.65484762191772,23.7061405181885,26.5709667205811,28.1902046203613,28.0819568634033,19.9682598114014,10.3112478256226
7.08000755310059,24.3110179901123,26.7709789276123,27.4873123168945,27.0781860351563,18.8915710449219,8.18941593170166
8.00907897949219,24.1956615447998,26.5689067840576,27.4151878356934,27.4149208068848,17.6965999603271,7.74498653411865
7.66142559051514,25.7127494812012,27.6352348327637,27.9105052947998,26.8545303344727,20.8413066864014,9.86226177215576
6.62499189376831,24.1082878112793,26.5584602355957,27.1599311828613,26.5429763793945,19.0920085906982,8.44706344604492
7.43782615661621,24.0477199554443,26.3722267150879,27.2811298370361,27.108606338501,17.9856624603271,7.82676649093628
6.81762981414795,23.7912921905518,25.8388576507568,27.6204643249512,28.1548175811768,17.3247108459473,9.77122592926025
12.7743864059448,26.1201953887939,27.5663166046143,28.4254417419434,28.4852905273438,25.9865779876709,17.2184886932373
12.8603534698486,26.6151313781738,27.7197170257568,28.3026008605957,28.336217880249,26.0893745422363,17.4390811920166
13.1530332565308,27.0192565917969,27.5100421905518,28.1708736419678,28.1431465148926,25.7719249725342,17.6584663391113
13.244776725769,27.1069278717041,27.5431308746338,28.1776218414307,27.9842872619629,25.7703857421875,17.9202671051025
12.8495349884033,25.7738704681396,27.3391571044922,28.5379848480225,28.4288520812988,25.6601009368896,17.0620269775391
13.6156568527222,27.4510307312012,28.0509986877441,28.3308219909668,28.2863636016846,26.0895481109619,17.5287132263184
12.0739755630493,25.5890712738037,27.0767154693604,29.0340404510498,28.3450164794922,25.4675636291504,16.4785919189453
14.092963218689,27.2784938812256,27.648889541626,28.8232975006104,28.5874557495117,26.0316677093506,18.0308246612549
14.0183734893799,27.4416618347168,28.1310005187988,28.6525287628174,28.4087467193604,26.166971206665,18.5188217163086
11.9864902496338,25.2650566101074,26.9367408752441,29.4618110656738,28.5676212310791,25.2105712890625,16.2444953918457
13.6779251098633,27.3460178375244,27.8225555419922,28.3881931304932,28.145206451416,26.0045490264893,18.1407623291016
13.0643129348755,25.9997234344482,27.5066833496094,28.5356674194336,28.6223926544189,25.8649311065674,17.1088542938232
13.0445823669434,26.338586807251,27.5302047729492,28.3362884521484,28.478666305542,25.925989151001,17.4009799957275
12.5946950912476,25.6267185211182,27.2629222869873,29.1222648620605,28.6313648223877,25.6063976287842,16.6666240692139
14.6919231414795,27.6336326599121,28.5986595153809,28.7307472229004,28.4830169677734,26.1795902252197,18.7579936981201
12.2775001525879,25.1651439666748,26.9298133850098,28.6267013549805,28.4137992858887,25.3848152160645,16.8262538909912
12.9103670120239,26.7189388275146,27.5511245727539,28.226318359375,28.3121814727783,25.983419418335,17.6506786346436
13.6229772567749,27.2796211242676,27.8158187866211,28.4866466522217,28.3213844299316,25.9883193969727,18.0343894958496
13.4052038192749,26.5236892700195,27.7829284667969,28.687629699707,28.6844596862793,26.0222225189209,17.4964065551758
12.8007020950317,26.8741035461426,27.8639335632324,28.3058948516846,28.227180480957,26.0652961730957,17.3906555175781
13.4641742706299,27.2198238372803,27.7701530456543,28.2750930786133,28.2483367919922,26.0041370391846,17.5865364074707
12.1754674911499,25.9718627929688,27.4157409667969,28.9414100646973,28.4945278167725,25.7866535186768,16.8613262176514
14.6900930404663,28.0147399902344,28.562707901001,29.3282661437988,29.0783081054688,26.668909072876,18.8635768890381
13.9950504302979,27.625732421875,28.1301612854004,28.4224338531494,28.4009056091309,26.0748977661133,17.6510581970215
12.7854404449463,25.9605941772461,27.5302066802979,28.6884479522705,28.6314678192139,25.9569263458252,17.0393829345703
12.2179651260376,25.1589641571045,26.9988212585449,28.9822788238525,28.7157382965088,25.4363899230957,16.9055862426758
12.5472898483276,25.4492664337158,27.1515617370605,28.7414112091064,28.5858097076416,25.5602054595947,16.9345836639404
12.9874238967896,26.806978225708,27.6462211608887,28.1797504425049,28.2048587799072,25.987699508667,17.5051765441895
13.4987211227417,26.9708805084229,27.7530937194824,28.52903175354,28.5941829681396,26.05299949646,17.7004489898682
12.2625131607056,26.3290615081787,27.6334018707275,28.5705318450928,28.4209728240967,25.9501132965088,17.1992416381836
12.9057235717773,25.7781028747559,26.693265914917,28.4876174926758,28.3512535095215,25.028787612915,16.6619415283203
11.7860841751099,25.249490737915,26.7707767486572,29.1469612121582,28.2976741790771,25.1100196838379,16.0788612365723
12.6947326660156,25.5154724121094,27.2544193267822,29.0893630981445,28.7942008972168,25.5744552612305,16.8068695068359
19.3794994354248,31.1516132354736,32.7353324890137,34.335807800293,32.666130065918,27.9694995880127,20.3091926574707
18.7159252166748,30.7819004058838,32.7048149108887,33.2569885253906,32.2494621276855,27.8574066162109,20.1616497039795
9.07803249359131,24.75754737854,27.3838977813721,29.5661373138428,28.765007019043,23.3180294036865,13.2135581970215
6.18748235702515,24.0248146057129,25.8205280303955,27.053071975708,25.8591384887695,20.9530448913574,10.9256944656372
8.71928405761719,25.6092357635498,27.8711986541748,29.148645401001,28.7819728851318,22.2169284820557,11.5298070907593
6.88356876373291,24.1108589172363,26.3552265167236,27.3743667602539,26.2899532318115,21.4047298431396,11.193736076355
9.92715549468994,25.2812252044678,27.9448318481445,28.9800777435303,27.8090705871582,23.1781368255615,13.3988265991211
7.57746267318726,24.5444145202637,26.8721466064453,27.9239139556885,26.9214534759521,22.1379451751709,11.9297161102295
9.63279914855957,25.1790962219238,27.9837837219238,28.7777519226074,27.3242301940918,22.9332618713379,13.2829179763794
18.5363292694092,29.7079010009766,32.0066452026367,32.2929878234863,31.4900856018066,29.3601951599121,22.5456352233887
18.0727920532227,29.5681858062744,31.7385387420654,32.0632553100586,31.2750015258789,29.1089782714844,22.2979354858398
18.799861907959,29.8176002502441,32.2211647033691,32.4987297058105,31.6780185699463,29.5676727294922,22.7872714996338
19.6092586517334,29.0141735076904,30.9887199401855,31.2067451477051,31.2600193023682,30.2215480804443,23.0057029724121
17.1468524932861,29.1224613189697,31.419075012207,31.6781978607178,31.1542415618896,28.6939525604248,21.8669052124023
17.7552757263184,29.4485778808594,31.5911350250244,31.9030342102051,31.1433544158936,28.9392490386963,22.0762767791748
20.7367992401123,30.3749217987061,33.0495719909668,33.5944633483887,32.2442588806152,28.6503353118896,18.7421188354492
23.3561515808105,32.8723258972168,34.570068359375,34.1691513061523,33.4703521728516,27.7560615539551,19.5685424804688
20.9537963867188,31.0309162139893,33.4786109924316,34.0857353210449,33.0956954956055,28.8959789276123,19.0378913879395
8.45311164855957,23.869701385498,25.4472808837891,27.9534759521484,27.0701293945313,22.8177547454834,13.2313432693481
8.79734039306641,24.0321502685547,25.5194568634033,27.9890918731689,27.1898994445801,22.9976634979248,13.467677116394
8.01210403442383,23.4688396453857,25.0713653564453,27.5016460418701,26.7663669586182,22.2915134429932,12.7355222702026
7.82781028747559,23.4103393554688,25.3208904266357,27.8643817901611,26.7958297729492,22.3325748443604,12.7882394790649
6.95499992370605,21.1444282531738,23.1392421722412,26.5004405975342,26.0375366210938,21.221363067627,12.4577713012695
7.39653396606445,23.248046875,24.7251567840576,27.2488079071045,26.2764205932617,21.5635395050049,11.5028915405273
7.22841644287109,21.3880195617676,23.2683410644531,26.8144092559814,26.2186279296875,21.410083770752,12.6985931396484
20.9904766082764,28.239631652832,30.7588748931885,30.3958950042725,31.8977794647217,30.2770557403564,23.5259742736816
22.4899997711182,32.2182807922363,34.2523155212402,33.7987442016602,32.7943572998047,27.5582408905029,19.1193542480469
19.5522232055664,31.6814517974854,33.3531494140625,34.3913955688477,33.0207901000977,28.3357391357422,20.3594093322754
22.0777797698975,31.8575839996338,34.3992614746094,33.8999977111816,32.7751502990723,28.2475299835205,19.2841091156006
9.78817081451416,24.109920501709,25.8738918304443,28.9028968811035,28.017822265625,23.4107303619385,14.2069568634033
9.65183448791504,24.877082824707,27.6261978149414,29.1182041168213,28.1504402160645,23.0963230133057,13.2858610153198
7.57416677474976,22.7868041992188,24.9409103393555,27.6625366210938,26.6459674835205,21.9523468017578,12.479471206665
7.59696960449219,21.9976539611816,23.3950004577637,27.1325511932373,26.8438415527344,21.9290904998779,13.2387094497681
17.3438892364502,29.680196762085,33.647590637207,33.0908584594727,31.8019714355469,27.2253704071045,18.2744636535645
15.413966178894,29.5250053405762,30.5396480560303,30.5418033599854,30.013011932373,28.381031036377,19.9936180114746
14.8806257247925,29.1476898193359,30.3065032958984,29.745885848999,29.5605850219727,28.1387729644775,19.5147800445557
15.6443815231323,28.4237632751465,29.0382041931152,29.417724609375,29.3284912109375,26.9623527526855,19.3141117095947
12.5208177566528,27.0820159912109,28.0727138519287,28.1739044189453,28.1812229156494,25.9128971099854,17.2347450256348
13.4164276123047,28.0372695922852,28.5460834503174,28.4673233032227,28.4862804412842,26.6264705657959,17.7677536010742
12.2563991546631,26.6092014312744,27.6617431640625,28.1855773925781,28.0659675598145,25.7286338806152,17.1329517364502
15.1425247192383,28.210111618042,32.2622718811035,31.4754619598389,29.8698425292969,25.4105911254883,16.981725692749
14.9009628295898,28.3874797821045,31.9772853851318,31.2228832244873,29.702579498291,25.3429412841797,16.7757873535156
17.7529621124268,30.3943557739258,33.0275917053223,32.9399642944336,31.5335121154785,27.2494430541992,19.2060050964355
18.2468528747559,29.5508613586426,31.9731845855713,32.0788536071777,31.3815765380859,29.1671867370605,21.7817211151123
17.8927783966064,29.4882907867432,31.8439502716064,31.9410991668701,31.1540012359619,29.01975440979,21.6207294464111
9.26283359527588,23.6984405517578,25.4789981842041,28.6868286132813,27.6837635040283,22.8784999847412,13.9023122787476
10.0698146820068,24.2714157104492,25.9944915771484,28.9835205078125,28.2425346374512,23.6036396026611,14.3810214996338
7.72902297973633,23.9643898010254,26.4346218109131,27.3898448944092,26.8887691497803,18.5511837005615,7.6964225769043
7.42877244949341,24.1941375732422,26.6201400756836,27.3815078735352,26.6210536956787,19.1662311553955,8.0268611907959
7.31360578536987,23.5934867858887,25.9640312194824,26.867073059082,26.0708141326904,18.7766895294189,7.58124589920044
7.77191209793091,25.3141460418701,26.851583480835,27.1279067993164,25.8358249664307,20.801420211792,9.64069271087646
18.0980491638184,30.1261558532715,32.4374237060547,32.6971321105957,31.3200168609619,29.1938438415527,22.3735866546631
13.9710874557495,26.4964790344238,31.0912017822266,30.3077831268311,28.8058414459229,24.6904754638672,16.0041923522949
7.09980583190918,23.7991409301758,25.8735084533691,27.2565250396729,27.3750705718994,17.916971206665,9.11843872070313
6.85341835021973,23.1358203887939,25.1833209991455,26.1457767486572,26.3567066192627,16.2552547454834,7.1333589553833
7.69168472290039,25.0622062683105,27.4841842651367,27.853084564209,26.9336471557617,20.307954788208,9.92253875732422
6.73678874969482,23.9905700683594,26.3611183166504,27.256685256958,26.7142887115479,19.0019187927246,8.68111705780029
6.7429518699646,23.949836730957,26.4113159179688,27.2125072479248,26.5741996765137,18.9627838134766,9.31901359558105
6.92059993743896,23.2657585144043,25.2662353515625,26.5277214050293,26.7624130249023,16.617733001709,7.97724533081055
7.00513029098511,24.717378616333,27.0749340057373,27.4895973205566,26.7646789550781,19.6958751678467,8.59211349487305
13.8344440460205,27.1168460845947,28.0407409667969,28.821325302124,28.8919353485107,26.2866668701172,17.8163089752197
6.59510660171509,23.9714813232422,26.2645721435547,27.1932048797607,26.152587890625,21.0229110717773,10.5759315490723
7.15071725845337,24.5144500732422,27.0600051879883,27.6356372833252,26.8124103546143,21.1646900177002,10.3442945480347
7.42230081558228,24.8798484802246,27.1178913116455,27.6160984039307,26.527904510498,20.9272556304932,9.91601943969727
7.92744112014771,23.4600849151611,25.4457912445068,28.0464324951172,26.8786239624023,22.2518520355225,12.7087001800537
15.0191812515259,29.2357311248779,30.1976337432861,30.0079231262207,29.6487369537354,27.9683647155762,19.4804306030273
16.4351768493652,29.439151763916,30.97021484375,30.8933734893799,30.5536937713623,28.8157501220703,20.2955989837646
15.9717845916748,29.6339569091797,30.7770576477051,30.9026393890381,30.3795776367188,28.7329368591309,20.4342250823975
14.2993383407593,29.0489444732666,29.574914932251,29.018949508667,29.4193305969238,27.704418182373,17.8881511688232
17.658182144165,29.2467746734619,31.689847946167,31.6523456573486,30.5888557434082,28.6645450592041,20.8573322296143
16.4530048370361,29.5091705322266,30.9385585784912,30.9839019775391,30.6044826507568,28.87939453125,20.463565826416
12.8867702484131,27.667688369751,28.2417602539063,28.158727645874,28.5125274658203,26.6353702545166,17.5086307525635
19.1687030792236,30.2263450622559,33.2957420349121,33.073299407959,31.6016120910645,27.0974082946777,18.5157699584961
14.6337032318115,29.3840503692627,31.059814453125,32.0016136169434,30.9896049499512,26.3755550384521,18.0978488922119
15.8603200912476,28.6072845458984,32.871223449707,32.1913375854492,30.3755741119385,25.715539932251,17.4828968048096
17.9039573669434,29.8380374908447,33.439208984375,33.0136642456055,31.8556003570557,27.4587249755859,18.519926071167
17.787036895752,30.9540557861328,34.3769378662109,33.9714889526367,31.7761478424072,27.0466327667236,18.8212776184082
15.4930696487427,28.0333156585693,32.6592597961426,31.7842693328857,29.9992923736572,25.8600463867188,17.0911808013916
20.3393936157227,30.7834796905518,33.8323211669922,33.6827964782715,32.285270690918,28.1917514801025,18.9595966339111
17.7326240539551,29.2318458557129,31.2612609863281,31.1416072845459,30.9596004486084,28.7705879211426,21.1322650909424
7.46511888504028,24.6742343902588,25.9396343231201,26.8486366271973,25.7449016571045,20.5302219390869,9.47215270996094
7.76569414138794,25.2001152038574,26.5775547027588,27.0502529144287,25.8769721984863,21.0312156677246,9.89604949951172
7.41714668273926,24.5266017913818,26.7015533447266,27.3551845550537,26.3138065338135,19.6239757537842,8.39720439910889
7.3732533454895,23.4438323974609,25.8099212646484,26.7873592376709,26.1340427398682,18.5155086517334,7.42395114898682
7.32314443588257,25.1465530395508,25.6937465667725,27.3610382080078,26.3522262573242,21.6801433563232,10.6680994033813
15.6212959289551,28.7888889312744,30.9012966156006,31.2888889312744,30.9897842407227,27.5379638671875,18.8756275177002
13.7503700256348,29.0057353973389,30.8596305847168,32.2697143554688,30.6304664611816,26.1255550384521,17.2362003326416
8.91346168518066,18.5636882781982,20.3147430419922,26.172456741333,24.0390815734863,15.5130338668823,9.96567440032959
7.91764640808105,22.5198307037354,24.5683097839355,27.4255847930908,27.8457698822021,16.0823745727539,10.6628608703613
9.35224342346191,20.1285152435303,21.9256401062012,27.6374053955078,25.6812438964844,16.6313037872314,11.1624279022217
12.1228628158569,21.1329612731934,22.2363243103027,29.9733257293701,28.3118286132813,21.2369651794434,12.6184864044189
9.51868152618408,23.6414394378662,26.019229888916,28.6575679779053,29.3473949432373,18.2683143615723,11.8924140930176
14.1581144332886,25.3822574615479,30.7676162719727,29.6310424804688,28.480489730835,25.0843944549561,15.8974809646606
20.805154800415,28.2063846588135,30.6427402496338,30.2574214935303,31.8735179901123,30.2041797637939,23.5421581268311
7.12812376022339,24.0130348205566,26.5249977111816,28.1114521026611,28.6232318878174,18.4971790313721,10.2798776626587
8.21551132202148,23.219554901123,26.3378982543945,28.3702964782715,28.3318939208984,18.9671478271484,10.6205968856812
7.31719017028809,23.4081382751465,25.5299186706543,27.2252922058105,28.0799922943115,16.9404964447021,9.88363075256348
13.4360179901123,26.5277786254883,27.7379627227783,28.7024192810059,28.5812721252441,25.9283332824707,17.4971313476563
17.6564102172852,25.9399509429932,27.167308807373,33.852481842041,31.3112907409668,25.2105140686035,17.5818862915039
15.8141031265259,24.0738620758057,25.3867511749268,32.4163780212402,30.2928867340088,23.4907684326172,16.8498764038086
17.430700302124,25.1992111206055,26.6903343200684,33.7576866149902,31.150390625,24.8278369903564,17.1372985839844
16.7112827301025,24.9235725402832,26.0312824249268,33.1043395996094,30.9265518188477,24.2165374755859,17.7260551452637
9.42810916900635,25.4507961273193,27.9009799957275,29.3938217163086,28.5100841522217,23.3306884765625,13.2077713012695
7.66387557983398,24.7886447906494,27.3806343078613,28.1383819580078,27.9185047149658,20.6802940368652,10.3256206512451
8.24408340454102,24.2554397583008,26.882453918457,28.7457103729248,28.7223243713379,21.0073890686035,10.8542833328247
17.4069404602051,25.9211826324463,26.7560920715332,33.5801467895508,30.8213138580322,24.3850593566895,16.9872207641602
17.484130859375,26.0731887817383,27.0681762695313,33.7374534606934,30.8423900604248,24.5664958953857,16.9794178009033
15.6279487609863,22.6450099945068,23.9918117523193,31.8083553314209,29.1901988983154,22.8283767700195,15.675407409668
16.9808826446533,26.0282421112061,26.4659900665283,33.2824897766113,30.5420246124268,23.9929790496826,16.766450881958
13.1209001541138,22.1581001281738,22.7471504211426,30.3833980560303,28.0758628845215,21.1702651977539,14.1870021820068
13.3273515701294,22.203405380249,22.5303726196289,30.4614410400391,28.4368171691895,21.5453414916992,14.7199659347534
17.1022911071777,24.2567291259766,25.6623497009277,33.1564254760742,30.430456161499,24.1463413238525,16.664234161377
13.8131408691406,22.0110626220703,22.5265769958496,30.6710319519043,28.7205924987793,22.0075035095215,15.276159286499
17.9225654602051,26.7113647460938,27.2825660705566,33.9099273681641,31.0344905853271,24.6754360198975,17.2582130432129
