EVI1,EVI2,EVI3,EVI4,EVI5,EVI6,EVI7,EVI8,EVI9,EVI10,EVI11,EVI12,EVI13
0.338607759349055,0.389136638861163,0.392139574818322,0.394540879537182,0.365291050510122,0.478892985188242,0.475246568971136,0.512028562937664,0.50509419321045,0.470892575168599,0.483865413980915,0.486858628220821,0.371468382100012
0.339151460571945,0.377797689019966,0.362742871557012,0.404917383753593,0.390444745459869,0.526653006860028,0.52799715618744,0.58187313881656,0.588609511471097,0.513861737808851,0.476438677378421,0.437991921575774,0.356782933349169
0.324199181464249,0.342903018329388,0.334962737006859,0.381516014152468,0.375675228113062,0.532214472594717,0.527695460463271,0.646794703625666,0.606091411111326,0.525468598856364,0.497650258856719,0.406829492260516,0.365270758788742
0.208959394332949,0.250295783180168,0.273129643108516,0.37812521376946,0.470994207022832,0.564464402602312,0.585324227653432,0.618736905569279,0.534386326047353,0.409635497921435,0.315147618912076,0.243826734160594,0.211014761241339
0.162301088161302,0.200656995099503,0.247509290995858,0.288901940912307,0.403251110177896,0.585854300269914,0.66315105133694,0.662395168574495,0.675651036824718,0.585800058965107,0.48652085799879,0.274430542341884,0.229612219574041
0.206522551612378,0.260410459112389,0.295665673084392,0.32613288967835,0.573276485851403,0.550238813557662,0.580377597707316,0.621327863791946,0.561535847779731,0.415347180264636,0.330661475018423,0.256262993852805,0.225302680847617
0.161246664716297,0.186783074230953,0.220364707792057,0.257841047183901,0.467523620588706,0.634410648128007,0.700336681112187,0.724489285963523,0.688937574304304,0.486337838586753,0.367479354996202,0.216690102632456,0.195545675725221
0.16993012031545,0.206791320697116,0.2493235653779,0.292684078686281,0.468508245965815,0.664773766567621,0.719614464304551,0.719928858026042,0.695427416277718,0.568692554652015,0.500222456683828,0.277416657263085,0.233399448855248
0.157385145019095,0.179305109201218,0.197638947706846,0.308672875161839,0.594411098615205,0.672585192222257,0.738921264405486,0.717851637364782,0.643941308844247,0.413259991928778,0.259150981120546,0.195521219813171,0.174039398223825
0.17166612759532,0.206651454926076,0.238289649918044,0.404575181941812,0.606158025393525,0.683213250471203,0.68156216020224,0.710072964345326,0.616689971178759,0.335874674791707,0.257115930784496,0.194856924110044,0.170721728854178
0.250305656492653,0.285843077293727,0.300923211439608,0.380242901186698,0.40246594576949,0.58331540889753,0.579282643505897,0.625142741086423,0.591133125360406,0.391654672974122,0.351611609805567,0.264231418623152,0.216435908115849
0.308441221166993,0.345208273606801,0.309433861678737,0.328384347352856,0.404829485379069,0.480014892992857,0.525214192195519,0.585356512487517,0.58201736060549,0.475477928632836,0.406814703699467,0.320020186122226,0.253751470210243
0.15198237095514,0.181881846517027,0.207539725230596,0.231362470449902,0.385657442417855,0.562261056818728,0.667458862654616,0.66523192739314,0.674734934005881,0.62183004027327,0.441048564681129,0.226850773990473,0.196658456013841
0.166046596950061,0.183789804887886,0.213188251036081,0.327064681493825,0.596728051652575,0.669070645771121,0.710773719551524,0.71150952199969,0.660187335070909,0.389291991706797,0.263249707459114,0.193710439454287,0.17454772493507
0.168851797025991,0.202182326629159,0.215036958437506,0.324228282323789,0.641185325422395,0.680337352707042,0.692918265949603,0.714511685937557,0.640419505817933,0.348595058499306,0.250231183512698,0.194033329951157,0.173806254448508
0.172546513729921,0.205106787795355,0.20720051010096,0.29230690268861,0.567433464310568,0.661686949118181,0.707428409426348,0.701895373178659,0.636891499756782,0.465937583119238,0.274676165476855,0.183006542374697,0.170301898400704
0.233046679400238,0.283424726811896,0.300475063808152,0.398650999136116,0.390965562143594,0.590331718874073,0.58618613727901,0.651044889280934,0.609054383488608,0.417716814561614,0.346769164609847,0.254708969984026,0.217587824203654
0.324616399765016,0.368387826013565,0.383613480806351,0.421259393548957,0.397186859750745,0.564142275571822,0.587580634307872,0.643509892606747,0.614539949226387,0.483839276790622,0.406118293952941,0.303144869565963,0.24915004267693
0.183703165370136,0.218533524114225,0.26345170082101,0.416921631366803,0.514685406375144,0.64099987458397,0.677145691368826,0.698411407673174,0.637226589410519,0.420280270396729,0.322726449560049,0.227092696491865,0.204402473413152
0.141166467331779,0.188842949392816,0.241744081686555,0.398443081931016,0.395243595512692,0.65751525204696,0.642836530305286,0.641389266108122,0.54469962228705,0.389597977797824,0.285595937571108,0.249856833527527,0.200400013231736
0.24899863569385,0.27978075481456,0.330575038621946,0.433035762026401,0.6005785987765,0.610319037362299,0.62241332975735,0.641193134486009,0.577514323479243,0.378611532175034,0.314673492936416,0.257474996018024,0.223834707561707
0.14773072080021,0.184086362897252,0.192377537793835,0.287453324665939,0.475833786193413,0.543554772715189,0.624353558261997,0.642819149273475,0.65842062316819,0.521529808553017,0.313467096792542,0.201868510230111,0.180734646565972
0.192098711864956,0.222495335890388,0.236511978280164,0.360849749410435,0.527523951908631,0.60539562127419,0.639496294784353,0.682060850667899,0.602910393147411,0.44390363771293,0.30015651298204,0.221036240085659,0.19547942040088
0.184746370831459,0.222621993765828,0.25658681121186,0.407271979050288,0.586587796037173,0.678618270154075,0.700928968874403,0.711570607789211,0.654701300517583,0.453873994373446,0.361769701102819,0.236893522410776,0.21912858634097
0.148181809136829,0.178793411758863,0.192836234026444,0.267262467826332,0.423749614982555,0.496277615577153,0.625096005305105,0.609373275648668,0.583812405006052,0.499561427480478,0.308443398528831,0.216858832526316,0.178842993458112
0.202389299228159,0.260637771786767,0.269185155961414,0.375817261101159,0.42877119517603,0.591997877928605,0.569636918097372,0.625864584536001,0.572863595134589,0.448775396195193,0.378993219550436,0.242476388894325,0.206452538386037
0.290404355272283,0.319440269304081,0.326543459292147,0.384613235562684,0.367264089836193,0.538876115904749,0.595811113504676,0.638194529874231,0.604728276032198,0.459651141138759,0.373673283521474,0.277316841131469,0.227385315404471
0.159601314437299,0.183750440037437,0.217137336065718,0.276201622862009,0.401377597839118,0.621535063634924,0.687765856351333,0.676205230082104,0.636845950203474,0.564313850425544,0.491571570243033,0.277552224426526,0.222408745048755
0.171869891187928,0.211607504799958,0.257306049782739,0.28899735640013,0.393024523540613,0.545539667998333,0.602590900615136,0.609136261972422,0.634436760181855,0.598968263752588,0.452497305876854,0.273714685439563,0.227189033557232
0.158241403233566,0.192904100985901,0.205101909758483,0.273074798185924,0.370982595349915,0.439364287194761,0.593231849130331,0.578535421076573,0.5988961147735,0.523221954654672,0.321631499795826,0.229094586776581,0.193390425667588
0.150357643135836,0.172862843672174,0.199386854916254,0.226276988367029,0.412905621598149,0.561965165375948,0.661627682652506,0.680867377452844,0.666663889797515,0.535906407954778,0.395048793028771,0.213180273234944,0.189614766162408
0.147050380605638,0.171302041853865,0.183250789979779,0.272250964779674,0.448624568725335,0.553689798182507,0.661112121260722,0.683209291087004,0.668862866963409,0.528813868446186,0.311145193236713,0.198060098402393,0.173175564229322
0.167430938228396,0.185679801880407,0.208217784216337,0.345232827024926,0.655036846016585,0.723183790495459,0.725246913582352,0.736188562095277,0.597644552469654,0.320800596062216,0.234643386606171,0.18629643652481,0.16790605860733
0.247969411753853,0.273840421289476,0.284952544214468,0.302617890272001,0.355680739131391,0.52367943410771,0.533732506424755,0.614612712735601,0.587921348393625,0.424689831497137,0.368164727862173,0.279495778367475,0.218924945390122
0.152480598277469,0.177235773280878,0.201082509179714,0.284487475615562,0.473997683864237,0.60295207677704,0.678985730520936,0.726236194855553,0.733263746980364,0.619488234433256,0.408620489980127,0.210722273749518,0.18408468366704
0.187112985212889,0.213138061442003,0.2556825594424,0.433928349833216,0.563395274713235,0.633207941329114,0.648567669388613,0.671738562933885,0.605998578871462,0.399255821335091,0.296080052357736,0.213527128023286,0.19603368431394
0.160082440602525,0.180946391908192,0.205726980754296,0.300015998886785,0.51014609828194,0.603758409111698,0.686394673619982,0.702017546274359,0.691539177009555,0.546301465822557,0.333373869155785,0.20600676621811,0.181550231699323
0.177280703618104,0.214533724982503,0.253907410721151,0.331796018716139,0.43190672511124,0.667409644355097,0.70132609433042,0.714593207400337,0.659602756716275,0.455231160904316,0.363229169358425,0.228029340880273,0.214784661467129
0.398925570601924,0.406606333799732,0.41993400589402,0.3979065694338,0.394366803419475,0.367429397722442,0.466715154208641,0.600579507434569,0.582970537278058,0.539086794990157,0.464066366386205,0.351604870982772,0.225230665391145
0.185936807296784,0.2257633624069,0.239882203779796,0.377739319793753,0.53784585025691,0.570165075716283,0.637626656577479,0.687717536510751,0.620640844224071,0.353619131425044,0.286201515746616,0.210004606208389,0.184353759198598
0.176656111895819,0.217996254805754,0.256466141840814,0.39506026430499,0.53275092035406,0.646051972039665,0.669481884359544,0.702725955169261,0.65310176552438,0.487810910468114,0.332548444214034,0.21778637683005,0.200505077045579
0.156660053826087,0.179423001654791,0.206824042055453,0.337778158109991,0.658628529215018,0.734497013308182,0.756137451401138,0.755956505852842,0.649094714494439,0.327048438428786,0.235975212869924,0.189028816835306,0.170694018478861
0.159401147778892,0.181500503807096,0.207286454518047,0.297335901309553,0.472569883637113,0.585613344340121,0.670643165531205,0.749444675465353,0.712318049095436,0.565072906389846,0.380165053899457,0.209277769842001,0.178376991012878
0.317770253101063,0.312186154508424,0.327173369732199,0.343112582581888,0.336044610385062,0.317458998334432,0.408574124898632,0.47911220367096,0.488190459913102,0.465586383536671,0.400948497961392,0.311093606100071,0.218230869697453
0.178880523473333,0.206754199058745,0.235928530742223,0.438952605826131,0.634558502109131,0.678323525179061,0.677330504086737,0.710605263021392,0.573786719158326,0.31543994965488,0.235990233775826,0.195651769047367,0.173675145342048
0.164017997302115,0.189659241467041,0.220729434224579,0.292772585184938,0.403822778672511,0.655143550085696,0.69104279669897,0.735263357521609,0.708823192794638,0.517673699351165,0.368159451646005,0.213024244550377,0.192481164130977
0.175360185085677,0.227195205498866,0.27762070583568,0.323099012102407,0.439173078330753,0.617276271988012,0.673527142912787,0.680706205579234,0.640206875995555,0.561504346946245,0.48482977135572,0.297046702103839,0.248724677568297
0.179172284378318,0.203024436447595,0.240420294630565,0.345677420774914,0.523084460703458,0.606032190407033,0.604351906598134,0.634433197480302,0.651762853250151,0.443006452682951,0.309602083529168,0.215391717976612,0.189502327000889
0.180317970436411,0.215159558007343,0.254132432516923,0.434076723270095,0.565258902440106,0.677373220900884,0.712091605983952,0.718622940946194,0.654075028494827,0.440127135874737,0.345404936233374,0.227491213484596,0.209962167128626
0.237499255062817,0.277416382343853,0.27916435459584,0.37676660834998,0.361227909422768,0.541882661611435,0.575572793573316,0.612708026326545,0.569176628061159,0.460576797153051,0.339983593945143,0.271884426781897,0.217265692793552
0.166576433455145,0.195190861025411,0.235937410458174,0.287975824340914,0.494730901407535,0.630905481980782,0.681985757776954,0.685887240522179,0.643307655780972,0.439545535535333,0.365382991356447,0.228501963681133,0.2040652177824
0.160707416442176,0.178584334658607,0.194751907420181,0.316744151720147,0.491557077629843,0.595719405625855,0.703209431488286,0.721647818556853,0.712361825473118,0.572533590301005,0.351884912736609,0.202105954769202,0.177968281218553
0.171171863074209,0.225084985992259,0.258220956272485,0.296765099319879,0.314430626404245,0.328131276111337,0.457169855282209,0.50041696530028,0.563701419260271,0.50942873092571,0.353444591351692,0.263654284264949,0.210281607972874
0.179941116736658,0.218737154640905,0.24515415053646,0.298431155313053,0.338474784095379,0.349667174112458,0.488656715800085,0.537687210241138,0.577447154902525,0.530470813990078,0.383659876037215,0.249394976423839,0.209380264539135
0.168408477314829,0.211113066678595,0.220033998184429,0.261064385986378,0.365977471606077,0.502172602248236,0.698329656879475,0.649607968132582,0.669841323281228,0.519480956925207,0.32501350213881,0.213233522911932,0.184816864392337
0.166597687202972,0.206648956047348,0.240091145524884,0.295277150650559,0.4470196746257,0.522977039902861,0.659349613126939,0.66545033003431,0.617427902117027,0.520814350855068,0.290244518288824,0.226074335729165,0.187436598351871
0.15745071176563,0.195404696306026,0.207302407255046,0.257281731573678,0.412765817140789,0.456933594306232,0.682044795263635,0.64891882964724,0.627276032864855,0.521013106167543,0.28397937960003,0.224942038840451,0.183249785042811
0.167161504579934,0.211310493578993,0.227754317956122,0.254545703485557,0.375112600501173,0.44401472345863,0.611679490207425,0.666464654406277,0.687332084874962,0.582124727252,0.338492672203136,0.232576719250088,0.184862960656395
0.238823517150634,0.282017886925076,0.273884290623024,0.409827708615364,0.445606909821891,0.632348301635284,0.656638933670191,0.628045450752467,0.587277436737629,0.439476215408817,0.346390417510158,0.241980251165618,0.211842022666089
0.18209024535379,0.23716841877636,0.270384249680548,0.301770527435989,0.343267213518736,0.379131198071478,0.510992532856095,0.544753540152686,0.611618914020311,0.523827108780265,0.367164034461636,0.256736220904872,0.206732081153594
0.291994053573136,0.344287548946346,0.332298321727608,0.434390929712839,0.418600945779774,0.590462123424706,0.609769434169524,0.639622540596436,0.604085209527087,0.4638914792249,0.379613903172126,0.265170535633194,0.238624958975629
0.179748311285719,0.210661277853669,0.242684074806997,0.316110429873263,0.35499485130545,0.54189184946138,0.724270550174873,0.724712659836145,0.71839355629182,0.513370390015697,0.440094215357946,0.215676813342022,0.19123321756038
0.168510775001163,0.201209011803006,0.200932233920036,0.263611696890878,0.426018139102073,0.458044863881584,0.672509393988177,0.638699956865142,0.606636659796484,0.484941472533484,0.275387243537275,0.235110794757349,0.185092715929449
0.177130530250998,0.235085125007846,0.24971453123464,0.268292286325979,0.360626026087252,0.41783969171177,0.623221338686544,0.629382145292504,0.659329353347053,0.539161103204453,0.333413055926555,0.220731533390282,0.188644510023478
0.191068247271759,0.23281110861435,0.251017384639949,0.316825735474525,0.366693522174928,0.516581073121968,0.672226319876934,0.699781736398271,0.666886134389855,0.483626881313545,0.378451486790277,0.227753435452799,0.20761916338884
0.203242534112507,0.256226686016076,0.267884206710872,0.324761251956779,0.398359693299437,0.566785680359646,0.700954449631194,0.66137461191575,0.663430067869325,0.497373131151889,0.341301664984362,0.231476662184124,0.211870203808261
0.178923793365595,0.217306021931504,0.251153570802385,0.294991103057622,0.363830497884733,0.489112053789547,0.607962120431827,0.69207910921649,0.67601093118992,0.523057317705596,0.415586242808537,0.21418180505404,0.193147922678654
0.165940440227199,0.215346720168717,0.225398057211474,0.266079703131496,0.40082813022162,0.434749270902428,0.623159802690867,0.618657780455144,0.649709713804696,0.51839010036948,0.283531242029553,0.205451369151635,0.192247892750191
0.240186239422607,0.321062115131325,0.330030086732267,0.43789636832445,0.415808899361342,0.64220661279829,0.620682586589569,0.659170731664467,0.641370131008797,0.459260321623923,0.377774469362001,0.28273628738483,0.227862535483753
0.159020029407564,0.196184655768841,0.210041136554223,0.273463638696453,0.325935386537869,0.375994055365404,0.550745277046875,0.540052888126544,0.536809707789396,0.498535801326194,0.354561283412796,0.264035792544363,0.207762144168007
0.169974708346999,0.232162708138976,0.269562839375803,0.289246894502642,0.336837329550349,0.353577465709569,0.485141148175619,0.549938108744573,0.594768166971608,0.486028671238201,0.332003279615894,0.240169165374893,0.194943651258172
0.220496772164293,0.261974414981684,0.267341871953185,0.380786664916212,0.432228738250133,0.585611063280292,0.596675175991059,0.619688786766916,0.558301523554861,0.457806507966768,0.367121811341073,0.241691564851172,0.201399639158115
0.172233871798657,0.210294588710187,0.233002875338872,0.301761206475462,0.421310425326592,0.527586165360419,0.677592366110897,0.627142098023918,0.638120717868769,0.490023673012796,0.291555715361926,0.249504237970345,0.193575230191965
0.173943537949108,0.22023332645879,0.246743100090194,0.319328745043417,0.374966135935941,0.507120745748547,0.658164697323437,0.624828748569629,0.632967040086285,0.527775624836728,0.317704625139335,0.269430595283991,0.218783394653472
0.176392256725161,0.246173416042213,0.273274909330649,0.304726608780309,0.356198505776085,0.372250646178274,0.565586215440482,0.598212890743544,0.641236682904264,0.524130561233243,0.327980441423669,0.237573836435623,0.213806401343925
0.290429770472326,0.328297733797251,0.315777413166578,0.428915694707496,0.419619461924702,0.639595841651627,0.703309061703317,0.691942980157531,0.679249329025498,0.433646101570828,0.344911030844626,0.264410103334495,0.231609835197734
0.150118619160776,0.182771227512375,0.184784395019155,0.258743191238266,0.419914382494492,0.487539774931469,0.731970735237992,0.694554320265783,0.674055951293894,0.575724348013713,0.308228632351529,0.236427151122222,0.188582034413377
0.218110905749683,0.264637446386612,0.296364855315545,0.385951367465198,0.371595244720108,0.536671456907791,0.589213554614544,0.628790507663119,0.557293909151234,0.475321557306103,0.346563573792933,0.26044779067729,0.207535449514414
0.180786857514209,0.218979880574746,0.23022056302084,0.308526800884084,0.359521930228741,0.57424873116862,0.71037373520898,0.749975595152326,0.720882075655219,0.523247941923176,0.380849887289199,0.203252212800808,0.185086136784996
0.193594298673048,0.231301833457897,0.24140937871697,0.329110699504586,0.377520246971374,0.608396476729561,0.692366941600784,0.690363904977927,0.674178316435428,0.442574804122399,0.333368331056719,0.213069321380674,0.195550540777677
0.196184289633478,0.221681263104077,0.257135863251231,0.311629225352401,0.432779474881301,0.513369677788013,0.651173691001529,0.57995483291373,0.604909595532719,0.491170546372253,0.312539894279105,0.264972653265304,0.206885434120148
0.21541198406508,0.284004201797921,0.272128418310697,0.402997625980553,0.517790974089157,0.61938644705865,0.603938095266652,0.627796419720694,0.560746306962713,0.481574416544976,0.392903333097362,0.250945862674963,0.212791892717435
0.154203199925658,0.201395216392621,0.206483092104184,0.229728184233879,0.390012519492492,0.437923044662258,0.676918603610693,0.643496285549527,0.695659593131859,0.581372802765508,0.320787274808793,0.230687613112397,0.170345531514653
0.17382554776215,0.216373957300056,0.216143871193367,0.287834511739253,0.371399200504128,0.562746540857669,0.742680291831835,0.741724816183506,0.747557597155696,0.550324754090516,0.398218368887587,0.213568125642797,0.18565738127734
0.158765179488342,0.200810562719916,0.17777105694739,0.234961125626697,0.536920899945596,0.597873940819551,0.667963360852008,0.681147920896348,0.628783934006606,0.455425396609777,0.275789354387257,0.157118070554691,0.159976045764798
0.153426628250941,0.176894272913856,0.184028044091079,0.257697215970973,0.499605646391811,0.594943117228341,0.738547981681776,0.725922945919399,0.661231875057757,0.528389107892313,0.326540437728036,0.208467270129188,0.170960203990073
0.201299815743535,0.264870252347988,0.304047210154926,0.31307364211527,0.378840066138108,0.437463567214381,0.600677206045329,0.632443435861288,0.640610856701944,0.480029804468998,0.424152597470122,0.278804821576839,0.218322180649899
0.155233094557646,0.186861569563059,0.199261431231992,0.262581244202122,0.384526469531627,0.446326549822788,0.60551005520724,0.592968268513365,0.551033797496262,0.459253896801405,0.289849459977986,0.234512911998057,0.178407393376891
0.173906790015501,0.230209763085963,0.254454022317115,0.297867202111549,0.36831865537874,0.385264077613767,0.545558214271844,0.593070952127603,0.625862455322746,0.525346281603881,0.346374414648157,0.271214319442446,0.203874964442331
0.159223660013087,0.192699335318537,0.252040861747602,0.263331611618019,0.313682500747399,0.625371136413223,0.632368228338086,0.75176944386403,0.693761141615256,0.631757443731342,0.449996915841835,0.272157979613614,0.238359521408727
0.161791429863663,0.176858034049222,0.254785901387413,0.258800408483808,0.420971844546938,0.58922330939752,0.679234496915273,0.696836235549881,0.65935438107347,0.58097460881532,0.414527322679429,0.247496256713943,0.221250424249813
0.160158833882328,0.176030496389521,0.23871222870263,0.257485696319909,0.403408779051093,0.614402234566539,0.700151664618196,0.743378921675408,0.687057626656764,0.573649293141762,0.436250755191291,0.230353439723756,0.218059045474687
0.124673530733165,0.152345977619305,0.17054602907577,0.179164261368387,0.349677025704741,0.583332197608682,0.606895949995134,0.725559711798974,0.689586002292278,0.615916463955572,0.369975240710133,0.217932229708596,0.192733574357647
0.175355526460572,0.206610100717098,0.244519895653256,0.241451925077465,0.444068009720234,0.589285142601197,0.66947648669114,0.710494390166284,0.720948736375859,0.561524196740295,0.426136797439744,0.235312928145372,0.213804816159836
0.139606719590537,0.162826131004949,0.218843365619108,0.263378351114613,0.3101410978456,0.566419096494605,0.680197715990467,0.743975254694708,0.693391685104687,0.601041531599743,0.453882363251572,0.212694277599494,0.204986372750521
0.145730887264284,0.188417966391592,0.222481898385829,0.248781817968399,0.42697229409021,0.592492167341131,0.705504385180291,0.763803933740575,0.695924567767814,0.617039541633781,0.338871390231618,0.243843829155897,0.21293936391693
0.14222314459183,0.164046960773632,0.194694464287359,0.234995318574656,0.396369718102106,0.612304927605766,0.68790578025842,0.730756610331105,0.690281165043294,0.590959177684512,0.325000429370175,0.225025576398643,0.205361208508862
0.166548758790478,0.190879368566627,0.266692235317126,0.271171485685531,0.34886794549995,0.607113418265777,0.740572807230657,0.715868689207641,0.670259529205738,0.629559273487136,0.486348205430693,0.282577871352992,0.251767379281176
0.171977865611694,0.207125793615386,0.245631782457766,0.256090569195761,0.427220973466273,0.549873274786973,0.638493991562541,0.675044408448364,0.691681403996355,0.553515841254925,0.462408209440986,0.248614795945919,0.223167179481469
0.156774029135179,0.193583761223699,0.225273735043045,0.24163905003335,0.352638934928586,0.665357388436709,0.683052599952162,0.737246560257694,0.694392892243352,0.624118130626113,0.461540203774069,0.26565484286098,0.234110437259132
0.157638024048042,0.178423545857787,0.231501458041315,0.235699279499396,0.362006312990777,0.581711704087384,0.60865530015317,0.692218525530275,0.640382735434675,0.524901067699286,0.372160803897036,0.216011232719905,0.201620328117787
0.163908184637949,0.185047099469958,0.257664266383014,0.259698856443627,0.450730817363743,0.609267877292813,0.697224940523647,0.688098945373996,0.652625128281695,0.578119352719071,0.412453106098024,0.253152670387209,0.2285810837523
0.171776739409651,0.203337728831155,0.213426467313407,0.2387225690264,0.40773143987161,0.633623184244984,0.679502312581153,0.704543106000509,0.633701535142594,0.463657492460043,0.307242678413166,0.202351012646861,0.191696060857727
0.142581843188016,0.159747092637829,0.188419464358153,0.233318935780192,0.356775388527283,0.632355517077851,0.660595257973471,0.724181230915212,0.665375986773749,0.579081627493156,0.298894192676181,0.221495991088135,0.205283764122942
0.182369796638733,0.238691726698787,0.294211228860948,0.306136058505471,0.47214318413247,0.611349213707901,0.6808337324377,0.677125990108339,0.659820225354843,0.568716255176614,0.473563743263146,0.308973790151815,0.270529133254709
0.157075055880146,0.171453765072311,0.242221031638316,0.236355756394037,0.374720841422251,0.555092905174553,0.673908963594853,0.717536641854642,0.677547945747251,0.587179850647431,0.43044191446013,0.241287449084415,0.215148902522816
0.157812836345711,0.177611850374419,0.248762229531174,0.275927755092496,0.327111487494345,0.614023928358161,0.679837945796232,0.725303683630498,0.662767494644792,0.563804998199624,0.437120896408809,0.232415133508408,0.215248055230488
0.148117692430972,0.189226736244861,0.218706717724503,0.273758228953812,0.336026351499841,0.566385243293593,0.558205354716315,0.657908462274319,0.662554224266042,0.578308870300591,0.468919366050068,0.298478984103091,0.216417263407333
0.19393576155722,0.218703832528683,0.298435096600657,0.31618139192476,0.362845037892935,0.579844006327097,0.583255394531509,0.691228440416465,0.646959914008602,0.576525911818414,0.4342594646164,0.291702785982803,0.257795182583418
0.123871455271768,0.146334436540847,0.170049488889033,0.206194035963721,0.420860073089035,0.63890560095648,0.693424038989444,0.746436939310736,0.68844573420314,0.5760246823717,0.377785794874717,0.198513506240242,0.188468211649544
0.157928357351511,0.17671105130998,0.228799721466186,0.239595079417292,0.441982751640454,0.647354546446787,0.714984522638577,0.747285134695488,0.682918507310777,0.568254920205785,0.440631529152075,0.225177579228237,0.212617945230245
0.156398485384562,0.194773436538382,0.230371338555766,0.270615816579687,0.352142045762779,0.578220591599641,0.624792327335866,0.676974932700644,0.649690378332549,0.582559095587936,0.435489767853938,0.25065823317857,0.226060479986059
0.191537390643827,0.220746739584097,0.259909329411129,0.290495978914357,0.464619188157185,0.615554922008447,0.6534044602481,0.684097487085985,0.640213960500246,0.471085880049744,0.352068066803955,0.23175794666855,0.21449582177433
0.159502462721346,0.17645126939633,0.255709295424432,0.265674758822898,0.376085043180175,0.565484196306033,0.675258900285313,0.726956280284949,0.685981888317568,0.605958790201985,0.464622986253767,0.258540194433007,0.231165321694611
0.123565620818711,0.153577175389565,0.174448983647665,0.230655012659694,0.363554928876623,0.532724806261161,0.659725473522857,0.722208191710442,0.666143212837727,0.589927188010509,0.314816135793238,0.207842045785009,0.189737146361881
0.154674011344018,0.188252005108325,0.220652312385647,0.233786703318483,0.405180995530551,0.594307044527506,0.672741839836976,0.739314817633418,0.709710845053166,0.650971814157167,0.504079348043274,0.280744142241127,0.228843946284826
0.184602062907438,0.210193857077872,0.269419070904689,0.277513566092384,0.411431995363911,0.543510365616534,0.584819967668884,0.639618709973631,0.651869715311395,0.495503630006312,0.399773488258196,0.267039549831657,0.228732876165201
0.171378513455962,0.202493831567513,0.258813737508488,0.261429528519806,0.447508860659624,0.573324756069166,0.654507029842683,0.670172681037165,0.675754638204804,0.544846740670416,0.428636179227851,0.249504734120612,0.22462850543808
0.198276219877328,0.230720940376101,0.31424205118952,0.329674936748417,0.525557663532475,0.610669989578289,0.667767737932546,0.698183189765829,0.668439631601924,0.52693775864118,0.408438674064755,0.282527518355209,0.253057934315166
0.121508214174595,0.14245066254538,0.162874979540836,0.223469278702404,0.322654432407241,0.593916204623185,0.690998544989808,0.747918469589303,0.679749271677209,0.605677437928467,0.38319978488004,0.198297528787499,0.185723712625245
0.182276420656562,0.21647539248926,0.252325686800976,0.264820623987245,0.467904273207639,0.63161286506654,0.663104610239591,0.69327287330179,0.659244342065419,0.472981179147107,0.376988047904649,0.227128569840174,0.210680783877011
0.209283420208988,0.248847825888331,0.341022670390544,0.349802605066007,0.382232268983671,0.538993338186986,0.568076122463557,0.668346383140461,0.643628541491372,0.57963313058297,0.492757081591485,0.325870945610925,0.273008874242564
0.187515463082945,0.216329953094761,0.295866639623317,0.318217378519403,0.558054581512399,0.624349471722399,0.691720253287702,0.706472633752481,0.650879420923218,0.491770120674748,0.362363265372386,0.262901030599522,0.243295606136547
0.174374535531514,0.195315653956682,0.251671617471607,0.269443062413033,0.450615015928718,0.616930387953362,0.705573722245091,0.73778811236896,0.679135135989439,0.552724425869079,0.414490703457197,0.239283889584905,0.229140212331405
0.162096964534153,0.17219302394192,0.236748307495996,0.252755627055989,0.341574294132291,0.57341833128374,0.686653963291525,0.743277342811676,0.68105320248461,0.602714441272995,0.455514081824391,0.237452779278661,0.215658233169417
0.130829883168007,0.172445433206799,0.207597932198492,0.232341091736166,0.369183098226151,0.638542999651854,0.641084776539032,0.690223515397735,0.670968220355409,0.578787216022444,0.440091494199547,0.227018913723258,0.21055569495967
0.174844451700602,0.221681981647002,0.272015988552722,0.299716098960308,0.34231581648236,0.535685320865734,0.562879448354563,0.707195999785257,0.702635955713404,0.623287649428162,0.504755907878735,0.329312862256974,0.24497551594044
0.183851265855688,0.22480419556682,0.272183908186875,0.273387811727437,0.478405080044358,0.608816070693346,0.653946891902438,0.681700951211107,0.677991960479588,0.47903174120219,0.378519383148531,0.238548632355552,0.221401193886175
0.147304737434672,0.159059822787355,0.17536190528643,0.212469342582157,0.393723548333727,0.552698116846652,0.704089675592159,0.775142476598415,0.704035081269998,0.607986811191434,0.26759538008251,0.208862460082438,0.191381492711901
0.175263782299719,0.230544363667212,0.269639871546725,0.309740922316403,0.353680621005608,0.514533704969564,0.522028988897156,0.669774346918509,0.662592997245738,0.582399671719733,0.499015906756988,0.344013109150791,0.247499809323867
0.131938990285391,0.146092017272875,0.174122861888205,0.251842440785322,0.301528620989727,0.572894849614413,0.678272116280618,0.734663899578936,0.66931315404895,0.592389887613922,0.306632382107756,0.217532070777365,0.1991466712132
0.158316464398614,0.182311076266989,0.207369387296485,0.247692514611227,0.437013687455247,0.684650490737998,0.725466169576725,0.756383880037517,0.701785056730117,0.582974706401046,0.296612904712678,0.219647862186451,0.209869977451448
0.17266034229907,0.196067921736108,0.253547384755281,0.26317421186205,0.42999964855049,0.59541522001158,0.61374360438498,0.686459143931038,0.629137848063832,0.558652629347819,0.364874430108172,0.232397760019844,0.220630875711029
0.185459345362047,0.216976881673853,0.27340138977851,0.288121010257908,0.509621696824606,0.609830439631873,0.716398171979375,0.721085288758789,0.692701927800837,0.544595227905718,0.400764292862281,0.263059179061691,0.246057919976117
0.230697575487108,0.285659368554821,0.359266282644485,0.370156379093867,0.385922656315941,0.459488436331051,0.494004044530074,0.592050609240392,0.58360779067403,0.536095556275649,0.479952132028037,0.38047264186044,0.296710888665892
0.141719343784868,0.169185966733172,0.198091649238532,0.204316964634449,0.378270868420644,0.54045360823744,0.652047486486339,0.746251278109969,0.697744358699912,0.625774620045636,0.399607153691917,0.227436411310501,0.205443923030826
0.149482238020996,0.183514169936524,0.214751178302356,0.241736420405657,0.329807567933813,0.634127983836094,0.681493565972525,0.767121568754302,0.713650959852316,0.643625849823982,0.450476010780123,0.249519292059852,0.221141633900083
0.175746841392677,0.197630814966974,0.261825409568214,0.26322687692514,0.461361898171487,0.600840869605743,0.692286631931144,0.73375033138475,0.704181922092988,0.569787912653382,0.423699851737867,0.256628195523109,0.232164652521161
0.221800739545281,0.257256967449516,0.364208862672933,0.369152374172398,0.437775268687406,0.524504375871793,0.554346423486486,0.593961833356651,0.577032897204865,0.530521381835879,0.419252022035514,0.313963436514608,0.278407858142259
0.122105377188262,0.145903413429262,0.170970216479312,0.226567630660195,0.36479988676864,0.656548185402748,0.68558832027074,0.740568032315202,0.671076679578811,0.598959327182832,0.43777730830105,0.215991387063893,0.198314513415052
0.17591803339348,0.207791341566632,0.309692142973525,0.322852218527285,0.398391218237674,0.603562229432578,0.696791394751545,0.697185047134242,0.646274836230166,0.57397403425774,0.481968330770157,0.312158964462068,0.263834481033694
0.131366898355694,0.159404297028338,0.216054387064874,0.245422904630906,0.338704660671275,0.544815601936219,0.668800552090833,0.744713688789732,0.68830352455651,0.606121440580174,0.393875921977232,0.219557608558806,0.206418610014058
0.123679463696663,0.142518148257875,0.165763734434402,0.2075784581042,0.338267316102283,0.548736918295026,0.664773338704421,0.737527828860044,0.676004673477965,0.589007637618087,0.397963033653355,0.198657194063657,0.186382928408191
0.232428767346257,0.281735048980251,0.337755821948061,0.349059042461892,0.374046192773286,0.442005461348783,0.473157261931749,0.528669375145638,0.523287477135907,0.452854749663903,0.409311566922197,0.34703672047342,0.247972937741084
0.184351907104767,0.226087011458736,0.266196814878257,0.300493090778959,0.338428375842779,0.480491015776063,0.537604230657658,0.622671924464036,0.639035977793413,0.510005426178891,0.437402596433179,0.309508840453537,0.226710889012614
0.37145214412228,0.411656750248254,0.415784374720661,0.26586617878876,0.25453364216339,0.259543556206398,0.281989572869266,0.273396809803881,0.259300070397161,0.225750859080139,0.20488142600628,0.203477937814899,0.217546371103153
0.373657957662901,0.422320547230147,0.4118867507506,0.284281436091002,0.26778193764677,0.271139651301229,0.274918567929521,0.281760435475231,0.296867421752962,0.251902069211196,0.233548367532251,0.228583355472612,0.232262405579914
0.19824721585134,0.253362657059339,0.297635340290115,0.327808671018151,0.333393334057346,0.431488112485596,0.466383836192231,0.546824181725089,0.523340890152914,0.462763261032955,0.359572122954044,0.286182137468169,0.218677966336669
0.37014408352905,0.398309528206365,0.453092904469329,0.318367767172628,0.297630047396401,0.308866099069262,0.333141109605079,0.327484114554707,0.379842612139135,0.342522292965988,0.308202706620222,0.241195740025799,0.208551158129672
0.301785863944235,0.351897145566433,0.403773263335966,0.397223071924302,0.379376144309895,0.411826470488579,0.391293557830889,0.450425254290078,0.504798957561692,0.504781607515271,0.532494677559195,0.491361016570781,0.328707701084112
0.219269045666803,0.264763739801428,0.312818647781475,0.344409936877932,0.360452359589326,0.480915173476477,0.51092632399607,0.574861491301969,0.555302121337321,0.434071528009128,0.342639369795838,0.268980219811773,0.230951518989527
0.34314978702566,0.362306315430988,0.362929635432634,0.277600077435465,0.288438259264779,0.311696767400065,0.333018921744357,0.349793951383334,0.366345522099372,0.321389330577584,0.262164912471091,0.225278152156854,0.227558317571318
0.345491424251577,0.371549432293293,0.359164795628651,0.285308654037893,0.271623618166922,0.303199344764774,0.329577574897305,0.368520600136734,0.358218454912771,0.317533793203319,0.291181010351752,0.254348210043552,0.229332937688142
0.430677213338441,0.502753822497934,0.537003137092285,0.595102971736629,0.555407322676659,0.640090680323782,0.65468136873852,0.600302885885031,0.552753693905526,0.479141669729446,0.419967254602619,0.398228056685572,0.392920049910616
0.354778768513445,0.40530993699711,0.380783906983407,0.453463676327661,0.488618089072125,0.520115817682245,0.603931289507909,0.657995360672747,0.58689840592435,0.509084668704962,0.415383080808823,0.302503908702551,0.244905851363206
0.424293005105627,0.477816849051969,0.438330334872798,0.446191221669852,0.461434908774927,0.511215880828372,0.545436794241987,0.684563186348279,0.618198418147856,0.520460669084679,0.431829027232168,0.282199823534939,0.21365458223626
0.234103442873676,0.276919321141665,0.258065253311271,0.344306844389997,0.420463684660132,0.591768492927351,0.705959100260992,0.683508209643638,0.610349703968936,0.447345010796534,0.339156847634727,0.21193783821628,0.189742030643266
0.433201178293338,0.512878249465619,0.544359438262497,0.505250912990846,0.505863126052176,0.667275329608112,0.669497289941695,0.58517647958607,0.603254175169018,0.489000963967203,0.445187007728172,0.378877466661338,0.415414581332488
0.25956286637507,0.316273525358196,0.297750173411357,0.395808038886895,0.416509094635669,0.491686614294325,0.519991681059021,0.578174176305948,0.553164792770051,0.47943189115219,0.378885586728517,0.250494126323835,0.221350816579184
0.352959910904995,0.418378101146552,0.380375536182837,0.489808320126161,0.498824926656067,0.555331393731905,0.598381687340345,0.643264404789557,0.556779384109453,0.476629536923631,0.40298378304691,0.302831600565469,0.243551561938245
0.495346370893712,0.638269096218802,0.579779399673272,0.554218286513169,0.572542493933819,0.600438660395517,0.597029878116033,0.563273724462469,0.601002278310077,0.482158390304082,0.441100891219082,0.491838710825134,0.417479634476454
0.423269922025373,0.45802355760031,0.444823261008876,0.438151076964676,0.438531749151592,0.491769909182559,0.562160089814881,0.611779996677663,0.566465236785412,0.485216679994971,0.420918599294921,0.29989886700033,0.216885347258291
0.400406683988334,0.539173294962779,0.476961769804918,0.537374174690518,0.500211503768894,0.555025922506484,0.659637816920966,0.600265699489505,0.647812304418811,0.469558201645031,0.384365874419175,0.336750588930025,0.29761533900695
0.442963153923016,0.530058569139142,0.522868248086785,0.521284094770994,0.553486423647588,0.609058505872433,0.576184933740731,0.560430362457861,0.544611629706056,0.493683503243208,0.447102950905531,0.407778941120477,0.398673100784512
0.368861600258297,0.467960322805875,0.375323475237208,0.418906886037356,0.410111874123009,0.599933118873345,0.661570096953949,0.642584805558424,0.602663297141352,0.499842170944548,0.425219980143589,0.287602109304359,0.284514005192469
0.398818724817226,0.435804869019132,0.417934440900909,0.438312414271888,0.452447143382797,0.511767990511097,0.570374747723587,0.605937221841201,0.532423996604295,0.46411610269877,0.381099908812401,0.275832018780559,0.225743683433066
0.396523148887375,0.452852851424605,0.41836534943703,0.419670228474117,0.458205877322184,0.526547870038102,0.563001327621306,0.667356831408849,0.597673755224817,0.484410720546876,0.408737471899742,0.279439983686485,0.211160826485215
0.408045871176684,0.491234088236905,0.458079762190271,0.473870441063421,0.486404942662457,0.521504634575344,0.552455881610119,0.620840938740961,0.590093436110083,0.530347889377444,0.450073406320612,0.286119332036933,0.24672585095146
0.265634406380832,0.30006122042704,0.291322650804836,0.411836248156673,0.441586675423132,0.574630027448952,0.627573697469043,0.66417921937424,0.521834205216478,0.426226838566177,0.323259672891286,0.254662554624953,0.204429762201445
0.376980262982196,0.422892182588017,0.405631971520926,0.512117400161735,0.494205743027756,0.528288553720428,0.581833429809565,0.612689954253853,0.478424561959603,0.445840745624624,0.366077016939134,0.289078145984933,0.232799650270207
0.455972701296903,0.552342382115601,0.501895522384819,0.517730955237766,0.534043190608131,0.589918459662558,0.61080742263388,0.576150102285191,0.526581680447418,0.455602902283241,0.40840672395663,0.336737030340039,0.342518757679455
0.474699750235688,0.620676203298579,0.56234061727526,0.550468532109281,0.548215990841402,0.611635463693753,0.628244100815072,0.578218789297356,0.576861275577557,0.511655386188628,0.4443895036787,0.457201822763695,0.38128820233644
0.198162635281105,0.222617773759531,0.245644243110144,0.380672135797682,0.46000180985517,0.485550766565276,0.45118108038772,0.428491985984707,0.333330188889608,0.277561699746908,0.229959264132922,0.195155875903161,0.161546207063447
0.223971817442429,0.256795551825763,0.346709666461147,0.363038025494976,0.395669299039625,0.511207486536612,0.485186210461959,0.442346901753173,0.381695282987139,0.289594926746765,0.244117346664182,0.19279824548678,0.178143273592588
0.26165940476795,0.301432038041477,0.376438537095943,0.472512983927606,0.525248813308307,0.604758901381699,0.553616772350318,0.495862529292911,0.38664745168966,0.298489948757925,0.243854182665524,0.200960523774577,0.192274182392851
0.164569675029095,0.205868383668732,0.292787867399824,0.375245913485782,0.457358351208679,0.582537203768724,0.666589807626372,0.553244234392585,0.423973722850806,0.279924559608459,0.196389171969455,0.152634797581395,0.140727340013496
0.309210424419989,0.348053524793003,0.423485374139014,0.457916723401549,0.471868948623082,0.525576739813399,0.503528601783295,0.453213755945053,0.398125943716019,0.339910557664116,0.298090998660487,0.247465668045629,0.219786189745146
0.220327466186851,0.285944282845003,0.36499966372936,0.433919639928823,0.486895054020774,0.556654170511772,0.608223598202839,0.504718540151202,0.405753979540564,0.304021983268745,0.238879429563545,0.195447391907021,0.186103544042131
0.261070492109795,0.295325239983371,0.401697048098219,0.477744714394251,0.465661930185601,0.548291703205812,0.601249981944913,0.488727080498955,0.393442054343833,0.316818233435953,0.26659415967692,0.210111795558275,0.187939622610216
0.307564964039012,0.338595203461084,0.389336837054831,0.461265755021321,0.456333367519649,0.582667560569281,0.618230145812291,0.512327907201254,0.443556694510856,0.329435382792367,0.277109227692822,0.221269454514629,0.204146346378812
0.248139203422313,0.279390619675295,0.419331327825594,0.452675811342976,0.522638479244999,0.594745792911571,0.506088875360431,0.413042864646592,0.337422990031464,0.282802818847036,0.226197350108618,0.195158196654077,0.188389644405873
0.316718206639364,0.370608554192683,0.441435104549883,0.484818077540706,0.467886207923345,0.57215118796136,0.600518726760598,0.483710692017738,0.409525824057334,0.324317590662839,0.280628562432209,0.23118681504841,0.211346897531386
0.138020528163735,0.183317546001469,0.25166192295412,0.297350355567028,0.343308616134753,0.501173645391279,0.620443396391174,0.628092912878534,0.637317768695054,0.586931632098579,0.504382647301592,0.247371422629788,0.219862654988814
0.169050531373178,0.229669224075236,0.313440722253659,0.368129368096893,0.360917290368505,0.472047154879479,0.570568202009419,0.605863210759489,0.630356829579814,0.505932079431226,0.379539463818448,0.232263029851404,0.247905334145493
0.156303217653161,0.179571566561703,0.249836469709191,0.325657416282434,0.375016034832428,0.4795339884452,0.509577478950175,0.60461874195161,0.629314011968699,0.514723937220198,0.476498587284931,0.323828449635133,0.250315615736196
0.147235505285674,0.198922607153472,0.283037642147222,0.338654904406899,0.367224026851739,0.476278804293479,0.634097707979565,0.661974830208328,0.666497931701681,0.63475379067789,0.578414152709754,0.297949771736551,0.272881491324855
0.150256870242754,0.200971859194197,0.275926190985484,0.331362696628453,0.403199323584084,0.479310496751029,0.574689483609368,0.628156882571917,0.634189358821603,0.509490828611909,0.3885170991411,0.234769823874549,0.225934746896604
0.178772298339238,0.221316683422351,0.325323025403541,0.374717229406742,0.414264069928088,0.454757075516788,0.53122134373696,0.566259395201162,0.553652882127238,0.468899484579222,0.376356987962938,0.287512593418074,0.247066264618881
0.13565090268217,0.137662800431299,0.199502197080939,0.258012929944042,0.411133499212692,0.525992553292212,0.61313646267206,0.645194282669342,0.711151992239242,0.574535245889654,0.456736415480863,0.264407099842795,0.196644314540455
0.162824499831422,0.180486866690225,0.272274822796136,0.306736140148857,0.391420133443074,0.498405075008976,0.568718928886059,0.651063235583596,0.672865823348212,0.577123751760324,0.516939715948672,0.340606335234465,0.247078772285624
0.15214357498926,0.162732476325721,0.232750947769069,0.280910115593632,0.37081493453758,0.491420999514495,0.542889932004234,0.633966894138031,0.683033246528912,0.573374857450501,0.482495775823344,0.288973986773754,0.209712620500642
0.161866314008984,0.180948277846306,0.266189608254891,0.340812004661122,0.443535134023971,0.477031480308322,0.601956095649069,0.618913682472983,0.603576251034763,0.504903497876822,0.412426787736499,0.309897317561101,0.280661088346844
0.115621033926375,0.12976962720036,0.144725416370959,0.198396410826454,0.31575762836257,0.516792731599228,0.519398617576752,0.577230207544285,0.570496441930339,0.47454217577594,0.270587455825712,0.201638086983255,0.177057245843491
0.12564937106029,0.140319569343123,0.178117218027257,0.23489138958698,0.440313995542226,0.538669672825835,0.677000146880651,0.735672723121222,0.648291147844142,0.569793575246538,0.407291501509927,0.198987358819355,0.176621626288975
0.128755874118142,0.149727373245224,0.197637646538296,0.240837746744438,0.425429113860127,0.52012332713218,0.644577137020818,0.663897038772499,0.605088476981738,0.530790083559144,0.286401591012488,0.197977064773537,0.185751674073153
0.143303082929707,0.171587359461008,0.230631413139873,0.311698354983756,0.422961411796143,0.582272160845242,0.670773450583311,0.648379006272274,0.619433552359617,0.528619527393824,0.438426317778959,0.282096227930772,0.234519217542061
0.115933942297847,0.131841681802925,0.171395655000866,0.19393800239728,0.335865566393688,0.456452314724207,0.649588787447019,0.671285478738945,0.649315612406815,0.555611665327571,0.319343582447284,0.219089922888662,0.17770742998391
0.125333173996017,0.136968358189165,0.173461985972216,0.218080683642794,0.370668798299257,0.460926526769094,0.569451818628254,0.564068158607803,0.545936417182388,0.438911620939649,0.306593356011988,0.245523245505124,0.18375266896913
0.127298381722432,0.147266247969118,0.173241586139307,0.215590301592246,0.341677692714482,0.461835576677754,0.637585718882304,0.710404746447138,0.659396997441809,0.578966452082764,0.313830078593971,0.206094713475763,0.194818631842151
0.165252501888224,0.188738450922068,0.245306528803831,0.303681625855062,0.448839651767522,0.619853525853747,0.618857889045762,0.628933684513167,0.587742179324544,0.512837375352375,0.430538372417449,0.264662772380729,0.233834649270483
0.143251058420893,0.155969761204005,0.220422052819868,0.253516184222281,0.373876083616276,0.615132450619723,0.694972386919196,0.755043966610451,0.690241150581819,0.616778153398029,0.471838122295068,0.227978280602093,0.201915035107529
0.122250562119764,0.138976301154795,0.162109671218518,0.215316248906238,0.358434578248592,0.677390661069715,0.708019883916587,0.75754917248989,0.676904804610726,0.604969493137979,0.404761525572684,0.206399087399587,0.187862181683289
0.183140545719,0.199703211161622,0.285416600409401,0.295143053994821,0.356616836261061,0.555241883867168,0.67851186341147,0.709624821958136,0.669570760641374,0.583904256685204,0.48969898243211,0.28010285442006,0.243457916174583
0.126623595447589,0.154062354680791,0.202532817225154,0.244091788300073,0.381864627516226,0.590387927977701,0.653818623760235,0.715436778265563,0.654414935384332,0.59446734112579,0.43306762523187,0.232391801732777,0.207167440180956
0.167728751589733,0.184828936415793,0.277938646523139,0.295924794563201,0.39962830693573,0.636945845955829,0.689653841530731,0.72829960457366,0.650102027373087,0.580152263665973,0.450439147879471,0.269183485588639,0.241897381280791
0.195383773160908,0.237882939197679,0.363490167275064,0.351476919508533,0.442708469950217,0.554401770353504,0.651418057731542,0.681051195999053,0.666507717261089,0.594905275421399,0.48993855109867,0.370891623198052,0.307000423529554
0.125395777516942,0.140512249913361,0.161223856263429,0.20408135118747,0.332082450513956,0.578030798438495,0.664684236848193,0.731823134161307,0.671300839223236,0.599133621633673,0.282908746431285,0.203313824017727,0.181438059949128
0.115080580301177,0.130676709590524,0.190069727980675,0.225551288544897,0.361136985721922,0.448127108664358,0.621401885774711,0.631095788621004,0.607930556071802,0.508311062650243,0.318299590311984,0.237945775352495,0.195131120687755
0.131873791933617,0.148936800689367,0.18063915053453,0.246572840808866,0.35168082593646,0.49525772098901,0.58919647778894,0.64141163542237,0.630310498493788,0.539600743044934,0.309385208475604,0.221246073476506,0.190240687732745
0.14066564075786,0.165140093491946,0.220532489692582,0.288788030634509,0.436383961572592,0.559542592025955,0.637883087394527,0.688832566494684,0.608089233996586,0.542678549807934,0.441653300550421,0.256255237648623,0.216679777993656
0.130828769630766,0.153985219500696,0.185651421421638,0.245520396721973,0.377399890390744,0.448933050514081,0.632093748995568,0.668145223082881,0.657790040139923,0.557650871064316,0.307176626435346,0.212527748768864,0.184372693743757
0.122989717819403,0.136734623654915,0.158714984211095,0.207047985978026,0.366935803225097,0.594532873063106,0.68568567985635,0.743041652255411,0.657459957566426,0.577036792977589,0.285408213004606,0.192216762377742,0.171931528884145
0.122616186881633,0.144191871503974,0.194170496662348,0.251966132561122,0.384628975495758,0.511791760253957,0.65064520512132,0.643707188022796,0.611641387882028,0.508574065221795,0.339588759812227,0.230284660797744,0.203607117019544
0.167928579485982,0.184059197120934,0.235606410733711,0.301044611338066,0.422142371958268,0.472007918537696,0.612849861596888,0.603245681404815,0.568544112219912,0.435983975421843,0.337315259050887,0.279271898294052,0.254890451311649
0.144594429516373,0.161399892648114,0.220407187921675,0.232854382507114,0.330653792199978,0.535712925606946,0.676952400910908,0.742132950789217,0.693777562311887,0.612462631557695,0.449450546248156,0.229246723281817,0.208626556698615
0.129541634175668,0.155100982548393,0.179421132294534,0.225190157945696,0.365256100196615,0.432806122714756,0.625434554100669,0.693252166373373,0.678845259449874,0.57813390735261,0.325544923444699,0.215948325561218,0.202577227113163
0.11919529695821,0.136968432679658,0.20069273850268,0.234682452553758,0.415440528774282,0.531461548522917,0.67613803856886,0.703345210837696,0.63803899451014,0.564162906911081,0.371200502038311,0.200287858241697,0.177925804469697
0.130247888127066,0.151924018742144,0.172206683493841,0.202646126892783,0.358112650721441,0.450069521682763,0.633123470899028,0.733562093838217,0.68433025936999,0.590010220559589,0.311177673805745,0.215479503621542,0.193469021368479
0.176796439481419,0.205702154576067,0.309611257815945,0.326895274853122,0.38888025940433,0.595690254506076,0.659409217667155,0.700013674136317,0.649276699123012,0.579731406174536,0.465523958967213,0.295120802202984,0.255103523972111
0.121916605274708,0.134483975088124,0.178933250650536,0.213257627515341,0.332396887404722,0.527655719452258,0.541663982270589,0.543198295894518,0.523535394350285,0.416055523312342,0.28470171242719,0.226684534875708,0.193659809504301
0.129618679850722,0.14538680796727,0.20802814949579,0.244962310109575,0.371356697643617,0.549104402910569,0.564169475896806,0.574494446858603,0.570913042165716,0.45963167443172,0.324491682978172,0.246263255535062,0.219308577717121
0.122429408732098,0.136701718500977,0.166763036061555,0.195710061703918,0.404568935119476,0.471196819494274,0.656588830733698,0.682461105459074,0.647114100245454,0.547321906437801,0.290728707824583,0.186079751283764,0.17658449873502
0.109354213022882,0.123423981212933,0.16310592382267,0.19372812221828,0.370265956771054,0.476783267755242,0.679510158507801,0.692105324435237,0.645774663448739,0.537854935709671,0.293484901457578,0.195357267004247,0.168439610944181
0.149936028224976,0.182295748265089,0.263957145881407,0.308654822937158,0.475737379263848,0.651239541797088,0.653964258707807,0.700891875097645,0.620467632075888,0.56377586296051,0.470689209587121,0.282673564048363,0.248388984564445
0.153236939359844,0.176484645177252,0.180293862200417,0.221997205163365,0.36242179547656,0.446360075870492,0.666182476461788,0.721610361732854,0.696134186688941,0.59034225520882,0.330068780070251,0.228193504050248,0.200838594950391
0.11432058918774,0.133158318872398,0.181723548754946,0.219783798350708,0.406563877936904,0.512881568908542,0.676510532914421,0.695618173442452,0.640280665854199,0.557072006350003,0.351398925321372,0.196652689292612,0.177469828200467
0.140985240080594,0.163231761817021,0.250899945421138,0.305572224594267,0.424670974278817,0.521743492041923,0.607826442092087,0.606749472390034,0.598453960528688,0.465247848488647,0.376198156837254,0.298037336573852,0.262444234828095
0.140417448139776,0.161966127768126,0.228417059906735,0.273181265668946,0.420405407752878,0.608175092951533,0.66543368465212,0.723984415931975,0.655129682162505,0.597385544750483,0.476053580752751,0.255104778857302,0.218519398186695
0.112324367272323,0.126388723307087,0.158975952908056,0.195799179052363,0.308984402756791,0.583031512931169,0.605026129551314,0.628884136111777,0.626729961588727,0.50448804176622,0.291317923747401,0.207649414365745,0.179371768662601
0.123225818966193,0.138736832115924,0.18311355983279,0.219537284633549,0.350529148503638,0.49903138630245,0.606675050261918,0.627817826293733,0.621737444208809,0.527686055748919,0.316886295776553,0.230465630541126,0.191728593779894
0.114364675447736,0.121924922031726,0.141418966893207,0.171046837151033,0.290122419161762,0.571659983195929,0.576187834793981,0.64182576726599,0.628555544120919,0.484848031786689,0.251927951931088,0.17905585551513,0.153188843868322
0.175318450780536,0.207186153537764,0.316808782190686,0.302772258864428,0.38519044598384,0.663011036502898,0.699765103031409,0.726015581503948,0.671154796941246,0.571835474255776,0.46756302852858,0.294651529806253,0.283965697653531
0.127355594473935,0.146611292260318,0.188516582471395,0.235459312727244,0.377212979892667,0.615813415358231,0.676817284316362,0.731999926813589,0.655674722532718,0.590734511330124,0.450788441039136,0.224751867318218,0.197909868094742
0.125994583575965,0.140606379416499,0.169957079899353,0.203098077710854,0.404717629836392,0.522288659193772,0.671058463289079,0.737269620554879,0.649160875016417,0.56727056966948,0.280680576745283,0.178157829173703,0.173814301901305
0.188249815530606,0.21541135139204,0.31474543491773,0.303026440245085,0.415753253522181,0.618589780697321,0.665022515246184,0.706914112886935,0.654852040853357,0.554816875696879,0.449335004396311,0.302658342407029,0.249742140559003
0.126766157839734,0.143039003399223,0.178507729216934,0.226068700115826,0.382005003542441,0.470181578286562,0.644702505664393,0.679433085022976,0.669633365399084,0.572156429184287,0.308413875575776,0.206179800288942,0.186719911763043
0.182009691858758,0.222197124894309,0.29174301193683,0.352863217890672,0.447971636355499,0.570547985216353,0.599103248985625,0.544546888339595,0.459326502005133,0.320670184877629,0.237903370149423,0.189503231088845,0.151395124033172
0.189930867143338,0.266296509922338,0.364757865318696,0.453141342477776,0.528845370955526,0.538092891397815,0.621831767410737,0.477901717055456,0.380887672040533,0.30874931702822,0.237080976787129,0.193116628864271,0.173709243713787
0.181339165224155,0.227311019683673,0.340395856639641,0.422211662024727,0.456671623994476,0.539968546163734,0.625559497381257,0.512025352554299,0.404237761967181,0.312856336337827,0.236624139992746,0.185183422114253,0.163424905367284
0.212104945516438,0.263616217560214,0.352708253934503,0.421091596463085,0.488980965834326,0.564483402037574,0.579495637463751,0.488958992638669,0.40568164853895,0.348174798882758,0.256850124741012,0.223500504789313,0.18261253581949
0.229509752740284,0.296993039787227,0.26248413400128,0.379334288581693,0.447738879601388,0.50728557578215,0.610803057523451,0.511080653847988,0.423951330161093,0.354608873313939,0.312993788351903,0.207631831825105,0.173759066891435
0.244426766206073,0.291637636947016,0.319847355529,0.342841280989717,0.418825921090479,0.478048248500714,0.531507528214772,0.524950139840893,0.49803414359514,0.438680651684178,0.354296721595023,0.276160694222005,0.212523229520752
0.170550211469408,0.260464206208115,0.427333091075353,0.549777224673977,0.576924110349377,0.609858688419626,0.641544194771062,0.479702783732389,0.367327626695171,0.259648201448833,0.207367793844805,0.17528562662725,0.160313142008617
0.190314603078711,0.243934639044433,0.316350403977487,0.411599478850106,0.478362616263219,0.56664465939375,0.590593032097015,0.48849625956997,0.39196891374445,0.306488960353553,0.229859843080574,0.195056100917207,0.162854241746187
0.201955754344884,0.275411581376983,0.33781501756917,0.411530380827287,0.492035198294582,0.571418197529944,0.57029734135759,0.52116701755046,0.443851220117544,0.368038224489185,0.280132369627129,0.236220591497487,0.191480470556082
0.176966106336176,0.242877264396976,0.350455377398441,0.438259514304962,0.523529075066715,0.578123972057653,0.611080835776235,0.500102173800541,0.397454517650165,0.283766855088118,0.221967920422205,0.177176321457662,0.157629992051317
0.237547908325158,0.282277697161557,0.327959763592194,0.372864885157006,0.434097952673128,0.495746228465109,0.589646926627847,0.473805177108419,0.402712566507477,0.349076102654028,0.274146544004513,0.231014724202039,0.20172922838312
0.235429338199704,0.294395667248543,0.299709003028204,0.314023226514679,0.328253991468751,0.428066724393415,0.419959812684755,0.467462319466977,0.469268618947256,0.41940698703785,0.35887286232804,0.302644023644933,0.222927718642847
0.407419013512435,0.452892809119148,0.48074541637405,0.417980141998226,0.422982682596364,0.466948334660448,0.458053994839334,0.483817942681906,0.496884215931744,0.470495368712252,0.47745481353596,0.403911521486493,0.309423190394491
0.255123465089632,0.307505122899927,0.389143400948127,0.404117587939005,0.420112514580148,0.497031053910293,0.494677666329575,0.514253508284085,0.508238278330321,0.450094954324926,0.438947348914299,0.377331002456277,0.301922560666875
0.442569023200461,0.485183544998149,0.520168095599475,0.462139443792245,0.435235327671872,0.459720233333841,0.454214960547128,0.473165413022294,0.519513349501017,0.519065497232041,0.503996050340599,0.458789431641249,0.356482127456389
0.250053481843779,0.270057732732089,0.239765632051704,0.296995098961878,0.332651634808862,0.500673120962261,0.575136796258116,0.632796340133795,0.622946239368814,0.529742454302451,0.418556662130189,0.27880287954673,0.192931241740124
0.267838191551341,0.339069328415767,0.412119951688499,0.426447997498887,0.421458916498348,0.497009838985832,0.456508054572711,0.497787857640906,0.541045658361356,0.544101183479848,0.508554557967379,0.453385291618111,0.323980495396445
0.249500334716015,0.290504366213637,0.307614080765986,0.32751061062499,0.366686462294012,0.49556518252619,0.502272281048285,0.589491455239595,0.592946328770493,0.505395075456273,0.457030248335845,0.341483665876623,0.242247868484024
0.306547651632047,0.325779101789246,0.295630499716451,0.314423659868445,0.320662570104332,0.363185971665634,0.447237554210379,0.553290560759015,0.598286588079992,0.545560185729904,0.463247394371617,0.292741701917652,0.190954421466418
0.245041128847228,0.288956148989004,0.331110631268006,0.354722721870346,0.404370385813463,0.508511843589665,0.49288431497663,0.547221860907047,0.519658290596396,0.430944497166797,0.363915169762522,0.302632351135501,0.239569764213133
0.468799601518257,0.509447312316191,0.562979248383681,0.57747633080507,0.522613236622372,0.592919424150574,0.515983214263388,0.533327088899209,0.536100327807421,0.536253253093546,0.468776636025536,0.383882988457934,0.314587504860986
0.204136213082454,0.267367919166184,0.328967441572794,0.354788158801096,0.390964082316668,0.470583126334703,0.486457809673143,0.583924549650675,0.583702690451366,0.518602662597206,0.477554766271312,0.390491615488233,0.279613709286105
0.328905082717438,0.390852466353751,0.427509882298079,0.420925095946016,0.439413653932259,0.512292775139373,0.46620703307932,0.496906540868997,0.481503973070654,0.486401539288633,0.42850921230687,0.368569009812626,0.281951996097186
0.269110553510642,0.369179959140372,0.409314800232161,0.432633222045076,0.465828692155004,0.472484816426192,0.473620888313045,0.507790280902642,0.488428356139491,0.434013776164582,0.369408402849396,0.315963058087521,0.256111194453887
0.257758255407211,0.310571212464567,0.384681219461553,0.438344891515362,0.432611881694187,0.498866130354992,0.514130879810449,0.564509289431574,0.563043656203156,0.491822075122605,0.482573992449045,0.395527914237976,0.282701977571841
0.224070844755837,0.267167312610334,0.290679663976477,0.315445779963776,0.340495579276105,0.410204479428858,0.431524182778749,0.463114414045927,0.42348521559975,0.384101234908961,0.329323028841941,0.283303812875971,0.218669091841395
0.277038053918159,0.260111440680137,0.291935557343508,0.317689826839029,0.37709544964217,0.513003890138269,0.521609958153101,0.595097905741158,0.573815483713621,0.479123573352337,0.413626073055759,0.308653337306271,0.228448958616819
0.168713197517217,0.208472723778853,0.222852410040709,0.262381185069216,0.381915566321128,0.472150124418371,0.4712101451356,0.510497155332565,0.467877799506563,0.41642298769766,0.354453634322179,0.253590937928141,0.165350050298688
0.162130172639373,0.18822683930872,0.198152624210473,0.25758925393757,0.364695400282661,0.531669187131715,0.637202207228788,0.647904471822308,0.650042263044805,0.503176374827112,0.38151167372438,0.233492533982695,0.200556709594191
0.181813005992447,0.214293446088649,0.241192970064895,0.269161790082625,0.392643317925928,0.621267460323698,0.628441474919349,0.628448208352344,0.628813544763004,0.534934349223661,0.367196647829819,0.264590404601069,0.223849350583468
0.163111280548521,0.198619070543946,0.231975119833465,0.248393369844909,0.371917945840732,0.576225378128861,0.632222011018196,0.645757460768126,0.64849749795652,0.558663629714845,0.381413983993253,0.268461528888985,0.22707890243313
0.16418375026718,0.214884212037225,0.239013025735137,0.285249085680299,0.400894420590343,0.522868403955634,0.555198378331073,0.561449576975523,0.590948872764774,0.543976418187124,0.331100700139134,0.28428143134839,0.220415552468794
0.150311337973054,0.185112887337325,0.215703219212378,0.244477412357015,0.384937613860135,0.60406083902366,0.628148496292194,0.691999510996784,0.67922614916444,0.602976034617639,0.475993536450909,0.22534071113575,0.216331919946088
0.169766870756176,0.216578490419497,0.248287257413954,0.279017094130989,0.370478122550715,0.518788005825575,0.609418934354072,0.648723218777605,0.647152628343234,0.594128848948787,0.424445019743025,0.270226881842963,0.226242903451967
0.168953463509295,0.203346070919171,0.240170138768489,0.276147479352293,0.342054521133629,0.588764222462396,0.569433718594107,0.679326598420031,0.67139862011715,0.616591635678379,0.481475238159863,0.339704401321601,0.229019939644326
0.181505374591306,0.218297851223998,0.247340143099887,0.276833257275607,0.445913299984523,0.609417372825189,0.66098469191661,0.651440541307354,0.630638881376756,0.54253641566302,0.344035892656543,0.235187578909111,0.235580501820837
0.163895351325166,0.216933119081162,0.241301325197722,0.242859465727786,0.315500101205349,0.382728071138638,0.504510378851535,0.522510602662133,0.527333142914793,0.471648464769855,0.366317711400234,0.191596698796745,0.188017496729638
0.162170225657089,0.204174346945916,0.212872196925834,0.271212059930918,0.355316932200482,0.523440309225196,0.621318996868944,0.628965424945913,0.625487913797948,0.485668383227251,0.333677338842085,0.241589871220188,0.211462678211311
0.171592548902303,0.208183613701991,0.231346023906677,0.269444052600395,0.339142921791764,0.567233568275497,0.638710139272426,0.668535340046711,0.664783976040219,0.602307796384681,0.430502171503348,0.264788647953352,0.222963555344566
0.1637338737201,0.208766321252464,0.232057794458388,0.260201610266109,0.383847696129095,0.602668554941158,0.669073205456763,0.696267842320968,0.685900919451409,0.619570549718675,0.43436466066421,0.243624003203795,0.226300293104012
0.164398952418537,0.196757741168365,0.218578403257783,0.25709057698015,0.428458429783575,0.607318887372109,0.709174620511161,0.708222641800173,0.664363592175077,0.578290412569012,0.407811525205419,0.234178264997349,0.219881781676398
0.149871643921983,0.178379441049043,0.203230851984971,0.232551455745737,0.340955928152304,0.600178042815903,0.620534943064574,0.687954714444394,0.677661940626706,0.614887665578801,0.483965377522509,0.230597914016701,0.201003604669297
0.149061790891857,0.183905945974267,0.191123966774817,0.252413271094438,0.345914441907731,0.527841171311522,0.632319611646288,0.666878852993578,0.661090248643414,0.540247282462175,0.340510240998595,0.241169128416808,0.205590913199151
0.159574524459057,0.188234430954266,0.205071807425844,0.270770068793311,0.3929966844251,0.469868347742747,0.584515437761257,0.567078225133811,0.586269771572198,0.478304956323252,0.319660727940435,0.228303495013809,0.17535860757483
0.183421163238591,0.226588933109311,0.264306525944931,0.302091061369339,0.442803691061051,0.491006154104915,0.552245817854096,0.511825764781805,0.555303046584708,0.530910189861088,0.346084516977362,0.269038971350365,0.209342718003144
0.175085880987604,0.223232228359152,0.251305711693989,0.291268088862909,0.333190993725268,0.461931913918415,0.521903322740364,0.599839313391674,0.570361177216777,0.498910030384508,0.412800073064636,0.315291579984918,0.229299693865019
0.166856263024125,0.206532005901277,0.230926804798588,0.284224184171952,0.37464825333253,0.535325367448886,0.587614418329754,0.590737043500219,0.592288145204569,0.476504620391756,0.336763551509204,0.264952610454978,0.223598534539904
0.154691899618764,0.187851370210778,0.197638875092808,0.246371147487991,0.330273088073605,0.560312010801075,0.662009625358668,0.677858833188484,0.668315009412016,0.547634790767556,0.391678492887201,0.256357317937678,0.228235353228688
0.162318958936025,0.183606751262673,0.205238479523637,0.255218801238292,0.391511956217048,0.464069873030477,0.555258812202186,0.554240041400628,0.565970574915639,0.495556090605537,0.289910669525525,0.196762606353406,0.166014224833249
0.186201880193961,0.219507738718952,0.256741830503281,0.282615190478535,0.39374370557673,0.567539132240257,0.595887729048854,0.577732064909094,0.598253754533678,0.501835220594356,0.364837092482849,0.297351221188753,0.237731430053995
0.170210512235974,0.244867149362541,0.286621958511182,0.31385601278177,0.417328766360686,0.551246291268467,0.536501480110676,0.546549215058138,0.556226818428724,0.481880324969321,0.320079440625933,0.287019019579674,0.245142701052082
0.17037537779302,0.216256709504743,0.246119993017574,0.280884239402665,0.352057341154749,0.474301369848522,0.573229843078473,0.613430598240873,0.587423231200688,0.48589972899032,0.345594930524736,0.26210924409952,0.212914473976093
0.187996046508077,0.242884968906454,0.285575439050891,0.327005095407132,0.366645031072135,0.463736248441801,0.498186192147028,0.566660230265205,0.531739591208064,0.471743569948008,0.406012023214284,0.320743212649128,0.251290506893691
0.174251051673204,0.1834753252538,0.200509144901944,0.257307333219739,0.349998669511563,0.49986643038605,0.607208427835753,0.620917417266163,0.644055239198527,0.513757565806954,0.342665866426298,0.25245196914558,0.191711993116898
0.158264713043345,0.169311854954804,0.197038726647189,0.209768936977153,0.255749541782585,0.374535254217326,0.516263097870377,0.53518471845689,0.560144232188931,0.518033858305982,0.402979270370684,0.227629813437534,0.21269031372182
0.180745221474593,0.243223378936885,0.26868028760781,0.294180584719002,0.443519768097543,0.636247791547617,0.643480918330459,0.689131148531759,0.635550717154335,0.543766418181818,0.423856029025611,0.265040968100627,0.267415590386454
0.182015053937332,0.230784970063204,0.278996999698239,0.307083477164367,0.355723179833236,0.498538366118242,0.525295924901108,0.578433017131673,0.572283866727334,0.531779501477239,0.434067876154088,0.354012053035999,0.247527960034389
0.162410440546895,0.205201345422074,0.231013728038582,0.262968368888022,0.379825891349372,0.607443024099065,0.674473501194881,0.661496567900837,0.662028535055749,0.577994684005146,0.37933540618363,0.241131827409758,0.221665143269863
0.182723313340889,0.216851437486886,0.257543396393247,0.293184396325327,0.378245271291051,0.521602655508671,0.574324740495413,0.595663755059368,0.605846495043946,0.503318522072905,0.348004975641665,0.262594662149785,0.241768270363941
0.16874172362236,0.209414976191906,0.241833155342476,0.287342477201279,0.346290146110017,0.495627250694405,0.520872426265003,0.627771299122537,0.629689018569317,0.531880722351257,0.451642056329727,0.311760957338277,0.233670346593316
0.189450570896799,0.240231104863062,0.26812267858403,0.309936785709093,0.374181422457132,0.444212427473033,0.51672133829668,0.508263225259157,0.5201283139764,0.411522195364338,0.304029135108166,0.253346500441288,0.223144510180545
0.174756857713918,0.215911972133793,0.24524739991952,0.278792238981063,0.330914136030653,0.503133294291494,0.501204089742978,0.620867218106795,0.615478418672993,0.564099038836573,0.476487145772701,0.35868953604911,0.24488311385911
0.195972693701767,0.254211344427029,0.30680383174857,0.351393171686721,0.365898573916256,0.472572305626174,0.477243064174453,0.516044818605164,0.497353370658452,0.423615581707646,0.37823085509865,0.28940570050734,0.232445597198639
0.153641407993387,0.174485572567743,0.188073386762429,0.232400944026806,0.382960891136416,0.538794015000956,0.655237083173811,0.651600627051748,0.667182988584322,0.571566599120807,0.347208824193108,0.240325741968506,0.186538065813376
0.181402259164784,0.212962751054196,0.247873177389461,0.267501477773092,0.402628256256777,0.65751019513838,0.64896314754397,0.653665458624599,0.636016300895271,0.547733016959918,0.388068111373422,0.24192048221201,0.225318862482875
0.15671526834228,0.193471499399936,0.216450412861638,0.249917588223742,0.375118000423127,0.576661003592883,0.654098168664881,0.665885110420725,0.663094264449363,0.576157532646494,0.361994222971237,0.230399619128018,0.208525600850395
0.169818527488783,0.203687271484427,0.22239836699094,0.271306835359243,0.334175153186322,0.527742101791914,0.648864374285182,0.670154548345408,0.662845712552788,0.58240398237726,0.364348102344071,0.25793993842027,0.216812335306092
0.182869885570114,0.225800305086639,0.267271961508374,0.295536616648719,0.345440201781916,0.45996475890543,0.518901941222209,0.601655890528393,0.623117424393457,0.506853020941657,0.443519564104303,0.284182880599102,0.221891985968144
0.180699566229234,0.215723954159931,0.236128154835959,0.282385676641518,0.354452498340036,0.479526674098017,0.57412274200454,0.588182831061447,0.569408037636596,0.491626996883565,0.367887706683092,0.268937226680018,0.216051619065576
0.164335700506436,0.207328257060575,0.238130638870048,0.265773238528486,0.340157084736421,0.585032361511753,0.580092332530814,0.649844599136118,0.643490375517532,0.598442587249432,0.493835409077568,0.304821390551469,0.22651405950518
0.168183929900743,0.212236047556576,0.242118705241662,0.280139578296873,0.353170978799044,0.499764262082368,0.587406369948457,0.619953888093199,0.608456437872707,0.5468751490294,0.387706624405272,0.285042158170675,0.230737785930728
0.169029235791764,0.230215319477628,0.269247820021795,0.305692689622165,0.38720541583128,0.587434219900293,0.645398500376008,0.645740204670921,0.627451541437054,0.551298440409465,0.383502098327698,0.252039718673902,0.239897261064799
0.161945456654339,0.206847353598857,0.226941275024443,0.284786780224681,0.375830766601314,0.504094420456673,0.590849131284925,0.603351443316447,0.596997762587109,0.492001030737476,0.336613997126939,0.246393978100707,0.207897493761105
0.161877425160872,0.202041710016156,0.233097112640117,0.25411866798685,0.335168812352269,0.58168498980094,0.602413758080663,0.681673747262177,0.665518799839885,0.608703390610032,0.490605381152051,0.239838388496731,0.224494859592027
0.159635394564662,0.196312261577437,0.226314232127916,0.248834644912777,0.376650060694914,0.663849198114106,0.717095117121998,0.712085743073595,0.69158703656858,0.603760458342552,0.412502297427488,0.23216839332074,0.222582157547571
0.154384087131817,0.184996220891585,0.192324296632,0.242845010948643,0.337109094505237,0.541221201762903,0.665478005792927,0.687479987139207,0.680833997183408,0.594164341030312,0.427708631341085,0.288055305979186,0.226275458356834
0.25763685520899,0.283587885153978,0.277482217806329,0.337002319965711,0.378067313088485,0.533916706901486,0.638530980598057,0.60796550465848,0.657310008508238,0.511870987337731,0.516246930230601,0.358348329267772,0.206688883255902
0.121669896144215,0.137611829854289,0.152078027635623,0.213513178583875,0.303212392503374,0.507375867741673,0.53437267204804,0.520097798009312,0.501347325032993,0.419329580527799,0.272696493034954,0.225617337203962,0.177166573282705
0.123393052847134,0.137365382077712,0.160727222494662,0.250308271697233,0.32794387080326,0.465379670141841,0.55677884144223,0.485132759849137,0.367309090335788,0.30382892684499,0.25801044356761,0.231867350677966,0.210075082153315
0.113486386635495,0.124067701353693,0.15075501111709,0.190561604351779,0.3050984093754,0.432638567264885,0.553958319737492,0.565401532818449,0.56018130360561,0.459532265618056,0.271295748655289,0.203882026696653,0.161343492699798
0.138396782538608,0.162209994285248,0.191665789318948,0.25136826166735,0.374613125226298,0.511498731996191,0.507508228684268,0.452723796249485,0.397586730185452,0.333041797441573,0.289428678701841,0.253009627982498,0.209665930725948
0.148410718632809,0.187159342376223,0.205428397990555,0.286064482633205,0.377102611104065,0.415119398876732,0.513995200347377,0.447036681323347,0.406465171483102,0.326382204101181,0.250939855946828,0.23178148009137,0.187930292695976
0.110883516183102,0.12823155126347,0.140941857229239,0.23259414840205,0.396277617079451,0.472491049610474,0.562937701486122,0.496289483356962,0.424939558976303,0.347929287838832,0.259690246093265,0.229205704626435,0.170295280015038
0.116199088530249,0.129401029161266,0.146428875247478,0.211954131953898,0.385586773133631,0.475086051391109,0.519431875107641,0.458689663951377,0.377241545201651,0.321327865391496,0.24892255991172,0.217116362803698,0.182948996982365
0.0951061368008668,0.117066879382782,0.13592953021061,0.222642491711214,0.441044989912409,0.513020235817877,0.612372125496959,0.507784533063964,0.41478563232239,0.318375092357831,0.258838829399415,0.255601662048008,0.16411330680848
0.0982476160329842,0.115524948504941,0.118006856224258,0.171251296159347,0.357489779180504,0.468664644596006,0.551885763771319,0.462701699791841,0.338442872383256,0.266263467850686,0.216704260923039,0.204120989202934,0.158526317863935
0.132925778687674,0.155622693972377,0.161316813691457,0.230387731108905,0.316986426133484,0.54884883083974,0.532289855889324,0.529299057361676,0.498893584966112,0.41561832426965,0.298498922848314,0.257039789976509,0.199127139420012
0.128374505263591,0.142887656289426,0.157700860340213,0.192220429589942,0.303099692295509,0.527555756643016,0.536406274771382,0.573751398590917,0.556021353453723,0.433295860261341,0.273876221042022,0.206368878809613,0.167748613079148
0.130480885980345,0.153065122170511,0.158413357501757,0.201619918339893,0.282397761854342,0.538268703077231,0.506509932893507,0.538617046412893,0.506915224544012,0.40580753603635,0.273480811390555,0.243668340266298,0.191652052536204
0.116276063903682,0.128829482245707,0.146233715413147,0.220031808431254,0.332490151854844,0.466294202380806,0.599133564004512,0.560287845562549,0.484669343650702,0.386454216481163,0.24771101408412,0.208321119972247,0.166588765857077
0.104069841274924,0.124058526988889,0.139462821925964,0.226308352624521,0.425659707300249,0.505634678396357,0.561260959034453,0.473336863894885,0.383448226387386,0.305825533335719,0.266827436242771,0.259917694666123,0.173958919548486
0.125530519987945,0.138812818654182,0.162937119781723,0.275065948760816,0.419573637031716,0.466025661609669,0.537146482818529,0.448581540483162,0.320409982433984,0.272428917197305,0.24886166412538,0.233349195372918,0.204869175826177
0.128197426299158,0.147166616224451,0.153979992924451,0.224320492110345,0.369154307786887,0.452995906153539,0.545682716933208,0.435195008260004,0.37166152717192,0.306392134098213,0.232143770340486,0.208285446674111,0.183212959421526
0.178941596964564,0.215211040644271,0.240130732761885,0.289116192245274,0.363190043899729,0.427559166843155,0.516153608491407,0.566284362949274,0.589417037425916,0.467098126026747,0.370684834188536,0.249421397437123,0.194863555052176
0.178777973233215,0.233211658568213,0.25785678994119,0.28922446723772,0.369297381655348,0.460839761769972,0.573758544005534,0.616615921846327,0.614372718864364,0.432626499327334,0.3649970563751,0.234440936631716,0.199025735026405
0.176889671672317,0.222259580018938,0.273667625404794,0.291344928590043,0.399272422823924,0.593935992695533,0.710079361369946,0.701415348945736,0.650218035616309,0.468436848224263,0.346809826530668,0.248629632244648,0.194951420342359
0.197667228507697,0.244329453142689,0.273058066082697,0.28466525472192,0.441816046806493,0.57411264281086,0.68287783594014,0.69783633480368,0.658189766920011,0.498522766497789,0.362539830319255,0.253621921511446,0.20156538868087
0.193825685132568,0.233008468850278,0.267587582544602,0.306584808152322,0.444324258530916,0.540570431993522,0.652204967667613,0.700919933091573,0.717318209562608,0.511299658899296,0.365737994496376,0.209375547520423,0.187798962353375
0.169843477081324,0.219480282789262,0.266283763426702,0.330074393895017,0.448904515629021,0.547110620356163,0.618130323789307,0.662882777602979,0.636890319281116,0.55486958885081,0.354882412286686,0.240784961083587,0.220943963147751
0.173582960765972,0.233253699197493,0.256075123697549,0.287575301552122,0.361641098598773,0.506177493673451,0.669115175813324,0.686280377104415,0.663004585569893,0.431812229264311,0.335899485883385,0.228956876799797,0.18836202038267
0.170093966229438,0.211002982539797,0.254660993889377,0.30388778166384,0.332883928596875,0.358155904514824,0.459896608480703,0.482503632646795,0.537127798883312,0.500190749094804,0.404425779646254,0.247290503075109,0.21105698772495
0.214141295875794,0.270055917044361,0.348171852863036,0.381092930210026,0.419621794135324,0.594372842406298,0.613826335343526,0.672002752487729,0.611669277402381,0.472968126601722,0.344829014898847,0.24863560466674,0.246185325514161
0.18189772601639,0.219296744808883,0.244012283283297,0.268473423546787,0.39595631417567,0.556896278061786,0.650460837169053,0.696463935841329,0.677479912598215,0.51481201859369,0.358943335077252,0.196512361008349,0.200767163668055
0.154315520926573,0.203759337812498,0.249787258825581,0.303919595233709,0.384188363486348,0.510356048112857,0.612407232694157,0.617645450070265,0.63850656659722,0.496521384146521,0.380608832164476,0.227211112817807,0.214620120481894
0.188767788909134,0.230882302743933,0.253417592370877,0.276056033636484,0.466033540946787,0.571926702757577,0.66466556112277,0.725499687737774,0.703467977325191,0.528823909583169,0.385792133453311,0.224658479824659,0.186740634982536
0.177492132471824,0.218541864517789,0.243290119190831,0.300540284282996,0.412011673877832,0.457541838913753,0.552498988191355,0.587374886664372,0.600749205335513,0.452927971590565,0.359481286223307,0.234055432684179,0.188256722001964
0.162097234573251,0.206530297629175,0.242248472622938,0.284593838425931,0.361894015901444,0.464005252507608,0.547201846951451,0.589837022104496,0.601706159323931,0.458793426623094,0.369336792104298,0.234789690999592,0.187188495794769
0.165141778347557,0.207126683109503,0.248353781090041,0.295371904035883,0.409384064168899,0.476856605733421,0.53439290982381,0.571739317201733,0.624971900737127,0.482428193724605,0.311243003227004,0.198641450350235,0.174228875635836
0.235156959811917,0.296473149682907,0.355835945041099,0.368760897605718,0.479544916215117,0.549835429775073,0.651420710804604,0.665207873172136,0.698553075680189,0.549491463968631,0.441520750472461,0.277075685687715,0.260827541780295
0.164843455110486,0.212035133546216,0.248533382091296,0.301639147306977,0.420432608815664,0.531804135506226,0.57590731406138,0.630582273133105,0.628714221236113,0.507992957856512,0.40385981145688,0.249321121836453,0.229182567085698
0.171605278024792,0.224180618802396,0.257936677436003,0.283386125089059,0.367692440486618,0.520837319200908,0.610442999398574,0.635336412051269,0.608343388857506,0.446851987287688,0.401641564932739,0.253084904084747,0.199599693740921
0.180703068312379,0.222449288424086,0.24742853581486,0.26640421131896,0.379226235516151,0.525048863100028,0.64155598798866,0.672460238424552,0.62651019836414,0.5143678506344,0.319729644757659,0.20825229679642,0.199685601354365
0.160599671061688,0.204651908449528,0.257456842246227,0.289944157081813,0.418444950385304,0.51442304955405,0.60154724282446,0.632465359634599,0.611073610470438,0.522281096110871,0.357067020553538,0.247845927497177,0.203524511852023
0.180458047954732,0.250723539053866,0.255254408526084,0.271451783047933,0.386523511126872,0.450242500971367,0.573762677588475,0.617785457916307,0.605551288349926,0.424936139864443,0.297293885256601,0.239296215068477,0.196964288876411
0.172024762564874,0.226569187964363,0.256648823322526,0.278497443421075,0.389359613760932,0.546007647575389,0.703732887547946,0.727981321333597,0.694007676967392,0.491482278143955,0.361957468960411,0.234892315248243,0.196308659425847
0.18741028525312,0.236065727395371,0.249196169821441,0.294363721764128,0.367849472995936,0.471908285081807,0.646501920054767,0.666025799508963,0.663800111099203,0.486492807581696,0.381385371028114,0.219952096833509,0.193999255595817
0.165594903231974,0.213196087704999,0.256579612172518,0.291993950576878,0.338955510789656,0.379287067320534,0.457730607797962,0.481072092421309,0.541863408606604,0.497760450692094,0.449003553642711,0.260689110050082,0.223809457240223
0.171787152153886,0.207353029760555,0.241572110372326,0.298385821634232,0.330981978456668,0.333191001039924,0.454415408370727,0.4831448769029,0.520194066419142,0.468207291478293,0.335936712137483,0.222762606884611,0.180245475039331
0.20488924759347,0.252729689326161,0.297585071236753,0.329708028851399,0.383165933896839,0.586693192924943,0.657338822834458,0.696969842440205,0.62953917806514,0.483010066220341,0.339394062862295,0.225138608275189,0.226121852914283
0.176809703265274,0.219318685348867,0.21615779699525,0.268648990371842,0.351881873476517,0.482884238773976,0.675345660776731,0.705360470087169,0.691799985301159,0.511369065387037,0.397172271637348,0.204085990990493,0.180556763418696
0.18219693184649,0.220027012493961,0.249878649489706,0.306875159630985,0.373929860002794,0.4209668987097,0.485181229384553,0.538400599031954,0.57867589177004,0.455163502183924,0.297966808846632,0.212302866681409,0.182217598607679
0.181981352590657,0.221859902700297,0.25788921402063,0.300491959855409,0.444125898674025,0.50754666782637,0.553281991646632,0.57390888890666,0.600763792018755,0.49456790988113,0.428170888718623,0.275922630300592,0.217932781188978
0.176070248906359,0.220729812909335,0.25552094622583,0.300447563196827,0.435505904001424,0.507791239137925,0.567857771134949,0.611330254984569,0.623921488215388,0.509839627569923,0.389307625143088,0.253187869793201,0.211615088663074
0.187575430640516,0.2462155276057,0.274246784124985,0.290630041556079,0.360617397184765,0.446487060403362,0.583825284170648,0.625209296300631,0.61109973612884,0.444970808851271,0.396125078102879,0.24811195790956,0.20883385403518
0.182110346216647,0.227778046888178,0.301613687557393,0.313964796125888,0.38801834000453,0.488808559410192,0.589465614210297,0.612979999895899,0.613480229713125,0.564899362311534,0.414940442500187,0.288096051543328,0.221848407535771
0.162505283673848,0.189262535333256,0.207165664528057,0.246823344002545,0.298632383594007,0.319524141263776,0.451760054475651,0.529021776472606,0.552715804826213,0.477931964091329,0.294899063597457,0.225270215816638,0.173497630442085
0.428531072335151,0.404765906658429,0.492386027122882,0.513827557881215,0.552120434971573,0.55333667536946,0.568854808672241,0.603991563423998,0.543593361762352,0.495514923522194,0.486106663990337,0.419782426541243,0.405139818419552
0.173882844332791,0.217948124889794,0.28162753918493,0.33437049825859,0.372776381219954,0.464404709312744,0.550395830999665,0.558595042908532,0.611771360119306,0.537067749067455,0.418516412289785,0.232009711836917,0.213138879103454
0.165977460267142,0.214265798295281,0.249601690067113,0.291236235880149,0.402933605423375,0.447705417541165,0.503258975318799,0.534278357474589,0.586132474363036,0.460263645082767,0.364557665153418,0.223708762597724,0.195890764352791
0.161696313131471,0.206126876690709,0.246832513963719,0.325539223988892,0.444036681785052,0.528963708446859,0.603914444812325,0.649433501206713,0.626775383628533,0.482261491279337,0.346132766394977,0.237685196099962,0.187972043719882
0.33970545271002,0.365587283387043,0.373834547493985,0.352750775512686,0.305232583616675,0.329105492955825,0.345852360465015,0.346924034196889,0.282285190136737,0.273888572139304,0.262734006591903,0.235095846213048,0.215258575866007
0.37038910661424,0.385878985635289,0.349533699523009,0.255749721387494,0.269978332175971,0.277107554648818,0.304681681930091,0.363242055285155,0.30504305179044,0.296212214878196,0.268521073265463,0.254531924955168,0.22698075592434
0.29340543077988,0.408927636162274,0.381452523702189,0.34705316960355,0.546400815987118,0.658192831570088,0.627184518753178,0.631533155759886,0.551505629078763,0.41972537981653,0.377662577114628,0.378506151529768,0.358324285283029
0.274552116266449,0.377307219290073,0.388024363847554,0.350714437189989,0.537245294382511,0.639437980472653,0.6104921242833,0.603020132070197,0.558920806290281,0.471273088834515,0.423803096569329,0.363948095445062,0.325727350665906
0.17692837389349,0.218468076819833,0.262335691661563,0.287148297252554,0.343586567360619,0.441108357206159,0.488024388150451,0.477701965762393,0.46098089966273,0.402867172118344,0.300274763726071,0.273892405757662,0.230340196236598
0.16413924970677,0.196849064518728,0.228628093326776,0.259818062144763,0.307121608995304,0.43864825365713,0.475775197273009,0.503905709045518,0.530035563282303,0.476326881382907,0.362996813271767,0.307816674052532,0.22840989816211
0.151761846747766,0.185401936765948,0.220172998525094,0.288493489598681,0.377028928794641,0.549947893269637,0.575777353990637,0.605982893530802,0.606526931290341,0.520994699170441,0.356210509213821,0.286054436020022,0.2241954595515
0.147093602379002,0.169654423332346,0.165764746129564,0.217192133635807,0.286383740821804,0.477867701441064,0.540294510315593,0.569926922020584,0.592880182161019,0.49703356840388,0.333987077818975,0.274021911530698,0.214563022544979
0.170795752530328,0.221190958645706,0.258674241219075,0.29454643605544,0.351245904568632,0.451132908487368,0.473894395236345,0.463789042422334,0.485727669990328,0.437374576080251,0.351377590118878,0.308202603926978,0.26299775422827
0.172873280440608,0.234559627911828,0.283918627100573,0.308432323127663,0.36163325351218,0.502939688570046,0.484362397273678,0.495125150460995,0.483951459923766,0.422156007576821,0.322403750285467,0.273784990441864,0.248007796380766
0.159321402493361,0.192234710386785,0.22606627521289,0.279115262269439,0.406439840631007,0.599997195579663,0.651470369672285,0.649530534348221,0.633433905475505,0.525609446250867,0.292483641309498,0.21651636058749,0.198536606830738
0.153108955761608,0.186174098216093,0.247103643664457,0.303931045652362,0.4165526000402,0.524109639179532,0.545931378947913,0.578433418743483,0.57530133908149,0.502341685971693,0.369556531190999,0.310575158843246,0.239932705371509
0.152935063382615,0.178131649996278,0.202499511116612,0.246907116970198,0.307334283852904,0.386820777505604,0.469968850021273,0.50294724623435,0.555417876453556,0.476525286018088,0.351607064646357,0.259889369577466,0.21479305581212
0.151900877286085,0.184371134847973,0.225276312418208,0.316035301453707,0.42957286906852,0.578280304779322,0.541689170880456,0.562570207001347,0.557393098906928,0.485035470402778,0.331697245786322,0.275517200263471,0.225927055862993
0.144881034572248,0.169942326459911,0.195371459679122,0.230998614017762,0.342491362630527,0.532329277044882,0.568612267076835,0.630744092974066,0.624610043395203,0.527405935315147,0.34218125324142,0.279019758346203,0.21498841653713
0.161540709768266,0.192962612032696,0.227526450982578,0.268399158176124,0.313339422947043,0.384764146453929,0.476227717293638,0.510545469771641,0.528612030782746,0.467912015745399,0.339628340985564,0.264818382850508,0.225506642279853
0.175439838644188,0.218387985837757,0.247305503287348,0.264618008415685,0.354208660624592,0.501419384431305,0.567219634131886,0.615752682146102,0.581016981471034,0.493960572683493,0.323565017959195,0.251583105885586,0.221170542974454
0.15636144544868,0.178074414568216,0.20679507427019,0.239442883003808,0.333723592751292,0.506939942300549,0.528841952288917,0.575895435170143,0.599363494186347,0.516700109323365,0.358687349289,0.29915764380203,0.224492733533355
0.147271961790373,0.174558639640327,0.198330424220743,0.231125195918385,0.325790643288155,0.517875472087041,0.570951637730707,0.628191794139492,0.629730352661472,0.533274970683159,0.33703108632479,0.259532200239418,0.209965503527251
0.157616820608023,0.180646138780816,0.204792591214823,0.261945618848113,0.389774318386961,0.611226135320212,0.653255639453604,0.675934754173664,0.644261593723829,0.553695430451092,0.325140083630398,0.232178247687652,0.201996722132886
0.154686844166692,0.196379202820746,0.221970577018931,0.244139128571649,0.371205934961474,0.520382061203381,0.59462763737948,0.619304815997256,0.618298679698097,0.512639175439079,0.298139941932446,0.237330809667844,0.206903900561197
0.162867750279603,0.206339599935454,0.234426735082248,0.27923216787057,0.373713057254579,0.54673911952257,0.6330940641678,0.657338896716458,0.638998421171027,0.556484582723776,0.343663807610597,0.268185935617373,0.22778660420134
0.150312789971173,0.185584867585625,0.201849753552572,0.262276471928012,0.334538577307644,0.555911689381869,0.644849961282983,0.675551865675229,0.670024057663268,0.570518903078065,0.349843783803288,0.264044663695327,0.218897060777539
0.149382552952728,0.184237825687028,0.202361103167769,0.256481641211892,0.328193080665407,0.401397584885389,0.450651246159296,0.424536903837613,0.426327035683933,0.37860422949003,0.315044054071882,0.245544002861533,0.208511986306452
0.143082472212418,0.166749827301068,0.196701586142659,0.25125131949612,0.361463154435486,0.568088533194539,0.520015300067677,0.564417056410245,0.543173266248902,0.453063040336397,0.298674864896007,0.248043393142998,0.203438151130846
0.18463668684475,0.226394006857996,0.267202483476487,0.293910244170949,0.368556534238321,0.469721010900649,0.466210388427286,0.473836751261831,0.486285566155421,0.441417515752043,0.349516726537707,0.317421224170288,0.256891346982486
0.15032823880287,0.173780549956842,0.192145872659348,0.240512242093034,0.301790933517412,0.461178895145755,0.520358619447998,0.558475824402817,0.592098333184183,0.510943633749531,0.346944544690708,0.281272957765923,0.216255900540441
0.160116356578345,0.194302187518799,0.223342768448512,0.260036541756737,0.407441877688153,0.597602946149516,0.64067105511105,0.653382572240786,0.609128269999272,0.507518439477783,0.302781760773884,0.234370380119536,0.21722754615168
0.156251874115617,0.180244535642961,0.206612357083076,0.260032763949227,0.416272303537483,0.609665773488154,0.658472876147425,0.682154234711482,0.639958908346229,0.541051777319738,0.330146268235018,0.208415091051414,0.194238730498774
0.173460504199788,0.221095441049973,0.260032654538561,0.27831372957783,0.371853674630703,0.554571931555523,0.583043861404905,0.600159861442516,0.565506809188556,0.48946794612892,0.323343850127704,0.264323488500998,0.227775186059949
0.32419068363133,0.366639713478564,0.328996675144468,0.366464010407859,0.44765509726479,0.409144284007782,0.578549490547664,0.610467307478426,0.603395816089198,0.514657544164584,0.423795549545816,0.281825095277517,0.23119183449702
0.325858824769411,0.398245500089976,0.364910070444646,0.381017578771714,0.475734812492877,0.476795225237295,0.52544753019885,0.605123033127932,0.582406587155906,0.525895173709834,0.434928571634738,0.30177416857034,0.240016909107564
0.337164500208406,0.40986532738083,0.377881635198545,0.416288857707348,0.446024720144732,0.444062963321492,0.534659073841752,0.567389933775289,0.568053871627191,0.508746869493675,0.41917672033274,0.285570502027126,0.240166438425473
0.321001904013396,0.372261057742035,0.340876219702667,0.350724176748947,0.453668177271731,0.426078281388419,0.630268972684013,0.615816987816462,0.620232108317402,0.55545471595713,0.474484831492225,0.325181171532934,0.239063575502665
0.297215273105957,0.366312209158698,0.33901499319188,0.370615248010406,0.441890020711057,0.439291924790029,0.59538333630045,0.60519886972963,0.595365481996294,0.540256065086713,0.449169661217994,0.306373757849958,0.240222732425671
0.379014633529669,0.471817974836826,0.451209956974378,0.539718685408902,0.514255485196968,0.540012742974058,0.647730386274729,0.518727114074088,0.496262867776358,0.484450100763132,0.49671495411036,0.458831368993442,0.314954515619476
0.312190048144696,0.357702587885496,0.318139271332012,0.409245902232993,0.455271569823355,0.539884494097336,0.593585772528668,0.644119243106004,0.604893214834753,0.467646857309523,0.386259668403012,0.244270845995041,0.231883521281339
0.42382474459198,0.476717663626487,0.470044636273687,0.460584313951988,0.474105482686122,0.545069294720506,0.58445994797802,0.609523290025382,0.560602574976282,0.49958600030498,0.419221914324529,0.333257669506714,0.252958951704201
0.320938339918268,0.372661775688307,0.337686693720456,0.360380971079599,0.450091752910479,0.436999489845865,0.570619469712377,0.62540341589642,0.613043817139658,0.53654022385421,0.453607825552641,0.298700136988832,0.235810899043643
0.408661133960911,0.505540110547469,0.484332643062711,0.478282066841131,0.478120977467183,0.502718730849315,0.680093598859398,0.592269960522296,0.590524727658012,0.541736335135069,0.524143627535083,0.47367089551472,0.335645382113188
0.344505343191606,0.427911194064346,0.382723495481567,0.456331401580769,0.490455402444149,0.596149477929498,0.582723246222731,0.588517175832933,0.560074309095279,0.464317959620459,0.369484516958462,0.282029531547051,0.250809097645976
0.304989804190772,0.314353239971595,0.448103253732357,0.438528396485649,0.468731567741092,0.42923143727321,0.345728084762476,0.298629561788484,0.256791411891009,0.354479191096956,0.307095011818297,0.258358372487299,0.212538992762836
0.301545604367562,0.296850713032486,0.383987521472759,0.360910582469783,0.42757558087111,0.452080101725643,0.44797042465434,0.307855649346306,0.287163361516042,0.35599016216752,0.356726413727924,0.322778574483474,0.265176278980079
0.240272349323547,0.281282225192055,0.311670752599027,0.321088760083945,0.313969909226766,0.351558367106618,0.364768076896002,0.427088887917471,0.416153457261442,0.376195778124345,0.279797213677626,0.212948663631447,0.209546019654122
0.176355729792733,0.185391850994828,0.16251689144813,0.155513203645997,0.191624001223369,0.238424291094117,0.336861761182056,0.395858427837216,0.366063217074837,0.324786273996047,0.279367423489968,0.202403512838582,0.167816355854906
0.226853544254379,0.231591673069664,0.222510719067048,0.209016037487108,0.231038926607024,0.293902979433876,0.37573990534689,0.419973106312602,0.401677426029709,0.33595345007936,0.281328275356179,0.211885535236038,0.210003073733758
0.397747415028343,0.383165215631195,0.51814490473753,0.543247764708631,0.544829673573469,0.372754732726256,0.408314937242243,0.32858194086948,0.28517514672444,0.437692715456496,0.386882296976204,0.34551349845815,0.280363992929693
0.356151570507771,0.311690692048455,0.41784040129451,0.448893143835692,0.488374793660156,0.484473099683095,0.434267599979142,0.341360202978526,0.307819559290286,0.462304539853605,0.415256531501639,0.347486794696386,0.288086942602238
0.226493371261715,0.243190182807028,0.266592033399146,0.288703335221129,0.251835610472835,0.331975056442234,0.444486135267872,0.555764804205746,0.548184221584845,0.464860929493219,0.373235908939452,0.267206998187254,0.228640760571555
0.254595070939352,0.279497781893634,0.400468321082007,0.523914404421472,0.531130211541389,0.53610568070884,0.480622109833499,0.376095365191363,0.284889422927268,0.249157523080781,0.230482475940056,0.199013396841232,0.1897209427291
0.356403743883503,0.362156746290156,0.464210145330046,0.532634796414513,0.521533248544012,0.421736057180068,0.412963654646468,0.317031379224916,0.259971024760327,0.353330149472669,0.348958853271787,0.28506368852118,0.231910951905604
0.356622952454548,0.345458357117239,0.464689700808265,0.470190697898508,0.52139242025312,0.508774017565784,0.461877842848251,0.361212150671194,0.320322557332871,0.400165187880081,0.380246344314837,0.314864037592574,0.257421923403715
0.205629176646794,0.246945822477107,0.407452089091576,0.428651978672854,0.4423839443984,0.535473660155817,0.577385177576043,0.582290501220681,0.574920140457351,0.55531279750146,0.504397466196028,0.415795256884167,0.339502143982799
0.16714175806081,0.225867305882892,0.310113052428041,0.335533611632095,0.492725383113513,0.627540415845924,0.671844126077907,0.675877937749467,0.621272236169579,0.554366690727548,0.491171167840578,0.327167739376196,0.278225848829293
0.18443012771454,0.254455408106873,0.344419019053285,0.361920095539992,0.462850155360754,0.610093458140829,0.635149688510875,0.646055240755162,0.599139033621347,0.534523939189755,0.485720600835104,0.345881889047824,0.29635406222758
0.153610834119468,0.193403880726422,0.27692452474888,0.357472316182091,0.458266807437589,0.633474404831217,0.645527686913456,0.642128126338677,0.613491660962836,0.533399745671572,0.478524741176886,0.313127839170927,0.267563908674565
0.151472291368012,0.200344469842965,0.283959929771484,0.340601784129481,0.472839940102907,0.599409789556493,0.663220919647067,0.652006978620494,0.615146288946316,0.539418519737896,0.479111641411856,0.342162497419538,0.274126405502532
0.157161612311319,0.201499550073534,0.272023109694822,0.341348571355155,0.448021241111309,0.594888517290475,0.657456309214844,0.64822473343728,0.611382339113074,0.539785010218367,0.499199923138006,0.353517313706684,0.300818858556133
0.191473806486648,0.248004229609937,0.311586606404449,0.320057812847835,0.36449026909115,0.564042074542134,0.699378984913513,0.686688768331993,0.629462194810714,0.556628564410458,0.477320619283328,0.313763254411977,0.274983289534407
0.192636192487501,0.261963451711316,0.329584966146202,0.359160133171391,0.467995350490457,0.616861088632566,0.681840943339255,0.663686181109854,0.613794198196524,0.547693591949691,0.47434583312297,0.324425754087929,0.285073961072111
0.162915217783673,0.234385674792715,0.373874076854989,0.488006899424454,0.475852392112831,0.531427151971872,0.554757205381812,0.560042857237905,0.581579463760556,0.55929793748819,0.574824119788785,0.470331026834983,0.362512518316681
0.195544920670292,0.237118752050965,0.414253424548598,0.423124863787985,0.432734670064328,0.549513952840637,0.624916827484356,0.648718038409622,0.606820740538836,0.578441236491918,0.526067271206994,0.421653288093166,0.337016973181724
0.164536918278783,0.213945394730198,0.314991758843519,0.374543958922105,0.505239083032315,0.54084636355713,0.639138128229617,0.618715576691562,0.622521364597243,0.560539490159978,0.501869519571217,0.404662106481202,0.307462368994583
0.16719953336841,0.205583600017189,0.298548125970951,0.349248830049139,0.388887247690479,0.568694048275033,0.564147558593744,0.552059672046257,0.481443560460621,0.435106923187835,0.404176069316763,0.329423801427831,0.284971825751742
0.162528809447959,0.208672359809792,0.260554248396607,0.312457759656059,0.404624338326661,0.585824842036799,0.672435667365815,0.670681074405413,0.623381714834584,0.537343742211429,0.449292300642807,0.267598591254317,0.228462216490564
0.158784074139239,0.204757374143757,0.293435229654144,0.339762719635337,0.462541701850343,0.505571438484468,0.646019984349225,0.623850953980308,0.62045521852238,0.563390615807835,0.490164014723868,0.367289912176489,0.299818361360954
0.152812244612257,0.236549597992653,0.321942669764814,0.423686580417218,0.455314512294536,0.502363314701715,0.548892729895379,0.561694530823174,0.589836488096136,0.557004321332274,0.533911712328062,0.425467758825519,0.334727965214199
0.162709597860089,0.178204867148723,0.225227104612345,0.266955504554313,0.316039408905523,0.550874777493827,0.717970116378502,0.736034319719627,0.680476779465699,0.550641658999679,0.46048950354494,0.251013750147951,0.243401110828523
0.195582439215475,0.234371682880809,0.345754789319622,0.358422696787107,0.391877782928195,0.558316004819428,0.552672761765871,0.615333540478363,0.58828963225411,0.556437656539689,0.496693846350914,0.348069731236987,0.285583040218049
0.164473479619623,0.200404104989023,0.242822057665138,0.291323133090882,0.373798028561475,0.547450591937452,0.67542270075828,0.671474889294054,0.658027699346826,0.60057781358361,0.518102853787688,0.280695169954746,0.231618287006021
0.318599066931018,0.360661980506784,0.395208463222546,0.364874190457179,0.450951948688192,0.406989795403192,0.522533694583174,0.58811985074579,0.543971115914729,0.440775790168344,0.402455085314816,0.396789320583634,0.330364315385372
0.309482250861542,0.352277360907656,0.387750380844657,0.376987298869996,0.421581614246493,0.452753882083554,0.471990081362642,0.55019148457303,0.57095556123142,0.523054798563686,0.483998630295061,0.435835485457497,0.343310863609814
0.285446694698542,0.310631013572609,0.364828443240331,0.362321243464535,0.452050193411161,0.445374778019683,0.484331125380327,0.504288549218676,0.547583871218321,0.48768080041952,0.430978412728676,0.385770686848835,0.309524041970869
0.219448940446558,0.249812929478952,0.27779525293892,0.314756199169873,0.518106938755574,0.598454437411761,0.693264699800797,0.72823146380501,0.665708994587137,0.510383130982745,0.342469512076206,0.247734269568232,0.237804558802519
0.184433875044269,0.209176445716525,0.251885009890235,0.295195042884257,0.446366377502529,0.541164911352396,0.676485795758407,0.723258143039421,0.70354812164886,0.581741486510993,0.350199094354868,0.223548602066561,0.217134400266726
0.218082325839446,0.255360778849395,0.302872374177736,0.351262252958317,0.53720526133125,0.661486004608485,0.713656916511244,0.693347084932211,0.638259965378217,0.41622681847963,0.312972705264783,0.267960763383111,0.256292419922363
0.179001736910836,0.183303180329531,0.21941352869332,0.278907441749996,0.538514689881409,0.641858607141807,0.736361205457964,0.713111909584234,0.715661585629335,0.52316982201888,0.281817435832463,0.203125368782716,0.20159257655253
0.17333910234144,0.200431647338775,0.25131999443231,0.294252833049395,0.517303520783913,0.657467228585678,0.769627470065031,0.710189064400043,0.698292821681243,0.600111801961834,0.406787520847626,0.267420732283012,0.224475395445184
0.173073024227961,0.196426004678264,0.191889819837811,0.264863263876929,0.447304931812778,0.594752092133421,0.797233498645589,0.757341362916524,0.741174794560855,0.628664177799757,0.311848874531854,0.18243869929402,0.171727171524642
0.188720941958453,0.216387446403786,0.242247058623006,0.361642252451215,0.515187495276144,0.630981153274909,0.748730917101816,0.763090049039465,0.696058348327922,0.524563371772745,0.300235898545159,0.211553852691527,0.193332469937831
0.24788379366087,0.314826333470048,0.328230271567598,0.347590051337132,0.334204313838541,0.452428063825433,0.577350055786043,0.772360126982911,0.699194065376626,0.640602512242332,0.429506141482674,0.276731066399932,0.236277050267068
0.288333078394966,0.341218189994099,0.321703220178414,0.385092205082574,0.398358018315826,0.494047942136157,0.599359045177504,0.702029808419975,0.628407494343075,0.519473678604222,0.418168884832107,0.289581770831588,0.257412179169069
0.174204160762275,0.174526216196505,0.208450778851833,0.257651394628981,0.449238813092516,0.569404929999009,0.71134759497447,0.732663757974434,0.722822155545024,0.643009104759611,0.321228802134766,0.187535104441792,0.205759207838429
0.184372245418808,0.21184657637245,0.207435978034721,0.277350986276666,0.419956701803948,0.585329138508243,0.794425645935443,0.747150037352725,0.70747680966285,0.582083859709425,0.297324340996194,0.201060311180199,0.18798405506221
0.183361668812472,0.218767044384645,0.228817935688919,0.296782412853344,0.416719272194874,0.556100277504911,0.780109440667022,0.751607780402781,0.736317521392745,0.607582173416561,0.425948704772908,0.198685181528643,0.181396258570497
0.183970611871113,0.220515359769781,0.224005784553185,0.290492477038448,0.394401086486646,0.567319723793171,0.772129181958595,0.784455313913147,0.724898165221594,0.654537686828126,0.394215701265204,0.200309107474898,0.18402670256092
0.235412603840806,0.292801893793806,0.323511722112631,0.36438302810654,0.376642996878549,0.506661980000707,0.644102329279543,0.761355647265052,0.704202499728689,0.592908327710473,0.430844555113036,0.263343768553614,0.24271352892856
0.315438930606853,0.408924214029322,0.402778568792351,0.40314409570694,0.382481163883204,0.484085836410502,0.530283361005771,0.662553630590446,0.680404962968833,0.561729179525391,0.468622024440783,0.333463622570044,0.281674898052216
0.204685375443572,0.217730235135285,0.247723453040797,0.28937610822339,0.491722248472275,0.634291439227153,0.78123564213053,0.761962478142553,0.683113617548473,0.564839360260488,0.322636738396255,0.242631587762251,0.206021703058532
0.20701682206833,0.237906059507073,0.247031805032605,0.338190319519743,0.380298345359896,0.583420811462508,0.649701261741961,0.696052165254811,0.620781377754851,0.498588225106361,0.386357217142456,0.233789020396747,0.240113538596168
0.243296040859804,0.275009245054557,0.326448992613979,0.41216620514207,0.544091708609733,0.609366885977974,0.709735647004192,0.723404461586954,0.661438148941898,0.505234332840229,0.327850663629132,0.262616909935325,0.25793147642221
0.162844340287989,0.171974145694805,0.192485210315893,0.219333275587959,0.453221457362141,0.563231003230867,0.733145444101268,0.719057837075261,0.709696754357662,0.554290964771241,0.237531956477159,0.171915413351293,0.194569402887609
0.215210128699793,0.24074848162853,0.255049669911967,0.28516678733858,0.538192296017666,0.636876960955807,0.724170412984332,0.763464260965435,0.701924026330629,0.653267443958071,0.293411602956177,0.232206004902036,0.215867868782441
0.205983896590008,0.224135861024184,0.261443414721914,0.330737047903317,0.512073208574025,0.683056034223621,0.761346931698469,0.759479524135452,0.705177827582679,0.592132563932533,0.32733172849409,0.268183426669596,0.234956137244065
0.163752633045324,0.19882974561629,0.190430945200304,0.263683032137765,0.402457555807014,0.526879624296176,0.765333905555905,0.715829768659626,0.722871058032566,0.617483356922023,0.272475962680762,0.183017749473722,0.176644967072954
0.222763428318368,0.282394343260211,0.303954864840228,0.321905730397647,0.323533790078594,0.497083754877,0.589393410256808,0.76318619437788,0.700789672798835,0.62546834506203,0.499690814287679,0.284104650109994,0.227961646763803
0.309951795178279,0.36579205504582,0.353364245913936,0.357090015702349,0.327851329110582,0.40729954439999,0.476609480798621,0.626554562310873,0.689894488042204,0.588924963616565,0.494045784770316,0.318496377777318,0.261322798926769
0.164896674553398,0.180275641614855,0.223132961587708,0.245037589280407,0.54757741697637,0.674206915540631,0.795425396822483,0.725212736113086,0.712861285222133,0.617874969580497,0.46703581651199,0.31045167327144,0.20327418111302
0.195726187326307,0.220702948593053,0.255896681878147,0.312642714518631,0.434676042924947,0.534226333022644,0.648170073254633,0.684568240481712,0.66481267527755,0.627228107351021,0.33611518509291,0.226056234410477,0.249177489365904
0.175721471611716,0.22178841796243,0.204351662855128,0.245969048898197,0.419109692867556,0.542289863106138,0.758174138971083,0.712413104155957,0.680521542880702,0.599205489355984,0.254921771647178,0.181878173792479,0.187453510055644
0.166869248956536,0.163937584448812,0.187804621436193,0.24818863024829,0.496663174567961,0.613506717528391,0.73565212847372,0.72141088034586,0.70783034706159,0.608523956225814,0.297495709429655,0.188370753324875,0.187624887985095
0.163844690811685,0.179975927184097,0.178435681527315,0.252978495542615,0.431361892990497,0.54736748223291,0.727272001761113,0.745121002809452,0.709065937738475,0.595103051386379,0.228207606867332,0.168747277953215,0.185335294090937
0.185816790873543,0.208641100498586,0.206644689971606,0.311250693207537,0.476991926243622,0.583067559130866,0.764013413910386,0.742339167513422,0.704947795696643,0.547114675650329,0.317303623267664,0.193049428956731,0.181460430075362
0.246429762005057,0.298966635737836,0.288971283361768,0.316488621059979,0.305994842160294,0.418316239655478,0.541148296058086,0.731294713219999,0.694725048281161,0.590922126596049,0.446328923449197,0.268799279507711,0.225309912717149
0.171067225913794,0.169179404655689,0.20558874888336,0.278792579531605,0.523852474993177,0.662273999573927,0.791086089251068,0.778035990413908,0.73180805464052,0.517485939310535,0.255063667493298,0.189227828504518,0.184639076376308
0.20645052207801,0.205756561534299,0.239284650991666,0.297591384717573,0.523962212822222,0.690841058275157,0.766822795801385,0.765567573009409,0.690601427582989,0.605722845668407,0.292220642891431,0.230280585625178,0.216036171224568
0.181752189168561,0.2039973145822,0.196510750865048,0.264642035603732,0.453618284717825,0.57950214416192,0.776157185000137,0.768973950599275,0.722027182541438,0.586614182900465,0.275067864556196,0.192547017852979,0.190365756763422
0.188370825703074,0.213352602441401,0.248812475627768,0.308299708806156,0.47892713445621,0.676145515070588,0.762825143795419,0.734308776551045,0.683332865742062,0.634154954336034,0.323843696589736,0.269720039596761,0.223028428377147
0.333498107887389,0.380141905157133,0.39684631562042,0.431488432553245,0.438350391671903,0.532442232079344,0.567794999444118,0.62294007368596,0.605820644768212,0.512273048730149,0.447236665012949,0.321048521920807,0.275357128631325
0.20568773726695,0.220704486653358,0.243433974538833,0.341546460884103,0.481408157160853,0.609024351642712,0.709490193104378,0.768812624198168,0.682908855002534,0.532633399953216,0.313870582028127,0.212536941567525,0.209581973750596
0.201320267001944,0.213653300090956,0.252252271229058,0.331293569428887,0.503396831056409,0.633799228781592,0.760919808743798,0.722471577116274,0.682485974682925,0.625097135509096,0.276006679035706,0.219000575677037,0.215600707291499
0.176800671870837,0.19995095122741,0.197784818456205,0.276477581442514,0.442540234376342,0.583150385886253,0.803857904767584,0.758544560726556,0.735763306218446,0.601826882481739,0.312690162134816,0.181265139990899,0.171409703282766
0.176537469119019,0.168524495415204,0.209819512632398,0.301106317772073,0.531705676847013,0.723781682610648,0.789991259552814,0.751452772887046,0.735719620121921,0.675267012657726,0.24320461195046,0.18662719127438,0.205858739342312
0.25670744276187,0.305064406572522,0.296629533132057,0.380300786234067,0.369892379275197,0.472354568163343,0.53025578772558,0.608234687715234,0.573235767150066,0.47346392707254,0.411101778884467,0.275944509292422,0.231283372743475
0.200073931218012,0.204416283363231,0.235351330143885,0.317010855104289,0.543513085556666,0.639851967146549,0.756278727413456,0.775515675191324,0.687345157183783,0.435325253582547,0.251193473828517,0.212996722981825,0.198855716436069
0.178421443633843,0.180800587117852,0.224878017079622,0.308175138251792,0.532889901608662,0.675514158971578,0.799212391487533,0.740811202523284,0.717958422898499,0.539674772069683,0.282665315539252,0.200914965930354,0.196760484910941
0.189707012231401,0.225281430982588,0.28258720241779,0.324576565606441,0.491294726441739,0.625382388520693,0.752480905601598,0.708350667760726,0.711552998021429,0.568071647783101,0.393900733711864,0.299067354393033,0.247267614176722
0.203249175307426,0.200825824048764,0.233965579146704,0.279161678982448,0.455078388821166,0.597141957226188,0.750155567526936,0.718761699469693,0.663948134595509,0.499893254806443,0.276798905651201,0.219803719758232,0.209707631655104
0.201175527858945,0.210241626745903,0.245880454104629,0.332530490966143,0.487445787497596,0.662713633938675,0.761913866626501,0.763151998552871,0.700613519078082,0.615868704259877,0.333022460888859,0.26711151295192,0.220857899363015
0.268067720950227,0.311564102226767,0.301811606419349,0.349460441236452,0.334475354103026,0.442595149389271,0.556147761483949,0.693187570927858,0.661264905402835,0.528775916947256,0.46436159201052,0.279177782939326,0.260369587972193
0.182805842641769,0.196140045949072,0.237579064769036,0.285851211632757,0.484667141224563,0.619662588287086,0.706030043420546,0.666882917734944,0.664975208974993,0.503231881034911,0.30029024706049,0.234768925503937,0.207051873304818
0.183004270704621,0.173338721074521,0.196217321613673,0.299392848089474,0.505710975840569,0.606148519779458,0.776048336348688,0.767965893370211,0.725187640326954,0.592453272722242,0.240559000642079,0.179682495422392,0.177567502964781
0.197751348265582,0.229939125078211,0.272243690664945,0.281413264596547,0.350229375136016,0.43902808813447,0.548131753557935,0.655486839857147,0.631683984277171,0.620568712964832,0.49270743289799,0.271382857855506,0.243833777964185
0.198385900196931,0.22712145544267,0.250063710677463,0.269990684720081,0.315051729647109,0.427395109854157,0.525206564617641,0.631364115705432,0.611324773411889,0.610517188457262,0.416558965591356,0.260777429103921,0.245751294007815
0.188295233355005,0.222478003622633,0.239105472899591,0.283420826904008,0.363340507203489,0.508858244224607,0.76219901215398,0.735938893621345,0.72328600696335,0.611665734485731,0.3477073569627,0.215769336713939,0.189384328831733
0.194624594814798,0.231729348254656,0.241596657152363,0.299641706591998,0.419735842673593,0.541536916740128,0.779925037326931,0.723283821350938,0.714829908678064,0.590564577804467,0.371683462835358,0.22442133610503,0.201988621372842
0.186392154407202,0.211777357557279,0.231368847842769,0.267021605008655,0.364252271583537,0.492022654376716,0.768976104131642,0.740738152044662,0.738806873631616,0.64542900739447,0.400075176444115,0.210039363297679,0.202701424313407
0.190428593217621,0.220103293822026,0.234284882572873,0.261808638469719,0.339984313402056,0.445999290761231,0.750393258537285,0.7321272305008,0.737366127245891,0.635807406603348,0.349441160707276,0.21120357330265,0.188044572099971
0.265445452598349,0.287445503632533,0.293213541265461,0.338408880830371,0.348011378586408,0.530299458975136,0.677299802504183,0.718895220191254,0.63520626146232,0.544215806727045,0.394285291877552,0.25827288732023,0.255275159551815
0.198662160689463,0.239366835114208,0.275487631498975,0.283801192387729,0.403859880127007,0.52812917248364,0.619136104335075,0.689397224485761,0.680955092118567,0.607142698580743,0.48705266705148,0.252313650878527,0.250838012656855
0.352236410010204,0.367246490556062,0.349515096977762,0.382104094743769,0.362385166564653,0.472450257418324,0.633945612479476,0.699427674020928,0.675601644289218,0.566039022941567,0.447222207859876,0.283192302391602,0.275550591478725
0.204049992358983,0.235994260236779,0.255878752225278,0.276067547484041,0.355879445514964,0.541880421237388,0.776768140206796,0.754730432631075,0.693056749206453,0.621137404285834,0.412605585615482,0.24246578186384,0.226871581469286
0.171669857023004,0.203491860011404,0.197933936939059,0.210146138530778,0.383172305082299,0.451808821551128,0.68520850016867,0.708941978522717,0.688426837984707,0.6186487048551,0.443912098876757,0.207607952944792,0.194721079110676
0.196311078971991,0.231915037245295,0.24624816548283,0.260211665914384,0.349350180873269,0.426526216529497,0.719394613164298,0.715278414000204,0.715262870482729,0.607319660854152,0.380105736529061,0.224859205503566,0.210530415894455
0.221656428362078,0.258438140384389,0.286161566982612,0.283586738480714,0.33154476501886,0.436809921654566,0.611093174397752,0.718097179269918,0.669534099721613,0.603109900130338,0.486280845041026,0.249258208018998,0.248339551900466
0.230734520393821,0.269850079143818,0.287588387687369,0.32942340993772,0.383854866627373,0.561623521399386,0.763080717828093,0.736991247821477,0.677256326342528,0.620341773044455,0.353875424384809,0.26015126561935,0.234515577809277
0.20265625490015,0.242686284179144,0.268419865920405,0.288045551175826,0.311517758216685,0.466780195931418,0.658882659938711,0.721186126802602,0.698997561918013,0.621262659195159,0.47590184556456,0.246493474358316,0.235981493094734
0.18775147581702,0.214506677034753,0.244257816623101,0.259087615075101,0.365440403522217,0.489626336279098,0.743707459693604,0.714445590600583,0.721393626875189,0.594931118619032,0.363768360640445,0.223824471221255,0.227754860414048
0.292522369274056,0.335941003159159,0.365975769875101,0.342035312760792,0.347568590206243,0.434332372087953,0.636246773706662,0.743417875412578,0.698354579191307,0.666616883063336,0.537298792356077,0.273980905679323,0.26635126862171
0.188107026564039,0.229404546149541,0.213738008450769,0.268597235520042,0.38814461358876,0.543187415579603,0.739452149938992,0.716678529382361,0.677721309316489,0.606776626786014,0.389514493235815,0.208049827541425,0.202220797491518
0.193588350882371,0.227915629215062,0.275013366420541,0.274284505958011,0.35849626675476,0.474934158995689,0.598513138058756,0.653912509391986,0.661149268695074,0.594007615657511,0.489062874999742,0.256665970413382,0.237554876570693
0.242279774834321,0.275761071986409,0.277765456591675,0.333398313328211,0.332007056021537,0.459814504492917,0.628654615513576,0.73276973142657,0.648538590299556,0.538866052497969,0.432293323975659,0.254083885247527,0.235694654003466
0.188898114332438,0.223765840919883,0.240474388974478,0.259710168447349,0.327445368995642,0.424322192397032,0.656961501709181,0.672528784579593,0.646579435504914,0.618273822981569,0.488088394877079,0.240081573807764,0.242775549769095
0.204226932515016,0.245108887426125,0.256502612743934,0.278326826068396,0.356341530015875,0.468537599122415,0.718194098094395,0.708948906597233,0.67438528210714,0.682472309826378,0.466545715710233,0.243079657388161,0.238997934817252
0.207007870905568,0.250556578899737,0.291750146818312,0.294144861742391,0.344901379597606,0.435388448017962,0.653757406788272,0.674022313287867,0.681667210336137,0.603715847215823,0.482066326316979,0.259160252661957,0.267239331482383
0.368483933652568,0.37146050229895,0.353381617167439,0.382708267421266,0.358761062971605,0.690618130662247,0.679149858518787,0.758763927327044,0.67153580744434,0.604681289079309,0.45993142591704,0.296534843888581,0.323139221664384
0.173748355977982,0.192647967831836,0.180089357584486,0.245373081055659,0.304585384353673,0.434655527742491,0.652782260658271,0.699792281173082,0.661979035907017,0.597355277448442,0.428569961685281,0.194354800957535,0.180976874740096
0.260539359929775,0.301578572761594,0.289474979237518,0.352380138509941,0.331748839446631,0.466686805793267,0.572176541395056,0.652713947343166,0.64663191243823,0.510052978457524,0.446000770475065,0.261017450397331,0.248024686112558
0.208094607226095,0.237703796218582,0.25703408621798,0.271165920239625,0.310680594892414,0.529464205603382,0.687380397226775,0.762682201281408,0.677267284339338,0.636415573620924,0.430180275257359,0.22885379662202,0.221905385849912
0.23435593880674,0.258303986780295,0.279443461690858,0.275939579625528,0.310921088902324,0.489742376174633,0.639938048663649,0.74283963503403,0.662263014464545,0.630335287473997,0.475738009752674,0.245086604136777,0.228749722880821
0.197908828511093,0.243884635557981,0.259795499367259,0.288753463667626,0.339804058901959,0.433504057417808,0.635830146371582,0.641902662275734,0.643928788261866,0.58635668207631,0.455382391923672,0.247649345332381,0.253693151655042
0.234873850765327,0.277805162360639,0.301520192043382,0.372933422401264,0.348768975491413,0.451496369896736,0.640860983991688,0.708618457432315,0.624351346722436,0.56472900709153,0.454287454668119,0.261676592690436,0.237124497158917
0.169554162555869,0.1968473596005,0.219591827862408,0.241904809838784,0.326796285246442,0.41944847509683,0.717920764200724,0.744577519410713,0.750359399469849,0.656324264280024,0.392355734125944,0.199062877624371,0.181670887681218
0.199699509214696,0.22327216409928,0.232768553196066,0.265807464325877,0.316100220980547,0.525896520215801,0.709222653710632,0.745090096992607,0.708138760010072,0.649053258525804,0.474163880447675,0.22488086620888,0.218764763794739
0.186288097131013,0.214684817591441,0.194101798435299,0.271312364950824,0.369531697294646,0.591883505751984,0.81601359612898,0.792147944773448,0.65647263710484,0.594283479525379,0.304448605235526,0.179920289420104,0.170363017607996
0.173618008040249,0.196578259304983,0.175488858950193,0.272027593904746,0.414390271193972,0.571474241864071,0.80862224215323,0.75909886385072,0.739195602854045,0.667803939879122,0.319587557475785,0.180783297183272,0.166935477052629
0.234034905667331,0.279203273896312,0.311300358857194,0.317921263010287,0.364738134745199,0.472234635347135,0.660620319507874,0.632114140429487,0.685424982267004,0.577568520873713,0.409336341563396,0.283231733326874,0.271265863204745
0.176922986043688,0.210751638582451,0.200799937543154,0.231719395414887,0.429736069391012,0.53147942350953,0.767535970266563,0.707596923467207,0.678277450945143,0.581721503786718,0.360638613531139,0.19483508322109,0.182561817180938
0.193384235698104,0.243104337435406,0.283377965056597,0.2908158413466,0.313961840737225,0.392260296930442,0.517889163911072,0.630179923417102,0.653476254990402,0.704122286174089,0.521423838811734,0.270194196364159,0.240010518235822
0.184034558321359,0.225300736741391,0.265876462822083,0.286303905516142,0.342505769388022,0.537066228846352,0.656370048158472,0.739665838461457,0.676927053822476,0.640768661146405,0.413215533090444,0.250043624156141,0.201291891703055
0.176564465377326,0.20956583738798,0.258089049701537,0.281535931438063,0.462527908707857,0.610239752278358,0.707545914783793,0.727060169552295,0.683399539172774,0.607444108461984,0.332730137920341,0.235724869216767,0.191217501690337
0.16090000542982,0.20395011770131,0.252084417698181,0.276779548364568,0.452388289566703,0.565484646763777,0.681122791702396,0.74722079788311,0.695655320736276,0.609208602252131,0.347753106611136,0.221879102825189,0.183829781292013
0.143349004684028,0.172698115934747,0.18253118496162,0.219824602660806,0.404050897604658,0.498532352381349,0.647362528600422,0.753210193833131,0.681786654394178,0.589957807404147,0.383503387960796,0.1895115681566,0.154004580081853
0.183689692461644,0.215254645078274,0.235186928117962,0.284356525928832,0.474346836131107,0.676930273921029,0.746921486491187,0.739543212493004,0.708824744230188,0.646193828690426,0.327992710231725,0.258877779623786,0.21262922061715
0.147712803395612,0.197087735584811,0.227550888640874,0.248445939829855,0.451131042124728,0.590790476710505,0.656441623653873,0.744635636167727,0.691404600528642,0.598536262504138,0.321792951943303,0.197670474463635,0.175550665483044
0.16804168507485,0.219258589887472,0.234348871114912,0.261676368579822,0.364042229583258,0.472608353350333,0.637580819697761,0.731258246267832,0.691488132135651,0.662754883179212,0.527187688531202,0.264276335810359,0.198697407662597
0.151029026641051,0.187913026798849,0.205456463625028,0.243985974659671,0.34635906202443,0.441589356541993,0.60637991468612,0.738096707059301,0.703659593070135,0.598419864382631,0.485172681611036,0.231043862634581,0.178347438503991
0.192061874045314,0.246081861242277,0.277539674851901,0.300267376907095,0.477101029956443,0.639236352945914,0.721931170834534,0.729745128350167,0.686946184454508,0.649183313510821,0.413018867819733,0.304773737462539,0.214584201874864
0.176664311586527,0.199476551907681,0.242746032347114,0.28634195353225,0.484838176968116,0.653380760642032,0.738888231743712,0.72914292531738,0.696132357609149,0.634642184569811,0.341227311069072,0.264985030911486,0.218660869123068
0.181145638787814,0.220736356130643,0.239876443835338,0.272676760015621,0.328753727515807,0.553210484120574,0.67957205007108,0.693234060622643,0.670477657145401,0.617330554467152,0.434404346962596,0.254918059356537,0.194773831528304
0.164647498371575,0.182481107629025,0.241096309737463,0.263014542300662,0.470619194928773,0.579547532051905,0.718517950676517,0.706894865852301,0.68553892363949,0.563677493094619,0.315330935701362,0.24588189218494,0.176418965090328
0.181685949093363,0.223529975848388,0.256350432589342,0.285070341644938,0.488930176958204,0.653658862001508,0.7222602018579,0.731402386491609,0.674405563391583,0.597050641982013,0.339430787081159,0.259615313355537,0.203302440477532
0.169597755924418,0.182831736852861,0.217034066896304,0.257952798184266,0.460410799464013,0.638954847295125,0.76444896400097,0.744667994854799,0.684859399468556,0.554829485326908,0.262835842341451,0.231381466433765,0.197976933332986
0.148704241110436,0.19740237165742,0.194555079646765,0.239984784919558,0.31945768646766,0.405394639871248,0.553380589302115,0.691172904118847,0.66981289452895,0.593226738831298,0.483324085462283,0.23275232274455,0.178638328067124
0.202517105914248,0.268985354519899,0.299616732059203,0.319476961810982,0.488515620349431,0.669662838843331,0.723352155759079,0.700492997946529,0.665276910526692,0.637326071641703,0.411657199573595,0.312956754510416,0.258650338147736
0.17101834943873,0.202443011812635,0.247405744030818,0.271796751863355,0.425814666931869,0.573653238209021,0.69441092619641,0.734176741041164,0.710677149998117,0.630524655024152,0.343926145872837,0.245952780297477,0.190545012328317
0.161772063188053,0.219333146890273,0.259637953368685,0.289729881613188,0.423668984922083,0.517922482209728,0.645390479018526,0.713650131689441,0.680919700842218,0.591157520339264,0.338407708423104,0.20849816758965,0.186192202091106
0.17602216518393,0.201324217786146,0.226378422060893,0.240085530200025,0.364217270146145,0.525940741430241,0.631154798738331,0.674725395897554,0.631534817378391,0.564420874508969,0.396875455306201,0.251170521133098,0.190740676776011
0.202654276719848,0.255048348598041,0.305521185262482,0.335039741255051,0.421257019030864,0.539271856115792,0.622986610458942,0.717088061948295,0.662148858628599,0.611790500697893,0.424476721294575,0.283951107031438,0.226583872859985
0.137796963944049,0.16624104140638,0.200523929010615,0.223733921489414,0.442945586775423,0.534034250524523,0.664329844304944,0.756959118259281,0.693405486338645,0.499172355581824,0.310515800810698,0.215704685526162,0.153981682871983
0.15698910894958,0.191787682489951,0.240437463329529,0.257517217469664,0.462349309296249,0.610447892572692,0.688137063934374,0.754054097985276,0.692425771738334,0.518024876185165,0.343673729457517,0.262079199960326,0.184327231510953
0.177738196224886,0.218905789438044,0.250339618981779,0.281887988813645,0.362443746568421,0.515588908041773,0.668982817087453,0.648841951318832,0.633158914034301,0.597701152397643,0.406281656961333,0.247082112774568,0.19156270101968
0.190806970441214,0.240310753677619,0.261399543781065,0.300252689445358,0.477850311478737,0.613853425785592,0.716387611094298,0.710929849292464,0.663012108628914,0.586144455662835,0.295454158538845,0.245376364440734,0.220924452241082
0.15655715029754,0.222186103439685,0.2549345997198,0.284918129536649,0.425128419950136,0.53183620231193,0.7096254994998,0.728059944137688,0.733881660067314,0.619015703497138,0.371459217491126,0.237039364558126,0.206549122979803
0.138269064340242,0.175544275180151,0.194743680171005,0.230588110369047,0.427255962978731,0.541349251294226,0.659890390424341,0.760056382581239,0.679473830239414,0.587799842057909,0.339130127662731,0.1780465145443,0.158692690091905
0.17323973957712,0.211259621924974,0.227357881994902,0.262551771631745,0.331023925322911,0.53360100227539,0.688071182430441,0.694842718723941,0.680351526872871,0.637362608114423,0.480227510714501,0.262587844946793,0.190501583911194
0.202130633222307,0.244479606851176,0.270839552082853,0.286712487593278,0.45067537240088,0.558022724082323,0.713017667048439,0.710626438917978,0.674774094789113,0.644606590474777,0.341857230277722,0.256709924539168,0.213789184997591
0.180863190730225,0.223320008417005,0.258876675494877,0.301932140743984,0.474810449980037,0.654162443659524,0.721899465266856,0.719106099038017,0.693297387880886,0.639230287880101,0.348730654347015,0.275545563014961,0.218120834512014
0.216641031565768,0.27819914765964,0.319474705092966,0.338273782164474,0.51270380001554,0.65226991126047,0.709220788800753,0.719228973786162,0.652413063059312,0.628239710909647,0.350670754995884,0.286143624299412,0.243025808283973
0.131253766960024,0.171780877681353,0.186469995065787,0.209039659629116,0.417053765464537,0.520720083235468,0.640894418533617,0.748148319841514,0.68148029033566,0.537234279375406,0.403823049586456,0.191908847046935,0.155506583390444
0.19342800952167,0.228951478210266,0.253555743289149,0.303887863174759,0.475171901039104,0.626630807626045,0.725686275282301,0.738014683773294,0.679056047669356,0.616126694861184,0.304181667785814,0.235764974104984,0.219486333161375
0.228068941827686,0.278626850265037,0.350286418230942,0.373502185319286,0.433231959498385,0.515118431447352,0.69036887618264,0.689957798105247,0.64593461411653,0.602024386859282,0.420906173663714,0.332550755312128,0.255411948094653
0.210756931759231,0.259739704620154,0.303012155075457,0.329578007125158,0.527108091163974,0.676540913172312,0.743397654801536,0.706775692650867,0.673881958887003,0.536704302465284,0.333624559978352,0.264286019555191,0.228943459358219
0.175634449285728,0.217350507118267,0.260669385326584,0.280432986510032,0.423491551520334,0.674528710884532,0.729118637181552,0.722522109212233,0.690594113082559,0.611915932263544,0.348020688986335,0.272470253029267,0.203597894477787
0.155934241416984,0.211655558481304,0.238088971202849,0.2571492777991,0.411632733487006,0.545733650896,0.67293718463958,0.728645444762256,0.703275659739324,0.605423783447311,0.352767732685935,0.212269091116721,0.183238190179313
0.161627175848719,0.190699602003624,0.214817570378221,0.243715149499421,0.298042316329948,0.439076442601704,0.594365409729524,0.63257956457923,0.626091366734931,0.589826738296757,0.441481839273158,0.259893916031903,0.178157108016663
0.201094469391753,0.238648959227391,0.288154604800914,0.307888950314071,0.394408851253145,0.543299425767761,0.656430014366531,0.673004659271425,0.653586698860226,0.603459261250764,0.414267847805896,0.271077376809812,0.219254766282718
0.188428197135457,0.234532778339535,0.268309375988522,0.323081932173905,0.492834517579937,0.636846221852057,0.708669570071085,0.727218489564056,0.66972517558628,0.516718173088335,0.307952627179656,0.257770446835151,0.221477001260209
0.150524703464619,0.183813667129645,0.193084299590855,0.210970138542396,0.354044572693358,0.454515345861836,0.634781850797723,0.753251302805921,0.740413131668623,0.633039052092612,0.497048478232309,0.226668902226464,0.167251313247939
0.212052651365209,0.246423507410487,0.291106974627524,0.31481925654226,0.383963837278709,0.54657279303434,0.678828856216882,0.69921515611987,0.652575494301438,0.567612012986563,0.408468890460115,0.277761091659973,0.223800974025417
0.137434998756735,0.180940751836097,0.192097504642768,0.238642061657018,0.396500626681499,0.494722087786638,0.617768895089101,0.732397945593327,0.670151434374178,0.552173673378335,0.433445980706275,0.215014743144396,0.165504845014949
0.169106640568858,0.212453648990768,0.213135696595257,0.234628971726421,0.369282321351008,0.482194574412531,0.627141043727004,0.72077825492205,0.673580911366286,0.644178489401988,0.502082234669168,0.258023121450596,0.18932380285894
0.179381110600631,0.215737391897404,0.281707774106785,0.290830442625139,0.453916450931843,0.637065872041824,0.678233162774376,0.678997584137384,0.649224570400667,0.55372761247572,0.325397668855183,0.272706742351238,0.199904965076616
0.206519126781282,0.243375872451375,0.283783200560652,0.302105871183775,0.530289025497205,0.705044500967158,0.75705793506801,0.743379161868845,0.697859203475001,0.612917841327175,0.338809421720026,0.257958576626358,0.229213638726213
0.240951849859729,0.300203691274086,0.35940140389659,0.380187542811521,0.393302785944039,0.544338823465358,0.665469441735793,0.638415212215146,0.682304833521525,0.570551979927857,0.450839419899841,0.349827182704342,0.276859001854706
0.157993340748522,0.189960021494261,0.198243072300353,0.238602508918404,0.357319915183417,0.516842182757052,0.6812330252346,0.724562617172615,0.691774161799012,0.62903061865457,0.444895770493191,0.223580527150476,0.167041975629858
0.176086882940808,0.205457479866251,0.230469879798507,0.252982349975848,0.334532703653336,0.554261131971465,0.719115876712179,0.731919262259398,0.695257527842053,0.658267299465752,0.40884428746401,0.23457232910277,0.185462673707955
0.185534340493706,0.216928241455419,0.263669411387688,0.282887519960006,0.47191488204477,0.645139366056555,0.742937683434037,0.774489210292479,0.703138728502118,0.625481081162347,0.350981261490259,0.253398698103407,0.210284941563868
0.21919332633573,0.287990085965818,0.372556807293008,0.397941371951444,0.41393351928513,0.604933851672662,0.675200358262098,0.67365895793009,0.640618754166549,0.573416899685887,0.422624351463519,0.369206825349672,0.262898830723999
0.135785514609761,0.182659451418652,0.209627147795406,0.228350503366831,0.431289705876049,0.52739069760058,0.649653479288163,0.723263917547451,0.695881716517801,0.513173328516332,0.366671455446769,0.206257331570906,0.165794938411274
0.196481162250573,0.278410629407614,0.319587772296702,0.360016231200623,0.472201204045029,0.586473471911761,0.720790032744517,0.718616006544563,0.699456442696193,0.621445134793623,0.413783261782373,0.28193631751332,0.243255622966413
0.144068639329128,0.196716489029279,0.22613137790116,0.251277221614147,0.428544431570226,0.526482581225256,0.644695952788367,0.716482413426003,0.714906891930185,0.564113456644504,0.320145184674264,0.197782736904853,0.171505823212402
0.132804743991799,0.171477197071498,0.193994956560626,0.212741002704062,0.450792482265424,0.554396424524607,0.659215216928805,0.764933606398602,0.697142931445588,0.582798848242365,0.292997905486233,0.184369575363248,0.154568873474269
0.239999730198039,0.270458310261217,0.343963050305551,0.367572213801251,0.39003113950147,0.467704583378491,0.517872233683988,0.573825354533701,0.565112210342561,0.508639742139115,0.484714356716871,0.363298800062428,0.272691247171486
0.202952986363568,0.223106838266176,0.284807654131504,0.299247727789976,0.382640999432428,0.471315538780708,0.62431760796882,0.66615447075761,0.596237219590125,0.501733621560138,0.447658608822168,0.295820525989505,0.222737746347447
0.42423608145378,0.404549531353284,0.369548893857424,0.268548872713286,0.243387027946469,0.254993403659067,0.258902252987382,0.221660721834751,0.239563717243822,0.246504220752609,0.21441092398996,0.200497552258826,0.221964653485711
0.385590630637192,0.355844056671566,0.363924459377113,0.29901499488856,0.233191687010511,0.260478303056684,0.275716298909314,0.249710187962661,0.271718336671231,0.262232845486707,0.238254261334153,0.207298580260666,0.21916446346259
0.204785278599851,0.237517700871692,0.30113500549979,0.313774509236435,0.334677171244386,0.421864175098498,0.515549508635926,0.526080602652219,0.509019549009305,0.440586139628725,0.399044516904154,0.27631977974403,0.215127779098073
0.398719293285967,0.382075669713033,0.431994991506562,0.342706421589227,0.241473505965531,0.31232412297916,0.377332485513752,0.352887709171746,0.350191198283237,0.348966183827551,0.367536292487595,0.265326922175617,0.201537163632183
0.276398210323967,0.304320279397434,0.372891036635533,0.390521920119121,0.441885136631689,0.501542181671877,0.522109517850825,0.548628311195414,0.489977389411813,0.516598745207301,0.473391859653685,0.433834046013941,0.323917429911903
0.222298358489821,0.251875298518572,0.318653377904434,0.328131236440029,0.373982076716341,0.426921422653828,0.543776673673452,0.565444282926975,0.540021153350827,0.47525730607721,0.458557328293018,0.333225478256746,0.249432733682695
0.343568770575975,0.321936919496009,0.319628365348085,0.276722501529469,0.250308813942507,0.342533533942245,0.36417435891173,0.356391398622759,0.369731118066336,0.345287229632218,0.283838356562333,0.227557558428499,0.229117520840654
0.377060829617291,0.370272768813818,0.356611168625739,0.282213909780089,0.284846865164952,0.338170380459044,0.351753791624392,0.333921466136183,0.340339793414874,0.344585525354705,0.320566218302927,0.284304663518808,0.22717293938583
0.478933663297684,0.511390678593891,0.560054683769782,0.538674490643756,0.543071339628094,0.589035868008843,0.543982444845518,0.579401352868038,0.551166424676259,0.495111064754663,0.388093800133465,0.357902857628654,0.313983263840763
0.343639944139398,0.384714374589365,0.380735913154585,0.454251087137128,0.444243803496571,0.497471934805348,0.58156134452848,0.699920951572063,0.586878557821739,0.529280597639555,0.405928194885888,0.310063036699872,0.303878602403587
0.406912334610313,0.419451187870713,0.425309454971799,0.507081660532906,0.46104381641151,0.522054592448563,0.55777391478464,0.617092079510606,0.565878554587843,0.462412531265554,0.425932904282925,0.272885602209581,0.237772834206019
0.264759628601894,0.270284754383377,0.251877883929882,0.32086567130803,0.32049166111788,0.459058901613081,0.578882114241639,0.689613590222471,0.649767385323966,0.490794727082713,0.418912450337135,0.255330639184359,0.260897652108406
0.505481987826753,0.51587401482993,0.579503299418782,0.514451533334648,0.47686551333414,0.549046906991113,0.59861244398025,0.653618236216577,0.619256540793741,0.567277471077119,0.42169611876249,0.396916394175635,0.319046688539303
0.268708495069696,0.304288045366271,0.309321788661153,0.397600906727419,0.418420793198463,0.463170004491331,0.612225469888555,0.649591483532269,0.553542197586518,0.501103224826612,0.338058704985054,0.255473429626961,0.247479637835664
0.376919400777759,0.412618634038581,0.402326869257595,0.446665715005704,0.454679656713737,0.488063539196179,0.637791735694942,0.697819622056962,0.584494884112236,0.540689811537347,0.393956746926971,0.295110776855221,0.28946620705004
0.517134146082402,0.545254563954847,0.570617635389425,0.583122921688865,0.554316019740337,0.565161146272726,0.606916691850874,0.594727474692469,0.606322163644064,0.553953455536445,0.446675447744132,0.436821618935462,0.378876329151909
0.480835462853581,0.427878330713292,0.431264469198265,0.461320240472483,0.434950609179762,0.494067369241502,0.568623097719436,0.615240841907236,0.600331201237479,0.516337922544104,0.451290924739816,0.263175585748151,0.22773994572497
0.432466852137184,0.462270464605474,0.467790711432132,0.513957618297436,0.489194851492233,0.595093247249729,0.647269145452053,0.67949136265237,0.614999470987441,0.550875432669741,0.472853693838231,0.345427216499857,0.344925698055046
0.477819308865248,0.509857160170742,0.537756042191929,0.538064665123247,0.514375104597395,0.563934613424528,0.612509262925655,0.580817406725868,0.590874754362441,0.540490998428299,0.421727242440345,0.387501455346401,0.350979575566854
0.41829936253605,0.400951324704578,0.394596805652804,0.372182967202851,0.393098245909257,0.482928284746034,0.700341200144952,0.692009908071424,0.666183573647116,0.601397616943245,0.465095287403282,0.328885283753653,0.300488727631513
0.455092369699159,0.402395196949484,0.40638008289322,0.419500254842094,0.472562033676005,0.551109239031936,0.618497292753758,0.614823063819191,0.570009338431542,0.501621130528764,0.448621610374242,0.296299500005876,0.251302513408755
0.440116621123962,0.392093788469306,0.391603553166971,0.466032939214001,0.425483947690089,0.533918987441043,0.543392557301238,0.625684052868859,0.596871778084844,0.47400775346382,0.422703937615882,0.256545080504346,0.227254288670256
0.389213403229287,0.43738854916872,0.440259417807131,0.538205445657903,0.477104385563442,0.495072292376787,0.568655501640275,0.592556097927549,0.569101436098435,0.481721585774034,0.443197936000264,0.302649792595209,0.279032262192014
0.26390528772794,0.278389493120074,0.279303682587849,0.378237059805269,0.406788247615259,0.600313805916509,0.646971445689212,0.681053462454886,0.588068362498771,0.438225320532838,0.379113388472098,0.269424792028904,0.266134311960489
0.500527813613038,0.443662108638408,0.439632420475684,0.456996128263972,0.451066288915738,0.520949248469991,0.579858104896642,0.647162572585053,0.588950123692033,0.529597818013275,0.461992612505888,0.305056992371648,0.25163133999537
0.519125237800357,0.50996844176142,0.542660578202088,0.508097503717761,0.468180222363594,0.538697806200805,0.624468396375886,0.633379446352493,0.621446737155032,0.553221235657337,0.47563486139844,0.373203042643241,0.335207869384861
0.479036611428873,0.519583781030792,0.55956220404508,0.565471933797026,0.515683473041673,0.527152600958954,0.558046232733143,0.579161263433115,0.590980977419031,0.529495029741536,0.473658908101921,0.409607974010715,0.359239342308048
0.176563646057417,0.22409244702419,0.260106311113184,0.426027975577485,0.51841578083244,0.566749382931927,0.548292875242431,0.530873654974818,0.504905565229621,0.386859455890398,0.249802477992877,0.196699774765211,0.166136625806977
0.191996386759212,0.22273711275047,0.329702882196658,0.37757042317399,0.479069085453012,0.589177092556686,0.564567924495492,0.563826048382344,0.547776826918945,0.480604853981225,0.264988284286037,0.219096211888592,0.190858587723849
0.209303588650655,0.253892817432149,0.377486378600896,0.480668336625649,0.623939935493274,0.659129908622159,0.599410953999519,0.551315758801209,0.416163030247216,0.411033234693883,0.270762890883075,0.230043885278718,0.203558793265105
0.158790283981535,0.184945487283572,0.231008975200153,0.290404158827218,0.447761974504539,0.578077320407207,0.626566271222374,0.657833172950026,0.540399521353417,0.463589337937232,0.226483937826087,0.18352135767451,0.156820556394043
0.278843451202141,0.338513769138983,0.420609343023862,0.4766480850241,0.507007256908633,0.530464975547425,0.492983335091443,0.500541614640341,0.472174226708392,0.483224880064115,0.347440909548535,0.275438694492537,0.238538890264058
0.206850542275171,0.248643955840325,0.325503892249695,0.374431181811212,0.491478493672459,0.557213123053998,0.582209732546728,0.570074486816376,0.516265110983684,0.415687153207906,0.260504343216261,0.221842438631249,0.193005160711172
0.226752063705607,0.273947031384967,0.305198098058269,0.373773410663728,0.434013231207293,0.514448654454987,0.53953607628046,0.608338438307281,0.483985551674999,0.441842092510162,0.304211158026482,0.238988804487776,0.205173174555591
0.280201020337694,0.326371992953078,0.357246844222161,0.399777514522077,0.515041558809302,0.572337803130866,0.574440220656597,0.594387753820228,0.547365358968172,0.462356517392127,0.297957452105206,0.246701168382287,0.221205965859562
0.19397111456259,0.258361101793147,0.347565578407324,0.417004575750043,0.517709082082885,0.578068688213468,0.554805665383892,0.513343703941213,0.512734906050531,0.458600497265238,0.286494011571167,0.237121121509061,0.208746090213885
0.30649310212709,0.348761769328768,0.375569815455585,0.402471515906833,0.493191428449172,0.544433200671397,0.547501088717556,0.609377507923994,0.4916383090345,0.454122424368195,0.316595716419892,0.263183571691909,0.230424629942303
0.178027147205565,0.2123205710897,0.284766164689424,0.303169367186292,0.313519362802653,0.358659000621433,0.519487604524394,0.611304381028477,0.62879114846328,0.589701539298135,0.482899495299677,0.291836949472363,0.253170746618
0.213743863947326,0.242997923801106,0.358858013233008,0.317161426369116,0.308588090890669,0.368388507209635,0.555115574484496,0.65081954392277,0.649035717737379,0.63670698996846,0.562167795260609,0.268429099855403,0.226872736551717
0.187511178819112,0.224406650408285,0.277296602684888,0.325742739018204,0.340029405445591,0.426772758160736,0.486215458169,0.479748127575988,0.51705307667422,0.49079119184766,0.404679079692217,0.309995469297672,0.28438281239289
0.199434513183489,0.256978198697776,0.364448353320154,0.332124362723525,0.349127384972934,0.380918196301539,0.557619578463032,0.615790507446225,0.685179015067391,0.594828436677899,0.505485058894744,0.342441992280992,0.258722811966763
0.219669984704067,0.233928492685495,0.300836256415746,0.283153479751176,0.304424097256464,0.359302396092266,0.550904665537898,0.624159541354879,0.644350569255137,0.604098295955049,0.504507161164692,0.232491617066708,0.215305187250133
0.222982673524203,0.258808282470239,0.338776810744588,0.327545637963243,0.351321271246249,0.374777743221464,0.524281833988567,0.563987675732029,0.578658697483086,0.574021086355006,0.488882335299999,0.288801090019423,0.252959977987868
0.166816773338613,0.194102522696546,0.225264578127298,0.239418502523285,0.311820281113466,0.361252977040044,0.483037258025684,0.514760110179249,0.541498226646666,0.554727213995445,0.40720164470822,0.280235800052058,0.250073734167357
0.19711170924411,0.23416688860489,0.286981275462083,0.333917822857464,0.340020012821914,0.441280518623835,0.516553592182322,0.544250607403791,0.606044079739279,0.558083084153994,0.456351264387251,0.282580984596519,0.273728860402043
0.17490587301242,0.198569936846735,0.233985088676888,0.260792839024659,0.287872910403627,0.360009443009933,0.491330914826785,0.539132717420478,0.581997254063491,0.572092813019598,0.394618212049255,0.269743829150793,0.268129768614987
0.175695926226351,0.243564919438787,0.293411059991575,0.399067538928186,0.460277578841943,0.500985684570019,0.553768908252717,0.689162332067509,0.651100484664771,0.569448759229959,0.42288412240886,0.303728098882819,0.258461997862897
0.120877983891964,0.145401904366765,0.188126937149459,0.226383022818235,0.373995103623964,0.395986748370002,0.508959152889444,0.632850447163235,0.634009415946285,0.548557046897162,0.352059461494588,0.200057997533314,0.185905755937441
0.131657388539492,0.187241512435277,0.193013002857983,0.224605496030883,0.392634213164246,0.473553641480676,0.589012258751586,0.671076569884921,0.695024885999353,0.597939921103603,0.417968218146245,0.193075199753704,0.157061420855317
0.139683353948552,0.191127054581125,0.18840515979356,0.233666482766658,0.373099852767433,0.446063869840143,0.548680616409467,0.624209621742536,0.68184374601964,0.560696117913105,0.413915130087228,0.210307234026925,0.175375132635933
0.17385764386885,0.240071905269479,0.271419321272279,0.351440014588002,0.464787493502882,0.516749289940163,0.613602201929942,0.715882814565477,0.644322240101848,0.57787916208707,0.431097239479955,0.263897074509536,0.220760433714464
0.123680686822239,0.163644015972845,0.17693127627726,0.236835312599239,0.43339293224446,0.489907580676324,0.595300821072238,0.657635078819366,0.630783157321123,0.550332310288523,0.363762955461778,0.217228285979052,0.184739714398952
0.137541842941881,0.160602258824448,0.183547213438327,0.271973890612931,0.32750594913131,0.48636459740717,0.59291344112908,0.55210121934221,0.586865142400168,0.475670727824637,0.345107809929007,0.268373906428106,0.205811364967489
0.135175776672937,0.186300117164598,0.177236393946119,0.236606198463635,0.367989226719097,0.456100907615758,0.579959940908016,0.663888927743022,0.667945286601909,0.607836756685371,0.46544610444319,0.21758418229554,0.178738587751899
0.193180355343492,0.24427747407137,0.289686473669164,0.335964784991141,0.476965922445657,0.515966206491368,0.595060893573796,0.685897425005866,0.636045821480371,0.551082525932999,0.390356357518307,0.259174874122011,0.220549582087443
0.144580292693528,0.199055793859548,0.221352329736516,0.243287789798271,0.402589560662447,0.532028068542159,0.637539327005281,0.708507904086692,0.68024432170946,0.607625493658061,0.344400835989279,0.206893205629279,0.171858033600196
0.129079363315636,0.17465682324905,0.184415106137254,0.206768587690913,0.409214357524571,0.509655686174113,0.638254490977554,0.704066103335708,0.700456295397102,0.616724495485305,0.433054011829159,0.195756591818639,0.156869041465452
0.165843308555026,0.256165786129792,0.278670947515901,0.316218304562196,0.393336395813149,0.531688228555835,0.671854687916737,0.697019537827002,0.73311227604083,0.60410294127713,0.363822823511062,0.250253178358328,0.222990320066985
0.138341070586877,0.190023705452202,0.217960442700493,0.240295958301733,0.414550478877241,0.501985858298517,0.620975746972706,0.675575269146742,0.663232990449724,0.564513934543475,0.339164450724384,0.204941758079982,0.171030073414059
0.177636795728741,0.250883169812366,0.270677070291799,0.309717048771205,0.445435260041983,0.537264300918726,0.63222286692504,0.709474049466061,0.683683749320597,0.602258409524539,0.397142105693209,0.253822299725706,0.214492650692809
0.202940654670625,0.341474703488492,0.379478912960732,0.413695057589741,0.47111369265524,0.573813271641356,0.723291202502514,0.674588892360591,0.736020103656127,0.618344952812413,0.439221958242343,0.330572976740069,0.284730324704938
0.130877763103013,0.167830003971755,0.158879332974361,0.201853389075755,0.308541560080425,0.408766573054037,0.552356600135195,0.650535886060111,0.67467899183033,0.584173730460603,0.462869821537957,0.209259176410941,0.162945791175586
0.13208723909458,0.171555485146633,0.183167049779118,0.25248951005886,0.398661772238606,0.46103777988744,0.543201235589012,0.650457454149987,0.610246638027573,0.524112644863228,0.362638530424433,0.222899817176338,0.187980317740904
0.139363510419403,0.177203930327638,0.21435631452935,0.273367042380741,0.442670040465162,0.441265521578198,0.558240146330371,0.654733833845096,0.640860232414874,0.588444765629861,0.416139566092659,0.227301376771947,0.203482624431141
0.149974961141776,0.230609191630599,0.262067672327134,0.28825153542152,0.416851249470557,0.467957889580232,0.554802312634628,0.628145483532219,0.640771579004304,0.562255408614842,0.421471451880036,0.24216295014696,0.195670091784377
0.138159183599138,0.190112132963924,0.202638930162598,0.246316629860188,0.420803063875188,0.486310986628616,0.604722879445953,0.687321802178613,0.685817944012063,0.618410238139887,0.438440329446576,0.225608798478449,0.19720969321259
0.127527345386511,0.165766251312962,0.170130393575404,0.200707477457266,0.380831882199618,0.478342388269534,0.603060220806333,0.673180446733567,0.699437130637335,0.571113859740803,0.420296995075143,0.198029674490468,0.158307667852101
0.147841314021405,0.191574368896146,0.200131580451993,0.274787095799462,0.38473504552109,0.444642315783957,0.552476394437098,0.676751051184392,0.685728235371904,0.554467687005165,0.390601550003614,0.222390112268219,0.187545179282464
0.18783102910301,0.228171356395642,0.244223277371475,0.311738262545278,0.450134910194167,0.492121453453554,0.564136370210523,0.66900112518559,0.60834607225533,0.527686463853551,0.382990815016294,0.274035815922315,0.246368250713225
0.145142143174745,0.195699278063569,0.217947899916237,0.238008375541737,0.389920945676135,0.533394801964701,0.656319881176061,0.715096495538093,0.709588115684063,0.609262624279524,0.330666174960781,0.199893950050185,0.172212970929826
0.135834227119397,0.187797583770505,0.199974743520449,0.239474158457833,0.324163476462658,0.453686366338007,0.580942915871933,0.689837162296512,0.664178675904022,0.620008851233843,0.464506401857539,0.221706964391091,0.184149549762439
0.131142957915059,0.190453176530513,0.189982924378963,0.222515976791209,0.393570595029564,0.483685366623617,0.596505772216947,0.682759165081689,0.701122977699433,0.585823213480383,0.422231523073332,0.207704702819791,0.164674201414335
0.13859828168567,0.179967618855177,0.188415895231245,0.214361556686089,0.27332142603105,0.427065549528737,0.572840763258735,0.691214988052645,0.694712068711522,0.600076307554232,0.479962608001902,0.218581125908582,0.173803295251257
0.17600358328646,0.280293361487348,0.30912009492322,0.340275277735486,0.447073463639423,0.545990860228516,0.666254900470852,0.662638978290417,0.671240087568101,0.592694004724264,0.389226637574148,0.276742411351755,0.237829065808729
0.13644406103425,0.165597550936994,0.187998009125065,0.279134155825191,0.359570096155182,0.444154691342708,0.588551458681013,0.602966499555081,0.594384975495065,0.479141915210333,0.350012552896702,0.245474605661911,0.207197160610782
0.141598473612686,0.187045836736769,0.222617899217511,0.300999285888867,0.423644514409531,0.45331705500936,0.542615752865137,0.619641530310602,0.599325264673158,0.533320723648303,0.37834964746322,0.255964168557367,0.212920759175917
0.127572791300952,0.173413923760982,0.16541878839337,0.215596252233723,0.385908197452288,0.453807917569629,0.572361561900858,0.665501774246606,0.684818448218063,0.595089375147269,0.414613556017331,0.205670634209878,0.177414391088644
0.122020908890857,0.15768482042067,0.154968738248671,0.201023505546457,0.382843096379064,0.461605322295355,0.597352611036974,0.70663911632393,0.690978651601349,0.560699560163134,0.386277347191217,0.203271871826413,0.170436882331991
0.171896042204897,0.254857700670266,0.292044238579523,0.329458146431301,0.455164551432432,0.504505087705702,0.587342558207606,0.646282324371978,0.665064308970418,0.569285417561975,0.402220745897045,0.265037987263504,0.219542656378699
0.161795764246735,0.213528671921847,0.216760114611697,0.248246973299,0.318812367558851,0.487618435741526,0.634865462824471,0.709540776697034,0.706214517935148,0.59424235323357,0.481222870502045,0.233037036415498,0.195779031604776
0.134799939399153,0.17654139151572,0.174624105267281,0.223892856077065,0.39015504565748,0.465789439055813,0.586212364804954,0.708716439562185,0.708674102859311,0.58865281676499,0.413435402601689,0.203510807266089,0.16397492907219
0.164052682423937,0.238792622191796,0.267107221767293,0.358289921466606,0.445154259523565,0.496013519406892,0.568970261892517,0.655811575712707,0.633416820774576,0.568377442662057,0.42783903598698,0.303233612753854,0.255820134314635
0.149859764682587,0.212025036915783,0.246966580106575,0.285176192267606,0.448388519933994,0.528789660436163,0.631634316222447,0.670293061883953,0.658186934571909,0.587110140021054,0.367730877824509,0.223344773235299,0.186336243403102
0.123006964928233,0.153301461313539,0.17901882268306,0.227825539372177,0.395399189250713,0.442649686783349,0.567210675398948,0.669151965231303,0.652441404544574,0.565844243482879,0.362455195535058,0.222860330755129,0.191604576879343
0.133434153105877,0.168721694616038,0.195747781783882,0.254540488680521,0.418286898388684,0.466209815574505,0.576245423249456,0.658860015297952,0.63462340219405,0.559411098491261,0.367277053475253,0.222197232230962,0.19312606257168
0.122200723270584,0.144465508031929,0.161486807901708,0.205865128241051,0.330665706676425,0.433554122409176,0.566127651609327,0.687955314458344,0.676205718102228,0.542016919942106,0.315012710117428,0.18885484353154,0.171587847251257
0.196949269263408,0.284276187203574,0.300207231433927,0.324055508376218,0.469747713873568,0.564232107253231,0.662778850000878,0.674420314111952,0.673743502993476,0.597486219213048,0.400574744686064,0.282619237542357,0.248681122327799
0.134155958963471,0.188591070172827,0.212945924280024,0.240155409367929,0.43367608928802,0.50485512892965,0.621486358948073,0.685645205738345,0.686908780240358,0.594686595362287,0.378010037395982,0.196501301537228,0.163953871059171
0.13224088899596,0.17550103711788,0.165124468536731,0.204581619778479,0.354309714764505,0.434959934221887,0.548131195494116,0.629700260752028,0.677549791601326,0.598947057568754,0.446283903722107,0.199948048843769,0.157990039563154
0.189080836662226,0.281498036125009,0.304461984373936,0.331255421937148,0.503164943114623,0.574974628589307,0.723907330674689,0.663118114270457,0.690476427375804,0.615436352291613,0.397378601909702,0.28273823783145,0.242691608596629
0.135511590485975,0.179915429900171,0.189519681887182,0.232618570250269,0.434081583082507,0.479124648006349,0.60709053800571,0.679269139310976,0.672462297586931,0.603780706221734,0.417756488797536,0.223589552179744,0.197654567107932
0.176158149552563,0.206924334239457,0.248496197077851,0.377676152898808,0.463198560966838,0.554467312477818,0.654679525057537,0.62821400163533,0.498488237466762,0.443944846589654,0.24483378474652,0.196284527414999,0.167690574330151
0.184898529853723,0.229128434747863,0.258469385775153,0.367554257519415,0.460104406962942,0.496933264202507,0.582990950285293,0.59303009159833,0.559749017104007,0.480656390677391,0.275769902654551,0.225095126618647,0.193008044766434
0.157115203384937,0.199316523005714,0.248553882159263,0.348122993756547,0.444576784929791,0.53634946199299,0.577324452800765,0.589802981008086,0.562876034841346,0.477368354590997,0.273536026775833,0.204100954346611,0.169317110758995
0.180719833826005,0.234656678216767,0.292372473048523,0.379690546750386,0.489396073741989,0.510747594322802,0.603752593922148,0.556350654809265,0.521857667790288,0.426045321217884,0.263721621841593,0.219080862444812,0.192603973884608
0.243707422712542,0.258325646039372,0.258583447510561,0.320976640362097,0.433324857626617,0.546361277542305,0.504164968907895,0.497131071609324,0.553350364406246,0.464447638114697,0.332974324681708,0.253822093697549,0.194803368868258
0.203913272744372,0.254525170750924,0.287178235442949,0.356207342301973,0.410778645886607,0.455833373164197,0.587282053575817,0.608057349143348,0.581985825147518,0.537536341939351,0.342661183558052,0.266891596102737,0.227946837676335
0.15276588956092,0.208599067221211,0.283429400358586,0.387914365899398,0.510586431767037,0.580420720222498,0.622574706302909,0.599693162342239,0.582403906677319,0.473818502082735,0.242138967243156,0.204186002317608,0.17503710711805
0.178804917368371,0.217208535364696,0.250445052556492,0.350395553615435,0.481428064318681,0.517208890954501,0.629853170281823,0.605426157736458,0.543139430400213,0.443439033988097,0.250310600600407,0.205227946035051,0.177622518240805
0.190311154408604,0.236804177977827,0.287258189005557,0.395080279697477,0.475223642043775,0.509249349072605,0.607777349852373,0.591986590368411,0.546558098821465,0.458831032706513,0.291844311252407,0.244215223421553,0.214926284417474
0.172519242643839,0.211063517821888,0.263946233731325,0.3880720884776,0.507728409305207,0.557374353946028,0.634123197539633,0.590341013722641,0.521587266411538,0.431836025488837,0.242790894985264,0.198401857691825,0.169290574349685
0.173107908884336,0.250345589632293,0.304743870096202,0.385641486083932,0.482140188207101,0.52752742096794,0.561078718265542,0.576942520657741,0.60628913135058,0.511200171470488,0.306111150170305,0.241735618361598,0.205127554716657
0.258480887807891,0.297595036581422,0.312993016501382,0.346086483743123,0.438057854126081,0.524078691726812,0.624247812433759,0.685837324853272,0.663860561120444,0.493966606586276,0.396412844526873,0.281189278234114,0.259413362460565
0.349390984884571,0.397848785821714,0.446865534500175,0.455839224940387,0.479046080520744,0.52019608963057,0.544788596419096,0.585829263417577,0.529024395891435,0.524742734607085,0.47182132708676,0.391112325272704,0.30676188495807
0.275564227888539,0.305562938062878,0.397576846105805,0.417132978641541,0.440244875714257,0.496388714989592,0.609894893083384,0.62011943794469,0.618642612764603,0.549240727283023,0.484955109283974,0.375393208270905,0.309241925989597
0.370585469004626,0.438766105286424,0.476163947410771,0.48100210238284,0.499159280062264,0.518881828290573,0.542065940233578,0.561955692561753,0.511490856092856,0.473154764755086,0.469387214649225,0.420866902376013,0.344698479109672
0.252005525264963,0.251829658386594,0.255363891287653,0.311597159038092,0.332134754674215,0.404464691484763,0.54437692465588,0.630204048052498,0.596826539908653,0.511227527953808,0.403887592381837,0.265044260120656,0.215854537955576
0.282933207318372,0.325588822062499,0.428590605334007,0.47373123495151,0.461043596541882,0.460102979911663,0.544577414481513,0.565085369192802,0.559832321328106,0.561290704109895,0.522035201378359,0.430483410042346,0.352455514068353
0.241139001097256,0.259517535942582,0.308535025135456,0.372824820082716,0.50811748307625,0.60251524379226,0.648037106845246,0.691852474856942,0.628260681469424,0.483758265947584,0.404753864191195,0.292815249819625,0.257023625378372
0.259881991051471,0.300950683925985,0.300282349879049,0.354965559950432,0.341203842177979,0.378878454412128,0.467764970250958,0.626261188133833,0.591402154118589,0.544182225647247,0.420338246896284,0.245041822237773,0.1771874930157
0.254009596092199,0.330078921756903,0.341285843272591,0.38430877104204,0.476440830894114,0.560255292179016,0.649379780687009,0.688754631993213,0.65496509521327,0.542773150947172,0.400628128385197,0.300364480148683,0.273229455170399
0.419399743300009,0.510292224966586,0.54812164474828,0.573709686803317,0.553758912431002,0.54427015626684,0.591660236017202,0.604209525098283,0.591769110216894,0.53172721709547,0.503301377940163,0.431971932271812,0.396919284624319
0.238623156642526,0.280361575686729,0.342689071470976,0.376327032901466,0.413362423864325,0.515613128082739,0.660934603261545,0.655837046357173,0.644551145400722,0.533551760914529,0.460188612731357,0.332884461208773,0.270072892839143
0.31838682524089,0.364302410485806,0.430139177550703,0.468734788668628,0.488764458669884,0.525432124988184,0.581690220249294,0.651967753601223,0.600365301386998,0.535727275357917,0.496129721303648,0.376802871825055,0.325717376201534
0.313638234463372,0.369033975410023,0.430607283771749,0.455319634536912,0.48640142093759,0.535449445990275,0.610255815503535,0.644804916302801,0.625921953622065,0.516682691591607,0.439982524452781,0.348824640000511,0.311174516688395
0.276347109326719,0.319068062931295,0.425530851364129,0.460187767532457,0.456694746029372,0.576661558732388,0.55272722203135,0.611504569199685,0.6007676272452,0.506604365399484,0.46532974558771,0.36792443754077,0.304359332662812
0.248007279251429,0.273807596545821,0.307956471675276,0.352587637107647,0.486698450313932,0.573131470436553,0.653375397471988,0.704413293928602,0.656861467291316,0.429571089382054,0.347902840993233,0.272308327356455,0.266726445618605
0.209250054790263,0.24657180773733,0.299480922170522,0.344744852719126,0.517405525216172,0.651871540757658,0.689936486578325,0.698506159076428,0.614937394343689,0.447588372671727,0.367756453998598,0.264173607581141,0.232922354874263
0.157700030178621,0.191086551634504,0.219023587617745,0.296745743449122,0.381448436974587,0.503663175950889,0.549355199220295,0.651292433050875,0.616652696162465,0.53327179240907,0.33856521209506,0.210646428174479,0.16919205810647
0.1837602959421,0.194694349155775,0.227331725896623,0.223250122387333,0.333763366038957,0.470551976869854,0.582885881100473,0.599361062696701,0.582854496153041,0.551443852516621,0.42585975892987,0.26288339077763,0.200867901172267
0.205675483631422,0.247172321094536,0.249293585139811,0.263831188114494,0.343065590618482,0.500140364054597,0.631725660004748,0.656882079414695,0.632098424575572,0.516442547491871,0.434624338952768,0.262440282413261,0.202889567877951
0.199978972119873,0.240000126018575,0.246657392382192,0.24913942054603,0.31737298893132,0.505509018689168,0.653262561113645,0.685361524290952,0.669932704264672,0.551980710405595,0.449668032256921,0.25449229851823,0.1935349566536
0.207798765877857,0.229000063450159,0.269717874761354,0.271670837199821,0.35370951119421,0.473586203783612,0.560195278939423,0.566687297423733,0.552153525415526,0.513763959621995,0.341470796889953,0.244374564758602,0.21015621188276
0.173800131794547,0.207348917536565,0.217229280299193,0.227832594398117,0.300375262579519,0.44607748200391,0.610209199088021,0.691683793734244,0.651511115650045,0.610862266731487,0.471953598004746,0.252932223523136,0.186777591414464
0.199281267174214,0.232194008948143,0.248958964155365,0.250168229259647,0.311167759389731,0.451518708617155,0.623328575521301,0.63305130239137,0.656613387928144,0.588841566404554,0.475906474437638,0.264666108318428,0.207076803262091
0.188292467617351,0.216560975598898,0.238307686371277,0.243755139250895,0.34193195521331,0.521086000956287,0.622295767233479,0.67048096124568,0.661273269978953,0.611135909813041,0.438241541608081,0.277147650689418,0.192189670695047
0.208733232559897,0.264919190117173,0.267913122536254,0.278345719779793,0.372862314729148,0.488403340604318,0.59556721474196,0.618827787117175,0.578328656476056,0.507324698557313,0.44131854166134,0.275681287754651,0.206742531763778
0.196881886340306,0.220362618615294,0.234923107386191,0.248158622952363,0.339840801960409,0.408959803342249,0.515240613237407,0.509652566539683,0.485910279288707,0.468519275885655,0.368925851557214,0.245125236876674,0.209675657254277
0.192232766565922,0.203380246423834,0.24184235618956,0.247311336878224,0.367452179491876,0.482516324904277,0.568951780633704,0.593187923533032,0.565330282627502,0.537824170529583,0.43275641899615,0.272219864174785,0.208516140340986
0.196216174959318,0.232952714014743,0.24291405889421,0.242265626483015,0.293972271657956,0.488130043975621,0.627499746997618,0.673121639367407,0.649303975592558,0.590557825861925,0.455756874774012,0.250559737415083,0.198919753783045
0.191887534932519,0.231237689887286,0.234485584592336,0.242842633850064,0.31675595111144,0.510884132502511,0.653981200286024,0.708865120009465,0.664143678533693,0.576957776130218,0.478406405673394,0.249892415649537,0.201031606323131
0.18397428886006,0.229605254795401,0.24229970854875,0.245242340638538,0.319402265670794,0.488227968046946,0.631175050477414,0.686539087251174,0.637075930092547,0.588464833772754,0.468644496540135,0.275049587883018,0.193932446181337
0.17325061284622,0.196063504423248,0.204541328716475,0.214064582085391,0.286239461949105,0.450338562880047,0.619401312225837,0.654635009978662,0.629477484855793,0.61299221277482,0.465164839914673,0.242461994562815,0.179627527590209
0.168422128578844,0.176765317019289,0.190938959949443,0.214659541366347,0.324056055066509,0.556291006950083,0.621162347849918,0.65681556651454,0.636486792880862,0.596832293877552,0.378327529253044,0.220658768356405,0.176928932244868
0.183214516858321,0.203755516023284,0.244545673185995,0.263283019925008,0.322800625858331,0.42085248160067,0.521550434996147,0.548714050018717,0.537348645538673,0.510652503068307,0.383124147436209,0.282404469321607,0.206123364407074
0.237729086351603,0.274223053659344,0.312707338652781,0.318968476938293,0.351422684997693,0.556242721623952,0.591890825687181,0.530304287146976,0.520568691930561,0.46582486104111,0.309696315266026,0.246844942223294,0.220587536712001
0.195636540418362,0.227566520624668,0.271291453870247,0.298490196772623,0.327907351328855,0.453830199551817,0.541192514718916,0.557189433047722,0.530210544597849,0.488900217458933,0.368253982033357,0.241199071308361,0.19897440904811
0.197354006167879,0.210986670887538,0.249239561819861,0.245984499107601,0.340459164809576,0.453014494224305,0.551196416075246,0.59741409656573,0.545025744846629,0.505655622537593,0.386684201665873,0.265088001355412,0.206596023394915
0.179105439091974,0.194475954576283,0.210946472608568,0.213278544812116,0.368846016615159,0.503917833931402,0.621885709959105,0.664504507261205,0.626056952244167,0.579409718358308,0.442103342066064,0.265751990057649,0.200028472184602
0.190040441890991,0.205757773028032,0.244834031831332,0.27191309620291,0.34606550591276,0.462206771496398,0.561179195273894,0.560644025158272,0.54304999755709,0.47947152666393,0.312299184102098,0.2265446643698,0.195595622134859
0.210586508345164,0.24030648548082,0.268604701284202,0.295067888567111,0.377231197939569,0.506205157549062,0.596684945977685,0.642280272285338,0.604001218890544,0.477095642815458,0.369096439376101,0.269172635539595,0.222143611713333
0.239617558299665,0.27284682280582,0.317055187053483,0.322726292652954,0.359668891887195,0.451698593786267,0.533148980049205,0.584218109033648,0.558991998332381,0.519059177342591,0.380414424068211,0.282561299402475,0.22571663892812
0.190688384411702,0.222724264402194,0.245661348277614,0.279393986129421,0.310155274597732,0.468675726738176,0.548248041892261,0.581513389954176,0.577749325061127,0.550667404421739,0.342719079504176,0.228773705323697,0.192643534227501
0.213124050921742,0.252806643594585,0.324317680160911,0.354342341284718,0.379997483238347,0.442300667701959,0.502260562807716,0.506913759922301,0.483856792685949,0.47811079473905,0.411075777947028,0.307729171303254,0.235059751831038
0.19504912081989,0.204343547955886,0.225408606395377,0.225131830807348,0.312036626549923,0.455899371215103,0.565552960034001,0.589106151028025,0.581696024232726,0.544371971958433,0.357060503468927,0.231694099427044,0.192534974011037
0.204369469476855,0.245978358582392,0.23887858291528,0.226076468713201,0.275407802081104,0.402000970895969,0.522584561974948,0.53684010427485,0.507448682697515,0.46346041855628,0.325074925109003,0.220034703692421,0.221071185745294
0.22306457510238,0.284121454443012,0.291014004780534,0.318439668716316,0.36088255787482,0.516085117790743,0.599957300443764,0.607509242677781,0.582422612340924,0.500317940903481,0.461609924806527,0.305991888171793,0.229608554946644
0.209200049946248,0.253375557480858,0.281979826054005,0.286029953014582,0.332229203096967,0.481900439320399,0.551889333494419,0.592485667572643,0.578247455083047,0.540419333803242,0.409518944091054,0.27095406023663,0.212032263752937
0.197018631234333,0.240566462945666,0.244980505283576,0.251327342314849,0.331292851634458,0.488189766092461,0.646443408891406,0.666029627332407,0.642772446099455,0.532147284863063,0.438188829216274,0.250649863879242,0.197230300973412
0.220283312562874,0.254759799207152,0.268718984676123,0.278994503890971,0.341886834463213,0.436349062320966,0.535882572366735,0.603570274720546,0.575008833480644,0.514843633371664,0.423902426971697,0.283517627565173,0.224813465074334
0.191620318192149,0.219503864357979,0.273633575475402,0.298164510840742,0.365278949069298,0.474939731560413,0.608974075281428,0.612337126865256,0.587764968604817,0.530341119484834,0.444316130991176,0.296041097313684,0.214152538808556
0.211853714823011,0.231388046177965,0.296869301474074,0.300264806893155,0.329221204516003,0.394169548128685,0.466527900403295,0.516309781587331,0.493328079621453,0.490748291838625,0.425235010430548,0.32094901287672,0.236955931778532
0.20032536506004,0.227248601411574,0.262892620878539,0.275085531283964,0.345949698652425,0.479379823219655,0.596661516710808,0.640929982849876,0.617379281984984,0.573886437267144,0.439612622624698,0.282363908999204,0.204992295382594
0.211231227174936,0.246872975814228,0.323719794120794,0.351265090926734,0.376236210475336,0.44117612594612,0.522681741360288,0.509720722328882,0.481305148795639,0.448377313381367,0.43729491073637,0.323540656410052,0.245808963418579
0.176480366839666,0.192017407835184,0.209589819885942,0.225375410069657,0.337369937392418,0.520771491439819,0.616855335543304,0.623763795129702,0.623941354003555,0.572683175843966,0.362634065158046,0.230372066660811,0.199831836502069
0.202748815290769,0.24996043799076,0.247114994840104,0.256716234208008,0.334060895050006,0.480034466462615,0.623720791615665,0.652931104880871,0.613184239267213,0.531985029485791,0.47016242438596,0.261206005472274,0.191816784420883
0.181179823789246,0.210738894852372,0.216671737825871,0.222344321766328,0.378768723157143,0.506745702352065,0.658528700131158,0.678378703738947,0.654844840924673,0.564033438581439,0.43507238398304,0.236605465534361,0.186550416381959
0.192309899793251,0.217558949878073,0.224096931340975,0.227660435766387,0.369153899408898,0.467390728054924,0.650493846162663,0.659181107366442,0.66944645797433,0.583713270425757,0.442145772352306,0.243174479185096,0.199237774945813
0.200206125952922,0.227347959649221,0.28683963101522,0.312413389506721,0.373727827400579,0.477613606469346,0.617113097545171,0.635350164226279,0.587068921661887,0.493210209767098,0.425570611914725,0.286300303923861,0.223047119818092
0.18971423849074,0.219132294576176,0.242011910679352,0.250311506170578,0.328980211785805,0.489784205362651,0.590207372683396,0.609835074785493,0.596987583924817,0.555338236508803,0.314897911841001,0.21200285135118,0.183928916462866
0.193642463843471,0.224881279011259,0.24386074533179,0.240426994465481,0.293202709886324,0.462355701702415,0.635487404092485,0.633884831156167,0.640194299145966,0.601608202803581,0.468972438822295,0.27076094481776,0.200021325328944
0.196014438686405,0.227127220796253,0.245199053160635,0.245632605822292,0.320616029195672,0.468604774554544,0.579772496005163,0.614650517999091,0.606393404161305,0.572485429679718,0.388412561170287,0.251966258477542,0.20746137587344
0.21288958659582,0.269258346014168,0.287558944865027,0.305250983767267,0.341092823810755,0.506155069388307,0.618560848937808,0.648176796921156,0.61937181179897,0.504084239416203,0.430965714437255,0.262825423196581,0.216531907026651
0.186985317757622,0.197530835511559,0.237152438168691,0.256654616389725,0.315296733264988,0.480624947947782,0.553142651597861,0.591046137499349,0.595092126518187,0.579810677540219,0.368778502640383,0.258053553869202,0.19448814423888
0.187539318430093,0.218687080054682,0.232091905055253,0.232850274518003,0.304208039080237,0.47849286256822,0.692904821042395,0.690288389420383,0.643348994512005,0.63064270214191,0.469242660999789,0.257866671935668,0.198038387291111
0.18486332395616,0.225212844327977,0.233530586083615,0.236238410144287,0.309664411636942,0.502611155561945,0.657024489824333,0.69397599900881,0.649826462830036,0.593294864121955,0.490938135766961,0.263540040229259,0.190520653188421
0.174354086628453,0.190105098058047,0.198137406607489,0.199768472699241,0.376486697742548,0.505967634591285,0.640345410225967,0.653442595347499,0.643280795894936,0.605638986958516,0.462984373718282,0.245898624081557,0.186954337507806
0.211312578251489,0.225444764907755,0.208712608185702,0.32079179247488,0.395215370778098,0.514050264084507,0.633430285425291,0.649474050851912,0.665942961523976,0.473572071355137,0.447630360734289,0.268668413683697,0.210671103203862
0.12748872913853,0.145872979287758,0.188447892569701,0.237214579459636,0.311002557781559,0.491948912863032,0.569218635171316,0.557667906837351,0.554762684590535,0.425191586019062,0.307306384351002,0.240782543147042,0.202243498800169
0.125170131148782,0.144123314987583,0.200594501223436,0.293852533547607,0.374244819314954,0.512309223781662,0.576108931957099,0.487643674263045,0.398988576397985,0.369769297752768,0.248791515202454,0.226929788416624,0.197671834544752
0.126923121951634,0.151599478084944,0.164034482131798,0.210504047918075,0.278577846097035,0.503226342594688,0.618651072664027,0.601629678036723,0.630657836076406,0.463843815750309,0.294010016618732,0.216501207538171,0.174612173194963
0.138953982529173,0.158372627991855,0.243174335603485,0.300894787791464,0.362981697919911,0.46892978960651,0.451010662965791,0.456308923120374,0.454287741121743,0.419635704851134,0.308970218425802,0.290698332416203,0.266064775678621
0.164375712029711,0.180043035147683,0.253304519289256,0.304102891276268,0.336226658998525,0.362058324612132,0.39996112203909,0.476406184258424,0.459757229998743,0.388884483616639,0.307041179331072,0.284589966684025,0.229319769108135
0.13467219639093,0.137631213598021,0.172665993693881,0.239401420878404,0.341942229695551,0.469100167249136,0.500174813307327,0.499751049726207,0.495699276429108,0.408588109013929,0.273206948145692,0.242179144097811,0.20469780738541
0.130580378880819,0.133289803753235,0.187623775972635,0.224016609597963,0.3233252528085,0.444927182365222,0.435182775867935,0.430698754140106,0.442962938942537,0.369047937803284,0.277560398123118,0.251200100560174,0.239139037825546
0.114795988800597,0.126448308540484,0.162555022837485,0.242785833743856,0.350196537640386,0.480640636293229,0.534887126902636,0.484343504319969,0.43724886308668,0.357106265892942,0.264249565775985,0.275285986580287,0.182141345478041
0.106589981879977,0.11666215436791,0.139739075659316,0.213502714553294,0.300305861337124,0.48268219137877,0.495667868479704,0.439594082292787,0.371397133236452,0.326797201437833,0.229093155117913,0.214769235290033,0.171929232821408
0.142509775877046,0.191223720838952,0.224843012867251,0.280153534680421,0.331155721629343,0.463917491904849,0.565261939982243,0.538413237018543,0.564876517321054,0.454513879036249,0.360694338701412,0.284936204140076,0.222207552991946
0.140433619227247,0.171918901790271,0.192742005088021,0.230352695241207,0.298576556315211,0.429727919249916,0.543852775630598,0.578728720796732,0.598986960743686,0.474353004243275,0.323056250287475,0.227322808607468,0.1925509590493
0.136229755760356,0.171145427651033,0.206808441181501,0.251682553847626,0.273903425318149,0.401961026694772,0.494177117306373,0.553389694024001,0.574326053668921,0.463620737118106,0.348846932388991,0.255714946977436,0.211188632874614
0.136604577495645,0.139849654399069,0.170799054465448,0.204408795519531,0.301759886778276,0.472907206570854,0.571748945766393,0.5798586228772,0.574770933955147,0.436383540181866,0.267487827877,0.238322681751512,0.190717442387245
0.12258032932727,0.132135892909854,0.168393806001233,0.252959677731283,0.350015832412766,0.470659197626016,0.494743442763244,0.45603135232543,0.42203519057742,0.348232620943558,0.271894271786529,0.252126564401836,0.201388192710604
0.129376911484936,0.135572106054437,0.204002429683571,0.289626678054941,0.370991408124574,0.488271112457966,0.535576817099148,0.43455228318069,0.346272657827388,0.278553758660282,0.22115311220467,0.218767307858784,0.196795872055761
0.123739228251218,0.1367447457347,0.211074111109797,0.259761270306792,0.346942235542808,0.434159976700648,0.460733988015999,0.456956393854288,0.447932144112698,0.372819955919504,0.263737390101778,0.246300716352958,0.226824230074953
0.190197015864068,0.217332583960316,0.253126307465931,0.257426036510777,0.320536337354449,0.389430517807218,0.574017701573144,0.606908304245303,0.664349942847758,0.599336489879164,0.498384863973075,0.250154264782244,0.223628036054619
0.207230661630381,0.235030061131754,0.265824757017603,0.267649472192315,0.347535158731548,0.415931834455793,0.562080945687826,0.612495197836765,0.632784297926773,0.575117818284744,0.478042842520233,0.26158975724682,0.236159723303595
0.199184998876483,0.214630615455534,0.255004299923514,0.252904989111923,0.341651551193383,0.47263935680218,0.658768696801459,0.666413882732733,0.637565322361922,0.565340827266996,0.360386405428001,0.241373106775357,0.229888352573593
0.244068013461955,0.252064356035117,0.268838228974442,0.256780832225397,0.33744333420542,0.455669992379882,0.653964522931902,0.694711270638923,0.672757425721174,0.612130854191634,0.458368774701767,0.241628956010247,0.232492693564396
0.242653497681895,0.247799590879424,0.269361052965167,0.255899099514371,0.280026062435369,0.375886341404723,0.638278721915782,0.708703910213565,0.724661567983406,0.668769025284475,0.542558210197995,0.242726898190086,0.219314708863667
0.214544616022426,0.226404259868729,0.262764376471437,0.265044013804339,0.300736071331519,0.372921963686166,0.58350138218878,0.5839890929676,0.681962235209717,0.610052956781452,0.468835645905603,0.278633327488773,0.232760802949504
0.1988873575061,0.229165608618979,0.257879120262085,0.277087511590498,0.32157237828265,0.453064925776102,0.654036818037067,0.637576484770272,0.663119459385432,0.561473413686112,0.432722837141432,0.23438869389424,0.222410087782576
0.199833154859116,0.226100925884209,0.255027836991827,0.293575802278622,0.293479575197575,0.331691030933598,0.468133346959492,0.576722891629917,0.627585184377787,0.620968260407171,0.52488474458113,0.256450958260347,0.239030286673786
0.271674816428691,0.263060985594253,0.30869914129714,0.340658449405642,0.368823312371799,0.436360120751341,0.696200965412882,0.672363229253878,0.667437473025173,0.608919569172336,0.476239815672673,0.296673340608008,0.231745195136604
0.221834223736915,0.221696549622936,0.244199269800264,0.246470331484501,0.290397840254134,0.388922014180315,0.60973751068638,0.678676348672918,0.683907341954483,0.613834579566926,0.452442876944507,0.236983234768419,0.209406974359637
0.220331449599122,0.229477653566509,0.279435184921125,0.261992830994015,0.299876146084874,0.387341342395431,0.594975753042692,0.670010976782622,0.694285498905587,0.616822988821191,0.509566785931654,0.224785414378753,0.212388914489812
0.215126561523383,0.229329833827402,0.256739201092851,0.246257086463102,0.326909710999237,0.456115076149684,0.689359765593872,0.71479977825667,0.704064254899474,0.642015651982262,0.481293727766439,0.2322142218087,0.218588297345387
0.190513824307885,0.223109581907369,0.254259210642464,0.26065184610658,0.262089444604316,0.330230901342965,0.537352290615638,0.577574569386503,0.67248262075104,0.593520076092095,0.47168892565397,0.233441014291747,0.21281874860236
0.181178028486666,0.212280331120805,0.272815630353806,0.262978645812396,0.291061010958112,0.34639985263327,0.586120434056752,0.622232571435627,0.680398002150071,0.623385276142118,0.506554573467117,0.251865940507859,0.222353076527618
0.190503474050277,0.231883611996029,0.248158893223956,0.246118482400205,0.265557214297309,0.337570851243446,0.531145604902625,0.605995852016081,0.661243977949742,0.59645211287891,0.472819267603245,0.209396840316688,0.191492869506965
0.30371204002905,0.313016496794335,0.373280292348975,0.342475755054898,0.346410295026298,0.39367027731943,0.606943844335604,0.71088749169992,0.710566819244341,0.667096587486143,0.559643058455914,0.302326732490594,0.267286171686839
0.199438447174424,0.215766051725295,0.245458348862453,0.285296077282732,0.304741734769951,0.340344945778703,0.525972449428598,0.564296974809478,0.643038962697624,0.626095369747293,0.488392090537033,0.305927568827565,0.227323551696907
0.194884344339618,0.226242977439441,0.256738487489492,0.248022430380837,0.316532280218182,0.362469332519199,0.517047130091121,0.563184011886633,0.603669354830955,0.578603075172485,0.481099351044944,0.282340260503088,0.246710240604746
0.213730336564476,0.221576135909994,0.244768492617986,0.253777929414678,0.308046961501245,0.42035639302233,0.616083377312531,0.694677666858775,0.678923015511562,0.603368485850143,0.433346141709441,0.238797692109275,0.21412285078972
0.193616751941041,0.220011664991582,0.270264392496343,0.26188353927582,0.325186307147875,0.38612152110131,0.586671538682198,0.608585366386723,0.660685143361069,0.584324729957569,0.423216079301657,0.257752341627757,0.21984599625485
0.221777015804293,0.247758632955329,0.265448470215734,0.262089234692706,0.334210583623951,0.425663487411282,0.569399844204856,0.614059147523392,0.633652909181789,0.581072993954855,0.483386127511079,0.266403654546189,0.239308006747452
0.199362581341831,0.224028355707301,0.254451110874189,0.266665919051908,0.346542922934682,0.478345106215333,0.675449857213409,0.632624419160252,0.640725892867868,0.564571889769545,0.385501712968741,0.234124097320373,0.221280809788805
0.200618419889446,0.225533933297584,0.256438331649443,0.277784214208407,0.328951381974388,0.457627540312478,0.679770236451375,0.683275710409752,0.673385408025244,0.565907818179207,0.439952895781214,0.233323022844775,0.228921925317441
0.197962081497385,0.238417993589334,0.281945830194782,0.299029009795306,0.277920153996082,0.277285500472547,0.43472587928102,0.52675805640627,0.614150564942343,0.607680484334742,0.540948340547555,0.298077710057059,0.264617354330646
0.189041196600834,0.22472549717593,0.240774667471506,0.283203162150036,0.283208493694512,0.341943230517652,0.436299205452807,0.527224955792934,0.57416431739056,0.537636385371939,0.426973582411667,0.243337442431369,0.220873609611793
0.264227289103252,0.254063236553305,0.282381124081835,0.330310726540708,0.358082172152004,0.423090442147551,0.637787653105405,0.667045552125159,0.609131766332482,0.550248907965789,0.413866321489251,0.266070815915308,0.225000082512484
0.181607725739431,0.206750239030344,0.236163841281765,0.249373759504405,0.299083210947409,0.42468575379014,0.716659515510984,0.709564536489429,0.709459744241622,0.628652993615282,0.477476340350045,0.228246112081321,0.210900516122279
0.202836340997907,0.241889333471064,0.250417217363609,0.256195788700466,0.263148321678633,0.331922042186621,0.509169765970032,0.588197141417091,0.661618153195485,0.58035001841046,0.452398831017015,0.227980843145052,0.206640733657454
0.208988654370419,0.234004171336455,0.27002457194277,0.28003295708443,0.297981570450136,0.350890894439443,0.526582032672052,0.574594388560276,0.628797477743419,0.586846676051378,0.492494323319745,0.262809706040722,0.242062440772708
0.206977173086893,0.242198772209809,0.284648174309308,0.287951697378864,0.275975995884935,0.329320505657535,0.501016552237057,0.558895695849499,0.640655050349933,0.593705215479713,0.475022179973906,0.265860792369891,0.237071671214418
0.218130963645069,0.246868899267891,0.271698794398666,0.25886503389725,0.341708605205843,0.415975022281544,0.550664555598823,0.593697124734975,0.620664719211361,0.548672187428851,0.446789036970241,0.280069298577094,0.255823150760962
0.211014290523071,0.238807103832741,0.294348822222061,0.292981706275375,0.328304879190292,0.406111995072963,0.59535977015131,0.653395467553971,0.661766635540251,0.630384507674125,0.455358797583291,0.278209012168588,0.250461844484236
0.177192179475087,0.198443894900792,0.224467503935899,0.240280741311008,0.327628372761147,0.39533691267254,0.532882745437772,0.657590727056861,0.670238710318429,0.63627280302306,0.515943698512457,0.227593300106907,0.192348439577065
0.409436905159183,0.424601573804709,0.486596448711108,0.457035061710227,0.453795417944752,0.43805894190236,0.517294532933646,0.486719334466531,0.513749629024373,0.494353087030447,0.461876764559243,0.415951574738039,0.370317515023418
0.210730248874413,0.232665775311241,0.296871829566792,0.296468966834583,0.298291194725793,0.372441568578405,0.533609851191816,0.610930097069843,0.64291416589187,0.604923493979813,0.498109367473102,0.256807742023126,0.2297210001867
0.197689567832129,0.234842119863445,0.275716946008004,0.271463106657462,0.268304438709996,0.307069376995252,0.485715989466808,0.566618664627759,0.6315272070821,0.574873477880146,0.490977928905003,0.255862565138025,0.224905744531781
0.180095094413891,0.214582908221043,0.261062997801791,0.261411440247909,0.299247421547184,0.35798415936402,0.561008332608159,0.569559089705983,0.67223382021044,0.616920741102825,0.50328185455676,0.271638822785314,0.230269752199442
0.328264992760483,0.333694428588813,0.346813532911612,0.375338727602381,0.34399095374981,0.322410610993594,0.341345120744789,0.296650260163477,0.274257811102642,0.263784332900129,0.284972120705997,0.24493745885082,0.26684990931042
0.365440498913741,0.361794928606979,0.338386989612234,0.263457943117339,0.284186083091798,0.341659640317691,0.327177078679758,0.338320258497805,0.34839621962354,0.358561321395432,0.321640237344878,0.285845922900821,0.225947952567229
0.500381904376748,0.464054476937822,0.406147516062938,0.347029397755961,0.410048004980105,0.496073522514377,0.60431211071042,0.609593492166321,0.635246981733382,0.559126150684154,0.408723395804683,0.318255954478771,0.33841541284611
0.438551785168878,0.433697858197418,0.416475456051891,0.367432535402675,0.406515813386534,0.453853022729789,0.533675367032902,0.540419480312026,0.579029504382594,0.558881574479371,0.429720286832929,0.335025262553903,0.381532044160465
0.241257367648525,0.308020844921916,0.376619323905505,0.439136733748584,0.386151406199441,0.378356415014483,0.395341536596755,0.39160390655702,0.388592500422392,0.420347252901923,0.436153429377953,0.341823308015992,0.280894946106747
0.203431604850761,0.257314827846272,0.313190688536929,0.352751252191828,0.360082674809642,0.40025340770732,0.448658976676436,0.485620677925151,0.466066580489514,0.468594747267104,0.40477587487128,0.278054473796248,0.2416291699776
0.169127287441408,0.247627327357917,0.278837402578848,0.330380451160411,0.420174228712053,0.464319318264233,0.552219130607953,0.625726943346935,0.625216154203971,0.519579930704946,0.427294673837522,0.292653408236288,0.243123797346217
0.157054540308109,0.177357485177936,0.223077738469177,0.27561290055837,0.284321520130393,0.418433225814795,0.528749402921568,0.580416229168659,0.588886448163749,0.477981025465166,0.344442149112748,0.251528714451821,0.203797734033505
0.231175054822906,0.302169989173964,0.380540660203989,0.453514472049598,0.391415604266246,0.383579936327429,0.385463375440008,0.397538166350593,0.380490512704306,0.374498163874568,0.386959980500284,0.322059728073574,0.279232820561806
0.232347441729933,0.300385886891362,0.354908242952264,0.395041662502009,0.349872015838594,0.37596788919351,0.410503434277316,0.465044767146433,0.445677861077047,0.432516220824943,0.422972832529376,0.284885148171183,0.23516635841348
0.18216493564612,0.225075676329298,0.24636301451636,0.260457644907738,0.325740471152441,0.392453663497,0.496726752379475,0.603181084593345,0.580503648973424,0.546260112030008,0.496376388335858,0.29969358942416,0.210042652245373
0.165748493668231,0.243691414055497,0.296231517898958,0.369216258354715,0.433771668441186,0.438408484414902,0.503927481956141,0.585908701166596,0.605364866883635,0.553938691583743,0.440294087557349,0.311681677148002,0.265163331188481
0.175262564379374,0.210462554817192,0.260468238997388,0.317982719346815,0.32410007617619,0.41492650470709,0.461492908786827,0.447997100442114,0.417029336324712,0.330968827467916,0.276474809866321,0.253313164616767,0.204843602959838
0.163769000821467,0.227812143002316,0.29528839210347,0.361728026554979,0.437386715706471,0.416777770350638,0.479040525964352,0.579204107604678,0.569050387715008,0.543632032990753,0.427039057032416,0.290650469719832,0.257337986092754
0.15213123267034,0.199656950383561,0.235190535621259,0.278382060850352,0.35843838446542,0.4380550269638,0.539615144146884,0.619846038881813,0.606132374276393,0.570886573987994,0.430956841251229,0.271829750138998,0.221735167432929
0.195330172309206,0.248030840294731,0.306772378326214,0.361651485935882,0.345106574100781,0.39790893003925,0.442378228281381,0.452781825677775,0.435391368324706,0.372321180184286,0.307603838373998,0.253094338344957,0.21262791347688
0.199392167079419,0.267165954919261,0.286107727328369,0.315457068466383,0.314511083497173,0.366833665130416,0.446443637688447,0.497037304457327,0.526070131946799,0.504628398137173,0.474113473181231,0.314386810218688,0.25342051315233
0.174194875682065,0.233197730860783,0.266668278758828,0.296058113917246,0.338668530462125,0.407978051066752,0.488305547627723,0.579413720002314,0.555718548303987,0.554927621701829,0.448360252256221,0.282565408198329,0.241456411650243
0.160954106787432,0.229637082149232,0.246830702345881,0.280421878550081,0.341286462952601,0.453763301423501,0.564657512832913,0.635203985243357,0.622520510085675,0.557666977118507,0.430773739100572,0.266000603328675,0.209011343159456
0.169324322972889,0.22035489728487,0.22869179615941,0.264149926418166,0.311091248874891,0.414332998180335,0.545365804280467,0.666446769227873,0.629289922070123,0.564081302193482,0.508593149904218,0.277245424051858,0.205448308638014
0.1742907008635,0.239745199533081,0.255258572623195,0.286079201974734,0.32759503804582,0.429272653470565,0.53493443231752,0.608405025257308,0.574889727443544,0.505512923683485,0.420028891518969,0.267050679348096,0.212433078361376
0.18491432107327,0.26156512192664,0.26929987115854,0.303933052835387,0.35312723914723,0.461225983263367,0.580866770716995,0.63551674029309,0.635785269579874,0.496265341826894,0.433524064913197,0.272699301818561,0.230323402763461
0.163629879389032,0.230539661901034,0.24971339183951,0.286058387222014,0.384875783958945,0.487599528404535,0.601858265378355,0.674708883303026,0.677003223902281,0.551769688973448,0.457253926350643,0.265147638182359,0.217029781079017
0.161497872405734,0.190040945091676,0.245593441926468,0.318296965224577,0.335054443664493,0.385366146175194,0.405984986788704,0.39818306607979,0.422223767442162,0.351995053291717,0.257432787528808,0.259841931742266,0.184866156545898
0.150064038516354,0.194814072725,0.257305077483247,0.309204574922271,0.33565480855052,0.390833336977285,0.458321225004987,0.563705481772914,0.553087453301029,0.504913422857654,0.386381368479179,0.277682284639911,0.239092440965068
0.224838432278549,0.297941916018169,0.356539660193642,0.40495430307847,0.393036922430535,0.408326240456383,0.437849491102055,0.463909177078511,0.48109105765683,0.472748428081378,0.454483961711984,0.321031659180034,0.28701487457146
0.165012181523772,0.201961084839422,0.248113635263431,0.286594699426905,0.30750326544704,0.399386857664227,0.493751777083724,0.542134522367509,0.52758502672671,0.467836310261422,0.374795503347921,0.26286778813841,0.218343512527196
0.183487131555502,0.236686956604433,0.260689433787474,0.274133385064649,0.322537471499717,0.405759869821475,0.515780006377776,0.600668227705683,0.588631500940637,0.534802960561219,0.481056654698831,0.288865091765222,0.229887782886037
0.166483591377826,0.208111261475492,0.221501675564905,0.24246711509047,0.362352035692625,0.442514735028886,0.566216827795785,0.646059535434744,0.599395467352322,0.566809160810708,0.436643554433124,0.258144347112125,0.18328768037592
0.212090535043303,0.280450591152311,0.300868176717443,0.313547907617366,0.340949321489775,0.395301816226329,0.478552812515611,0.535727082855398,0.523122395487808,0.499222626297737,0.470540340906569,0.326843544661935,0.24709258470419
0.338062083898021,0.367009994278787,0.342073414158733,0.380290890723948,0.366266110831162,0.431253329682806,0.556408929328389,0.650002682441241,0.583001110672613,0.585439933059485,0.426578271939964,0.268941938033619,0.233027759631086
0.32489973873048,0.379393969865882,0.353994870592656,0.379445845202356,0.412432946534458,0.464471619583664,0.574312178338312,0.711829940579085,0.650804997191568,0.59013942933827,0.427584068348261,0.289873564659808,0.27396225899607
0.336870700914002,0.394244376900055,0.384112382181464,0.460477084767801,0.435985596641473,0.462659084547614,0.577206063960893,0.646386047373314,0.498047412372964,0.532952116016254,0.418891969824101,0.276368104351598,0.261662854858744
0.302600002153018,0.344393353487172,0.340859944937666,0.374187543835941,0.393296549809288,0.453780570795244,0.580341723801092,0.663756099150141,0.610439709260347,0.591918112193489,0.418000659838159,0.281962303539102,0.246228112350952
0.297024490845078,0.353035187558257,0.354691829174222,0.389007103973107,0.393482602377463,0.440695633330131,0.554499556902936,0.631700682940733,0.574495359479951,0.542028309311052,0.449279181190201,0.308094218099352,0.257858468421401
0.434231075431774,0.491160860858753,0.475985673228362,0.463214113567941,0.447032010837586,0.42956754121534,0.514166565415741,0.57520952164854,0.635515315755591,0.565512646788553,0.484557389589593,0.354073058204118,0.297341298027611
0.304997851204324,0.32942436961652,0.331116708894088,0.425962491803087,0.451056479187827,0.493546538433631,0.599590514751572,0.68792312499866,0.513164617731445,0.499635502608945,0.377044634890632,0.277051403214308,0.28508364665822
0.4736069514641,0.446083417869052,0.45058587644243,0.463468520844414,0.45414822742845,0.55926477253939,0.584402168780251,0.602898137088741,0.619820194529125,0.536227313601294,0.452972324750886,0.312550776712222,0.271387970888297
0.286766041279749,0.330894318703634,0.342638166304552,0.39080154217089,0.410883710240164,0.450365022385182,0.558769191781289,0.644884234203961,0.55033100811345,0.511033722907216,0.387566590414823,0.276874573991421,0.248767829681755
0.484804597905939,0.477349189865678,0.472949248527074,0.469325576101511,0.486042206537819,0.576189883879496,0.656810032659879,0.547107439679678,0.570581967779633,0.530045406011962,0.41516808941179,0.317225173921971,0.293424165964125
0.349826839071869,0.409397208601204,0.396680343233751,0.461644119181118,0.47585088016096,0.484974661918755,0.551446145076687,0.615812344040263,0.537981292210447,0.50163909392539,0.40104815338903,0.290230549410006,0.287629875341428
0.307794042281254,0.473924578860504,0.52538487411412,0.584194821393025,0.445475686983094,0.366197303623326,0.330308925244669,0.299745954570911,0.246849113569788,0.303226917671692,0.317066647563027,0.24893506075571,0.238704654160978
0.271650517684973,0.295925178624503,0.3531759744104,0.465437730347169,0.482491742370828,0.485346885253113,0.426918727730582,0.381502133626863,0.409086231234476,0.435971592575493,0.39888331236672,0.341377801946925,0.293340891602452
0.259112173324944,0.298182142122492,0.307680006569409,0.280440524730487,0.248367607381096,0.318182694547016,0.331940897555419,0.351437683893607,0.350676222896259,0.376916766656723,0.276188543722873,0.228127696722058,0.202309280856009
0.186652558941509,0.170018798172207,0.157716421177018,0.163343481148652,0.194346737494482,0.2434589097089,0.286609294547324,0.34145306456436,0.351857570583099,0.354712302696835,0.334112227846384,0.307776170506499,0.259226571543656
0.229101814417124,0.222424720211669,0.189698390201442,0.176179316833331,0.213055647113043,0.264109461981102,0.295416064964443,0.321793555558247,0.37674135433442,0.364547634004377,0.355905755347347,0.334937306410053,0.266430497777064
0.361830318158526,0.469690675392808,0.479618927532447,0.609821507982503,0.448637247599401,0.394700098915246,0.37771846172772,0.341700288163029,0.339446495199411,0.423665706956577,0.416979161935244,0.366986046249515,0.333590260611493
0.297312505057323,0.390856715998895,0.404716754422045,0.446987791836113,0.461746569751494,0.455395711890228,0.425110394374191,0.391704330712048,0.373688823047555,0.399369351731625,0.409399262805039,0.362901362250079,0.321851204911993
0.259275689275009,0.264390792420098,0.243381052286794,0.221443300632863,0.221886790122323,0.337187945009662,0.434814429502724,0.443017745178965,0.445199923986359,0.457091740068076,0.321309690148238,0.207779350882535,0.175459841460223
0.316275292146843,0.429797013146531,0.51653906261262,0.627697422963172,0.525644980625079,0.473834026255588,0.419080361391724,0.290365231018954,0.236456888975068,0.307952562195869,0.262600254479901,0.221154793743661,0.205329148276763
0.362170075002042,0.469303215296387,0.5006449224215,0.564306895211702,0.489924414541014,0.430870767232954,0.380696862581547,0.307879230912305,0.320233429313725,0.417925958012056,0.404453466930437,0.331075599003962,0.294774742487535
0.326694235538002,0.404749063757187,0.440441444949876,0.517972293927711,0.504538605885624,0.478469881395468,0.43535975224371,0.407899702656967,0.388557542635078,0.429273860678645,0.393757295947496,0.348826144084081,0.305115010887375
0.180724070698485,0.275907113748879,0.368813941420427,0.431853572960388,0.442708350606921,0.522866213961752,0.651205906691552,0.659023911428357,0.606427970432223,0.572531805105468,0.458124469033915,0.379878712673163,0.31886866640998
0.194721352198246,0.323156862514309,0.318616858877596,0.348123681080883,0.504227853473091,0.593294524667676,0.690547835646575,0.678751706604147,0.637303012313053,0.5918123049144,0.419567621535961,0.338230771642516,0.254891178227702
0.218179738074216,0.331765220784126,0.348324950260346,0.375510886739629,0.479421922994695,0.551725296882097,0.646093238130561,0.634810734026556,0.639089524251579,0.586970949609217,0.431155736346766,0.370292405561452,0.278059031636922
0.192484975989469,0.258517731086291,0.2862232739926,0.358792855457709,0.501753190465355,0.579778253476247,0.662762520623631,0.644292678346073,0.621837402734024,0.582841143841618,0.380887218937835,0.324736002671594,0.245047724549532
0.200652804257204,0.264288176141771,0.297191252810642,0.337146420065169,0.487243224362,0.558216903237162,0.690923249014513,0.689085591831577,0.614483701343977,0.572207453173263,0.390745999291493,0.33801175113623,0.266690517186001
0.17044052530372,0.265881249528685,0.282946038683263,0.329063881806602,0.473153900518268,0.551381117817691,0.662698594737972,0.648063445314819,0.593037372046639,0.542839381190392,0.412102278328307,0.36073038960403,0.293736527607277
0.221515778277905,0.265702362567824,0.322222020990576,0.338371132079587,0.465605669623691,0.585542930954872,0.732533274652816,0.773878926142872,0.67557707669018,0.616195604522236,0.372923655171955,0.321645823587742,0.267470727023935
0.209865421738971,0.268834698670266,0.322970595299812,0.351438896452676,0.530716762155793,0.631391772935364,0.735948995742986,0.709146874172088,0.677251073249108,0.599126375861406,0.415795355991228,0.350975855613059,0.280156614064894
0.22766360007859,0.313866238725735,0.374651918528221,0.418368648899155,0.459943501074059,0.524655880882213,0.610218920249502,0.609781982511664,0.615167554977165,0.533147199074002,0.500214400836992,0.465922262557952,0.375236797574329
0.174729737601338,0.260677343533656,0.3839188545987,0.419339257022324,0.433548155465071,0.537560220290717,0.657459784855419,0.713828983103768,0.631182447005016,0.592477197621533,0.473032068014796,0.368812807910518,0.302622618643101
0.214335765834522,0.297377176591758,0.371676282928517,0.405772751277688,0.5361199933786,0.563836556045347,0.680045414645617,0.667500193045665,0.625690672716516,0.573513988471409,0.443240108988446,0.412718852489451,0.322124854670839
0.194113130982166,0.254190918531352,0.32098805810127,0.41809475913935,0.491723448986128,0.544595868929233,0.589306215668049,0.648020706983045,0.50690442201652,0.45932018073795,0.400971900028766,0.373368531585887,0.283602182649435
0.180120848950838,0.222730856119516,0.265084891397823,0.31730997804504,0.480034655512515,0.575091535170772,0.704218412777265,0.693703375870792,0.667476951207456,0.603645080158342,0.347752391566811,0.26545925707224,0.22788238939043
0.204833965636463,0.267780261698041,0.337756798795337,0.395543642087394,0.437126434783918,0.529955683364164,0.655908458146135,0.659010081385299,0.632035204308128,0.583671157184761,0.438142968014288,0.387755917751388,0.298309629401689
0.204852782490013,0.279265380531179,0.338000362559127,0.400160761089439,0.431672372057096,0.511431327966983,0.613287467299405,0.606615820615178,0.584906444583095,0.558094265629071,0.440447804735972,0.380835921162551,0.323427318484613
0.183004991209691,0.227420003270821,0.269479820649646,0.29719016923666,0.442213794316673,0.52340980059998,0.653356305353436,0.764753988522383,0.685179373120796,0.607501120044897,0.355019781390065,0.233877413824706,0.225582826270394
0.200494339042893,0.310985523977867,0.353056525839856,0.373803456070997,0.425499770393966,0.535330519565203,0.673042001651983,0.665352094627167,0.670708583112073,0.605300408963123,0.433927354643491,0.325054975123692,0.276118860649307
0.177878489113599,0.217089072114232,0.24089766471088,0.295104060738535,0.43865457279831,0.513343698063489,0.716473796283459,0.712143609726435,0.689261137010161,0.616063726183045,0.348615481562167,0.225784260998666,0.212675904434176
0.332788185788696,0.346859097995609,0.360273895052817,0.383752839622639,0.391361031701411,0.439084656771275,0.572155541531,0.545554908560985,0.55081515288651,0.44011082769856,0.446762304461742,0.456967259588832,0.3176578392379
0.341086664194954,0.353184802287327,0.339472480229803,0.363194496281264,0.463060638825622,0.467624782864461,0.579082003357086,0.537712205948286,0.576233008635987,0.496103750433581,0.451255288659508,0.343771107876124,0.294000170186881
0.324707301270566,0.320121714547699,0.309911461677114,0.325554331947597,0.431879183942458,0.456617535392086,0.539862367730645,0.589667655213589,0.5772121780018,0.525546062877736,0.47768249009195,0.376243813366424,0.319507018582199
0.216444571213302,0.26465979688499,0.29610881791112,0.318978848389976,0.449188623119774,0.580789017366204,0.683860438516132,0.672658025083156,0.669131033338547,0.604925689734984,0.415179665307686,0.263230335842154,0.206961608448436
0.161547860196253,0.220771151798517,0.259990271029248,0.267126740162971,0.274364047610575,0.44426410286587,0.557278117738536,0.643791626011248,0.723129794238421,0.608978304169105,0.513226240161381,0.294800947400055,0.183811542063972
0.240042352974416,0.300385434179568,0.329574372551413,0.361499883826091,0.435335307283704,0.546917396599625,0.665511988875646,0.701470513104086,0.649370456914233,0.643882939728161,0.467024908385608,0.293219234230004,0.23380651685466
0.161209118652122,0.204691370993046,0.213771154057184,0.237211075479875,0.34981257551766,0.566548948663954,0.71373841318557,0.714628521200647,0.729878772249723,0.667706123685914,0.489444073092501,0.290411764142186,0.158914756730008
0.17147798611079,0.224793398536524,0.240964913755165,0.263779562139964,0.398362556605622,0.646800031056937,0.702979879782591,0.713648755347387,0.711880850638568,0.664497323125889,0.545834261076974,0.350358268708032,0.19761806820235
0.160351468457874,0.173428273994987,0.200279848563026,0.2396828772761,0.323710588579588,0.537311187542467,0.696726553263559,0.730175157624091,0.673058247704206,0.618270183904058,0.337754935914749,0.209115298273101,0.158562154148424
0.187681673038267,0.214972544411289,0.236751698462425,0.312232877738479,0.414527933865495,0.585502883908063,0.687564710616554,0.732016756622619,0.699082703152178,0.643902148466033,0.369726835733497,0.217202845678686,0.163910655158122
0.26597510541256,0.298766016069255,0.284974200655549,0.320172413971412,0.382357958234692,0.477504984560708,0.592760667663552,0.649040880760265,0.6276809068193,0.563725849468756,0.296730982960922,0.244652964534603,0.216175098634012
0.325025833410551,0.32274951406075,0.312256570524814,0.327458322869372,0.371014628625921,0.517176741462564,0.583732014368508,0.668870854571815,0.623467749605031,0.526318921575604,0.408892432961235,0.272221272005149,0.216220079333801
0.144302448700988,0.19422014522232,0.21587787545979,0.217398875932659,0.237786661347009,0.443370617322623,0.624008134855372,0.712178813480468,0.738798879602006,0.670270506043115,0.549710624740913,0.290329983993056,0.149503231167296
0.167030600407617,0.195080104410743,0.213711969620173,0.254456775969746,0.341401417204956,0.525410235974798,0.673089548902726,0.723954801868687,0.67502061451997,0.628901210247783,0.392331132381974,0.217842676170803,0.152189289670632
0.171735534178338,0.185848129705552,0.207963638943477,0.256980763182506,0.367018698262757,0.545653358925806,0.642590789138048,0.744268957442089,0.705948150873485,0.635071270152869,0.303565389432456,0.201831808021964,0.167512093233979
0.191861415538562,0.19374207884546,0.20067319424535,0.276014705305625,0.411828838907953,0.646663272250208,0.699661813668015,0.76134606434065,0.723615331392988,0.617045077637382,0.36837489864639,0.196717642829106,0.166904847077587
0.244982043092276,0.293435988893491,0.303566063264747,0.317758997620884,0.40048948764486,0.534249044176354,0.645057202632569,0.699675525988751,0.677109173788354,0.584746945689891,0.312002396272887,0.250110935758997,0.220246093959539
0.313259006500259,0.3835238647461,0.362953114557275,0.407432797288895,0.395695762252811,0.493685455608368,0.652395308017728,0.631171378421783,0.602262097597115,0.561505452489846,0.344368796396263,0.262673085975648,0.247702942466734
0.217640186398111,0.259582285798167,0.27221863119198,0.296349067792752,0.403296629226102,0.517269483048324,0.651764083554735,0.740674348770551,0.733894698590211,0.668912680467365,0.521915625935325,0.278165806460565,0.186965337411926
0.20014959691766,0.229643567590368,0.210071696893384,0.355500819742762,0.416059861177519,0.501373738359927,0.630364409765677,0.672620684345755,0.634939090238779,0.532987911423332,0.296108881556731,0.247816291630751,0.206846379276989
0.249776404439443,0.281229716647427,0.319699608491173,0.394079529313509,0.430663907237384,0.600445292086773,0.695499504909122,0.662666595267799,0.653977261367546,0.541215710060069,0.424881411920087,0.262841584059767,0.216878045458998
0.143428705568466,0.178032181166925,0.202642138435273,0.196706249052529,0.253606424703754,0.507918465938815,0.637711443808496,0.725413168083148,0.76078926800032,0.701023974154772,0.421120858792883,0.241247305368541,0.150242935594925
0.194300480900934,0.248698805524073,0.258324724069334,0.274699278903306,0.465155888061514,0.590744334388399,0.715770715537841,0.732211765067111,0.760243048652336,0.65265593776751,0.471226476960703,0.248763865794226,0.178377173295303
0.196091793055095,0.257211184440974,0.27523133790116,0.301394356340085,0.437179008717661,0.58321582439241,0.707575472400094,0.764098901625373,0.725061045145233,0.658292969279762,0.420497947183055,0.29973887606551,0.194465474333006
0.149682638257048,0.186249828939207,0.210456874303303,0.215382892282906,0.248787830716136,0.435834629290572,0.605297631139027,0.696857645997253,0.680507830681406,0.671198738337051,0.458436944614751,0.269037446809638,0.172018380871516
0.241605231831732,0.275057353150076,0.267925951524449,0.305489725659976,0.390426022090509,0.475261902808736,0.641879273110938,0.689072073479734,0.65456442100822,0.589038472749213,0.390324315347414,0.237659388456767,0.214268367933822
0.333355388797444,0.353182188111924,0.339057465798417,0.364407762327063,0.383031202775997,0.489576301269238,0.619310374849655,0.680370630804811,0.659363669206191,0.557446333767837,0.367370691096787,0.254115010153884,0.228867757579326
0.162477251922991,0.20642763486524,0.214235416170401,0.234075374482117,0.401445291087129,0.606170231023443,0.692242593285722,0.704407799386885,0.72389021551283,0.596682847001945,0.454357428188428,0.325598804489341,0.169690110289775
0.167319020294556,0.230216574283813,0.270389100004385,0.272078141924106,0.280277072521312,0.489432862331244,0.580535635687775,0.670508482930928,0.6965797433108,0.660687305395987,0.497189892166179,0.29843527744746,0.195850674584434
0.1635697297805,0.196276313865623,0.218912045207901,0.21485901660231,0.252215904437494,0.469035795289482,0.62018571345992,0.693326484236704,0.732377444731617,0.661906611970999,0.386872460323261,0.242291715061989,0.17324434960014
0.143841003806184,0.18682402711155,0.192855899052493,0.203172256903998,0.277122173229221,0.502755114564151,0.65983545049473,0.704123344807123,0.733079857097554,0.681977063158841,0.521888158038929,0.280218154635403,0.1373491854547
0.143035188063538,0.173316740878582,0.189889659558737,0.192997718468347,0.262495854418804,0.479312110203131,0.630698952219659,0.733739349738919,0.736086229444887,0.686611796158603,0.432715981487876,0.227587081013266,0.144560628745081
0.179840704923399,0.193300030998152,0.200982535030002,0.260590593734633,0.368364433820805,0.525299830030216,0.670248981055002,0.758670918541646,0.69591346017133,0.658260463220595,0.368074145887678,0.217868916666655,0.153750415221798
0.255672392958396,0.265069325414659,0.255783843470258,0.302270052257548,0.37990202084659,0.486397774686942,0.618978047707867,0.693023774658244,0.671375196215896,0.563655485954978,0.323230152953042,0.238031433703561,0.193033553630944
0.154880620290059,0.189311987938426,0.195457755048882,0.213093974015463,0.37457963067021,0.530720640021717,0.682011595514675,0.758943266801174,0.749779072738658,0.728407089957697,0.543952560725343,0.268078907336181,0.146657434590916
0.191346093839631,0.241411320737134,0.25406812297196,0.289958741033881,0.448562487185407,0.559639751124657,0.707944193370634,0.744917820514046,0.748937305781212,0.68583296189637,0.522134212229903,0.260202530035972,0.178119043899399
0.161313617579536,0.189240040641388,0.213250878651873,0.245387395913711,0.316373737017365,0.540331607395719,0.694667852396618,0.743274212323389,0.696300894294824,0.686977156908824,0.433453895611664,0.248949930112208,0.158594569012978
0.192942149770534,0.242278229887773,0.259006902271012,0.281181934339435,0.38853437609217,0.545818268775782,0.704065239079837,0.765996821696503,0.723963030922895,0.654338892397144,0.441280257538743,0.27766139938807,0.193170532490514
0.344602253241956,0.356751925586355,0.352492321541091,0.383759929142827,0.358610350810951,0.461860441165647,0.530999682701701,0.557864689307985,0.589309304461422,0.52297140225544,0.399468535987993,0.276021857671282,0.235812819483809
0.214021024276431,0.238560170120068,0.241894254500799,0.319241345679057,0.397673741613348,0.589927260703452,0.684320004890806,0.726257065897662,0.70601779322905,0.647984814085537,0.418236778716041,0.222541665308863,0.168910517084898
0.181304704778842,0.22707050701493,0.250957773804879,0.274235600564023,0.363702890375906,0.557610986676439,0.682458378935931,0.755590894658724,0.757508076608027,0.702820828583385,0.497278547611517,0.253151718036274,0.178489231613262
0.167289060288936,0.179358598641647,0.194462126266332,0.253999328931604,0.379860365427074,0.534753283946341,0.671345674577245,0.740066227016892,0.68147051071431,0.630774794931994,0.33641765930303,0.195785259867699,0.156039369999854
0.163627748008212,0.208363179971653,0.205169236869738,0.209524353670796,0.314628772662812,0.520713269839527,0.726909439441516,0.772630345144174,0.768169750333545,0.727701326973832,0.592531970730946,0.284852840559425,0.144539037247283
0.271234471594403,0.263057284873608,0.245028771420335,0.310242736493734,0.335868238757994,0.426199468880914,0.51125727980202,0.55280336469446,0.561793467882574,0.492499659129947,0.379164839174718,0.274086101647723,0.20621668129263
0.184068378778358,0.212458661411625,0.227165707221045,0.286541307434947,0.398053980329604,0.593036836052084,0.703753660196678,0.73369666122656,0.689885744639582,0.633832858341741,0.432229682272943,0.22203940095174,0.159232921703914
0.164789742718212,0.204176942472107,0.219024767333304,0.252068183999152,0.373390644756702,0.573442545181845,0.719453324002388,0.752927267201191,0.737852529336024,0.705163008243712,0.461900080373709,0.258792453433967,0.159086040556311
0.181464324421969,0.247859270327418,0.273443722897039,0.290298465640694,0.363245482413189,0.582737014941146,0.646584327348382,0.665485387970825,0.680667290588952,0.593035310778252,0.499927655529356,0.323359377191512,0.20533682008927
0.192940637331561,0.215262314190519,0.22828104867069,0.280954927359389,0.346641667717618,0.532091363388819,0.66698391405298,0.723205222371197,0.679007308446148,0.666062584847178,0.499588028342091,0.254854614794849,0.184262084678128
0.195821729034788,0.239756235285266,0.258098264517934,0.285957107676693,0.430316611282488,0.566621922759684,0.700369801043643,0.764090840739165,0.730678681559479,0.66132877930623,0.511855317759062,0.281679660136523,0.184332004855878
0.277153096778099,0.28179819673194,0.239018002182909,0.317201585732433,0.338869709879671,0.431619340279203,0.614560729458326,0.696505543062881,0.676992621986618,0.629837407481428,0.379840911853976,0.262792923432807,0.224176441246754
0.174770699662841,0.219934893677911,0.228081883876764,0.248125753245784,0.358445330982179,0.553427131176339,0.647520971453476,0.664999074093509,0.66602962266185,0.6110057713234,0.424020573283078,0.289837220460047,0.175880956645679
0.160463618820314,0.189880113717777,0.205119150427518,0.221629429084959,0.300113081493425,0.528921914467134,0.671719806496895,0.73662924283767,0.731703747646319,0.694950214932718,0.453797167415958,0.225631063363198,0.145388097650846
0.191687799565552,0.247402721518062,0.256776641035203,0.258001003084193,0.309946968852328,0.394772326511744,0.532178633686257,0.613342016104862,0.649332865543827,0.59928878957082,0.37967270477138,0.294680988793243,0.235216703614771
0.188461944718698,0.236827577994639,0.260424380269773,0.265765802520908,0.300631276626603,0.395009953288945,0.53653352906094,0.591816693416553,0.647037944363864,0.557517051029617,0.377460381922775,0.287146159867572,0.223117380704234
0.216614532914317,0.232943323027001,0.235984188590502,0.249676581995027,0.349243908974478,0.492844436019109,0.651383791008118,0.681307375908433,0.697394023058082,0.660135134808237,0.396332362446391,0.240146285923282,0.178945089513624
0.216388900560047,0.229589193929529,0.243709273023171,0.271148220423637,0.333266157058535,0.562093154930933,0.707387488634154,0.68707438083073,0.720892029916163,0.645239528546607,0.38977610739091,0.248758097686286,0.204142401430691
0.184592200324734,0.206229336108758,0.216359258122158,0.228714602985093,0.305924567080717,0.459752072808744,0.609370004054238,0.654269287658044,0.747892583967629,0.674664771575617,0.538875049155406,0.244758834491222,0.191692447314595
0.208141975470624,0.221042540052959,0.227762985587288,0.246303787245619,0.326789364876225,0.480481343199054,0.638921420830817,0.67052470753558,0.689163587262995,0.657987480785899,0.391306331320894,0.245320686929401,0.184688738531724
0.271698391540408,0.275356192382113,0.278297766344616,0.354287157740416,0.392381800179718,0.59866804344851,0.65293858902018,0.656661094947121,0.609861967259023,0.504766573831752,0.394973602160505,0.227587025128308,0.214548497643725
0.212898054231993,0.248437612063227,0.258648280713875,0.277184773470595,0.354434360335894,0.435408273876596,0.558299355761829,0.607670901271339,0.637602072300647,0.601214343665365,0.395274251436124,0.29060353579576,0.233488320615445
0.360870027770633,0.321005770515938,0.368150003742836,0.393156513571205,0.406749052623758,0.54196902465119,0.640577832309818,0.670963000023648,0.603896897702922,0.528898746686681,0.355231389927179,0.293693263077073,0.290018896708468
0.248971249669202,0.254647421423777,0.264140123504018,0.271769616098507,0.374271172220699,0.507964915698931,0.689365492521979,0.703856956691155,0.689488158718778,0.600850517778346,0.564052382137,0.282359562173104,0.205587733921824
0.189689384742728,0.207808373602384,0.209948808373973,0.227754448147302,0.314559324028146,0.553399270981035,0.754051446237234,0.702250198841328,0.741812819737803,0.659277847777214,0.367744048793989,0.248559559598983,0.181264074491752
0.212966347679862,0.237282686864391,0.237203619823782,0.255132348578599,0.35091671966482,0.444689419907336,0.581246909605531,0.633907034881788,0.66306910372581,0.57277339830808,0.421194776406872,0.250410406889759,0.196728681062156
0.24437135317168,0.256545274863527,0.268860105665869,0.288237010756814,0.342781673400917,0.465596821904877,0.594445827318973,0.63209236749449,0.650302663270177,0.581639861391515,0.39577227543988,0.264078401982079,0.218729511875539
0.260720394268508,0.280251647218016,0.286911167640019,0.30591686487396,0.349457864013,0.533043302746372,0.678097384698379,0.701769515888005,0.690120692244144,0.617097751661115,0.349367016459391,0.240264457768101,0.208548964863421
0.23541151638382,0.246348654122488,0.252419450508309,0.267148261641495,0.350700656221248,0.468530741774023,0.633563859249618,0.649952891075839,0.650742581311318,0.577675195318679,0.429560022566432,0.266236251357333,0.218346250379428
0.192025029982109,0.222669136214686,0.234595254481162,0.241925008797144,0.300104777371486,0.427480027670601,0.561806981459976,0.618016310848066,0.690928028084565,0.616478228097439,0.464840304825376,0.267727085557541,0.206775940355581
0.367949838901883,0.335336699702022,0.358947036856211,0.401731673383512,0.403414426101061,0.528540069015402,0.730585564623214,0.674072649386719,0.636593732745392,0.56835127383807,0.356498238390312,0.309058655321128,0.278991667042194
0.187937504205003,0.22484932855387,0.231248944113907,0.256825969477747,0.276670060659031,0.561756485100359,0.726022262970288,0.736108508353058,0.715808119735006,0.65253093975587,0.422325437729151,0.243045306941444,0.184111720087141
0.197164465117965,0.248099560856109,0.263272537641568,0.270586618689671,0.346285659875185,0.405337000666114,0.532308864173675,0.617305319634836,0.635202934615345,0.596047939291236,0.298444796484778,0.255333321581569,0.210530948334234
0.257650038225024,0.255495620521873,0.247120779557636,0.348558865325383,0.368319909404682,0.551866554550317,0.644447960700028,0.659353028773868,0.612265133281908,0.540064764246309,0.383313658768297,0.236108278309901,0.215537350831427
0.179328196485159,0.227772099964201,0.222881543211211,0.251498343477216,0.335925748612051,0.514714051821579,0.701348906192122,0.643557911133021,0.684069311111237,0.638022193596209,0.445495301871942,0.280584952018667,0.211670315467759
0.205507261586093,0.253036184492525,0.264051259432536,0.278219426380582,0.386131752034377,0.536471287062296,0.714748080269368,0.658284008034878,0.671467600242399,0.654166379315682,0.41228102520966,0.284568491944584,0.219842922369817
0.204434286121232,0.259510123290123,0.279085515373819,0.276028173057366,0.296457315104475,0.398081229926151,0.53412286499795,0.600371412693896,0.694685749511965,0.653188110644632,0.479090048238816,0.282740020967964,0.225919760349035
0.369810718780405,0.32218712568398,0.340115497643558,0.386488557055207,0.397561013725519,0.556321491307013,0.740038329097591,0.707262110900522,0.690542298374206,0.589892663416749,0.343317534062271,0.289399007393285,0.275195141436605
0.169082540065379,0.18768581903512,0.192567559030519,0.213761702683853,0.314700373775563,0.546448007214543,0.744689661266335,0.750614411432021,0.741692581021187,0.655445437906461,0.375888812268948,0.207987305722435,0.156460698844166
0.283334935664318,0.279401821542158,0.260691206356019,0.33841772817585,0.363150447960405,0.465321256848639,0.598543374295921,0.657384130069699,0.645813210282032,0.597422574010323,0.355965776579059,0.271789844776378,0.226958441967113
0.254913838415867,0.229485952581975,0.243079152284256,0.260980283671664,0.377139202754413,0.482810824198277,0.734399830689975,0.699960882346431,0.693337559133122,0.601344875060995,0.344864876244486,0.266044967882797,0.208514585360769
0.27098120546144,0.255433884634127,0.264555868532863,0.282486125123056,0.371905868522945,0.565833364450182,0.701630997206811,0.694711211235959,0.660451786479832,0.582777836158812,0.31960415954554,0.251371816833837,0.213539151406222
0.203904447404293,0.248420579097415,0.257729171080145,0.266056250173603,0.367781659218661,0.508227896102522,0.646533271708345,0.648738167414077,0.670621210613848,0.649286228263379,0.422275707073524,0.283399852060531,0.221600341238827
0.248647368994233,0.247193789990027,0.25198193471112,0.360062904115822,0.381792797727814,0.540349699541952,0.628829873583496,0.644560762214573,0.617428865350766,0.541922626844803,0.432313871239816,0.240745986557258,0.22108787215175
0.183922156302085,0.2107774525259,0.208399018069868,0.219587238704232,0.315181110193704,0.445395064658117,0.606291722969134,0.652182695964998,0.685948803645827,0.618641953328205,0.446594147041316,0.266465800295484,0.181179628302582
0.24587336728125,0.229612701472693,0.233271333846623,0.258142395436252,0.332943432154555,0.557537696932909,0.748777128144364,0.717323792975619,0.690320375577558,0.623353629935573,0.4702677822212,0.295168004692437,0.206006428820445
0.183465379172376,0.177005288116169,0.176530606878127,0.23354482878619,0.420175316707533,0.630010281068412,0.720683427006002,0.764227767000397,0.771746492832997,0.64051102158367,0.391114094756357,0.183300564830473,0.143759684690648
0.173832883589268,0.188239901990238,0.200255538233203,0.217422695457463,0.264533501231281,0.500731491169592,0.750515081904065,0.762738104375761,0.750628293774439,0.683840903580429,0.406276711559959,0.242823141033785,0.159671186745359
0.262103295756744,0.281679479967755,0.299016577392592,0.314427948538959,0.394913112701995,0.52318311900809,0.613413563878767,0.640212638023055,0.616304624671319,0.546261339359702,0.354680027152241,0.304043055442909,0.263276811818591
0.175417822164329,0.209063504316289,0.220188083154238,0.241638983340124,0.286104709910246,0.48040327732585,0.681965409794371,0.674743690588187,0.696125516138968,0.633466729839944,0.421138294655057,0.255222412698228,0.180579393842421
0.186825393348565,0.246002707168686,0.260505064241186,0.262266663480159,0.306245966672359,0.405433210747598,0.521202533479395,0.596603803868991,0.688113073426074,0.60771873992769,0.473415673171177,0.302660710987485,0.226966359802094
0.1848311891776,0.234690420135698,0.252397078777117,0.271299301988997,0.359243089454429,0.506944326891084,0.652661132328235,0.671921924564745,0.630688124380165,0.553626956360067,0.431745207249236,0.317837463698201,0.201981091375307
0.175036827638368,0.224091276349242,0.235924172854582,0.271182348943388,0.383511336754021,0.521497591466883,0.674385802607208,0.705012660149104,0.684148096454621,0.572214603620192,0.389240254916831,0.251456436984644,0.170281583231141
0.171009377324692,0.2139070954891,0.232687314937699,0.270149267318976,0.330587560324247,0.481560406771465,0.719910650956528,0.700014682624403,0.689080800196216,0.499565564807709,0.343151431740034,0.269831734436503,0.186027212025677
0.134845188034243,0.169639664574352,0.17752077926715,0.196023139944775,0.309248575812421,0.452521069631331,0.596140917298326,0.654522665168566,0.652080159207304,0.507443061231108,0.357423862737049,0.254091967075319,0.14684148031115
0.19606915066275,0.236839413030536,0.240734513755308,0.253487389164484,0.381245957912053,0.523820385131792,0.686521342021397,0.739746487835594,0.712355073094289,0.612868832460876,0.475192658478818,0.264342404529171,0.178741354511242
0.158703505267156,0.197453751830754,0.207222074621312,0.238019332469187,0.313478297984514,0.421017577909035,0.616979772647168,0.692944702709091,0.691789523462497,0.553500832182408,0.353299789846352,0.261774881638733,0.175406062800586
0.173495603850391,0.216310881960433,0.22609407648977,0.239633907292014,0.333161346519112,0.454049913415828,0.575331572872634,0.64233126737796,0.625779152575249,0.66774819581344,0.441498471076649,0.313106676316242,0.188907946860651
0.158355173828754,0.193513230847005,0.211294728293844,0.225152515729248,0.309130998089316,0.439799287708714,0.612796668684126,0.676047542004471,0.659744955754851,0.685460388943649,0.448437195864762,0.323004602661747,0.176124438535466
0.198561102706797,0.256015228669013,0.276994270901611,0.280826030955087,0.357674564301081,0.492118216493981,0.668019541655018,0.724717537977571,0.72049326365765,0.603759415860778,0.452705626842915,0.390785155923103,0.2430285747593
0.181230746887377,0.225927681249955,0.238356029615903,0.254170663179893,0.382984260212972,0.525640562858559,0.66785929987017,0.725963962178431,0.719018584399428,0.609932509663487,0.439390420573073,0.328529621726397,0.198955449038553
0.184742531260282,0.227246802362571,0.247007599538798,0.262733293905132,0.352142067489262,0.498738402227742,0.646646560386993,0.702009912542194,0.660217248246872,0.635080764300243,0.48878103486705,0.341525486788597,0.211607289922876
0.171087939160859,0.210511096677757,0.220415360765622,0.270646744071382,0.361910778009819,0.521929736325752,0.637679092669233,0.632192451520186,0.593801085687485,0.47088172569948,0.253181590707661,0.184569815577472,0.164006992008056
0.179527830207335,0.229655159880684,0.235593345169112,0.266265142208937,0.453129434526303,0.563242975063525,0.680866239817269,0.702959199973111,0.716257545217016,0.593830746581885,0.415274431002226,0.295004462644405,0.181025474895458
0.157999557493431,0.206874368061384,0.219952436130467,0.256897238032683,0.425135420428591,0.530976361849719,0.669503097168462,0.70715725902991,0.679525340248847,0.587389893424148,0.43307874228889,0.239607854734442,0.165500105773267
0.149822773759337,0.183552272554333,0.201197736501624,0.227995466517054,0.300959063110088,0.420004711658255,0.597298239858242,0.669654417099693,0.694154486396846,0.669323083273307,0.461135622829947,0.306495873782393,0.180209672386382
0.206887191394034,0.267422260645079,0.27689552967283,0.301516399431753,0.427716882123146,0.571313988039274,0.672112177110527,0.703360517372889,0.710841107706819,0.613027354788627,0.469774361981485,0.385538224129193,0.251547087685331
0.175763040034092,0.219969005945116,0.227893488507702,0.256961921311792,0.313705420898121,0.46714600524498,0.675140513304117,0.704735834467541,0.710886573314316,0.494822551804555,0.325032750033793,0.238018630632764,0.171546100045994
0.178321906727404,0.220966771276388,0.236921725040347,0.266450425306857,0.318501456357347,0.441147060019652,0.712695864113815,0.683033849851374,0.691227963733228,0.551742048261458,0.363726819151614,0.278711044624263,0.188588199637409
0.18152295249348,0.237585925674629,0.237481516288686,0.26570134329776,0.400200081123253,0.527466522484525,0.643067105511654,0.679527776345085,0.653266733174874,0.545920367271232,0.379021598236688,0.234008600301301,0.170728930172067
0.201808578388295,0.264904100993693,0.294478644114737,0.316252669561833,0.383017855541837,0.51415546050317,0.610489142030657,0.646155670757416,0.602544373710546,0.534050702031288,0.438053614292826,0.321609519829334,0.233397672640443
0.140024224730169,0.174162516101541,0.181776113876618,0.213815781844562,0.317352667235624,0.50721519371045,0.656427635021675,0.646887444969926,0.66407732270469,0.46141717289228,0.305868248597247,0.240158027898911,0.147036224252885
0.173182205331786,0.210276361764426,0.22002576879158,0.260264464941521,0.366429544770711,0.527418964972082,0.67693278857719,0.690560731879516,0.682931337248391,0.514075484522397,0.352079623703844,0.293322699852112,0.188058274480149
0.182908615553021,0.22480143305611,0.251266560117158,0.270908976699658,0.365976627573683,0.498409276498639,0.625516876509235,0.683709725628319,0.607570992229239,0.602876265828557,0.435821313319365,0.262446323064367,0.188102788098306
0.194135779299298,0.258901264939398,0.262259258380929,0.297770500959372,0.426461633193903,0.515708327583699,0.619652960322611,0.633855868022628,0.62264822477887,0.540772875115019,0.398889777727767,0.243132500108869,0.198489939596373
0.173805777631034,0.221773230590937,0.237470497718356,0.278025972582136,0.314277921098323,0.496015775213271,0.723116975097338,0.684088328924102,0.686788202864482,0.603995725440295,0.405137334250822,0.311265540712414,0.199474938123022
0.137596477136377,0.172526682159834,0.181304659626543,0.19767891388077,0.304313160605667,0.467024511659175,0.615320208251999,0.65898073433711,0.630019389683429,0.51609686909226,0.411629835985189,0.272817216988677,0.15087461336779
0.175701330905092,0.220953950725952,0.235043743324528,0.239892090883244,0.344418871853794,0.473285218346301,0.625272044403307,0.687133185695486,0.675449838377319,0.671182743370462,0.51314755310389,0.333572353020123,0.204454652477691
0.182826745637128,0.258903140587722,0.272969090637174,0.303373389874386,0.441519354240972,0.493762399999059,0.598863959789649,0.616853597303499,0.634953031156609,0.539034590860106,0.336335510302681,0.260710536943743,0.212750068670127
0.18329497472944,0.231097342923428,0.247598072052718,0.275087818450808,0.413924468978468,0.547989022209468,0.657176362538803,0.714726206646738,0.694092448909324,0.621754677840518,0.439942157927338,0.313958103050747,0.189506120652465
0.220253900209922,0.281390748821621,0.308949004166722,0.338156115718864,0.411770274903324,0.535781469781411,0.61483703137253,0.585144287709418,0.580286467825627,0.549281013012095,0.336886689461276,0.278457184647452,0.231839248152985
0.12967940724818,0.160226707088253,0.175646639333521,0.204582900375034,0.338687403670491,0.491762729917171,0.623622088363811,0.690926427911834,0.661134875470542,0.564483575503356,0.425557376246044,0.264631969115667,0.165342973176339
0.192969966314582,0.246175808672564,0.247945854986693,0.291500482009797,0.437278619278255,0.538854412686029,0.650384463203804,0.684606919174813,0.665385805622229,0.59671175528553,0.415115787819111,0.26462612050359,0.183481401428068
0.237327619456757,0.302930201941632,0.336541204197582,0.360460714080015,0.414883223602021,0.486263925112136,0.590079885867594,0.585411740596911,0.57431827012776,0.504369493527084,0.344987237850493,0.302814411852067,0.258253278286366
0.218297872943446,0.265047425429712,0.281446263288451,0.325640240401783,0.408783278982873,0.561838036050268,0.622452246264578,0.587670612946095,0.571284081296777,0.502291690840068,0.321596012235158,0.255086963964034,0.22510025555755
0.189417812297313,0.232080865082664,0.243945236771711,0.282137148806109,0.364551111025934,0.539736947471874,0.658901805402349,0.679128082407428,0.688357270461397,0.50227704182891,0.360375121626881,0.289445858914,0.19859145563151
0.176302808715293,0.210166774099005,0.219340809686432,0.255578525296312,0.305180151592349,0.488792156309121,0.719236882932364,0.706386484965518,0.702298946967453,0.587182662282721,0.403978330550558,0.303171562401504,0.188694658863988
0.160448773827661,0.19574439300985,0.213074587966857,0.235844200742884,0.332383413049128,0.47117661946166,0.592332052706454,0.656450344189445,0.620123039658662,0.620097677406771,0.460359266021095,0.243404051178279,0.175790267852123
0.206263791448769,0.268441592654564,0.282286265778612,0.298393439002062,0.401401973820384,0.547559287371354,0.647075642835259,0.683061302258425,0.634652627648968,0.550947413972901,0.397729946885011,0.275848251717007,0.205008657514359
0.186577093127172,0.246919901941374,0.266819373479949,0.285863948248418,0.412981963154554,0.547073386268256,0.693203136992644,0.708881198148689,0.678624394173128,0.56669085372095,0.433129603882539,0.262203545479619,0.200267190552235
0.155304084871519,0.176789079811137,0.175585844040178,0.19528966629079,0.289293161977332,0.453883484308934,0.631823876917283,0.719301861573174,0.678699323695533,0.701223343871097,0.449439214907778,0.281557560834851,0.167005795400405
0.219181775185086,0.283603484965808,0.286764945449905,0.301804834812123,0.397015188889797,0.514648144929205,0.632093456998683,0.723405353560584,0.637357994220619,0.572032416558663,0.403975721783064,0.296404722084018,0.21244732007366
0.136738998947592,0.167240130140233,0.187792335170334,0.208469863955724,0.330241278175522,0.479002353241338,0.612873722346499,0.65995826810092,0.647485877457599,0.57692998132477,0.379762896259027,0.326521539084016,0.175803001728783
0.17551241888401,0.207577501977074,0.203908913834609,0.218711850197669,0.326677350591878,0.459039007421486,0.575641995921185,0.663352968453753,0.637582018401024,0.642063884542173,0.434282873208474,0.282297206917095,0.185242008744995
0.201230856192877,0.234450031618157,0.246533774668934,0.300241299891747,0.365826960995219,0.505902580839795,0.612694251410343,0.614252841231208,0.620040468418861,0.484282104876229,0.311629841576383,0.217870295574748,0.201633690900821
0.22455060083405,0.252063619791352,0.268534964258605,0.295607853619149,0.379562981549943,0.538479197818491,0.654924081896738,0.670551120812274,0.691345303555478,0.575843769111636,0.390891598924,0.261481178482315,0.214338987704071
0.258756271451486,0.342772765250286,0.357926053693021,0.366688911317186,0.387905697618729,0.490340748863665,0.581240214396679,0.613719766365706,0.568742528316492,0.498303534309708,0.360661053253666,0.308940399608439,0.263533491593799
0.155495199116693,0.18713061514752,0.206125358662218,0.21615997927243,0.320834716290363,0.452995596008703,0.594353544759422,0.668420575270279,0.659704309198978,0.576029834586951,0.440640063559024,0.305091162096784,0.17006907061465
0.180272460861492,0.213322370498782,0.228981542317109,0.244581976074752,0.366252640207688,0.54050440907037,0.69874835120915,0.711560674514616,0.65194910771813,0.570835894855578,0.422767596059061,0.281325516600389,0.184118774564629
0.190169268816076,0.234876498963459,0.248679259766005,0.272165093029739,0.339332943268348,0.509638048228128,0.662142280293586,0.692348743044086,0.696904469277595,0.553993232928733,0.390066900435045,0.30683621297701,0.197438484580025
0.270444398795031,0.30941376559544,0.361730787931479,0.39615658401382,0.407815014147899,0.516120190249477,0.624624734034763,0.586335857906102,0.599329105293609,0.513491707231802,0.327954042610299,0.32455110607958,0.272455623349459
0.138739254720732,0.177517885503949,0.188583826300624,0.226412700836774,0.367988142818319,0.469447043803089,0.613621533804804,0.696821918321286,0.664218101653215,0.618962548400565,0.433858011679149,0.265438162763749,0.173098703523154
0.203141758902573,0.264001599065848,0.284791475695726,0.319654357706793,0.359912200704983,0.507089464629223,0.691005813301563,0.693274564342577,0.707731076978201,0.570778893533454,0.455943243721076,0.383668788633121,0.254458627613218
0.154481760571592,0.193357846667815,0.204585000515395,0.244851004463827,0.325180613728674,0.44838353437691,0.609413381439752,0.694973351009412,0.677016094161099,0.553562367765521,0.404240276171935,0.291853904657122,0.182922229816991
0.135856498717974,0.170047870512779,0.17260978070104,0.205961452568386,0.282698454296427,0.482255042446974,0.624420796058043,0.685277877602288,0.688019956356057,0.509424564686709,0.38345983899903,0.268174154664808,0.163150360506002
0.246101789900487,0.337407114189209,0.344371564951194,0.3594019296242,0.422158801555111,0.513151084875888,0.53207780574322,0.565836641400505,0.554631129678464,0.523422292375745,0.368521485320172,0.283457309412943,0.239084488159434
0.210382282378465,0.2771632041738,0.277979383549274,0.306845613954436,0.402354890254357,0.558343665568962,0.593277095187933,0.572523431975384,0.535862298610591,0.490025099509347,0.317272810536256,0.237428645004889,0.200407385011547
0.376426936454208,0.512058723035755,0.316000122368966,0.247311061019922,0.236842271061898,0.262503496240012,0.230555502502414,0.23437555136576,0.267175773298576,0.233294342391029,0.211831826849631,0.192061618202321,0.193226681874975
0.309886744879176,0.433893840480683,0.330224333352214,0.281191870443143,0.250297364909211,0.291797547492485,0.275076266851941,0.260840276311625,0.288853650433674,0.267937483586566,0.244321481200224,0.226365801961257,0.197529529271556
0.226348813124012,0.283027862828191,0.274888639009131,0.295559669176826,0.364962300170489,0.470046217753539,0.463476245376927,0.486713092198468,0.458929668214008,0.353986159911519,0.239559686740731,0.205497477578946,0.193799323966618
0.308544942299362,0.375580004260701,0.325918641979057,0.263762161011238,0.246476041405243,0.312712880142144,0.378311000457038,0.396698078979379,0.406067595774705,0.350261784176166,0.271306173239236,0.212261171299271,0.198847279716204
0.299598309823035,0.373218030786979,0.362400139134185,0.36452429364453,0.384637403774158,0.497656609151419,0.549265843066576,0.623713567350161,0.663544306926717,0.561583620389658,0.474920997952303,0.417650526516051,0.323192619266451
0.24169854693175,0.318934135901193,0.311647438700371,0.33339774516836,0.392464183903264,0.487911896492315,0.463836548912229,0.450200123706194,0.409146820592736,0.343400369869011,0.249714001583821,0.231421257222654,0.230464654079273
0.282870103250534,0.359410794121395,0.289640833355292,0.26355774354432,0.237424034625435,0.313296154306045,0.316740673708822,0.388805154181465,0.375944508491977,0.351058943729576,0.302848166219716,0.245215917429931,0.222833650368588
0.340450197359086,0.46257062725422,0.312738183018807,0.269315033570666,0.277329031701546,0.322890317019742,0.314908394363081,0.32867300317429,0.383823273401139,0.325345820044023,0.29169409716668,0.264090569064422,0.223822935500944
0.510105846377091,0.554902678438553,0.568983496651191,0.536553301260984,0.51561509829536,0.5554459362783,0.609446713978926,0.56127445673123,0.574995429050024,0.589363993825515,0.488559754064022,0.431103336359181,0.429033869795873
0.34547911301134,0.371345172667785,0.361548082184981,0.396162360082567,0.389848549149191,0.53775272082612,0.646463679831927,0.650312676210977,0.639737388776054,0.613782933135234,0.487796435353996,0.338660922169688,0.278535543172995
0.419186186764846,0.425276102279887,0.45745403635971,0.429328291352826,0.475604112752406,0.510023033889509,0.542340894990548,0.590020682630634,0.574840092933685,0.507582078296594,0.423972587910341,0.340840588963761,0.255533969666766
0.277213399251826,0.264819902863257,0.297468396860857,0.347361892459452,0.392862231991002,0.51289394019013,0.672839643107909,0.669996819682703,0.590473319305362,0.493584409785149,0.305441172821257,0.253563780162603,0.254698195594048
0.500417350371033,0.552553089645123,0.528818003013908,0.528847538256272,0.504543984042483,0.593575532537428,0.654056857623162,0.669473840806728,0.614683383334101,0.581458475359487,0.459465601723544,0.419799702112001,0.419840355119846
0.268305355215925,0.30056622452299,0.261212026396639,0.32006231327384,0.385128759689068,0.501067785495951,0.587181543659941,0.593335933832875,0.583667787445629,0.568002444932787,0.458281510271559,0.327017707579753,0.246015497064503
0.343384256768054,0.370241504568372,0.353492066167969,0.412825932542635,0.478500597627038,0.603963622159956,0.680023248645557,0.632742858826295,0.582499561856186,0.546699900451938,0.424842926096992,0.319073729753769,0.280501201231947
0.502575215223434,0.610457993677637,0.598008360470837,0.585610430419456,0.540002255799251,0.552784665297347,0.679068182296679,0.574274677103393,0.569441209903364,0.566278139293569,0.505644116966798,0.465236766078695,0.466489420069007
0.431388553462954,0.446689544524499,0.450816646813907,0.445933332489986,0.482706093970027,0.479651629530597,0.549731949431798,0.546985322310369,0.56204496806807,0.501391506395848,0.44159464934032,0.370178746674037,0.265951586830574
0.419212370929144,0.485825818455676,0.49638549050287,0.514605165896264,0.465417119919221,0.519565316629963,0.623072116688081,0.627302598569636,0.589567110226583,0.507272675540015,0.4547275830782,0.41202253725119,0.393489220330408
0.413125512218175,0.540394338468827,0.541934931356455,0.544892535579755,0.541150072733294,0.510102507780565,0.657217771312021,0.557992752061853,0.534748891606165,0.540476965851414,0.479893663811024,0.439111124004416,0.430650491485463
0.424998995177633,0.406572117161667,0.403939939880014,0.430052056419395,0.425741434459942,0.67032439739544,0.708175291418263,0.658254967889919,0.602227212772891,0.554296394875564,0.434371728794756,0.347725654174115,0.326055074644934
0.382404233394864,0.416061625843157,0.421781385445927,0.414275631797424,0.526212363209537,0.487063725143504,0.587681967903474,0.540987778395009,0.554019894753488,0.491114246264994,0.445386433663755,0.379129299635327,0.283017368160563
0.400027307298684,0.415067320920616,0.432667107904512,0.419242527620511,0.460192316054298,0.486680551757465,0.522356423924063,0.570709410965537,0.564232671324462,0.49246904949566,0.416894886138602,0.348049682329001,0.253372472555419
0.382014572525945,0.436868349566091,0.488853489042787,0.456965073434984,0.539129932365595,0.537656200797463,0.579576523697243,0.580108587455749,0.54449371643366,0.537208359030855,0.425180078331747,0.34938780499279,0.282504185971292
0.272170281554376,0.265746135206941,0.289805487755733,0.397678626634811,0.475824482701571,0.604395287779112,0.658404636440598,0.622163152303697,0.555201639349589,0.504119920993119,0.354399037060535,0.270707736607611,0.265120452865648
0.395452331617572,0.457115974839038,0.431368860823751,0.450604879968321,0.548464195247631,0.506620318784368,0.59805755173386,0.527604053560268,0.516046663569114,0.455792897783975,0.420473613627816,0.363335950914028,0.287731952826858
0.481750626375509,0.548095201584468,0.537367433752179,0.50838438823751,0.508801260829201,0.565259188464422,0.611357236214384,0.549658931639395,0.542339460222589,0.513159213803792,0.463118624125085,0.407700854067414,0.393921140312594
0.44916981710196,0.587430833274145,0.556940314134976,0.590159921085855,0.532887833210836,0.603958369633569,0.660703898879902,0.611077172619115,0.563526516765355,0.560059637129307,0.488271363058694,0.444027965092672,0.43214435548188
0.189319841969558,0.291124959377739,0.383477464178374,0.470697140944568,0.563342144908205,0.590614446137288,0.502108526135998,0.482297604628481,0.449333381599567,0.305181550482093,0.223362767319182,0.201181876728484,0.173542500357132
0.211390454320749,0.307236870078227,0.363120014377319,0.506400767899037,0.594656448453946,0.53838821392869,0.555558112771077,0.511966204171932,0.435843951268591,0.336616762847839,0.2115240159157,0.214769159126511,0.181240579351355
0.220149507176782,0.300454027704796,0.338892078002713,0.624711914495528,0.687536286485725,0.607595109281497,0.543994663314191,0.538658126589699,0.364288240329674,0.310112059140225,0.218908938923773,0.217861233762105,0.187008897634044
0.165995423910445,0.225710493760521,0.256252592649804,0.522634641937074,0.534263706964114,0.625890064427722,0.556604699983755,0.578182395802119,0.381150516413152,0.25916895310902,0.196701386108576,0.178852691419852,0.150028683946012
0.289552061534146,0.406240020031861,0.42344006687019,0.564907198776622,0.602355291993796,0.541705974363354,0.497927242477073,0.531384790060477,0.451758031707445,0.399979552756904,0.312608084709599,0.311695457624608,0.255624840874782
0.20986806156136,0.316186513874489,0.345940054457955,0.515049963132276,0.565124705857674,0.57731605702422,0.514660802879751,0.556570598944279,0.390775205747817,0.316561747840869,0.229605466917089,0.221986849799288,0.198257234350221
0.235210571243987,0.31922097237327,0.338444564935913,0.537702971882402,0.538578982413624,0.588974002488497,0.523657375622051,0.570699975519767,0.466423953326898,0.364122751119234,0.308168398434852,0.273921158696334,0.220951302184862
0.285300425743819,0.353044660627231,0.384160004100979,0.541606212620991,0.560254244435095,0.607659746802384,0.504446285944511,0.556068061706612,0.428196916300627,0.368248182898504,0.273328757879358,0.265785747963223,0.235870900728766
0.215327533229917,0.331897181117514,0.371154292395849,0.545772915927709,0.572196982021489,0.548116889673681,0.476851171701104,0.552294724337721,0.429492468345466,0.369907053284465,0.292310689228536,0.267372378626198,0.229190699685105
0.305900738505172,0.388175427984476,0.404650244995072,0.56169665217966,0.565686783295367,0.578065903516705,0.49200050799383,0.554044661390012,0.420323563168222,0.360786086937066,0.308025059894512,0.278917119531227,0.238371670185038
0.139113086486174,0.219415675520956,0.264776985641824,0.257813066907782,0.271566961530501,0.438889860802581,0.555480969812217,0.645339514705321,0.595116107980765,0.569163002789019,0.434601266809961,0.259737257530318,0.202312842920498
0.176306465562156,0.273974317190894,0.301091586361091,0.310842396569177,0.306861703294439,0.370854719623003,0.502996175002872,0.513669131148326,0.583865552004609,0.554549071066076,0.398972763415706,0.302028097152897,0.227335428411517
0.154944301120455,0.224153511375756,0.285662861644362,0.308441641108576,0.357699381745498,0.438751676163352,0.529188934095919,0.57215983088828,0.573229747567772,0.530771052387436,0.409024777386766,0.32920647115396,0.259084892733666
0.167069596891096,0.283856719152801,0.321319462443138,0.29513095146064,0.29949134864919,0.443984997802987,0.598266230904309,0.683373831360036,0.630628603629574,0.612617778300117,0.444860318818858,0.31908771428223,0.270863154939731
0.174554129965633,0.223299231685283,0.269888311722664,0.270639072365589,0.304190784469963,0.422192893159773,0.617933740777797,0.603985481112864,0.624346876936499,0.564860939781379,0.381126553318455,0.262652456677488,0.205541499818497
0.190478073697281,0.250842109573515,0.322087208719434,0.321820422148795,0.37753871246739,0.452651814547267,0.584881092312206,0.576975709956583,0.642328409050478,0.54331871009472,0.353839356149922,0.291391243765289,0.235677068890743
0.109343068590387,0.160600698025154,0.196496842204129,0.201760693267504,0.295184511949684,0.509138413258168,0.626279605566057,0.632649277652653,0.659839539566161,0.572692756652829,0.361395149924882,0.230236639871029,0.176676784079285
0.182133238590886,0.218545654787262,0.28785898857978,0.303706356949853,0.361981277745899,0.450524948917095,0.572141330323224,0.598704133699115,0.620439496689776,0.585236507743402,0.392040629874609,0.352696287871479,0.251282148165465
0.13790982618845,0.193901469338251,0.227379274189293,0.250476759949433,0.318827089431089,0.421234957220893,0.547178187067431,0.590307919253185,0.597349689966922,0.532469001243261,0.337361678195651,0.255935711044288,0.217262480857917
0.185053089007284,0.203739419868149,0.284775321039001,0.379252872611224,0.410488239510009,0.481557666277445,0.550073523876657,0.614665262600222,0.602788952544322,0.601231009387606,0.487111776210152,0.363179723898787,0.270563660072304
0.120525311752681,0.156582384118743,0.160721509656197,0.190933583585585,0.260400140752675,0.383596111121831,0.472504679439928,0.566195955488085,0.561867201612213,0.560448732526989,0.422342514366325,0.252226638278744,0.171348394846717
0.132396741366956,0.165878299508849,0.192666109552582,0.243779703631736,0.326566345648456,0.51453455540616,0.632972653076166,0.709819976690066,0.681084127507612,0.662826448136123,0.416506837522327,0.281132614070139,0.152273070327762
0.141174682288047,0.176398736528907,0.202899596219298,0.235796944453916,0.31525460755405,0.484538648295874,0.60789833801741,0.675568999109419,0.668634557197916,0.639072751336029,0.4474173923731,0.282291236334325,0.162038911999141
0.156640127717494,0.213239853863264,0.264961663555341,0.315883531029205,0.377058273875909,0.512227851895626,0.578259926078571,0.656525799871023,0.664720683062973,0.661230429573169,0.503377395842906,0.337024316543632,0.249802402419604
0.122720827457016,0.162959019794805,0.169790812373464,0.194158713425142,0.267629785158243,0.480956961498365,0.531724725502392,0.632323990097647,0.647867727542118,0.579091566110609,0.490210618900497,0.291855093236448,0.176352363346777
0.122553454689807,0.146334538410942,0.189800743720487,0.251608058225773,0.342461835715865,0.468701829764387,0.559195017722627,0.583515110275228,0.527926548461516,0.462352660222664,0.342808696818595,0.257784690059151,0.180329074560373
0.137320148784206,0.171828581964416,0.182389019816124,0.198722857528363,0.30332517190353,0.436441758896354,0.569682644039215,0.679363930899997,0.653334321308245,0.641522048156413,0.45636662442442,0.256447799230751,0.163628029478925
0.182987465694371,0.244498868169397,0.24896103616851,0.321885662861573,0.362240608099138,0.517353909723773,0.558069325200702,0.607659075742066,0.604487237995503,0.574533012711731,0.459382318983789,0.368586542777159,0.232345371788943
0.149048593662281,0.186787150259247,0.19646088560876,0.252422438606017,0.327686983233718,0.506373660990667,0.641494051999154,0.70822104096562,0.699121176849219,0.601651323585306,0.433130012215084,0.322423630504376,0.19397179380982
0.13376921536696,0.1641297129754,0.168528923303615,0.214372338922809,0.32391306357013,0.495785963578227,0.645778005550519,0.722593609559844,0.692962661965212,0.610645872401638,0.404844570748173,0.281374346807632,0.160695291953649
0.201847847331812,0.24289917546567,0.253081293677099,0.302405341295021,0.348028184555906,0.515969081595606,0.682570427201632,0.679682952061607,0.660602318635897,0.561887457405105,0.401014224631655,0.311584845696087,0.211632006742805
0.152360735673891,0.188602578152839,0.201651524669126,0.244683700898774,0.350144754618347,0.498747579185663,0.614046893427787,0.683258144121816,0.653789266809214,0.591697579010259,0.429183139042724,0.318064876381816,0.191602997960035
0.169788560403674,0.233755048798585,0.246601718174929,0.301146928892183,0.374570171617916,0.514463224007057,0.616603748706664,0.679806961394692,0.691135781958502,0.634442643649519,0.502227369093688,0.385584177216667,0.245926104835851
0.213315010553965,0.30243616918026,0.329659138428594,0.374988197528194,0.407741562014259,0.532109264171497,0.662790538521676,0.658989852822576,0.712611592173763,0.585896839325324,0.48113653814774,0.403509996698049,0.301764277141722
0.129155614452139,0.159358667191115,0.175244655048262,0.188283250661625,0.297844373540762,0.432153186547645,0.60048298760736,0.69222292577934,0.680410166611759,0.654494872283713,0.467159195008375,0.274553118228766,0.161469645088076
0.132946355123575,0.169007513111263,0.188492570040543,0.215089135566352,0.306756192237452,0.481540609348484,0.535401822439095,0.61232295035334,0.639776840704387,0.565582885617995,0.477979453036369,0.289875940318875,0.192167212278273
0.136365798868694,0.192960988969451,0.18873633102456,0.214208968607946,0.288428637146539,0.435121466821384,0.487182112816064,0.60495306639388,0.595437543498207,0.592397104184198,0.496095982561908,0.279655040339216,0.182228105879806
0.151215398842008,0.201966216218275,0.246541825190477,0.305764050395135,0.343670639353195,0.481777477256259,0.564020164899846,0.632925498741815,0.62351197227512,0.608544337610714,0.46834867527855,0.356236783292695,0.197834019064907
0.140845120103752,0.188103761398248,0.193177972611107,0.211092395040719,0.309139478031801,0.422304767833347,0.513509520721741,0.646176051998064,0.638697221206691,0.619734689095953,0.470275095386776,0.256475816051478,0.185026498513702
0.130299715083383,0.157000722560987,0.171107231861115,0.214195475742299,0.33090854668202,0.529261099617024,0.636079218600657,0.707047036349174,0.682057314771059,0.62072240045293,0.392491169769448,0.26951449862716,0.153425869625426
0.139697377162095,0.177218145132608,0.214374211724043,0.262786366527579,0.304343077418333,0.460414054135917,0.547990727010247,0.646240207742768,0.650513181690507,0.624961341782963,0.484990724998914,0.311590536368741,0.197166935678669
0.194763849427282,0.206844954033857,0.272558244407654,0.339279840878273,0.396994830870181,0.535370943975842,0.604916651289541,0.642885398023943,0.576247816121506,0.542482480365519,0.432593020403916,0.304217803938116,0.236120920611962
0.163944031841933,0.194997218329646,0.201601266225457,0.242050010730562,0.318185090334844,0.505790428793349,0.682105575459876,0.713955763938965,0.691480800562827,0.586253778297437,0.397298875391423,0.295611274476894,0.185141575139177
0.140685678832018,0.177058779135539,0.184360738694529,0.198224279237088,0.294710006957178,0.407088852882547,0.538340889672462,0.677034941683305,0.654658062564988,0.627464190327726,0.467284526471921,0.239438207618712,0.173787992235998
0.131594650370854,0.168650242556616,0.20289588091255,0.242345970031536,0.315395144166916,0.499904257136303,0.619474096748804,0.674540898421216,0.678091701190102,0.654983364013657,0.467521695296641,0.307559331666074,0.164471587725376
0.138470818751827,0.171045263808281,0.169933474647829,0.181031937553156,0.293120731877003,0.415946433346202,0.569114629977088,0.696202050126709,0.651700416504946,0.600921674485959,0.461577378018787,0.242808618781802,0.170217217471823
0.186637876945418,0.264896026300745,0.278795324394695,0.328356894817444,0.371568285578456,0.551614165429574,0.634365686627583,0.663366867627216,0.671842170727793,0.601277748957184,0.463372559156309,0.380947087072717,0.262064930309921
0.123572955715849,0.15634963488639,0.18853955429458,0.267781905451046,0.351610777172753,0.44019723931903,0.523893908326276,0.602935527847427,0.54290560627838,0.489720257396217,0.393041552035034,0.268784240427354,0.182286300387682
0.142990215847541,0.17795595148597,0.21046858750128,0.260081019427537,0.346302502945733,0.506167099389591,0.519751310213133,0.581129776280605,0.575162605524254,0.516289907668297,0.420818413182263,0.291148391195628,0.204547055997825
0.134127508194429,0.165701090485765,0.170248017235083,0.18454318692277,0.288330788459378,0.461455611852693,0.56411876129489,0.678559135908261,0.683615938688121,0.624373171533592,0.467615846078882,0.233715749264791,0.159438032037974
0.127424008395786,0.153580540626431,0.160481860135219,0.188966261339232,0.277005204098207,0.482858442180751,0.583894655864024,0.677802918197733,0.685355626221364,0.61498271068962,0.477538310189161,0.273047440439862,0.169271848390496
0.15960847270315,0.218901789606367,0.261336658714469,0.329698243540287,0.379369556151587,0.512044185871138,0.576418027226624,0.639561301403237,0.618862654158964,0.599769876698396,0.482374852041644,0.38508147635758,0.224134468882533
0.163830190934037,0.200683557816174,0.20166592289827,0.209366858989355,0.301694776532393,0.450848155898815,0.591918750376641,0.7212457033515,0.685091063192132,0.621001556951837,0.495956896712789,0.272301677563707,0.189291662592844
0.130907925455541,0.158091737093755,0.194008405534745,0.233644153972524,0.285242030583282,0.476741144992359,0.583573099542396,0.674609621238915,0.687535991399691,0.669601287357252,0.501742493243997,0.330953828306404,0.171517273679586
0.158703833287913,0.213699302695621,0.276684049786127,0.302491549108137,0.387050207953955,0.529827526507616,0.557055745487179,0.595641939316536,0.599015264200213,0.587933828646451,0.487687586081323,0.353548921871958,0.259418884224906
0.156518566572302,0.196988604768713,0.221547276910218,0.284702222344062,0.362856785482874,0.51252118640245,0.606181961992654,0.68869002450984,0.656491098341167,0.613696240940006,0.455392131906792,0.3452629513267,0.201905032208994
0.121963343668285,0.154509903451651,0.169716222954579,0.209561445821684,0.266147053703885,0.434977063114999,0.501071196419883,0.605965034558088,0.596661745508148,0.605489196700539,0.452508935107513,0.282043100264653,0.17910664534003
0.134145093550993,0.172343942216024,0.181553719919626,0.220852913112431,0.299072533152512,0.488719700000627,0.535186441229603,0.621983600733118,0.61554399521948,0.554382370926462,0.441053151289945,0.263233159618604,0.178054920737905
0.112856698065451,0.136588964873513,0.147673808368172,0.177797775846264,0.250496178903017,0.411211482931255,0.531238435922175,0.626536534847799,0.618627953100305,0.682520683470642,0.440958780740094,0.243823299713205,0.16151616701422
0.186021378363015,0.278172935143805,0.272759739029957,0.30327084176976,0.384092029453363,0.543497533003369,0.633892320006799,0.674681494080495,0.700072683596216,0.61387191782484,0.501508456750588,0.413855701984938,0.283335200445395
0.141679042526308,0.175406718444164,0.19636177027359,0.247898786021136,0.333129066433742,0.488384060854821,0.619935078453217,0.6915358810174,0.659330997863791,0.637046499482597,0.4351025090127,0.310654163485903,0.17739722743174
0.130800526673599,0.159674288563037,0.177361326547617,0.215450174018024,0.319293995618179,0.514469619180894,0.636530714214752,0.714392771704771,0.702243536491655,0.665359658675379,0.419544989772566,0.270212657013514,0.150764763340763
0.206419828678421,0.264594409501675,0.270747298818668,0.312205776530675,0.390344879907213,0.54278917999892,0.652577594070422,0.685104482255888,0.693371630836237,0.610399917339214,0.476162464772763,0.390086199096672,0.271391819058764
0.135732658876369,0.186893226719949,0.186571939683171,0.206643668161125,0.303598409369953,0.445165124157188,0.525716231780511,0.650164176981571,0.649793060060454,0.61217164967971,0.499378931453549,0.272402020458954,0.185459707154296
0.166407420491914,0.230898393245163,0.248060003993994,0.519008331164703,0.584927398351587,0.639816860931441,0.623480992087585,0.619191559486828,0.499103911062004,0.323217030179104,0.239619837376895,0.218226391829948,0.175724915361025
0.201140568328229,0.256549121820886,0.286511772637789,0.523857755383681,0.534362389175497,0.598993083366845,0.616223075587614,0.592708756290425,0.445196754821295,0.361726419200319,0.317643645743111,0.275366601647768,0.229984766938054
0.165904355158258,0.229832554424757,0.263552094043018,0.610410600474329,0.632887791276226,0.662311445579256,0.581897260258365,0.633152154343824,0.427140812088225,0.325913181837251,0.275267439150437,0.231719930275835,0.183763992123979
0.206028760175617,0.26702849481693,0.298401132324576,0.531911008175043,0.542295087858316,0.58780647621725,0.621966905739682,0.599430295472637,0.461234675327521,0.353137027359766,0.308958735377453,0.26071065677734,0.210725206307685
0.236200373408985,0.247133627757145,0.317220102845221,0.454096405858442,0.469895678891241,0.500007315267013,0.601979069771863,0.5497066993855,0.502803953786539,0.481464591504089,0.407504102368948,0.332026409947923,0.253923628511423
0.230437209218088,0.301983774853538,0.299242434787477,0.451537420991276,0.485710739840905,0.540907740116479,0.599227365911548,0.618127652765651,0.570442317408792,0.446401473537615,0.373093816198828,0.32815454203961,0.261486498607659
0.17961388951302,0.264640165574432,0.303584972659889,0.625095803923859,0.653896269633325,0.695625303059485,0.600159477285215,0.608842761977708,0.424715795909958,0.306033693526757,0.261650274975501,0.220508804894297,0.192517155330062
0.186923031299795,0.24371863626109,0.270552377575779,0.523591426790755,0.502241117853154,0.614725313200606,0.609672135929291,0.61073637465739,0.455951551936846,0.344489797243144,0.271190494952678,0.239025478136718,0.199968318086281
0.213351344478679,0.27269789680368,0.299724947701001,0.525386299432124,0.564236906821522,0.599280989342401,0.628724389881565,0.604946634483369,0.508719438234796,0.396861887242564,0.332707835545337,0.279738479970756,0.23373070628198
0.173363245006151,0.244261841019395,0.275245233618619,0.57936857264321,0.596970424585425,0.685549729240099,0.593272352466212,0.60889404162138,0.42683147278789,0.293699697522754,0.222228491641895,0.219270973769818,0.173938867454752
0.216254270038017,0.288283574664812,0.322805549820894,0.47787497938307,0.515589991467877,0.550911144442171,0.578168393704942,0.537109041312871,0.455574860514821,0.390466465257296,0.355308457016537,0.289846680424844,0.230069002597197
0.283606138279523,0.313980737438156,0.310753446084541,0.330625436189893,0.361258335733924,0.493578739167405,0.631931194573451,0.681222747715947,0.720726638658746,0.579794563219738,0.479381744124872,0.275200024554386,0.218568735824201
0.360937600807919,0.423558036824087,0.394905681255824,0.426937045231975,0.42659893586702,0.520649365300977,0.539949670641867,0.545667537967046,0.55412433122904,0.518058863442918,0.471763051636222,0.397448045537323,0.37948283339977
0.28872370098565,0.372194056636617,0.356451281273917,0.372467989148983,0.416579896788047,0.51112396346013,0.583462594215747,0.609967827007881,0.602710349116669,0.528375074300181,0.402822632353486,0.316832830272602,0.287056137026886
0.401147908209298,0.476561443637871,0.472337689200368,0.477957958256179,0.434290267960921,0.517656623477845,0.532906047534485,0.520687900894424,0.559178523194437,0.548214027619348,0.508929744081607,0.424148364026903,0.398047901059414
0.265927054922164,0.25035005165142,0.235007091346606,0.266634669301571,0.315514934843561,0.489283266318354,0.587697142199347,0.619274966970419,0.58754890670207,0.566763609964724,0.482552928592077,0.320098373805942,0.211264195126657
0.306880440400356,0.400141430621596,0.422988429337368,0.444332559556893,0.428326728611248,0.543081551540453,0.557739885193856,0.625037957811171,0.633316998226569,0.519123531237613,0.436561750658606,0.384424198734578,0.356674152452689
0.280181330343387,0.307401863681833,0.300315085971981,0.339131609917668,0.436530893077691,0.595790865274198,0.645930114227625,0.705075138529278,0.672259476219068,0.557446608720243,0.356867743691946,0.289876676492667,0.253684204544266
0.279154949886678,0.297110898034988,0.277944852316084,0.267051218728039,0.326015391248215,0.459285050313337,0.528284996719881,0.591911895385709,0.636103041966123,0.594571657380516,0.517127672106951,0.344202081679721,0.202209112434662
0.275930095710258,0.331615875060762,0.354266555843538,0.371279512466017,0.396641457347219,0.515122005402291,0.624030928095368,0.639382811705971,0.687883158180381,0.509159299822075,0.411625874801344,0.275276760232736,0.237857536524516
0.434209656587324,0.524172132846891,0.563648830355701,0.590861246840706,0.550673954942267,0.575037174563765,0.559249655847254,0.567101399721764,0.623396076124389,0.588280997868707,0.453204991547089,0.426451127158325,0.423436970854633
0.243622367650894,0.341602413048799,0.334978166529836,0.345547836473993,0.398098712171671,0.526362182824164,0.638061019458168,0.672369459017199,0.620834179483511,0.522525008316613,0.382860144862234,0.303536229678792,0.246838043816139
0.357592025655836,0.417910795377933,0.427981861084453,0.426060433333109,0.422433662538684,0.54450258661019,0.566730751969589,0.638004519581144,0.657121682608366,0.583597658574877,0.456152255860848,0.358913607338695,0.338640392494289
0.322005674531606,0.376593022467188,0.415162740214521,0.465788616962618,0.436963276263417,0.517993294844601,0.579171242889234,0.605155020962525,0.636328039625697,0.521724936882318,0.460227699149023,0.30694514805288,0.281141732962022
0.292850638160111,0.382073106971378,0.397952051234236,0.418366395673141,0.456933491259806,0.539719313970209,0.604908839946994,0.625638291445384,0.6138637189597,0.563395230439312,0.423779986488818,0.323146970155822,0.298294560593354
0.255553071367606,0.290595869160032,0.331821580153336,0.335956294374369,0.389258186566841,0.523604597282695,0.640475295612171,0.677759450267298,0.708505442905616,0.569744341000626,0.45238286441988,0.265869814162845,0.21798364465824
0.249335749580351,0.277171538350891,0.295876981157571,0.330286458862794,0.449540163013677,0.564537484556156,0.638218861982187,0.695879980939639,0.654330988808675,0.555131480129965,0.363454472926119,0.275582461937662,0.230003218081662
0.158782360235691,0.201078420942647,0.215543277904259,0.30088922324972,0.363515190262679,0.480097380530736,0.541579008075274,0.570762402834329,0.567819311260299,0.542459251616901,0.37930301636667,0.221874697818605,0.161048053599057
0.194078639662187,0.207326075842014,0.212758412123119,0.234063360954724,0.349767054119724,0.475610412744932,0.649067380736282,0.695315305901883,0.621452340574851,0.56880753706566,0.39816689792887,0.207908927569643,0.170029338929083
0.204924389356466,0.245406638109848,0.253896142369991,0.253017777055562,0.352456823693646,0.420356187468854,0.553626413822072,0.643403450286396,0.61109737664444,0.563147863168195,0.467263275415892,0.306423268806023,0.219841012324506
0.189841900751398,0.230527333134882,0.238539326035598,0.237390305224074,0.315774862256821,0.419573280771896,0.561239748285056,0.656285907305218,0.657720070125474,0.605977078683696,0.489034176333399,0.313666355470531,0.213468039938598
0.202923699927614,0.229041408416391,0.240901406206656,0.269810459563523,0.357255340451614,0.47322547222518,0.569011888865654,0.664778329902306,0.586464268561995,0.536254282918755,0.424435280128935,0.276338840337225,0.216618966879681
0.173947957243535,0.213823819441013,0.21490888310355,0.234822859455185,0.323866128720498,0.461201719202421,0.5803791763101,0.703657435962389,0.648100533954903,0.650710742284413,0.492901490143268,0.258901721653188,0.183660287808496
0.195888139171476,0.239834186765299,0.241568518229562,0.264193091830269,0.343923057774118,0.458697896646146,0.599117222994297,0.661528226505863,0.624732985047606,0.546844204257158,0.453679108174891,0.254417748217526,0.188585670628835
0.195051661073431,0.232267269571319,0.241594549793311,0.260097396917771,0.375709914136762,0.517631684238252,0.652420680363962,0.664645756092958,0.658582597979648,0.553891407418841,0.37202479041584,0.221006592815531,0.178718967972902
0.209200025640137,0.251140861612416,0.259413250183388,0.260524610411911,0.34800381976903,0.422981172259512,0.493664322150603,0.595809693180412,0.568886022457624,0.544659794598421,0.479261842400185,0.32538993304694,0.228299187680068
0.177988373646511,0.207199024902843,0.21523787883222,0.205191604075395,0.276831451028024,0.405644615806449,0.532466361434574,0.609444713014373,0.547553560885232,0.437343099839961,0.375462102276829,0.25510010524783,0.171660289238764
0.201734478866409,0.225095719854235,0.221923758982829,0.252465480339752,0.369407365484571,0.473497477297451,0.628993542314284,0.673092307194589,0.605302325356625,0.561108864219418,0.393564766258497,0.233276575157979,0.19041729482888
0.185678471548088,0.238581801746498,0.23405884164519,0.242289511681956,0.315948915659077,0.436407589364095,0.564834748731651,0.667634063243904,0.639524791327011,0.576884072756856,0.501563628491591,0.274579584610912,0.194043506731078
0.195568491313242,0.230116174644485,0.232847225697182,0.238833151328228,0.331870365923423,0.452398794358323,0.596015804007332,0.706696360774352,0.661174100929614,0.623214844980615,0.493090134247928,0.306031228734812,0.202319860644429
0.192909272627142,0.233705885395008,0.232188067476331,0.238264892405265,0.320186709570556,0.440279800480311,0.542396165913255,0.648918843809844,0.62474048198048,0.587657164951335,0.526551169656842,0.315495882487974,0.203539080652039
0.17215899321135,0.2074570682221,0.205108999144955,0.219821371209421,0.313848107338356,0.445661396380505,0.589283846700138,0.682268894118283,0.651922455847541,0.620921530999491,0.492431468466677,0.239317503974273,0.166737443563
0.172773858952747,0.199639454943077,0.189122646299484,0.222458430693376,0.386289153699182,0.507171247738711,0.689215574389381,0.714421139250511,0.672672585604469,0.580009021396912,0.348745368538446,0.188154754721271,0.158458182910898
0.198624755183702,0.229116090093338,0.227554107751359,0.236597560457825,0.306210573756256,0.394897377375261,0.600427206340308,0.66342607126075,0.622113411615041,0.568819195114573,0.402365687290269,0.224059379693836,0.178854894472194
0.21916653436723,0.299179218990574,0.280177027127909,0.264785053979805,0.311121960476225,0.401245004737009,0.526119239955218,0.656060475906566,0.572782607471775,0.526044622199251,0.38804982924779,0.256987063141363,0.20028243035917
0.206197404362531,0.251629120413132,0.244800548815103,0.26946128573687,0.373528965103439,0.498039734498229,0.536588039522895,0.592206155048722,0.537019075308949,0.443518714698544,0.307411710685176,0.208361269235534,0.188609769474353
0.194422945613118,0.20262524861458,0.225174192037641,0.268741251496722,0.362071322950989,0.485895346550987,0.607480805948618,0.637272347641936,0.569673167129887,0.528567325121806,0.415933819750678,0.256535375613319,0.201449414752773
0.173722136183671,0.196752701755193,0.198373183774795,0.235337706671485,0.373744446627156,0.502382342506944,0.696497785104234,0.730973800779801,0.642068634039512,0.605174051817946,0.440939073147143,0.251123680073103,0.177974696970603
0.182011266950517,0.222485297505185,0.223745831272005,0.233837443324924,0.30768466641912,0.404929478087176,0.555758007247597,0.670044356568158,0.594527972150171,0.545138601813045,0.386155262255716,0.223297452728685,0.180593621534855
0.202285637201195,0.253266916666683,0.268930761483091,0.279320789845303,0.385313724554769,0.435727415015025,0.539618767895687,0.614059970211537,0.574413157222688,0.521910096637423,0.435376085329152,0.320703502620856,0.233973084440224
0.244629720164506,0.27097964182315,0.290931771056676,0.294048989755551,0.372788770016959,0.429797955015217,0.526120515826343,0.603333382198395,0.540359418219243,0.541422595618703,0.447802059789208,0.325436293163088,0.23866421719346
0.202462126572632,0.242120765045179,0.240849529063737,0.260255774581764,0.358189485319467,0.440405424133522,0.48712174655532,0.532085762752768,0.543321663838044,0.481002963867393,0.302154280371218,0.214580207522385,0.184671269787503
0.225999821019033,0.287959727637057,0.300730240013074,0.325363550513587,0.395860761438378,0.501206481161362,0.528787312221506,0.590688294677902,0.532507768689844,0.441219606955824,0.324930576134267,0.258397507699614,0.215035446345589
0.20647783387421,0.217786020833246,0.217570648325326,0.228726874680724,0.319424321705006,0.444162123855991,0.606795094487821,0.691441761612337,0.629045098615333,0.566244584434163,0.417341105307403,0.222718120994882,0.180384281524117
0.191168410001318,0.234508579905322,0.232400535781666,0.213640657009175,0.25410847049467,0.367797272641598,0.490339302939571,0.556994508050041,0.547534248477252,0.505974300930683,0.431093364436197,0.276263068810857,0.189612955373525
0.224201065995815,0.274878563230406,0.28093973307891,0.276973803294971,0.347876580664139,0.398984882224084,0.462299987714998,0.567985884186658,0.576092849088058,0.565174512987668,0.522346104074702,0.381403525644902,0.265422247848896
0.215293947297659,0.267443474164338,0.259807111023698,0.28658823067974,0.388973323597512,0.501172475535232,0.594523898597064,0.613124734136936,0.589899825950542,0.494489828726552,0.367235345658483,0.244127596835114,0.202312951164726
0.204350817115952,0.235320111932441,0.239904730595795,0.242030821114891,0.316126643183721,0.412058051323479,0.559979158430041,0.688749704489317,0.653805743148384,0.605615702310015,0.49459028586548,0.290808804939271,0.20460632615014
0.216278334821747,0.241187040750188,0.243503259423848,0.27456931581609,0.35917719176254,0.452493819645174,0.559635660979853,0.626845951694073,0.569521056873434,0.531924632313256,0.411595689017606,0.270834698768164,0.210807480480908
0.208572346110471,0.261878646041833,0.261242632135416,0.288376090413707,0.39312260920113,0.536381975840683,0.61067497043781,0.644508098251287,0.606826179248617,0.48864817435054,0.324001588153161,0.215830123293113,0.183209634136014
0.23323458355448,0.255655994011435,0.262874529960695,0.281115637801833,0.353014331784176,0.41544095581498,0.494334076137514,0.613716472414422,0.553681771229251,0.501879028733652,0.338923027607435,0.241318400987558,0.203664587625104
0.21104682694071,0.254128777883239,0.252222081565664,0.274437841889974,0.372207857160793,0.517918901217908,0.62374383903019,0.642955736345586,0.627572286535056,0.525383449184872,0.345898905155763,0.231919492189635,0.184765009438072
0.230527478629472,0.303478936679127,0.31413711560727,0.343255770582442,0.401657435434504,0.481020787936113,0.495867487479954,0.529172116640583,0.448875713488733,0.360309586367571,0.26417929151945,0.228950150723191,0.215305824712408
0.179781735764688,0.207784539926081,0.20842531125099,0.214247407221295,0.334144655792425,0.488406192162749,0.667123682868072,0.736505153687023,0.664747041300507,0.592897902344654,0.445145127861096,0.238443385116605,0.18281262711756
0.19990355105927,0.237829175186896,0.250189928041099,0.250411179926441,0.335502483019975,0.419545646633244,0.527864550847437,0.627217389687828,0.598577955876115,0.579478724054188,0.487770404730376,0.305378484826528,0.215838558354538
0.178069381399388,0.203386365574806,0.213276613500987,0.229899384722695,0.333288528941155,0.460667384042093,0.594538054438732,0.689910953839773,0.65615466580574,0.566447304230189,0.471433350580678,0.260279957238957,0.185721468167141
0.19706513391037,0.217863457370982,0.217890357656261,0.248984730776102,0.349482594999581,0.471752495537973,0.619503833727458,0.66533144906057,0.619246508438626,0.541389666815338,0.428078506639378,0.23718538543059,0.182361201662869
0.217836309596571,0.285311275536233,0.277279302269141,0.307771673227084,0.396178274226192,0.544132202743906,0.598575769319562,0.600897165010495,0.55220205290787,0.484661541692126,0.297469818198535,0.231027755761107,0.197935814227503
0.204710841912772,0.231649897588849,0.234481348030964,0.261682645990667,0.393566319754117,0.499883508864182,0.586518626254594,0.614273240971985,0.602878227711783,0.531926440015067,0.322488008608075,0.208393174653888,0.178391227708074
0.19573686220663,0.23917798490518,0.235105802664947,0.252626287097153,0.330128342261327,0.445774973872891,0.595639398038212,0.66434053787326,0.659996125861171,0.611025513762672,0.458929755572555,0.234771719862861,0.183258134848829
0.197627353630105,0.232774414049654,0.231247413262353,0.26162124385022,0.388228131037199,0.501776886153154,0.648687531956243,0.668095835441163,0.630712558471092,0.510992198638221,0.363642184708903,0.227762843028145,0.191723020226651
0.211078263999609,0.262264395879835,0.269525076126558,0.279850492664171,0.349709291606934,0.439548276713894,0.560171362718462,0.659201032552439,0.617545228255217,0.614492814910967,0.490681564234462,0.321865536985758,0.226090251389501
0.193365165129003,0.22780270371567,0.225910266715005,0.248083886407638,0.368006598604407,0.457847326244106,0.554489722985729,0.633295456034741,0.599600601891369,0.531110967576205,0.354708721630079,0.211841921081489,0.175192782383967
0.186422933365073,0.226596131396783,0.228176856149898,0.237410690179965,0.317019976459243,0.464813076707941,0.596760486730985,0.685937825784875,0.655567209509235,0.654935093170226,0.507714121213403,0.227046338581651,0.185974181182563
0.183352671028476,0.219536364441858,0.230628889677148,0.220262437475656,0.295669261003814,0.387365690988032,0.53640266582223,0.679640558887699,0.653964174340613,0.619132307310642,0.541460395093826,0.316662273693693,0.209224408090638
0.173844674051217,0.196285149787117,0.190523198661315,0.226488957731918,0.380162737726681,0.508730188297535,0.706619132745143,0.73393772046064,0.65984083861144,0.564395821881434,0.407028140266358,0.21327478355667,0.16574112169723
0.252459173052219,0.220190932942943,0.247450171612409,0.287849002943206,0.355308348652722,0.560925264814789,0.588143458676231,0.717550994847425,0.630109810137179,0.541289924759504,0.434027753700785,0.312779398842906,0.221194661068648
0.120600587130687,0.137698799965916,0.181049591208694,0.215562124973853,0.287141255847569,0.395754976713097,0.500716558295561,0.534396969675248,0.502685179640438,0.434179327689734,0.326384673802174,0.241261390872378,0.197676427321706
0.119405145349328,0.135347663190348,0.180681101373441,0.208834392990623,0.301430640033687,0.433736679148776,0.520670193514599,0.471694650375599,0.366933219048595,0.329928537585127,0.225165200234921,0.195473685696056,0.191356678777903
0.113426868894573,0.132046834909237,0.154814221074047,0.188962747873298,0.253356295710609,0.403155510030961,0.531974016783915,0.571937897282257,0.540416830272776,0.442233390593157,0.304961156481786,0.21052728934814,0.162094941455525
0.139917085167128,0.172628476671698,0.227658009056817,0.280638245363698,0.380016787507525,0.466665000391127,0.464447031252978,0.433477616515845,0.402144670240056,0.422201752094789,0.285982113875958,0.261965912918669,0.219831791663789
0.157404685040136,0.186990753514387,0.221857901958815,0.245249762052159,0.27397736894835,0.315335426701541,0.338084914227941,0.437970026742879,0.44530105868783,0.395854835313524,0.3046126542476,0.259573141589126,0.219351086293824
0.107645165529264,0.130165662117392,0.174709826685571,0.208382415700315,0.313501617572128,0.450794776666409,0.545288636465756,0.556421717327071,0.472284787903284,0.394946317794108,0.274898708032043,0.22714220303401,0.169199336962351
0.113348715208212,0.137284349366382,0.183655085053311,0.223464025931556,0.35996751456859,0.448912555789104,0.503966312394764,0.511520057271346,0.407802711086353,0.358188654459487,0.260205215302725,0.230640030745307,0.185959207058464
0.101347075485345,0.124852892294306,0.157698787713347,0.194335914574933,0.336742379802223,0.467204061753355,0.522327444209696,0.560277436588902,0.434126193911975,0.361804017662277,0.252828608096649,0.200608506414128,0.148681373403794
0.102380150047368,0.122546782821891,0.140552769069377,0.169732967271618,0.298840842188813,0.472965082812598,0.514825332411487,0.501292262358505,0.357670135456855,0.302740098528333,0.216975764395424,0.183443062550842,0.155107915176494
0.144203343882677,0.171936590434353,0.195298820920448,0.252570403526712,0.299733164662769,0.411138639231004,0.500268677472428,0.534683832260956,0.50867393187188,0.469046613857381,0.365820169014441,0.276794639991934,0.214608813915619
0.12774910120143,0.149853157723832,0.171998800105818,0.213776105025618,0.301697219889663,0.428778979780326,0.528273336914887,0.595431484325527,0.564883035184045,0.533599882297223,0.390717314444796,0.257832875897331,0.180337823389991
0.136168820537887,0.161953199876411,0.186945413859417,0.221621440466947,0.29333010401745,0.396420597663025,0.481701282411995,0.571032400236336,0.527995782878079,0.503359551694092,0.388145053944307,0.27040008580695,0.203444434248132
0.112104986372539,0.129779217332064,0.164173755499992,0.204336114103638,0.274137449521772,0.43080632835589,0.557900441004198,0.600259894669763,0.52600330982689,0.421393463952627,0.291241232955106,0.226592897675228,0.17435547964637
0.112099963799159,0.128960751130267,0.171191190980184,0.210931485557141,0.370840220180891,0.462766613235271,0.536032477090125,0.527428027115119,0.393891099903169,0.36156582550293,0.252333415535717,0.216377437888369,0.162611623566997
0.132280334936749,0.142801302061162,0.194244048629928,0.231151923007301,0.317381889742304,0.399226919867365,0.418208835794201,0.375909219602076,0.32245589107509,0.267183079415459,0.211000455716783,0.201092375959274,0.195328687601672
0.126855124662878,0.140965214105573,0.181355735306053,0.219828812681931,0.312089792818227,0.432121507399845,0.46418595017435,0.448151580257276,0.403608124180267,0.409520166150878,0.265853285200525,0.218142308797273,0.198176802076336
0.208986246216723,0.230879269752675,0.24065951276233,0.256266520249379,0.305163446966651,0.418297338560837,0.568584090118776,0.598769110911973,0.62680479039984,0.561953802674913,0.442122099453872,0.258239655684976,0.204766848141391
0.237255377798176,0.237245028792857,0.247120341586617,0.266923467616172,0.362618856053573,0.460801323663728,0.60608595682089,0.619296612392942,0.604288545381177,0.53758405107033,0.391782502255409,0.254299350107246,0.217961825913715
0.227030686955351,0.22389443330378,0.250898314313827,0.278031037011231,0.404426385109961,0.606617918304465,0.714217448016164,0.678539724721854,0.665407280152853,0.529717060280317,0.400324986017495,0.264568915919754,0.216936314103762
0.274430013783715,0.24871976479934,0.261042162119678,0.274299437655379,0.369939877969652,0.566185951942343,0.664387603000403,0.674932566827444,0.705806519372312,0.562900739673071,0.500095572725246,0.268620368717104,0.224024389309919
0.261074421139685,0.253788632980164,0.253330277517924,0.266427061914395,0.343025498125829,0.550121393158257,0.686971484186668,0.755841576213844,0.712995686850474,0.682083862088065,0.560315489643244,0.29249195040254,0.211678580342584
0.230108247776311,0.224607964161689,0.252324234344361,0.285336188150125,0.343877445417433,0.515005438826055,0.617519806645747,0.638351626168991,0.647631912108687,0.535910999175368,0.39585012072602,0.26547096807559,0.211155011828648
0.219518032141971,0.22922820154765,0.244684788039106,0.261856368040797,0.353875816878066,0.48971307657469,0.642266437744892,0.646228897248203,0.604644277379136,0.54112130033169,0.284481531516338,0.23881024803079,0.208559276564614
0.177644620936591,0.233303185484256,0.257334178279704,0.27056343211806,0.279011395309817,0.357968553219855,0.523456551142022,0.534339712111161,0.623055406670247,0.537125416115155,0.430853453393755,0.286697184201162,0.221683732911332
0.263138560765992,0.27496822045577,0.29982270233428,0.335933611983269,0.431767235421594,0.566549623080157,0.648963507081003,0.640115933577147,0.700665010180128,0.623734323874851,0.445228539396262,0.303055468400396,0.253495880961432
0.23316802706367,0.22372366426811,0.236025888726212,0.247274148603638,0.348011648474423,0.553244081624923,0.684490507860054,0.710039383521239,0.733406592667389,0.636716114281508,0.498333886806718,0.254112212815181,0.190748385282583
0.178040099196642,0.230079098973699,0.250197253936947,0.250990767309302,0.308187646169723,0.450784026698839,0.636136563343162,0.632626036121725,0.639719151629933,0.538433631005577,0.351226328188866,0.25443186319454,0.204824915661999
0.263936253196797,0.226101765886968,0.241892796357343,0.272142708364904,0.377124257925743,0.573872460846032,0.680394906075101,0.732999492506578,0.72473531135847,0.629078970682609,0.485437647602847,0.270102717597541,0.206534844900775
0.220414114106535,0.232049984179629,0.239523648930337,0.255095692867379,0.291434217062543,0.405582831779135,0.561230751907371,0.592729441494386,0.632740962459134,0.593114064739606,0.47521474351486,0.274220373221161,0.208767516043392
0.204964063506166,0.226439759192227,0.247929275555449,0.268440966146073,0.330717758053977,0.411441512188472,0.562792129654053,0.570672930853328,0.610641724938071,0.518387634583957,0.457107661026286,0.261556202816456,0.206133190141403
0.183927391569837,0.221983493533273,0.233196015608076,0.233178513194241,0.285433349845268,0.398575717219355,0.558956168632674,0.565519994034143,0.612533808832606,0.533241807953402,0.303561154450383,0.228861585822056,0.183364110074323
0.295283541540041,0.340508367041923,0.337936499290379,0.355064718943727,0.398201983266152,0.534767724267735,0.640265547333024,0.688190525700102,0.674728814075067,0.645984917331234,0.564076452326133,0.335394375256231,0.264499507445444
0.218246522920202,0.237533842101324,0.262322234194723,0.272744581260532,0.296482967954502,0.39110198222063,0.557764258640264,0.591634238659963,0.728715196356926,0.615149917071312,0.446539390718568,0.289219017126041,0.199986945858222
0.230452232173066,0.246919962326279,0.257927867353363,0.277634842908397,0.348846508395901,0.478776676619261,0.610915785088355,0.639023765225349,0.644553221750757,0.556646363456721,0.468430684574327,0.268415584190577,0.222044985530324
0.234457904942828,0.223712857427765,0.237197451090121,0.258426602764795,0.34921408356836,0.548509579094339,0.666346075348562,0.670745409002954,0.691716037557486,0.574619093321159,0.469113778136343,0.26239018243958,0.207355921566772
0.202780415478601,0.214800779406406,0.241165673347172,0.271604311191758,0.401765726304,0.531262624562358,0.631470130598787,0.639172804275912,0.667366895553045,0.484604905818834,0.371705403252991,0.228913596085287,0.191196507331308
0.226459260278506,0.254505059961738,0.25183681938295,0.250007861179934,0.347721489973632,0.427552648998196,0.596875321764136,0.632822656020175,0.618499847985353,0.574422741475465,0.342716298483581,0.251068903245604,0.218802729151152
0.22792332308644,0.232565558898846,0.249186186073608,0.265480577981897,0.371627027018467,0.518066283411483,0.652219319360676,0.664615790025835,0.674957307404007,0.54420363571885,0.430345156499134,0.249071640349176,0.21133771954966
0.228972119832405,0.22916778046349,0.247849686943825,0.261667295114269,0.348660401185556,0.48596739901803,0.637778141472074,0.665362097119267,0.597909652550753,0.521876228676455,0.298284124567349,0.261568149921062,0.222796372673141
0.196663803194995,0.254434679297106,0.275078462305914,0.273866038899168,0.29084683884122,0.366808125115574,0.476162852814928,0.506498128708169,0.631212066503809,0.545004329993621,0.473697292547236,0.288217736603129,0.238777307458092
0.179644375943035,0.228834350776575,0.248778677670891,0.258215535665101,0.264740111712732,0.335733025296773,0.459824004889649,0.507526957068997,0.602301638403087,0.487837175456842,0.367907624139451,0.240750937486023,0.19596957182372
0.277713373381569,0.265396307308724,0.273318004051001,0.300948310853863,0.426714705166146,0.577814834526508,0.667516753525494,0.683178686548326,0.693948196159599,0.578564536606296,0.470984070507797,0.257043132127948,0.216987026958444
0.200621832479648,0.219633362416455,0.219262459760066,0.235979090770827,0.318393742533617,0.497249503841139,0.700918649267565,0.676725805654509,0.668572648571729,0.601981815048269,0.338033195659224,0.307999057486605,0.205665487241631
0.216502591503384,0.245660130558917,0.237568556898258,0.249418071183319,0.293636030331924,0.405482967306171,0.55796760846035,0.571094250348974,0.630437567739984,0.549581188346092,0.355319526965947,0.246021206648906,0.207675358695895
0.214492327368847,0.239311973726419,0.264104149725704,0.274062979796419,0.365194439897694,0.453423556839859,0.566381775724378,0.589985161946918,0.632562838773732,0.544643345267509,0.470343158173432,0.2720351268028,0.207915671639209
0.23354966730203,0.242829616638715,0.258912816841227,0.270189797114499,0.294403930887827,0.412628854291804,0.536279026511738,0.583636739838644,0.670122152788406,0.603664007808558,0.458230128323928,0.295499845777653,0.213100675921422
0.251689006639974,0.256974608292882,0.263340335030721,0.274965283686855,0.359131928580153,0.480969955657337,0.604306818589589,0.620953585707009,0.618276424187171,0.543368159606788,0.430213483743614,0.273150156872331,0.238170679517055
0.236408745935918,0.245285230019453,0.277270462829696,0.306370232457868,0.387006323382659,0.502356415395322,0.60931491611986,0.612995687572096,0.639519305446779,0.538575115937335,0.452732135677309,0.27345535457037,0.232568763922906
0.173285812686823,0.206092308048056,0.213299313131427,0.213854062155368,0.267835529170701,0.402926749418533,0.573481256075959,0.627479102882882,0.674694804620131,0.580629980665547,0.390307462109098,0.235724146324095,0.182248210799626
0.399469278833862,0.488382281266049,0.472629613489187,0.47177911903546,0.479295256025528,0.536558286177038,0.585535414861141,0.616411953367991,0.672722713949067,0.547881601556063,0.430472230621282,0.388411926718561,0.395481560689433
0.176065807984199,0.233958336765925,0.26650514221621,0.284578570685147,0.286546584744468,0.375251126577799,0.559845077586143,0.558062796168662,0.629170874272252,0.559304968766687,0.406835277213564,0.304076111032618,0.226659091435909
0.206976992607766,0.236516282847259,0.251775393514652,0.256580036785508,0.288188362856486,0.401114092620739,0.519424204134289,0.530767582128217,0.594994304384715,0.518744643622144,0.413380662804239,0.253363387027041,0.207047462508288
0.21549934206865,0.207187934494577,0.23507583855065,0.266071858859489,0.348274388505117,0.488166444119432,0.591140448148494,0.621976864626748,0.677121662865366,0.565442204086343,0.467934799048426,0.267736576741844,0.205369764315668
0.417188912696761,0.434738517593964,0.309986738944803,0.29658168871068,0.30101563530565,0.32372062714846,0.302038611750304,0.267816443533073,0.346354074037828,0.311768914764746,0.265232193270329,0.240196785042811,0.259628838399055
0.34832634049551,0.41149710427765,0.290516054701985,0.259249815947559,0.275841156216436,0.307504290969667,0.284677874802971,0.29844586813504,0.371070738452563,0.325386308370144,0.297280672945529,0.271981570291038,0.213093866050796
0.448465800587725,0.519681169591459,0.37845503134327,0.357734536030889,0.368325705373099,0.530793523525067,0.67002294577798,0.667668000651985,0.633800537234815,0.58347894318737,0.50994003796288,0.393259102960489,0.338979386142734
0.381579135353573,0.499957565099738,0.375863959542111,0.361394879282275,0.375493704879758,0.476324928778771,0.702530184673694,0.662145311938487,0.606427512615527,0.564652284851931,0.464996449406901,0.37809790638518,0.329665012911805
0.211142593023672,0.306380960752959,0.313838853663757,0.320031471807059,0.352480458212854,0.364914316174083,0.374842389830524,0.44542266894489,0.484992877411016,0.494510273934367,0.391357463284853,0.329965064092939,0.263684358630903
0.213140781231472,0.266304562932119,0.26611589600767,0.273022988843698,0.322320843654944,0.355994292124164,0.363199512659893,0.473536532397374,0.518014961002,0.446918019897202,0.374860262311993,0.286330748835874,0.242062255810398
0.174120669902191,0.223429516676318,0.269663718057329,0.289900151463455,0.355593946763054,0.406332795708292,0.47602024948373,0.606589034134409,0.580759575585643,0.554449792193481,0.446892424302672,0.307635584365642,0.228997596129542
0.154415354792404,0.187589149718255,0.206049493214923,0.231509753382979,0.27156292450238,0.391569674100533,0.453840089996765,0.566174339011007,0.534626211156945,0.485202188061773,0.361501218772601,0.244408124054916,0.197007640573353
0.231747600970931,0.298537803932481,0.316035556850444,0.319766186410051,0.339865210092534,0.340300503910426,0.33200995285399,0.425645296511088,0.432253542238152,0.454679430152523,0.387450393838095,0.371693404031235,0.28104893197987
0.224690176526017,0.295414012445514,0.310048190174769,0.322867459356167,0.358394274677677,0.375864396210569,0.388613116912238,0.428014984018412,0.445357597287926,0.462223686706701,0.387670132858919,0.321746968930292,0.250155703375735
0.180779789491287,0.214064764914163,0.226895503870396,0.237213809226684,0.311303189171411,0.401726731949429,0.485558387821688,0.61729123063415,0.599064139772103,0.556807891783168,0.512842496157767,0.30092709158834,0.192988539218815
0.173972842972153,0.245794369571895,0.269550407279325,0.318389984786046,0.382537915130417,0.413433125843877,0.453353821185304,0.560580380328934,0.554929097990244,0.538798026332062,0.463982288738256,0.343462300453775,0.255317728436258
0.181746272502116,0.229126553816981,0.235666614920534,0.244390718543263,0.241899113311354,0.313640503490074,0.329354428083929,0.463948841055056,0.514952077045504,0.456278032906421,0.336217211029918,0.258619920139736,0.213638354976726
0.16261516848887,0.256659364792988,0.265784991062818,0.31291688640476,0.356489574318609,0.438792760804631,0.469881045728727,0.583424858396499,0.536818062877996,0.518570767984045,0.44933726146217,0.307724362515096,0.236554123630468
0.151888743793852,0.204483255676684,0.213827861907488,0.244550383865723,0.325038797731677,0.413704991018832,0.48436522635264,0.629534301499236,0.590475848538112,0.557957971691877,0.436595503953526,0.281761709874649,0.208482942815017
0.208229673768902,0.258255914602647,0.258542292925615,0.261523568412679,0.278137881990251,0.32987439885012,0.336223118283676,0.466970543633008,0.473053505506493,0.399751304465542,0.313650458721555,0.252751685144742,0.226000502855261
0.207348510283569,0.247491111917454,0.267102385238923,0.27774806433012,0.326707433688661,0.404230412566281,0.477418352183031,0.581738315392479,0.548971751612259,0.49473331799377,0.425249062395848,0.280827837937754,0.215005909469421
0.168502076493636,0.232039023916198,0.242614959174025,0.265385496498627,0.319461854049202,0.376261733895959,0.4422731922538,0.595412361645007,0.576292213437067,0.534803749590672,0.457631306846294,0.285943770396232,0.226850499701873
0.163737416064963,0.208473537497637,0.224072663725974,0.240625325625599,0.314143883550591,0.386399584522518,0.479063608392438,0.631232446484225,0.592501486232454,0.545315099593286,0.438490829701954,0.274367100696931,0.201108445697385
0.174423171617927,0.210004144563263,0.218882654824409,0.236232332910489,0.307534313244537,0.40959323113915,0.510950788871293,0.683361607895134,0.641139944044282,0.594695503683552,0.496014026925168,0.269173627036529,0.188218645829528
0.178161486825993,0.207088385235929,0.233085722940391,0.24605266262812,0.334762255192487,0.407294415631359,0.486256290015204,0.614569907954493,0.600751042353918,0.552150509461721,0.453390696113095,0.274732319123993,0.202838794669697
0.192551451956489,0.240677661238776,0.254956563051877,0.262295297785504,0.334989087747595,0.423355626531776,0.527792964381166,0.655425712264637,0.633257837758734,0.585028859351774,0.47431656078319,0.295924441040101,0.214290703433104
0.16789767487713,0.211052019708949,0.238399689893845,0.24068826393323,0.32437435998485,0.430688187018902,0.541115110174878,0.690364478809603,0.645933378689538,0.612169969500927,0.463562199888066,0.283028592923387,0.202804515951871
0.181010528149761,0.201645713586393,0.224902044141766,0.263019989412493,0.280537227698284,0.289852174776742,0.304265276492028,0.402692271428612,0.436549910598137,0.412216917123527,0.352652641524664,0.233874813528514,0.194317779180669
0.152990698376523,0.200066818867885,0.224836795113549,0.28115538189735,0.355744398576402,0.449090635027081,0.479722293920605,0.534110107943302,0.523869525829681,0.535713942762813,0.406622115401275,0.295455482865846,0.228660446193634
0.222637467849641,0.297080070025144,0.308547515810464,0.338526210743923,0.367595858548154,0.398746954922114,0.397004123633811,0.520275153082262,0.527132648165309,0.497328486755019,0.459409415355243,0.356909555489637,0.278337955536119
0.175900646440171,0.216611549103729,0.220872003097726,0.230853826488462,0.276607276189509,0.368561651486889,0.40806077888378,0.513406726952622,0.527594533204843,0.476003478707419,0.370020363568746,0.247475592296132,0.207008646672927
0.184048303210026,0.217356853155501,0.236915665317021,0.249248788309949,0.325132788520643,0.42298204819505,0.525193532801251,0.651303329885582,0.628394358145297,0.554445127094145,0.475621121564474,0.270015900057433,0.191591077063321
0.171549101336177,0.206255297738039,0.213394642095041,0.229466864507426,0.323096452846647,0.419361188790174,0.513835575080958,0.629351279376621,0.600545661371087,0.572092349319716,0.484401350600148,0.278900414516025,0.180918595797897
0.219492090519075,0.269413148300098,0.2883171336513,0.290997902084894,0.350734690459876,0.421002579753521,0.474884953670364,0.58453085825351,0.547203250588818,0.513238043390717,0.468096133009998,0.317324524016282,0.223976191943755
0.329349515274645,0.322902045217117,0.33167483772657,0.357892916808605,0.437392431624128,0.503174029542092,0.659882380354701,0.654778419781272,0.639894529093669,0.52637714809322,0.469231205434391,0.353794947353533,0.280932876103583
0.331163102832437,0.346902476035065,0.389964598915729,0.37988371945099,0.437033929869545,0.464473479139069,0.573037785802037,0.654116692005094,0.596270797633375,0.570931887800238,0.49811743533685,0.385380910334727,0.303365544928611
0.352343341228823,0.371617131347462,0.361576675665531,0.405082327890412,0.422004459233912,0.504290700471205,0.632868782627678,0.608638939890486,0.584228132061663,0.529660854199379,0.468338670116447,0.363532198871698,0.272302840034771
0.326866935328017,0.32394060253137,0.352741556231357,0.366910221661211,0.459991810376171,0.494283459791433,0.646888446146398,0.679305525335774,0.646187420290013,0.54768898344788,0.487355025009649,0.366308260370304,0.273510795564533
0.317065894187393,0.348379318477571,0.341707155312101,0.379232802064852,0.408048825165777,0.480966922306759,0.58814509574792,0.633459464918031,0.614921139957212,0.579503094640968,0.527118430599504,0.408747873697538,0.289458755189039
0.360774709954891,0.432714241518995,0.470821074184368,0.537761121143333,0.597404621018969,0.508808641169678,0.609250096368736,0.642605409373678,0.521226887040312,0.49758131490494,0.445261725035584,0.404316014204537,0.368035910783975
0.302193224405611,0.327951131246047,0.316334714563035,0.373509473719283,0.429797650212467,0.522562030850748,0.664370403583189,0.647691567730985,0.589894920654205,0.561118649834272,0.451424613841902,0.316641325080158,0.272011941502697
0.415656060467288,0.472481785190909,0.496312471987116,0.466462802816247,0.480406716408453,0.495996358003285,0.57710472072332,0.52226020889357,0.56908485837578,0.52241527856476,0.490143687109212,0.410755411845692,0.329320826170655
0.311179382241538,0.33805090923021,0.368245433014157,0.3993666508759,0.479422035844389,0.511570848897551,0.622428295048086,0.660377534993323,0.577750715271165,0.518659524375808,0.457214372638272,0.345026689640974,0.286329710915982
0.393332385009253,0.50634393718167,0.525365647717181,0.535298740468079,0.554530166804782,0.506511034202113,0.618296287584759,0.619292323593236,0.588548918527089,0.524261448356693,0.492603637838082,0.400575042629982,0.335559822277906
0.359577400009136,0.398703546636419,0.386164243557394,0.432777021125256,0.452617487519697,0.580749869503335,0.643309042278886,0.607319815589998,0.572155476692943,0.540920063516034,0.451620220479484,0.349835778116207,0.288070755402383
0.318178209552069,0.459601340601226,0.481964608341275,0.591514252155918,0.558904255500809,0.415387585707378,0.34368289871841,0.371974425220684,0.334395032343296,0.268324133600297,0.298241517385281,0.249278673734341,0.21663146412382
0.315365594325034,0.32899143295978,0.3020309488535,0.394088157060742,0.448395720209369,0.396611364073486,0.432213626458493,0.373304287641866,0.30614629495592,0.336290046324958,0.373572847954934,0.337846523530971,0.291474358479497
0.182696939170165,0.203982838310946,0.222380461936034,0.217399779208777,0.219043381085236,0.254003709886861,0.301929350594384,0.407144790022109,0.418578030185831,0.3943575958842,0.321164370661358,0.2882358793589,0.229517500843944
0.164361901639812,0.199230481665609,0.167026058302921,0.161295168077434,0.166696448635452,0.190494304895013,0.303154492047506,0.310487576755866,0.417548945055393,0.418888778016626,0.385972539818605,0.373523398755511,0.258051543963066
0.199488472349,0.21420153352272,0.184758205538399,0.17261268253934,0.178999935012999,0.221776162221786,0.319071722914254,0.34984089374964,0.468174026424767,0.499381049825773,0.40993059984904,0.333441368934554,0.279511349765805
0.407097498038718,0.480812985799235,0.464192778407608,0.562618030645338,0.524366670578324,0.384655077476092,0.417516289103347,0.362464242787012,0.262174047793778,0.327883242103383,0.350084958465539,0.339026964680294,0.295521965126506
0.347805648249885,0.412241803664672,0.382314596950412,0.497389961886041,0.558367381827948,0.480042873385828,0.469721216409871,0.424953614767203,0.342918285854406,0.35696229057072,0.352294640348773,0.349627743167193,0.273829452416758
0.184350640748771,0.224116571444327,0.23667310546372,0.227348150780571,0.230357046247086,0.287271171977321,0.409491790995824,0.507765238266368,0.521481699680241,0.494924371926945,0.427537291954635,0.293802036020628,0.24100926962211
0.384189172536627,0.474503348091551,0.467870247602158,0.550539782027728,0.55940012440362,0.441632531638331,0.321259375679758,0.287423293671634,0.206783619921126,0.201884724169892,0.235376324940806,0.225204057917183,0.200311631298061
0.39089427007362,0.481482913430495,0.475589733429153,0.546039582291817,0.543980273725661,0.443193953978193,0.372895488385419,0.320039509514553,0.336043615914434,0.331389018160479,0.3412628131453,0.333169331540353,0.290613471293639
0.357007642848897,0.419109436189157,0.397931950633328,0.520239691834996,0.549565302085799,0.457469772974122,0.443315034602935,0.403249427446551,0.352040771172344,0.32699373566233,0.363952010650597,0.349837559720766,0.286610221492887
0.182565057558051,0.279657844707927,0.311053790805024,0.394147846560184,0.422367437627407,0.445697531494461,0.51153089220124,0.569914962207675,0.628053511440391,0.598852555170288,0.500681250540875,0.471023381562446,0.357359944633725
0.178226259348059,0.254312023988853,0.290605684908886,0.306678805434762,0.388661793837736,0.487873796551495,0.734097702295129,0.640539474369635,0.654562442576243,0.578188534434121,0.542845880576409,0.39178131330728,0.262697423409868
0.193807666577681,0.283071393316488,0.328777355188871,0.327977872110991,0.374800341986684,0.483701845314684,0.699371202493492,0.599690419022108,0.626460157172972,0.562994487997121,0.510004917620786,0.38664264547228,0.285803243437131
0.156685519122956,0.218461160239891,0.268774503827129,0.313304859427262,0.378697247868199,0.516672357740308,0.727317644967409,0.618781975156771,0.654559623278983,0.585648114261586,0.519969492080183,0.379024348977742,0.250677610475701
0.166381679501337,0.23054093396412,0.287001368568504,0.296676837194799,0.359138907064027,0.533907188556952,0.640711208172894,0.622419517547733,0.657144523602536,0.583745295071137,0.513798374826881,0.36822007558411,0.267776870130794
0.165265710938289,0.230523205722189,0.269493392389586,0.283112897244044,0.371995494478938,0.536700535677559,0.652426089615726,0.647055454785056,0.676885051515132,0.58100898319091,0.520137887009533,0.383638596901606,0.264345273567364
0.204540687813701,0.282754460511346,0.321522495241455,0.313477593002647,0.374707655591035,0.495926316889929,0.695822371841791,0.68905393034537,0.729705076558339,0.550095984926709,0.464190792852551,0.297461211524523,0.220855066635173
0.203686142302924,0.286625989957656,0.331989716844192,0.322270395764094,0.406730836757136,0.590323666927286,0.641202811141731,0.676530721116355,0.684876369004007,0.564501677171015,0.44510698928081,0.32631203587673,0.237103677477439
0.158048399409649,0.238658179101715,0.29683024909384,0.365881476291264,0.323097392096926,0.452241502204351,0.514791818175089,0.549956151450976,0.611868047365172,0.627149108990827,0.487837459041558,0.465536212345961,0.38185366052688
0.173685080069165,0.271193063471748,0.305965281342061,0.400442327460599,0.424921180486448,0.44724342068513,0.522020980002736,0.587878729440505,0.661419478267058,0.619308055551582,0.505019437494322,0.484482892354212,0.344636928623501
0.167222941536826,0.251890365398302,0.34543262399659,0.328743251575524,0.357327074303848,0.524175904158132,0.612531063948586,0.646036945823218,0.679560602926103,0.596545670454959,0.524648342436563,0.405292323100577,0.315574349129203
0.184210637050396,0.239372498951704,0.320065712333361,0.393439481581962,0.449166501032634,0.556632707944741,0.581855539507783,0.573881325666462,0.515231374106701,0.471948567222191,0.330144329692788,0.29495594328017,0.247039956090967
0.171001023989413,0.234304970177087,0.260509331638386,0.284755964878174,0.305895241456252,0.532752261078204,0.583298593168914,0.642444220507084,0.677103885138603,0.582650382721847,0.500397547050033,0.303283380297043,0.202434980097023
0.162240032934211,0.23926424698145,0.321830915574715,0.314333856191331,0.347557622726416,0.503730550146896,0.5698164014642,0.595445161740796,0.648822004308075,0.613964690740057,0.545241087325977,0.42028124564531,0.317051576108875
0.154071808500401,0.218270967161097,0.281515976241788,0.36381497662478,0.336742672366375,0.450335064084742,0.531636415976107,0.56980399962497,0.624679796867915,0.565790351681043,0.453665054373903,0.410606375408455,0.313929398874942
0.178035506884753,0.221710875036891,0.242035580246193,0.276734275903823,0.299063604220787,0.480642307124571,0.614203862590349,0.714516738569693,0.749787722478717,0.692979830442319,0.494447783445471,0.397393806418727,0.256270911289327
0.244982062996173,0.303893397081632,0.357584857073427,0.376582756905991,0.362028415118889,0.471192670153075,0.572544337861245,0.612967998237173,0.712802478522076,0.549141942337168,0.37952256611809,0.407889709544176,0.295519655112167
0.161610128895939,0.222492912434788,0.246754334839434,0.272345171289894,0.269843171510105,0.476088192247602,0.559629225304721,0.665511380002644,0.689740491988504,0.635730018431696,0.539502247560768,0.3031833004646,0.193265173958243
0.328430985324077,0.337952620287989,0.377666316001874,0.423342309932425,0.485096189248571,0.426209063554568,0.491120666985218,0.540170865784588,0.526249142663169,0.544595515657214,0.487462805453688,0.451810207144169,0.357055433547487
0.371535734205009,0.342724767497845,0.347560342309592,0.372879437880255,0.451994466729841,0.448611099968167,0.503497331677254,0.5813788569358,0.557515635862545,0.573298103593231,0.517145641753885,0.428230002982403,0.322432517206258
0.337786711135857,0.316878375409244,0.325886934113923,0.371161184511308,0.44809810841856,0.436354657412055,0.504126830954311,0.553204095127128,0.557635645619623,0.547490749125525,0.5311837987463,0.423362226249419,0.322456993912293
0.183011852032265,0.222024796135499,0.273920840676875,0.384802219787278,0.56418463282721,0.664935467579226,0.631033312211336,0.673458007195229,0.568976055571393,0.410101067094117,0.292879688849528,0.240564238470501,0.214918273003945
0.147004893011358,0.181867525531966,0.248734929767047,0.265997343005723,0.415543457951822,0.587276651452706,0.688444360840008,0.716591672514213,0.687888481144208,0.362667070613004,0.266590115422179,0.232653790006843,0.202200121319314
0.184673789062539,0.222641286815147,0.286514425635344,0.432645907994368,0.553148235887109,0.635398710363184,0.59857296304927,0.646678986482519,0.579041050123438,0.44221852236763,0.31989214557392,0.260411406350879,0.230195427844683
0.141192280737609,0.171717610799252,0.202761950150017,0.277198223985246,0.544254933113292,0.675667629069694,0.721147704262565,0.697932221347084,0.589356679507932,0.332475203004212,0.262196949870794,0.189688497570833,0.183727308904754
0.154478165095359,0.182165471850901,0.215209702125882,0.291336721525011,0.540310747292876,0.697314589085718,0.742269215124705,0.713856334690508,0.658568287726675,0.336512192656444,0.253560761247754,0.218766944570704,0.200909847733427
0.150999534990751,0.166002303609352,0.184836571858537,0.356822673333123,0.545635333410767,0.712390539859253,0.762585279977048,0.7459905800445,0.584835063550953,0.525596036244562,0.227450460493523,0.206097879490872,0.173389375570613
0.161517852642073,0.182858266266908,0.253114470608349,0.352553645498596,0.574428360820869,0.720694654795012,0.719691411494131,0.723941237917767,0.597221780775919,0.342792540371351,0.252235204732714,0.233763298330215,0.189708324849262
0.210641152244371,0.26325831613859,0.356530693281478,0.403881599262789,0.4879775327573,0.637667908542557,0.692061691965043,0.696984569980992,0.604388688061403,0.497220173710266,0.340413008424112,0.288765582765826,0.246601916368924
0.240464275597077,0.284424225723595,0.34517493436099,0.357965282561129,0.476093150595007,0.582932617087317,0.617376964998617,0.68189321032171,0.618857159329564,0.534047508080318,0.375255332402621,0.320809092594485,0.247913682624235
0.132375396780414,0.163719218430087,0.189690513490936,0.27639025562264,0.518270552877111,0.607060429603324,0.684953299808577,0.735584609639167,0.625585666934213,0.338643143880666,0.257656616906802,0.195670614504277,0.178410427536399
0.158606434949396,0.174426163801073,0.206280083127486,0.359325624400692,0.566373660038602,0.728794577955814,0.782158172688994,0.768182736355754,0.610332962505435,0.385250540174896,0.253370133531436,0.229446657647834,0.18112001668319
0.156318535979286,0.177053088547331,0.183489542490344,0.362554042596506,0.531309681718544,0.697256514806613,0.745989778758641,0.704134501417236,0.594392933350914,0.487527214938014,0.237419138708668,0.217911826357195,0.18715485766866
0.158181243635593,0.184045858190954,0.178292447621909,0.330404406038998,0.522600077103364,0.716990455667333,0.743672359728793,0.710763356849786,0.590979831158519,0.494103416329972,0.216416454586007,0.20008387684418,0.187863714281067
0.203996769754423,0.244389128559295,0.339558039295246,0.398636660943871,0.516893736406793,0.660471176208676,0.700820999770858,0.706113875482238,0.620088320197072,0.504208549759197,0.33678794838081,0.283135232765916,0.252241964670605
0.269646432971958,0.316967678976064,0.428023912286744,0.436845473623264,0.503342179059977,0.531221700239188,0.639161711835876,0.6222902388096,0.602964411306389,0.493170784044264,0.508688817167279,0.36513294215202,0.281137477159499
0.164921238885405,0.209094196418867,0.276600492087851,0.353009467320195,0.538109487973899,0.660360242315002,0.6570064226617,0.722589511345789,0.677864826066234,0.437675295084522,0.308896846479828,0.219557664051201,0.192659556436312
0.137554968207707,0.181145670788319,0.269723663916962,0.348115764295972,0.53212374105837,0.59899545697404,0.695837327635686,0.674038754621241,0.534633761074511,0.434601518946443,0.359029272410878,0.256911861281933,0.21746648191337
0.182709397471057,0.239225900073111,0.278167123999555,0.420679255320931,0.612606804129578,0.698838655259527,0.676190750112122,0.652023072710967,0.525866327229952,0.436242047805311,0.309804911160281,0.287516184777035,0.250075330339838
0.132173426229686,0.164332872061043,0.194849758335742,0.299464488320364,0.49502586367917,0.663855149242639,0.735600337527297,0.716212629969328,0.584961110102059,0.449112007826818,0.24500664033809,0.186112584925677,0.173239496336813
0.171831095633875,0.193801792713035,0.227587275474059,0.353365807315819,0.581115201281239,0.7022805754947,0.675397531003156,0.715935828090128,0.583618031485432,0.408737672477277,0.263182787145912,0.214688456517831,0.188298221091117
0.161903254193741,0.197576236940855,0.242813672147355,0.347417195057828,0.551682772025677,0.68407217512976,0.680676897592687,0.697771557428371,0.612736599468885,0.439969190112862,0.317171932113245,0.228344306228188,0.202306260442185
0.139732762056943,0.151886405352244,0.197989819677679,0.300920180242692,0.582096009756042,0.638121867901868,0.709809267891789,0.681211305448564,0.536579131428416,0.473604933938516,0.220984221157145,0.215218322596958,0.171797675003937
0.188732724138357,0.231696894792086,0.305394141741034,0.374048547341242,0.458222017371913,0.608546175343657,0.673382868045873,0.682574415583353,0.610009087720067,0.517121464867617,0.315554088504648,0.279089782008651,0.236087553952384
0.239920344226436,0.297269491692262,0.362699261120353,0.381902811615559,0.521051074098426,0.571902103421834,0.677327233735833,0.664333033590749,0.616467718227193,0.546086325260621,0.479357491979745,0.347001641358078,0.25681402132252
0.122102463722135,0.146309190249906,0.206425241528645,0.249943921613518,0.495224017672623,0.722352697751868,0.750654827796572,0.761759899610187,0.694383082395407,0.393590749221117,0.245479738720514,0.189540796095606,0.16396818056703
0.154911769045279,0.189642011950078,0.236183161653138,0.31011550832218,0.400662865377157,0.544095252239328,0.613984838126108,0.674439913987666,0.599738173076735,0.387032816118789,0.312262219131172,0.245632060911782,0.217853963446502
0.144392185685232,0.16653371502569,0.218841585787258,0.299239664154107,0.57540012390824,0.61314212934632,0.677016863600128,0.663539685821953,0.525711683428128,0.431565578469324,0.257378348911274,0.213127607867302,0.182759020268459
0.127467538166959,0.160629156252603,0.180716856531769,0.23998106889095,0.614365152095456,0.618684252730821,0.709199838963214,0.713370568204778,0.609643836353921,0.354052272737588,0.231675921058354,0.181074674095449,0.171148897020783
0.133338511376687,0.158427578863431,0.182012214463264,0.281208243765265,0.526294046563979,0.630330839301967,0.730098451921959,0.671984942417859,0.517416528595922,0.429858802288426,0.230499496869677,0.190157191451708,0.159120917838522
0.159227091848911,0.172488276327327,0.201111686678537,0.382243546796675,0.580025346903159,0.723170116422811,0.771770332665191,0.746269292791371,0.590529579281337,0.338409020220105,0.225188502381667,0.212828862846651,0.176056120511959
0.203463395135471,0.251295399876677,0.30815626151253,0.351414621855401,0.461988937691595,0.622455826672172,0.685580954735917,0.702515392732533,0.63034881675495,0.513009462643687,0.352893310030173,0.296125899594357,0.22969436503536
0.14051426523826,0.165781846139449,0.173888572176718,0.329632602131937,0.506419532587575,0.660877256683575,0.758709044389303,0.711366375134789,0.611221107293183,0.35149843396912,0.247792487597097,0.166430878346027,0.165923442694624
0.166923770490863,0.190163412079484,0.243530736623322,0.359455630438475,0.586674468543941,0.699511317661241,0.690440178195169,0.704673797588237,0.621144126665265,0.430141279879531,0.298902182297477,0.210551420687828,0.188260037710544
0.151555420649818,0.174891513626493,0.201161808415444,0.282507358478891,0.504762458401749,0.698728595711856,0.747565711686349,0.73681526091755,0.609535515726883,0.499609970646527,0.272951932216562,0.22554415672447,0.175788064952393
0.155079138415051,0.180259022895492,0.222860641792273,0.300683039635704,0.514343801348284,0.685362758852379,0.668906343628333,0.674094397749683,0.602248205750749,0.41835368201489,0.303359895982455,0.217925049230349,0.19471658987853
0.289210715341055,0.360573883618812,0.430385978968447,0.382969856145468,0.437488914928428,0.519802351171207,0.610746982370431,0.64679148662668,0.663681730721843,0.607489338507319,0.451968012233934,0.399386666391535,0.286735075333831
0.172781355809699,0.194193602110385,0.251356814876078,0.349148003246598,0.601614954072772,0.731088829563784,0.722848320439918,0.733782080884213,0.597964996837071,0.384083450194243,0.263317529226835,0.234732639944539,0.199644918010078
0.168535032102155,0.198084262670515,0.25137240151326,0.343762916177664,0.531605464932826,0.689547830415196,0.693694134374402,0.678832045531371,0.605017346883341,0.361749398863487,0.271683919652674,0.211712172795934,0.209693095595094
0.154903281492794,0.165882991576039,0.197136192076561,0.361050413900084,0.560351246378342,0.734470129475083,0.786235876502898,0.761849589560979,0.605858996164059,0.496961711456787,0.229070881151971,0.204626310149246,0.172052352628734
0.140432698904443,0.165586602527042,0.185105675172621,0.247215280689256,0.616362899316332,0.6438439347811,0.75352290711999,0.758644338402148,0.630521310899228,0.334748724172552,0.25152787881741,0.175936256204688,0.173554717391731
0.231090614326972,0.266617582668527,0.315082567174227,0.336817601355751,0.409381935085303,0.492986968051304,0.560480375787888,0.644274097383856,0.603892938022432,0.499421384117303,0.375947599819913,0.301644680018838,0.224987777820134
0.17147821460694,0.185648533984247,0.237798510923505,0.364880872251174,0.618961495500757,0.736346844816287,0.740769359170981,0.742484246842577,0.595715731371813,0.360120402022841,0.229614570254424,0.227690562259548,0.192933977232046
0.152335294195725,0.180857162248585,0.198208369312756,0.293264870443182,0.567215207246469,0.708135051943114,0.745212391861129,0.725394064078256,0.662446452874176,0.363322690473096,0.274422812481735,0.189781489721209,0.183052581197923
0.156503527157522,0.197065959530899,0.243206394810048,0.287610771938011,0.471832358516257,0.636994266151359,0.701948773135433,0.723681810079465,0.708804332605676,0.382607547979216,0.299756676810997,0.240185310192693,0.213026249428174
0.174741629324673,0.195610706688794,0.202975480366447,0.296398695805461,0.50748080133095,0.679077100968046,0.717028051624661,0.746679282456945,0.610807654846366,0.378556809006502,0.262094688349679,0.228475961641089,0.197478057706924
0.157538161491051,0.188348527663787,0.25757242566594,0.350162406114591,0.537894738060125,0.681283690816169,0.674433381884808,0.700949593332283,0.654214462068132,0.448449084915498,0.317234137352272,0.212759157641774,0.192479452773052
0.187668809800629,0.250520425736183,0.297832987643474,0.357977817877334,0.48767711648237,0.610977541186679,0.693271986093724,0.66260600469489,0.551262290423639,0.429613350592592,0.373613386567335,0.287943340015129,0.238625287949546
0.149279976838215,0.177804740535547,0.204863483701142,0.309526526543941,0.584202105940637,0.652127724018532,0.708356189911709,0.670909136940855,0.589039704522603,0.342937464719904,0.262503451308868,0.211434025030281,0.190160451536772
0.149694387150011,0.171476820989341,0.171563709978839,0.239831619856711,0.50615634052375,0.670942678822465,0.701209213738354,0.715368733035917,0.608630726756266,0.534634366872317,0.294117328269341,0.191734918437518,0.165826673666699
0.175848716324703,0.225450318235567,0.26786475783694,0.321125296884387,0.416350867874433,0.562906701964005,0.597604613261377,0.671604117343277,0.693415136417393,0.621395901129116,0.370961297321347,0.254093216651984,0.244541045409903
0.15752501673447,0.213223012443093,0.266061325612927,0.305125400160625,0.441605641053751,0.5306775661709,0.576180990237484,0.663386163446728,0.702723747782284,0.567462474868087,0.439364743542645,0.256754774851376,0.231406605973933
0.177713758286388,0.195796282454058,0.203119385537096,0.354331360612625,0.490647726347107,0.696489770557041,0.697479097224629,0.704343708799829,0.642604311775522,0.498560636469157,0.260267615985877,0.221525513036101,0.19386112796916
0.176475892764373,0.193848997682623,0.214766962741256,0.386385188671376,0.612926272756732,0.701359497000435,0.719674293071357,0.692301994971765,0.692994189951421,0.494736128936178,0.278580972726009,0.239731403835948,0.204403180549399
0.161217132947478,0.178524300385266,0.185480045916465,0.373077058427734,0.59578829685678,0.710616938171719,0.727654240581067,0.705014362916955,0.643838471891913,0.488583347738479,0.2220842933516,0.217113259043335,0.197186209305865
0.182268562210676,0.195474087543878,0.195710019826158,0.34165268900199,0.58035088529783,0.710169791247356,0.722692204741598,0.711545974684096,0.659657652484685,0.490757563444208,0.226759095799295,0.213661883390855,0.190686637352106
0.212403854384571,0.240235771969567,0.280344093660183,0.408574758308048,0.524724177050886,0.712811749132757,0.656648827300435,0.63426790597603,0.529241487992515,0.374772157852383,0.265730381777943,0.272890067047422,0.24403945444727
0.212891599006699,0.222486937639646,0.233549223337992,0.324924964222893,0.410914968249784,0.617692906088467,0.653298388627059,0.745248742990538,0.715188390697573,0.547115773053839,0.278826501909981,0.252436449124476,0.227658753864589
0.266623353156281,0.324431577062671,0.346637223664132,0.424129081080061,0.553874376483981,0.716299316091914,0.669736229376365,0.683698428116675,0.601619698277785,0.439674973621657,0.308501764574082,0.314617827927501,0.272307651982567
0.205113385570904,0.22185979038665,0.232179747030107,0.331408021515764,0.447000350607157,0.693218779575706,0.728302687074427,0.749656295528753,0.7275493034201,0.578533268118902,0.298682978197386,0.234835316615568,0.21565478792071
0.158389055044109,0.182527877485656,0.197596305863178,0.297502683809675,0.591769544280333,0.681260082512025,0.705918345860996,0.688971196415043,0.643344389616093,0.522922782081279,0.260746283940039,0.220622985133061,0.18265289359749
0.199786594004921,0.202865920386642,0.206092637636131,0.317261381736581,0.507644211274763,0.663850298656713,0.695577032240301,0.694659535476943,0.645236000732886,0.479385804318255,0.283492279260216,0.227223624128466,0.208112526643828
0.215911245274032,0.234797602918862,0.240911260037778,0.338592371863357,0.436407785396774,0.635660042085702,0.688355356016813,0.706564260522576,0.630841798227867,0.536309716353556,0.375802127113066,0.26337026379301,0.233787254816048
0.207652559553174,0.243853383204168,0.250796767164284,0.375002252045265,0.468063640751947,0.670406213734028,0.677037668459594,0.67904682577492,0.639409982697308,0.491585968921458,0.280185611188474,0.26802853310763,0.236023536184859
0.200173559331983,0.217293250580947,0.226232595777748,0.317802809295377,0.414637676689365,0.63271268911495,0.672576933786945,0.73527863207462,0.711288987748424,0.571810924814071,0.301991745593688,0.245293112676514,0.221109172289968
0.171404337428405,0.18513074030951,0.197444679280186,0.336666125746871,0.546790691955948,0.663565684564837,0.704974307597842,0.706588663697174,0.689073004076626,0.520368642804267,0.2426943353982,0.226555000689376,0.200200803953358
0.240854092216134,0.292925631198571,0.327541926068048,0.378663351480077,0.4745840490599,0.668582249723846,0.693520938966526,0.697320595590415,0.570817885984672,0.507774770295985,0.315221715072529,0.286134150073755,0.275740268770132
0.166331569932391,0.175875393416459,0.191464912363762,0.332425875217829,0.611192447743771,0.654867285545066,0.702110732193186,0.664708115164119,0.567137663772572,0.489571678130233,0.241293893339789,0.232548265179774,0.199498288129072
0.198777548608128,0.219806254839352,0.236647032852246,0.319949594122154,0.435212876116056,0.626994365857685,0.646818067479173,0.702060452038408,0.704576258447098,0.616207164850639,0.360410782651329,0.247349711038974,0.226053239031496
0.183948307861519,0.226498419636134,0.257117110641008,0.362885289842049,0.462928055237393,0.638663184406825,0.643804396114408,0.649856974947555,0.588728347117906,0.435677744021713,0.297906053465411,0.267562001287016,0.224589398704093
0.162011353746558,0.212016331682605,0.259378970952524,0.314510878183568,0.510787452206757,0.585965418227942,0.622874745461708,0.661178288232538,0.65667185870627,0.568723112527234,0.429917982620196,0.257603237127768,0.221098290191659
0.174706771299856,0.221385748072731,0.278253465752833,0.299463816389115,0.506054476765908,0.572926723952981,0.609736860642181,0.672622241030863,0.642869976252829,0.594917576082326,0.426167220960112,0.278368819402307,0.235474817242296
0.171921892786821,0.213235039524389,0.238792394152252,0.338732214464272,0.513517432091579,0.625610638745887,0.686638069870615,0.689543493628746,0.673420570601277,0.570909199709977,0.277302301714458,0.259195498430685,0.224510999672338
0.290080766410311,0.326508089697032,0.334679510693423,0.359672867156034,0.513760792806524,0.785325897479959,0.725692850249569,0.692696973108483,0.617645133912233,0.499424316062311,0.335783847009295,0.298239638425207,0.296139881743842
0.140172891932681,0.155820300857723,0.200901500136087,0.274190094796385,0.554040966639162,0.643631436965765,0.682731791801896,0.662019534484902,0.650547455793163,0.510323973427624,0.269052877385687,0.21053626557621,0.179736082888581
0.198853891277298,0.248150087409931,0.300641762686655,0.380355877054038,0.475828195259976,0.591717413522354,0.662053931494077,0.640284070481972,0.540625281051723,0.455031011230695,0.34854719556741,0.286631425954924,0.22883308846819
0.197147656029961,0.218373769350269,0.221762089084471,0.327575579344443,0.469072350472919,0.693408305456633,0.71901384318118,0.741694994626438,0.658392158510938,0.502711875970159,0.293555344991691,0.220229737346856,0.211125000752951
0.214897165629403,0.242724401831232,0.240910925621463,0.341132591226138,0.460206773097265,0.662871552510807,0.694674381528086,0.713668311826098,0.617040092574087,0.470831522378081,0.329734877936941,0.24330032973488,0.223320049461323
0.166480933431535,0.214716722332689,0.258714836391814,0.313521941038967,0.444912438487262,0.488445042020831,0.575291535384945,0.653516339642549,0.632213763190063,0.567470618426066,0.483812294127798,0.283369300322981,0.242977591102569
0.191491961482848,0.229047523864882,0.256757746751663,0.366763169782701,0.463261221931351,0.60406746656507,0.600186965769819,0.616102088253765,0.565779533112705,0.479600248481275,0.29280872397621,0.271730253712178,0.227778771660503
0.159723500826832,0.176557440651424,0.176585890869971,0.307338988611958,0.508361576785451,0.675286326846888,0.722693533631474,0.72339821216591,0.718132388463208,0.497635783967992,0.237181401825019,0.20389828645509,0.181798813505616
0.188510678233697,0.201049741500515,0.225395579031778,0.292901798910293,0.482956069364524,0.722554946200592,0.745781651326497,0.731530250105086,0.705664999383818,0.610648384281346,0.317303477965567,0.212181073924452,0.211838233374887
0.15086413893308,0.163356547126588,0.168734238983078,0.290807853744503,0.576734497913309,0.745483791597703,0.756242930868506,0.72633228858239,0.580721690899596,0.517371479333383,0.185826379101862,0.173335276487375,0.164577501872275
0.15257484650544,0.160942703817657,0.159224304480625,0.349949844992822,0.548979682401029,0.708105012338631,0.745490367996999,0.738618671041775,0.603960523039084,0.488866434790902,0.203377781929862,0.191770203008631,0.16918009486664
0.246670991632128,0.259832569294989,0.288848478611912,0.342672231616702,0.440007900184165,0.610846652164795,0.656231482077988,0.698906952741378,0.707715480830427,0.605612687869359,0.354819078803335,0.283228358413633,0.25807614319562
0.160475545831309,0.184019617091802,0.177647601475794,0.285802785020863,0.538353266895472,0.639988610169875,0.676348966431272,0.674842435488817,0.591057554090176,0.483127747517295,0.236784167810575,0.218360275785393,0.183316249191715
0.160547268450064,0.204508845962023,0.270709952795566,0.311502719988572,0.481124811390938,0.54065940280637,0.609902948381378,0.700721388663923,0.706344285512896,0.559154004882811,0.399564426521895,0.262140014974043,0.232274406404448
0.157664745290022,0.169660969306389,0.242119942444386,0.275938708076733,0.499144693345725,0.628894737356081,0.68443525592735,0.651724815491454,0.616281697677173,0.585924106855596,0.305257064311294,0.20975595739539,0.201928774570932
0.149597065546666,0.164655816305783,0.20771265104418,0.252953266291197,0.485842445242866,0.653389866257165,0.714092896617721,0.721025822940451,0.654894208841408,0.537174776133856,0.293682656875465,0.209643311476179,0.171010482971182
0.119491355847964,0.152344362562744,0.192535500858224,0.253122665420888,0.418408667471874,0.654665257595584,0.744898910880321,0.722824519934958,0.721073941253881,0.590323499181785,0.263519400176291,0.165065231815697,0.169006291492618
0.100156333629724,0.123648198409521,0.154650327052445,0.20527960513575,0.497167486915832,0.539492816167362,0.630785270762334,0.668364080317398,0.655022401428052,0.564414119355898,0.222255285216035,0.135244853264833,0.145157242168776
0.152137351873517,0.18530223001173,0.214878255237678,0.325933624247492,0.498721357447428,0.6871416646695,0.68352134024723,0.718456005615604,0.655341687535359,0.436792069996308,0.274484703372242,0.213967926098464,0.184210463954585
0.0800579947796634,0.133349303857179,0.168555368802762,0.230005986239226,0.309235937840967,0.544296740853303,0.682664926085261,0.666160413556688,0.68451537563137,0.60197152319723,0.287084503462394,0.158692791035848,0.159521706437765
0.122205706192902,0.156516747984531,0.187579681921053,0.252519627560765,0.46121769129175,0.605352447512118,0.691273243669188,0.711111206032743,0.679123911675841,0.61664930005625,0.356813003144934,0.167968479447245,0.166923776828335
0.0612337066307028,0.131604363797313,0.161638668679795,0.216923437725003,0.344837879470913,0.468230203472628,0.56443381588245,0.643251696601426,0.620501734182163,0.541630235367987,0.376298338016384,0.156212916702858,0.15750849954445
0.141363155160145,0.192582291158334,0.230504379275694,0.268647880605092,0.388328514516883,0.625316131049785,0.747769414139766,0.74066611048633,0.703141767163083,0.596781110579354,0.419006899605513,0.259594574237197,0.189107113393465
0.157115893915608,0.173383076879129,0.213161586260518,0.313526068709293,0.479301332308317,0.665916213156367,0.676524991627811,0.703208284803863,0.648088667473153,0.413518794585929,0.289030574831537,0.214994562372198,0.186232489130397
0.151750295135531,0.16533905080636,0.214207789967127,0.271422515962345,0.474438963999981,0.645062055520318,0.712694328273494,0.703153058506474,0.720964116270099,0.636486873479169,0.357380701771959,0.190172642219858,0.187333410463847
0.147126857705336,0.147359183015524,0.214815776241789,0.293457230951252,0.487286899304233,0.569429522781565,0.61282203678551,0.58914052939319,0.572527240228855,0.461320644182906,0.249571543229862,0.200985534334733,0.175985674667024
0.153425602140463,0.159335954838953,0.213564713377323,0.253774165443231,0.477995609773307,0.671053155927039,0.728712340578456,0.709347570638393,0.653125945184421,0.513887742582201,0.280530115320921,0.205578322889444,0.177430096788995
0.154036113032041,0.156614723822926,0.201017433610259,0.321910652170491,0.515251062294549,0.716872755842754,0.668645177744523,0.684910854590517,0.560751757750394,0.36377675047079,0.247321622059018,0.200577177670581,0.173985281499829
0.0225213883790349,0.125778729712563,0.162444448775927,0.210030927588699,0.320532458693921,0.44495634963774,0.610580244059747,0.61231455359614,0.608910916745988,0.596893839079617,0.386736239009934,0.160381594224629,0.159736899148581
0.157008414784213,0.205912121199955,0.25995513852754,0.307353952332293,0.480472623507589,0.669911687629427,0.704847811554114,0.707245058439704,0.658027627887346,0.490308093757586,0.336788161270113,0.242122433332356,0.214846599178561
0.116456121002017,0.157387604953578,0.193697926779834,0.230387537455776,0.40960135683728,0.604020828627255,0.721970885806547,0.72557250051759,0.673520238790123,0.552600736465033,0.31939019745853,0.211478730916639,0.167347031733841
0.0638961842910327,0.154269427343952,0.193847340903643,0.24939398557102,0.341263506303705,0.54683572926697,0.677545071531169,0.663950874957903,0.717957531093295,0.558285175547338,0.338472324330017,0.174010775898379,0.174024534120175
0.146770722396688,0.157422637772531,0.210872065142762,0.30644807781775,0.530464202980307,0.63927114652967,0.660000761206486,0.66284405347861,0.63486528370309,0.511502916195194,0.255119470879346,0.193353216659384,0.168474625277951
0.163251868023439,0.188808251085515,0.261299949518332,0.332035022347041,0.513032851480653,0.593171359187709,0.645886684701017,0.611983177324737,0.582290906503068,0.488035552110512,0.308335695297024,0.26090818705954,0.226405071729656
0.123293006932758,0.123270377441768,0.158542902703824,0.230294522982472,0.482934564992955,0.608480142764081,0.666907883357924,0.647704628777487,0.642712501455275,0.447642492997352,0.215350184865705,0.141840522661337,0.14528822608628
0.138493268328419,0.146724078753283,0.192145705127135,0.253516266229801,0.491444848140019,0.68696760710818,0.745025318606345,0.694353453357848,0.669196491794967,0.555196996557356,0.274973779302111,0.164127400962494,0.164247271850393
0.133165150646606,0.17367605706295,0.220754126257007,0.308638367465215,0.490917137410182,0.607658394352531,0.642308602630533,0.635361182590667,0.655778891303819,0.529988170004145,0.284763590935901,0.193636013844097,0.175250405179958
0.17323916998231,0.184213902223125,0.249759002003852,0.346790396890016,0.518999164412049,0.678285177106641,0.624503171523571,0.668819761722578,0.545150093473558,0.397066450980524,0.274677998428958,0.233177868622287,0.205907378962085
0.0414739143582801,0.147576249472397,0.192535303460277,0.243001047272962,0.347454621906379,0.566501273155074,0.694696550869296,0.695779410783937,0.717435357537119,0.599827275304778,0.376958125186448,0.240272475837435,0.17949389471065
0.0934022221029455,0.113495097174332,0.14918825937518,0.19459761518763,0.362255618845182,0.494126389507771,0.601303327635359,0.638561504682209,0.630112558491444,0.533937440630982,0.241863949773296,0.138217833787118,0.147223858899016
0.139795943456702,0.158666213455486,0.195771113068637,0.251758136771299,0.449065143106915,0.625952198846983,0.706124499575405,0.721588016804225,0.74147452211064,0.642623342121675,0.353044013635067,0.178425090585794,0.176248113457273
0.163454626340417,0.182513588584211,0.240139191926261,0.29569565185866,0.540096434212857,0.678189463080105,0.623678952552027,0.674444032739495,0.568331534210602,0.41708337910994,0.269634231771886,0.248669565277533,0.213861002925769
0.146270614642455,0.176289055193168,0.227165332983473,0.305029566939117,0.495341000436773,0.675321252927069,0.701001599411523,0.716472989528025,0.636465204533938,0.579501289355575,0.271168765016427,0.216897970914884,0.18732770016348
0.173362462861326,0.202848968837696,0.289923799237092,0.332927322051385,0.535721163796524,0.681458188130056,0.667626715596639,0.709075086829885,0.615685639163696,0.422186195836247,0.293707200106398,0.26477287453711,0.222902003740089
-0.0122201974862942,0.110394148422095,0.144653494546315,0.189648280278383,0.327249672989022,0.496355379362762,0.612692751120324,0.668459035951057,0.642615128076996,0.600061435895827,0.310009967524496,0.140142627485814,0.148253664381961
0.158551537052713,0.18004215990943,0.219674282043739,0.367227516608421,0.493170586799096,0.669342355425991,0.639393486714174,0.687741898950632,0.575371772267957,0.417814160970305,0.291269783385016,0.205588436902704,0.186746419807819
0.183412831733628,0.217549627094584,0.307727040865219,0.360824988978672,0.51300959241171,0.601176395948042,0.65105562101724,0.616364839806253,0.569751434108013,0.624783920445201,0.313942415952957,0.27627465235347,0.253809105233051
0.168161315654485,0.190528422493658,0.26432500050831,0.321775274282611,0.556118932040203,0.713987411311138,0.699175146722854,0.692072717316447,0.568148911417871,0.489474045357175,0.287298063662912,0.244453053663187,0.210557392412343
0.150911507671816,0.164999815026707,0.218297859759875,0.268370297860219,0.493155238618889,0.695553929375295,0.704485089784818,0.723152650854052,0.671662765197383,0.537061101094588,0.303634536772807,0.204466279967242,0.186002870771186
0.0850512443882438,0.143111236636494,0.17870486779805,0.223526014472997,0.311218965258833,0.556715188017716,0.701292431316444,0.697086326296391,0.690326295676252,0.592792378127691,0.362657829150777,0.188840085804498,0.167462455995382
0.119887772229969,0.156477692491117,0.183611231561772,0.273015122633945,0.453651238122499,0.57471635835778,0.63036088489461,0.661195306898392,0.685566032394525,0.577838741276656,0.325739855254677,0.174706102963663,0.161699012779699
0.15760941455828,0.198722405876753,0.25173118409972,0.323199363270938,0.513086130696967,0.637264835669694,0.670205381578822,0.701311411848975,0.682354859628523,0.545452612268322,0.296872070085631,0.240063100009837,0.215044805050868
0.158546649469913,0.188420624613555,0.230759374853637,0.347528650726572,0.54931856588495,0.666127146134004,0.642968832713569,0.68212237939142,0.628227209987668,0.381178003032869,0.302138826820131,0.224007509359973,0.192904387342493
0.104291127913167,0.132255070128993,0.153508761168552,0.197632054922463,0.311345697703937,0.526698149338614,0.64316226346916,0.719629105970379,0.661088535402204,0.584110360838825,0.36221418353239,0.145017804581214,0.14979672271159
0.170623831439488,0.198939296602515,0.260739547968141,0.31564576556248,0.511982101278401,0.638787225824521,0.65494438893102,0.656971438040908,0.666907939362245,0.512891485156263,0.303420639501444,0.250562035272242,0.219755557267908
0.0268240187680184,0.115473476746854,0.148453944865181,0.206205743388456,0.338748197510157,0.471435039636721,0.57205284295499,0.604428816426381,0.601183296904676,0.519010731110085,0.351647140332208,0.157354255256582,0.162435034695473
0.127816041280311,0.162881153821403,0.184297306269855,0.245037655533745,0.441284168012318,0.608511412489651,0.695241486109664,0.74229675030454,0.685726115945139,0.647031341614673,0.362675983173866,0.171113204399717,0.164120113779572
0.155259238908847,0.159307461457059,0.251642085520949,0.295813449157088,0.490893136802458,0.591673211062221,0.575520835250538,0.585252403274895,0.571757779399371,0.562978885651322,0.29472708937393,0.221867192127008,0.197526686535382
0.160268298381277,0.185848941530843,0.281783484156981,0.286441692513762,0.507647749255051,0.6895148208918,0.705743826453731,0.711150256079839,0.643723455050753,0.572979171851971,0.290982275001182,0.230997022023904,0.203643202731121
0.199167961206173,0.274365817449106,0.335105798555899,0.392013524504804,0.508272851087184,0.606086626951977,0.589794055730238,0.58068626124683,0.563746977157568,0.478692260371838,0.355455240424943,0.325043681443678,0.28805759642861
0.125828709021441,0.138863162451211,0.175215198991274,0.230463688461251,0.526198576294257,0.602120185552502,0.69735854773202,0.696827359492045,0.719920765700747,0.583214036277113,0.277381843391614,0.154852746881688,0.161633142735436
0.152611371428751,0.165712400574956,0.224455585229902,0.272045519053651,0.492784817430988,0.657753502293475,0.695514012281117,0.692000656142338,0.684081776141615,0.602648669226305,0.278038543472753,0.188904521761861,0.179347375512492
0.14686866318494,0.179849739267589,0.217708414057686,0.25754500740052,0.48276716984137,0.680591170920703,0.718263588563679,0.745378527668288,0.694315013317169,0.553156043593875,0.309743366798535,0.218049836895955,0.182254531265546
0.179648101994862,0.199049555394989,0.296724269405104,0.38231124075885,0.518399384443227,0.59718238942918,0.607504101225883,0.577944285346157,0.499889874713462,0.545704930164304,0.354564789082718,0.288338005837619,0.233214076677904
-0.0192958228515271,0.123195104365883,0.151579534339918,0.208232298472882,0.326259401383526,0.501449130213254,0.616597453302554,0.666837931113865,0.656691315978289,0.619753834410887,0.281343252617562,0.15120747930749,0.15711409535593
0.115053115612336,0.185974138999437,0.244576733387988,0.304622800961474,0.399227549721213,0.590919288144899,0.70864857493224,0.712480338880733,0.674247691751306,0.581178093235656,0.421761746135578,0.284840769309344,0.213928187676048
-0.00639105448826485,0.129223071869217,0.16425248229669,0.221272779628881,0.302414916235487,0.518225423776997,0.664815230137529,0.696422374107975,0.66621782768656,0.629309520148914,0.297751428118951,0.159353514427546,0.160566949860783
0.101800460982333,0.115758127117987,0.153336118168308,0.197350345834499,0.349405676152792,0.502901790188011,0.611706966118076,0.658341393429108,0.665162890021813,0.586991088857707,0.241732691917389,0.136971665069519,0.143664089255782
0.227988077636701,0.236159833950465,0.307574413489143,0.380437395809039,0.452328162209483,0.565770841127665,0.58612272749026,0.541092109382766,0.529161613966594,0.488203625267752,0.360053841461872,0.320990917550892,0.255816423348176
0.179549495710184,0.188737342502593,0.254200395683974,0.318119569776769,0.494929296249048,0.635573901562721,0.558441185792736,0.510558487564595,0.527962639359566,0.487443212343371,0.33812413041593,0.294414401508932,0.231932698652833
0.3285924657463,0.333277712342438,0.365144068332545,0.243906719535111,0.286449991277637,0.275825632856324,0.262310226313103,0.265522873578361,0.253460999759377,0.252292231104702,0.23161480326093,0.225670134123131,0.193298474276906
0.298434786037066,0.347128885901986,0.406084300840081,0.269093311614358,0.288740796656076,0.321405038938209,0.318877448704849,0.312218244068329,0.319532704148629,0.291919371981738,0.248416613922642,0.242869466053698,0.188900921153933
0.189795466863418,0.191633068059794,0.259686211301381,0.313568800508468,0.39918361720933,0.522300436065141,0.518623025588036,0.492111286102282,0.481959530723128,0.443039143371845,0.320937309147655,0.291644531354291,0.207734917439466
0.326020568394942,0.326488438494414,0.396493519565562,0.280397125741316,0.301498503047837,0.351616128829232,0.345044051925567,0.421374454244567,0.484576309871234,0.389772222780091,0.309636108114266,0.284004234666116,0.183590947754043
0.227980033228265,0.302577897946166,0.385976114206095,0.365380887919467,0.433249211300534,0.51850727949141,0.474582168450195,0.464556743741872,0.484770974898531,0.541786254751597,0.47487471607058,0.362779752343426,0.292616272553981
0.191346190510005,0.227276768235564,0.29218903062946,0.315516879118199,0.436556813176954,0.508599147945533,0.464213562451983,0.44963283965488,0.48067835091507,0.46813746312424,0.363701147201762,0.346485059208292,0.263865443742744
0.25848535533631,0.283843435379857,0.338995348181755,0.254472538330547,0.299511882769373,0.362315367408654,0.395842558514047,0.402904972607449,0.389176096589627,0.37448644164652,0.300186704432584,0.259590234785986,0.19400715329056
0.342903588706845,0.357136126638153,0.394527025578534,0.293810871257211,0.307616720761075,0.329959786056389,0.34306406196113,0.395150850917092,0.409841592528047,0.419392866056949,0.355851565524121,0.289739235718966,0.191544910419755
0.383351979196546,0.469575739286519,0.554781008983868,0.569282394993066,0.534012732273798,0.595423261246599,0.57718502849806,0.607056945372285,0.577540975075312,0.620270525546096,0.478135788273673,0.454216858941736,0.386740707545911
0.306166516345459,0.3350431733259,0.364094821492676,0.405957218966547,0.489423761160584,0.623882532130732,0.603421830132603,0.601422607230579,0.566198904720131,0.440361903577407,0.455186596396755,0.365050448758534,0.295358583855167
0.321661793789055,0.373193519386108,0.43550871346988,0.447458091804787,0.497418445425308,0.517232785706388,0.617125686012698,0.617104655389422,0.516606033645677,0.485899147784007,0.423815742241975,0.296116046607997,0.228867915084651
0.21917075921445,0.248704757244913,0.256026704046099,0.364473953618045,0.555084476949559,0.657028045060022,0.68903753218148,0.665712331612161,0.600024456054072,0.413364737016555,0.305760440522925,0.266192689752889,0.230025957441949
0.400669682712847,0.477862485928315,0.594055136592394,0.544567996231227,0.495747822709145,0.630190856332336,0.57462725790279,0.622493935081692,0.636059662136255,0.639162996814168,0.463743359828182,0.432355866473725,0.370839717896837
0.233852197455028,0.258645789722008,0.310499437748075,0.354260391378042,0.44345120317699,0.606773721700847,0.663634285484297,0.653046649487111,0.580300018272144,0.488123916311805,0.379866921336443,0.270719288981335,0.22809453788285
0.330468985320323,0.353132622466978,0.39850195763493,0.428685819462787,0.487865970159241,0.621627031226393,0.706149122721081,0.645142388945557,0.587023958173485,0.490547478672033,0.465298638293707,0.323756327969832,0.282162423482787
0.413698403449353,0.504148949936774,0.599893136499455,0.596598903158326,0.598834499556953,0.640646781046693,0.588788119131327,0.605756611946594,0.57009541212954,0.651360802685847,0.495912836518142,0.492450789277626,0.417277549975737
0.359323680918073,0.398531917038774,0.426950481859081,0.440027979142605,0.491267900631996,0.516122935324592,0.565013726341599,0.580344536427434,0.550023686166055,0.517133428697923,0.473856529160465,0.37019271129373,0.233550577400407
0.356564299367945,0.429222256362452,0.453675241839135,0.474574512137656,0.597298846819256,0.697910040878971,0.644655680438129,0.663869796681681,0.585702012746316,0.596901933725072,0.424983383837993,0.41133459922737,0.349947792031339
0.383989547379215,0.457744580124497,0.557561647809565,0.552056895533384,0.529950812509371,0.613926003047438,0.580174878326319,0.601325951389203,0.541354556893726,0.624197630729512,0.474106088872056,0.453594226836791,0.388039433378267
0.332790934430628,0.389974452680724,0.384670654321844,0.406649019684929,0.476332948488922,0.630922526916016,0.635256696295079,0.703507018795232,0.620420242905429,0.601259316309725,0.442212701881942,0.345693314504438,0.308581803651814
0.339404336534832,0.365357653206736,0.408063517773448,0.43770573418561,0.513703203430788,0.5339687046771,0.593039999148048,0.588497930993474,0.531261946260464,0.490336727601247,0.442847785037026,0.390586190324703,0.255144396313
0.321206792183201,0.350294239013716,0.40118346106052,0.428482294618913,0.507064248058065,0.519874618272299,0.599108927256017,0.58587985709032,0.524709084712956,0.496644095740182,0.433665820809831,0.273024576473277,0.212469147400244
0.313668245705759,0.364849183923106,0.448861534504518,0.468336873455338,0.55105256210916,0.547271936123272,0.632895028113797,0.627530986745271,0.519084251655151,0.472817849636016,0.380076123156524,0.375173769307772,0.297929860933336
0.246670733938125,0.261431806930657,0.284056670796679,0.398991145638595,0.542300574515075,0.636698442370706,0.706886993776465,0.660140581615913,0.50968833231035,0.371929667122395,0.310342662254515,0.274554478818656,0.235452272243153
0.346062259292869,0.38422898807021,0.416589850187663,0.432528045032357,0.502274681429194,0.558396268092091,0.560206556273812,0.567808115731269,0.524894592539127,0.50895829534819,0.482790507119887,0.34442344919247,0.267187895676765
0.396089019565,0.46983084786776,0.547088813349969,0.492662142604129,0.508215783028962,0.656833206564649,0.606325047088776,0.618186299946937,0.565308448870001,0.547175899513657,0.471655316454636,0.399725302624985,0.350632433201425
0.410790162509691,0.485917247355,0.560325980392114,0.600060135674496,0.552050268134493,0.61000709616841,0.541453309598582,0.62019225390256,0.556245031359808,0.60390792670251,0.482886280155197,0.489220896029482,0.417933383783713
0.159524984503896,0.208522488352453,0.241215459044815,0.420640559036653,0.540619181389934,0.517059300999163,0.564941263703457,0.471110157511763,0.447781655389271,0.394612236301039,0.318874005360133,0.222534615491878,0.203260779899905
0.181505580721475,0.217458346542107,0.25753398425222,0.412156846390085,0.514450582083184,0.497114620213007,0.532636363789218,0.474356268726774,0.429997387936132,0.314275962287935,0.32534034113662,0.260109130212343,0.241450231779392
0.199261604667177,0.247062383434176,0.271727790043594,0.502004944996883,0.595898381398972,0.62865967921707,0.651156869481777,0.553448202269907,0.429487396500364,0.349319261423036,0.301459369262506,0.244487062008411,0.215618926550831
0.151041790196839,0.191076907239338,0.228253467757772,0.481946374911389,0.569892972957452,0.647557682767893,0.657848945385685,0.572100060494437,0.480490504673271,0.327088203139352,0.245151125652043,0.212392730821632,0.208590408924265
0.248178124693443,0.319109496158114,0.366579734442356,0.499362581700376,0.583689999195681,0.540968195308538,0.552678340713556,0.503786984108325,0.409305091639613,0.337258843550377,0.378376823221435,0.307371176603001,0.285536280800089
0.192410850219141,0.259398727194093,0.330192770167672,0.536935471229518,0.604355254525482,0.615358272544679,0.604298944436567,0.53788000038245,0.429211210073813,0.340292257108157,0.304428011695124,0.259239548764554,0.235225331286948
0.208794690431494,0.272642067417536,0.28551345267239,0.442269521362758,0.492774681858703,0.57448597060964,0.579345063961195,0.546092125066059,0.467780571417523,0.406733644771566,0.336507440145758,0.287791529748871,0.280908612839156
0.262237400026651,0.309347254565126,0.33731878127096,0.528522989393022,0.574263069481474,0.642375441246914,0.630615177794333,0.552601877310387,0.447381646790532,0.351432513824016,0.338757215831825,0.301441035212694,0.30734724527255
0.188656782711426,0.257516729937342,0.326861371052997,0.508435487816225,0.556143064457095,0.579445506481265,0.598731641102251,0.520485061448047,0.434503821075598,0.335340553254018,0.37928912604979,0.281358736848991,0.249252256245939
0.279105642511642,0.343242794372839,0.360109919791586,0.492120677811671,0.525543765682591,0.583292367269876,0.568414790083642,0.492828690633525,0.427175622698531,0.357032946982691,0.350880121657195,0.308460324560033,0.306327364557764
0.142706028277605,0.194316748646477,0.260388215022061,0.318388930463682,0.315363275750174,0.524534533518161,0.566102424787898,0.712148477967393,0.662718379690265,0.516929404229409,0.444474430674278,0.309124563354044,0.25755828689502
0.152786784542356,0.206673591671981,0.284309652992824,0.330143161109113,0.366315224385843,0.383267426372603,0.434758193412975,0.61703597880861,0.706154538939596,0.604985283567844,0.563849004993309,0.276361353369622,0.24643512226084
0.148570402188025,0.182240094589357,0.263538303777336,0.313028111814818,0.394817703287847,0.424844554988429,0.437098494401524,0.622337087382478,0.617432577848047,0.527870203903929,0.456518001466653,0.32416307963704,0.284032860986547
0.157166877083292,0.214573778173881,0.309973373421274,0.327898686023254,0.332769276615227,0.501529838570584,0.527840852001862,0.690328095646202,0.613344071931937,0.550634743016933,0.542544300792718,0.403100432368909,0.313708365686044
0.154845366259351,0.200059029087554,0.267000914736935,0.289755136204073,0.321341739156635,0.395464154388761,0.447598944260132,0.586332740787801,0.660079060594017,0.593918031449867,0.47226399837572,0.228469195983059,0.223310651318206
0.174489228191504,0.210976278751248,0.294944098714431,0.336352718965237,0.335966032456205,0.413063095875222,0.474510441749006,0.573613907750516,0.608166215858426,0.548264527877866,0.459407458242984,0.254383202593254,0.25769255599153
0.117321526296902,0.161143316495882,0.192579128190875,0.215703629545264,0.373214427482666,0.517564889428997,0.561405062444272,0.760434135827832,0.723094044284324,0.561515859800666,0.372687490291618,0.270094349903104,0.224119925817711
0.170959217471978,0.186607455788417,0.26105454878897,0.306854955418382,0.366607163007307,0.453600479885938,0.522536779844529,0.675649116058838,0.601165322338809,0.543613920330063,0.453730020362812,0.327190070112839,0.274672799710489
0.133610984878454,0.174325130864678,0.217142083091321,0.264521147123029,0.367857171635157,0.421077583952783,0.449162360948878,0.705507615186351,0.667953343085848,0.546826223687873,0.409184270257212,0.309638232221462,0.23844010369844
0.115626429072058,0.147017721521646,0.218314787184543,0.338612969864019,0.441288490783598,0.594964410902989,0.597970188742748,0.667548977796593,0.596293195387628,0.579360000695718,0.418803788024759,0.24067337401449,0.236371868896556
0.0560537766792672,0.111267539568798,0.144522668838042,0.20518981356692,0.30768174764404,0.518114147430633,0.594462565637005,0.677484390178367,0.603374925761437,0.496815389804822,0.269037077514096,0.14665685596299,0.140354844141705
-0.0268693910125332,0.111567355173189,0.146345844356727,0.217761000329208,0.329658480505923,0.475536774517756,0.643826237522435,0.648598112843375,0.6405808077566,0.554194287259737,0.304992467679528,0.153281799574246,0.159735433309155
-0.0193882746960273,0.109491516500469,0.15849793112819,0.224416533424941,0.326307039917395,0.491748051843434,0.604113098973944,0.649272565568402,0.609687620103602,0.527383540892018,0.344565232526346,0.164857837704034,0.159679200442699
0.0318859987919012,0.121444589342386,0.200487110331212,0.290252892660784,0.414397988364255,0.570851596054528,0.629397638230411,0.654417362456704,0.610284112544222,0.571445554612185,0.309315809847936,0.242320395641515,0.21055465568973
0.0761860901554177,0.101876195538008,0.141244288719366,0.199746275453322,0.321859916540763,0.571736040395628,0.605549335223671,0.705835161121666,0.653316454952077,0.583747004775592,0.353402535287868,0.164589731987344,0.153719466476455
0.106788463578819,0.125857347099741,0.16853450657915,0.251889857476869,0.357790301639836,0.565149416095999,0.570518755779373,0.583770121938011,0.521655859817445,0.434129154507769,0.301490023052457,0.181781819745404,0.156833355769985
-0.0167543655177397,0.113178458247578,0.154720099823038,0.213508238367054,0.318634457530454,0.474195010409362,0.62781568414176,0.65478019606051,0.631515909447313,0.607353349330533,0.380852974159025,0.157864611870939,0.156948799734337
0.123079193631291,0.145909182455953,0.224570200788323,0.296147764955834,0.442018982217979,0.556099618673842,0.613959235958958,0.637898114096178,0.635155396123616,0.510533413126646,0.344286170399405,0.212880207816468,0.21107724726213
0.00509085190476578,0.12618369765648,0.161787130148922,0.223193912040687,0.335451524820454,0.516870827959747,0.687630411876461,0.686477219770362,0.68529504386586,0.633065707138665,0.364640674783321,0.169672073375654,0.165211685989948
-0.0378403602943545,0.115181804408402,0.137787523833973,0.194592843151675,0.304878597382168,0.475000751054658,0.662047314921632,0.661855472100003,0.638017944794162,0.596495001986695,0.268460050753988,0.137769713432891,0.150838767811554
0.00365894304191117,0.157972363694448,0.201124777926008,0.266078237721446,0.364206319458465,0.570575019630665,0.690876270909737,0.721043431384683,0.657682440343443,0.591679903653209,0.385184850502519,0.253840614223914,0.193451953899798
-0.0241641364833671,0.12519720640138,0.157261781476768,0.214482795122376,0.320562661317248,0.477102236936075,0.619225971695378,0.64948911201799,0.632707503054122,0.607197513181255,0.323131567001834,0.167063949626124,0.166927541658177
0.065627852371328,0.140958896835467,0.214352776311487,0.283252493213572,0.404105129861185,0.557769952189149,0.710475259421547,0.690570431229736,0.687977421679724,0.591044027550965,0.38171935191621,0.206185428172193,0.201940812263532
0.0297535077804659,0.19700255632196,0.272456076742888,0.362047764375431,0.449518379478904,0.596090257908594,0.715336416049117,0.720372556579487,0.671677856757302,0.581018835590602,0.432157064832938,0.320750721169634,0.260623953354914
-0.0252167142605066,0.112414769019438,0.14531752803023,0.19025704142076,0.287172709465724,0.436639361474237,0.617885114613047,0.640374627486095,0.628162876623182,0.616834177556715,0.400516943847411,0.133780964587767,0.151368902172847
0.0616586938811689,0.106909558130894,0.150300484618402,0.221550643780672,0.326552567112997,0.574190606371627,0.606318998145577,0.680582556726658,0.621893927415426,0.576125670006361,0.355569063658545,0.175826168033325,0.164478712191589
0.0578433851792013,0.122681686166719,0.16098645638073,0.229338653831597,0.353486473448626,0.573085333629962,0.609365509689745,0.720192960683253,0.648876441286616,0.57054088984518,0.284179886294815,0.170859138825231,0.163820236700718
0.0387651448184919,0.125732220961488,0.179172776961852,0.275276773255938,0.395552043575052,0.50389884600263,0.620310056013254,0.638130487546178,0.596668072782367,0.534863894848305,0.330318002149069,0.192626468758267,0.192907426345479
0.0013710247476647,0.116954220958606,0.162066084338965,0.234292610308828,0.381428364503693,0.563407789889504,0.600951229658322,0.675604318061412,0.62932994529775,0.589094397960175,0.321269495119925,0.16591642286086,0.163342662157612
-0.0449880100770952,0.105396727268082,0.132964489118859,0.181492833722768,0.276500157415292,0.448563347252652,0.631391940468751,0.628430592051798,0.615442085580257,0.547631840326127,0.32378380856539,0.143369709688165,0.15443472385659
-0.000301332328278139,0.106945853082182,0.161004112278199,0.227403125347315,0.343725788372717,0.54011256197668,0.609280382026094,0.653629071593864,0.621085914224144,0.588459934152997,0.336351159696116,0.202325447966463,0.177947002451456
0.140862548436369,0.154774293835187,0.205183864637888,0.299659789426214,0.36863971919964,0.60956407345995,0.619642693498299,0.669530010935879,0.598851836463815,0.548567167730926,0.389969787631123,0.204654789959828,0.192549303151436
-0.00289231907494455,0.128322956786845,0.16144118235956,0.210993801696292,0.303745895995265,0.550196605622757,0.693773684643002,0.731291540872771,0.68401519494442,0.62991750459543,0.362319403743496,0.171668770336732,0.159618737382228
0.00757927052787611,0.116467476142099,0.156954417408014,0.211323693599028,0.329820696513975,0.471015709469803,0.598506895187852,0.645503545796161,0.623998427554914,0.57763751396889,0.347354816175813,0.164025276934934,0.159329479841088
0.00358519344322074,0.103991765844595,0.150647770670957,0.223606621512396,0.346078340599937,0.574933226195519,0.647564165441655,0.684398783888717,0.642320004186779,0.539289975645898,0.317579991614657,0.157004554097178,0.161139743680148
0.0478469480815826,0.120946631033834,0.165424905241147,0.19083549084526,0.325538695396875,0.492970812844285,0.61941466242068,0.656041859779572,0.628347241843396,0.583033858964362,0.368774458953443,0.108623499671219,0.154731129649086
0.0216446330765045,0.151255307114998,0.226926787411181,0.299139811095239,0.406715125621219,0.563282517284449,0.680384437557924,0.725960859056111,0.65178564789766,0.578962438300512,0.392918168036249,0.224575261865793,0.21891793624887
0.089831828034095,0.124986701936888,0.166272336681914,0.246562212857888,0.369637547895769,0.571604092748963,0.573506870295952,0.647188322964624,0.574398233381412,0.553883165630149,0.317986871511729,0.172054462325937,0.156584242470717
0.0795637298488521,0.125008545228731,0.170516926266003,0.259510109205204,0.382178139880394,0.576208984825555,0.598159477229097,0.66415325432157,0.599290561596553,0.563413011643349,0.357444081624208,0.19574518247054,0.178279399781107
-0.000417610123238163,0.10546522270973,0.144049288105164,0.207846404177901,0.333027603952209,0.526637946210938,0.583579025790553,0.660816557904364,0.616643987589216,0.560621618510155,0.295467184832644,0.153933884800234,0.14790549006014
0.0717524881355275,0.0986970837013794,0.134181467983441,0.190826221676784,0.305098553725379,0.54878140641449,0.603577635110465,0.681809563984067,0.630612646250704,0.557738152274676,0.319025746965737,0.159544376159129,0.146685664745658
0.0398542675122582,0.128880903130523,0.197463343859466,0.298951634371288,0.427482714611798,0.535705909746886,0.645645975371195,0.663045191735023,0.690569906185315,0.590204986127208,0.358746336622537,0.216471851198379,0.217236422295623
0.113213037598163,0.151025389711558,0.188721915937089,0.225184936206117,0.336173241603664,0.535751824837131,0.655548594496445,0.730411640748353,0.668951940643541,0.593540067386524,0.390481509792063,0.18071030722939,0.169917373416277
0.0371288194055028,0.101678104506082,0.149240800296771,0.206992359813028,0.329562490254436,0.560909090067991,0.608435854026082,0.664660068846747,0.63721846315301,0.570692555663919,0.315682240788624,0.155219836201115,0.159589938878956
0.0966039370725125,0.12905750362441,0.198238186773042,0.286066146522855,0.40614826952771,0.613292400750338,0.615403630197072,0.685966245887596,0.61197393357756,0.58301445044954,0.4200818511555,0.229142919694822,0.207507000784436
0.00320238157834277,0.132373377083784,0.173132977645296,0.253381766949801,0.369526708460425,0.519465403791595,0.660934015341531,0.680199013801251,0.673643223660077,0.611075067430659,0.379968850767122,0.204213952692551,0.186335925055881
0.0701694558333597,0.109212068375473,0.144280027363556,0.203516991738374,0.295079845109584,0.586565852063685,0.604949705285426,0.708013712129257,0.647934347899941,0.588655515732222,0.320802138962034,0.160801424366393,0.150079150041099
0.0881748378858764,0.113853185087544,0.149967291145743,0.227553323027784,0.355852886601167,0.587254658862539,0.629150681633232,0.715461539370966,0.650714604248892,0.563536852152654,0.363004870357087,0.172108155964947,0.161433393762707
0.0836504452695005,0.109514338938585,0.134970600204888,0.195984180727661,0.304517739915608,0.621854781075921,0.645601291327466,0.72639404661576,0.677395623212856,0.578338865778437,0.275349183046166,0.134771999280947,0.128712195505733
0.0534619520089316,0.159041617687859,0.241003709503385,0.29349483857013,0.401293536873598,0.596303829542966,0.718460877184586,0.718696365766251,0.643264520729154,0.581001104837194,0.385838681669938,0.24439473367758,0.22191861417321
-0.0162100902232056,0.120575806505253,0.154547511936385,0.227494821928654,0.353516160598025,0.519890355458315,0.693438385891593,0.680826756300053,0.675675113796014,0.620661592782344,0.354790973403048,0.18546137924217,0.167019750744088
-0.0472127493871958,0.107639659570481,0.14319491560462,0.193424482286841,0.290883492705441,0.454702954048694,0.634163297745225,0.631727970775006,0.611865085840088,0.544365355853645,0.347484271395541,0.150263606235802,0.156571620815968
0.142508561971551,0.157967426628661,0.237710607576866,0.300639785220868,0.421805252242961,0.600032560681225,0.675995125888049,0.751945926418204,0.664235666265906,0.557311273180792,0.417212072534207,0.236075216607692,0.218502917271006
0.0138560376886991,0.117465681365025,0.157879048453351,0.221131320590402,0.361142268012169,0.576625661195762,0.621667983120152,0.715942802765323,0.656213872941899,0.598109765526231,0.325513002439088,0.162396174791728,0.159501930739533
0.147810151509831,0.18621885793392,0.216239349339916,0.391338298981781,0.526544452066336,0.646461848877068,0.661906100565758,0.624881595101723,0.54044833968112,0.42346923762064,0.250593917379011,0.210252975268419,0.197053533702947
0.17591479601383,0.217415902208973,0.282264463539252,0.431084815468625,0.516791505188244,0.597235888743912,0.61289053434621,0.59327931271245,0.495816746752408,0.363507042079519,0.296077177488027,0.257959048554403,0.24283348896222
0.154800233996004,0.204007300924247,0.273743845911689,0.455899529077456,0.507948625277322,0.606203200548514,0.618283092620333,0.576243689066958,0.43879312275883,0.370647372607091,0.342058066875086,0.234404653490686,0.214647165235063
0.170090445048886,0.219833334425951,0.273987374497034,0.43158054212555,0.509373032828839,0.592469842432193,0.614070506702991,0.577887688029816,0.465459271553236,0.385714378376484,0.273009337038961,0.235682153033008,0.222609552790236
0.214771756424847,0.245449045637341,0.263340148236042,0.395272184531714,0.497136126169846,0.550111862721755,0.554488346458884,0.570962878593211,0.528746031464139,0.474571290539129,0.305499567678011,0.261371330684194,0.234683578125903
0.170772622449144,0.228558547735775,0.282899948400968,0.375197005909254,0.442539358809654,0.519184905897911,0.572972312853859,0.572488863145155,0.506157180506406,0.468398081890326,0.372546198774505,0.286772327764506,0.271167591910103
0.164784359570602,0.209080940954888,0.282239139813154,0.510106581177279,0.593105057194433,0.663268978029084,0.661595914722229,0.600363062244275,0.473117819167518,0.330357699847582,0.269607780763865,0.218720499430018,0.197691575078062
0.165870272963355,0.204653527229183,0.255146115561274,0.425860195733818,0.52730034520924,0.612777118481584,0.611734335219009,0.57996597220606,0.452910094180657,0.363052679636266,0.256832018256478,0.221317493125345,0.213999118118443
0.169135656747495,0.213100986497797,0.253471358417132,0.391809548441279,0.461563332750061,0.5683954696499,0.611542217425779,0.601553058660157,0.481454910760353,0.441996642951541,0.331015274453125,0.25709519116286,0.253427102820887
0.152793902104864,0.201942673081266,0.253180895959931,0.460582500990448,0.570384610258661,0.635133862031148,0.635191746474129,0.596734236544207,0.482096162733423,0.37605608953499,0.257977918153872,0.207150417591633,0.192191485781549
0.169343846856034,0.219283696539937,0.271963873790111,0.401421189105117,0.458058812301949,0.582938010413232,0.618180634252892,0.551063227125635,0.508694143656992,0.420381480074317,0.371709818033638,0.25579697938426,0.24358335622188
0.208732768529795,0.251185565882664,0.333414600613223,0.381634542224641,0.475801799078233,0.626454341417541,0.571158200636418,0.591204073020316,0.534871437863819,0.481259425834473,0.357495923735117,0.281249508129901,0.250138371473793
0.312635279780697,0.311883205319641,0.431930514904848,0.448094741687096,0.454665288324726,0.48801867991276,0.493219597634529,0.432406978373981,0.47979030304447,0.53963198674761,0.506223250301182,0.391707138594308,0.345092897607456
0.235978483251023,0.275799861714341,0.355423162035242,0.420165980958353,0.490706793415186,0.610697205377778,0.493385563768429,0.465820005450671,0.510243175907818,0.528049363225859,0.397715260119124,0.368847335404494,0.322463459265998
0.335593271672955,0.342678751012949,0.486553759367494,0.487552020940937,0.448153327236264,0.477408210252946,0.481777837760166,0.446209872177372,0.485203058734569,0.565673596848023,0.53265790524663,0.424849955573654,0.371613578010511
0.221326581281914,0.235962153027324,0.262664570952534,0.321669485868481,0.340632831713216,0.567656994743575,0.620348720415449,0.608646178759356,0.617857024080059,0.467272799162272,0.394406564863394,0.317000250286294,0.229472258128572
0.225631106094086,0.277965465708081,0.432231122589495,0.426950871638952,0.428262484775108,0.508920472122723,0.430435024739415,0.526087251050209,0.548803877060685,0.567856595259166,0.473904218542027,0.33049956965968,0.300644494915574
0.197445790938081,0.247501426391942,0.300365623795061,0.356292474776136,0.440608346722725,0.663735562288795,0.606607068311995,0.607733621772311,0.53514083366634,0.428294126096696,0.336540182678307,0.270626166359091,0.230741928785284
0.245304072150698,0.268331807316038,0.295175456447313,0.305973616997469,0.336085037128493,0.510337733064302,0.53582949271088,0.565317039798431,0.615056903766808,0.555847371687681,0.429548015248388,0.32899071064279,0.194029870404777
0.212769024507086,0.261443097458637,0.381361503207998,0.432680778928008,0.486956019857127,0.615343172259192,0.536238043767257,0.585083304005033,0.574259883382361,0.509610712930709,0.395657265637657,0.305262825026817,0.270016286503552
0.332090117884005,0.474949679953705,0.543811540097185,0.561276661300431,0.487158077491871,0.591678119516477,0.504209182426895,0.554441117176136,0.457298572024945,0.508409832703461,0.449122871749234,0.442558579187271,0.396159327351989
0.206222183443357,0.243937516642592,0.303049467459022,0.355815829717818,0.503399751413632,0.61062066590592,0.562386072735413,0.515511224718618,0.544894331814222,0.480487240790026,0.34413404302125,0.314564656042554,0.275620127679294
0.255528748799745,0.301369971665713,0.436317754592906,0.429206110487613,0.440372128574238,0.579069930042163,0.549949781685246,0.544440147569091,0.4719711775229,0.470555244985907,0.463528145985082,0.36569154819007,0.322333678321242
0.237382437788313,0.328606138061139,0.471140382718483,0.478006932291535,0.491888288698589,0.579417193609535,0.499854363025529,0.536102350641151,0.53082425832808,0.494726662236117,0.433235944574576,0.33525059797027,0.311322522298141
0.241245467272404,0.302745272901652,0.398020854982726,0.463758516180506,0.516278316745159,0.59981197111309,0.607840012905018,0.566782767203463,0.556121638846405,0.537349770873789,0.354711252322783,0.334322663894288,0.288059839078771
0.201589724428905,0.230292369355915,0.346063101938193,0.423798419789428,0.560782184412844,0.665692980091838,0.607570977876201,0.616460717047146,0.53670859743566,0.454165087135827,0.35049152220432,0.272118468071991,0.242144472934264
0.187543705066927,0.217110639470568,0.296692571663847,0.358632927228282,0.469885220450617,0.63408499453148,0.609630326304778,0.627278142443358,0.532072960461608,0.458922333514162,0.309938983225992,0.253226723279971,0.214257819478348
0.129252513545515,0.163708360986871,0.269603226269127,0.299134228157058,0.456583580490104,0.58874601746424,0.585081235496969,0.623045097954334,0.5271651717639,0.441678696686493,0.325782224146792,0.220735929535755,0.176701557029318
0.151513392743414,0.174736092674483,0.206573994739986,0.271840785039395,0.466424765847648,0.634876403258355,0.679383782924513,0.661980802225224,0.626660339661595,0.502037663020498,0.289844359931746,0.223358061044834,0.165069241017397
0.166237773848551,0.192920445089613,0.25120382824184,0.308987811538016,0.423793056133711,0.568228646365851,0.611198267730583,0.688690342261209,0.571764235381954,0.559281866716109,0.427818928757623,0.246598278200705,0.190945039154381
0.160852141421545,0.183566917448552,0.225638516845664,0.295717011341838,0.433454536264257,0.598579959108586,0.676368410879537,0.704844878878079,0.616885422013629,0.559201696028143,0.417162168863244,0.254517345302511,0.184885069997877
0.176714491938673,0.203221879791194,0.247004151377859,0.29564892692091,0.448688478237055,0.562511668926776,0.614674105804937,0.621008003075239,0.574072614086708,0.515071775778582,0.326632489767259,0.27252882276026,0.183783548674908
0.131576425637108,0.16390791046389,0.193150431523101,0.276361613054371,0.434316962938467,0.558578114906098,0.649181430570733,0.660081426909671,0.714903435615212,0.595047206240153,0.36743598171127,0.193170006151173,0.167115052826915
0.159257533272207,0.17975062154684,0.207403714748543,0.287217864883472,0.426417738789333,0.573358818211341,0.643811624883448,0.651660101750469,0.632501975643341,0.463715793239293,0.303538018798057,0.252640848515126,0.179793814710959
0.150035775006219,0.16678774863278,0.215661480983951,0.281428463934176,0.449343789555191,0.593003506700694,0.65569858113811,0.661212191508676,0.672817802108063,0.480022044706805,0.307886990288852,0.257372486777646,0.177488164518079
0.154335385294572,0.196517748596855,0.228464887775013,0.288572324137599,0.414748341997775,0.573343648975256,0.625772592142422,0.64566010259143,0.617499817456536,0.598724753897698,0.410079193149857,0.256500383477049,0.195974944279074
0.160734121907499,0.177230452730127,0.210316036471164,0.215447845082352,0.332317022935113,0.455767558503515,0.577737981834814,0.550847965317774,0.512905361855396,0.485657708182556,0.352684977752149,0.264099988606566,0.171699215822473
0.155940777849274,0.181535372236858,0.220609705024364,0.283287145494461,0.460140122924657,0.614025487894952,0.668460629058254,0.645518691617835,0.608981691958277,0.449209430966395,0.295555805207082,0.225563785913011,0.179230876781907
0.148724351808516,0.176834429633256,0.205923813755584,0.272261050012199,0.416111899203438,0.570313911516993,0.656691765098873,0.691504931223467,0.654133199376885,0.518596743177158,0.350844238663478,0.24116912404166,0.176498960596645
0.135874759946767,0.182554952001448,0.205434309762299,0.273702306943324,0.420710937980517,0.565935115157428,0.665765794799854,0.6947321500542,0.714562340549452,0.590092215633355,0.393198415883747,0.258708015339527,0.178256114274586
0.121530988834104,0.172862381679007,0.201468594902263,0.263027656990267,0.36410884888641,0.578829630659297,0.665547017019236,0.690133879894218,0.665993066166946,0.612076681217268,0.4183272003899,0.273596833795081,0.169933535294047
0.129757956244022,0.151149287096332,0.185302979348101,0.255547872611614,0.434074558419478,0.572567515826065,0.663211593481911,0.658432400443014,0.667462562598449,0.528678031804313,0.284953700735255,0.225903209062543,0.158152701320725
0.132552024772587,0.153959009307538,0.183944941643576,0.259274431539718,0.477003982045862,0.638121805859406,0.693300567629659,0.662090323475433,0.623569152835169,0.425048640400982,0.268353876378107,0.222509794029014,0.158553736561401
0.158716774558587,0.17796858327035,0.217478568543901,0.247645083347246,0.413412214496855,0.560914366161511,0.634301964670664,0.625464674889417,0.600317011185021,0.50549922122819,0.327916739477006,0.251807271915555,0.173634098314217
0.157192455843278,0.187886390778794,0.247109309262413,0.319175743442794,0.406890281738003,0.47505378389696,0.50644315170181,0.582856645956648,0.513341978807936,0.478415778062312,0.318557352179852,0.263833940862505,0.189621368885052
0.170099005327611,0.178945866229939,0.234531105208309,0.306231244306383,0.408889332996295,0.542718141832284,0.602498657681809,0.591987256337844,0.586916071745778,0.465458540273221,0.307431554550412,0.26335876208316,0.187429240302388
0.166268106771457,0.186056582383227,0.232855039080848,0.298909924009254,0.44198994758053,0.592152584078284,0.648330822564428,0.61089433137899,0.580296317550513,0.471724916990309,0.336802546248274,0.249253553321586,0.18074529622016
0.155867023799288,0.159185322667328,0.192267810892231,0.279593284767705,0.448938300630729,0.629688667602282,0.719400684027783,0.676151435716008,0.6380981917502,0.456797763741689,0.306205696284048,0.217213342597811,0.165319372772573
0.162044294811178,0.179813022565423,0.222990674284614,0.25961702678399,0.387665646985679,0.488328891494025,0.583796273314667,0.609330589759348,0.562434156313772,0.524790422366934,0.305967385767868,0.228895687372843,0.168688393583939
0.170662589183203,0.191282073746781,0.285434111901179,0.335566786901033,0.434257249423143,0.569874360488057,0.5954064985054,0.685709634188213,0.567234948943822,0.521540136708547,0.386220399812607,0.306428420555758,0.213927406495061
0.19449891894998,0.227131695186034,0.299419382251459,0.335555139310483,0.427348542622122,0.561099303512555,0.589988481152091,0.59494564243358,0.551385205025568,0.452614471068548,0.415857342404787,0.295469638438272,0.205352300543579
0.165831953840426,0.175580508835868,0.230140203851244,0.295035837418765,0.410107882929863,0.556323111996381,0.606150063983233,0.594342656170196,0.598244587541315,0.42826564492213,0.290810629473239,0.262885991292791,0.180755888030451
0.156570054179713,0.208323832676149,0.272503834757819,0.339709521530915,0.43949071641117,0.535537576749912,0.543839512240433,0.539310773232772,0.558513487616011,0.434344646383114,0.34531233530171,0.318086865964217,0.218666766918182
0.156725255484811,0.183039073240292,0.215499496898824,0.244298667306727,0.439804123660217,0.581709485152605,0.638865793832752,0.652526481567225,0.610561693351467,0.52218214144671,0.309633964887153,0.231208709169343,0.165606073150118
0.176504557839035,0.184837007996436,0.22732651336974,0.223321079305547,0.256270802133526,0.472011088158192,0.544464714839322,0.661683177529293,0.53792815941165,0.519373941279221,0.361715130760155,0.281372680800031,0.173631221709771
0.15974960650716,0.209225802752845,0.265831450657765,0.296833702156077,0.409737745371963,0.567067334038758,0.616920223912833,0.718742835543316,0.632450623525154,0.631721194446896,0.464909384551312,0.276151701440189,0.2141945468645
0.160733661300373,0.182558436996846,0.24149267473437,0.307650603819538,0.41321725539414,0.550805648255654,0.61442198414714,0.574941853490012,0.585811372746637,0.416347395795269,0.309246529472008,0.290442062355173,0.204834915112512
0.14771852785444,0.186462481876051,0.210832348196738,0.282106466576245,0.401932282980462,0.557831716404286,0.638344415947936,0.693553893683652,0.56167008535151,0.50387983356468,0.381112978706325,0.229658165706237,0.183285572164376
0.185364878766321,0.198898846691347,0.248580132820754,0.317229532800607,0.427377443904336,0.552252250425308,0.605383276017351,0.613489436102962,0.561342777683452,0.447222135299715,0.333188292650563,0.275928204200321,0.197004211407755
0.151341642374706,0.18506575802543,0.238379395641763,0.306763552133055,0.49717921410411,0.616329486546159,0.630228983394961,0.638008031999876,0.574527631493643,0.5098275817168,0.320302621205885,0.271508307985881,0.195648841259883
0.177382148347179,0.196862892968894,0.235901781718404,0.276724850396111,0.388970476885104,0.523986244443569,0.568800276040144,0.522294279226878,0.49281778780104,0.396183070565354,0.314092862759897,0.282353378078324,0.211006101996946
0.149086639922622,0.176976957238075,0.227874786531548,0.293503245254215,0.457124658745538,0.5882151689322,0.622905333402629,0.603582215984857,0.594412448646387,0.455183848229979,0.310538015509359,0.273065892891204,0.19268559678838
0.171401413494444,0.206077553410222,0.290593167784498,0.346564372640423,0.431273926992604,0.517995148430439,0.514469295805081,0.518159418601654,0.525688064514265,0.460778312737776,0.360752868897115,0.332248873143253,0.230125504367926
0.147267079245636,0.171663932805905,0.201960522840954,0.253805911452872,0.488134132149299,0.624291541656181,0.675555633065674,0.678776011749208,0.62607778198195,0.564670072268435,0.324749205198289,0.232320659130428,0.163879163900426
0.147151184946928,0.189945779805441,0.217341829466868,0.295016541124068,0.404551304179055,0.544788734527018,0.607920355454982,0.713792120507167,0.607438643777527,0.600392251161388,0.427223674838402,0.241327411519777,0.188841582520326
0.162288440903545,0.17113780720652,0.189896578228661,0.297131170969751,0.451737215650841,0.607025229818861,0.675882649563942,0.690552281272668,0.6093282572888,0.476801351806539,0.339145075607044,0.241173478516524,0.175695946490425
0.167426594134503,0.168296641715882,0.199782613841064,0.305583989645976,0.46025630962622,0.6006179893539,0.667867795052134,0.683185391124485,0.62251109957477,0.447847649837024,0.273279102273793,0.225100480018804,0.168789311727061
0.178893852687983,0.193795921773037,0.255504644261132,0.308286172870105,0.491988457976396,0.618054167474209,0.582660922355144,0.580118926576623,0.505626951457671,0.509837633782676,0.316443283416949,0.28151001906677,0.21936490185265
0.152415516195668,0.165641126078338,0.207223705914844,0.305155318940465,0.428405813308715,0.586900021069261,0.641551147012449,0.616614018470773,0.610006406624284,0.39205872696081,0.270161230757883,0.25353616538299,0.176342987095804
0.163456424959911,0.174393887692033,0.204467185809961,0.270088463825775,0.428635916759507,0.579552636113578,0.649326113451314,0.657482842967632,0.64216742154028,0.50983357666487,0.284516573196654,0.253569587152938,0.178934227129657
0.148182201141156,0.167172697172321,0.211051783465898,0.293434088945829,0.439913896896853,0.586025894040235,0.649327725978692,0.620234856627713,0.596323623763565,0.395338989034556,0.278116526130561,0.257688442189119,0.193504727840602
0.159895837416061,0.201348961165132,0.236126088328802,0.306168461516507,0.423059277134024,0.577844667580187,0.652777459548333,0.711548593154045,0.625101716825272,0.545863263525679,0.399344286492278,0.284416471168466,0.196478878656138
0.146764622186351,0.170755029786701,0.213984204593762,0.264926398023038,0.415062010085207,0.576322844550449,0.621035268414129,0.595799605813936,0.567887839500309,0.414910763814519,0.289041494805982,0.265208115673725,0.172636245814555
0.140261652468305,0.166652532795117,0.202585588847315,0.263903004002661,0.455067710631261,0.607323322392483,0.685223109530079,0.665920420599833,0.690086589343681,0.52480405564998,0.326285437232515,0.216336741666774,0.173672487625566
0.124534358724983,0.179917184093107,0.195826646443877,0.252836210049728,0.388608816799885,0.597188993153538,0.683338559770795,0.738883960759927,0.691255614061767,0.643485943735994,0.425229544595059,0.253544335059639,0.178560169467938
0.143072377670882,0.150398248516335,0.174826869506384,0.321854307986022,0.486849404760468,0.655209276283522,0.719743096286683,0.685687221916507,0.623324154063321,0.430843323028426,0.272391034548141,0.196958180269007,0.160542964726483
0.228526522449022,0.222961566224977,0.249708061136598,0.326320256184889,0.427440872073641,0.471545340103553,0.591560308656098,0.57842384176905,0.533629343351155,0.541005084671632,0.403879323097039,0.323508269290725,0.236176948449393
0.0576364094977142,0.12549188183053,0.156385155097573,0.227828896900308,0.300976807425034,0.46666410483791,0.528885784036792,0.57726618419099,0.524414265027795,0.474220137595793,0.328707135011051,0.059081497553145,0.167305778219748
0.116583349810534,0.131030944170236,0.152735006996089,0.174281888168276,0.296502646757353,0.502031118617192,0.524228892842871,0.461055998519486,0.357153798672937,0.2916172346027,0.228064904910342,0.171939305790649,0.160882032000274
0.0538530326463402,0.114187627953846,0.141244670712069,0.198621438481977,0.311636907586762,0.51716568304773,0.58802968366932,0.609407024375847,0.547641757209754,0.477019889289755,0.290617643484121,0.147743448924234,0.143856291708881
0.0987491269333413,0.149450030659613,0.199020827981622,0.281401326393582,0.379773973827928,0.491374942896797,0.480833380482286,0.465539260788288,0.389268496423801,0.298482081709637,0.23143344624559,0.195900344907891,0.162158454180615
0.129046035559711,0.142918530887566,0.213763399057368,0.304777206535448,0.399919042624107,0.477366202371753,0.507323727982157,0.469607250919873,0.375011958888733,0.346268265538757,0.284045899051584,0.201221543766773,0.174352305627267
0.0740305210582082,0.122048674659501,0.149816430235173,0.23624886823588,0.347027113053129,0.52727102457918,0.546584112084254,0.529048731203262,0.453373824303171,0.357129820281428,0.256599487260559,0.130840483034044,0.15465688010938
0.0845337189416263,0.127618420060634,0.151684005539619,0.220498612906374,0.378838318038611,0.508918920492343,0.483309694301871,0.468518686999437,0.376233367783908,0.288599194340571,0.220718631759039,0.140597940753422,0.152977601444826
0.0944577503962468,0.115192263624329,0.126878356806916,0.2622107903465,0.414991232038924,0.559409448160365,0.591030878893217,0.465915724816528,0.376309400689405,0.261335989479865,0.224970190813612,0.165441409407779,0.140613087637502
0.0877604569415461,0.117080883366431,0.126608061004579,0.180629314783416,0.367555486866718,0.509654802697554,0.496284061669561,0.466617699519972,0.35653673771583,0.240896176399375,0.188074380259658,0.153318352501205,0.133380126440757
0.114784759678394,0.139981594580569,0.177625438173719,0.260296542906549,0.305256246007558,0.517227489689334,0.551106677394812,0.576958256090826,0.53007381541926,0.455405674055361,0.305464347069555,0.16936842105873,0.176722433149991
0.0943994558089713,0.124404272972095,0.162019526011756,0.226367023245774,0.300139472005188,0.54421598248474,0.583244536924181,0.646088133193295,0.611287252555333,0.518020712084822,0.317492518874879,0.154785964379505,0.147832299968172
0.102826411604905,0.131730534346855,0.171400859365286,0.243510317611277,0.286578249519497,0.509601059747077,0.564642021290446,0.615406132285842,0.580663325368632,0.496172429756146,0.323311567501987,0.180160629733032,0.170199393763234
0.0281069586020731,0.121486114950154,0.155183695365636,0.213383285231582,0.311151413027472,0.490281803677242,0.539778472447579,0.562389763794839,0.486721324599975,0.424772665237388,0.284910420729517,0.0649067419496768,0.156607987508547
0.099378800950102,0.12109328485185,0.139576469602866,0.267703715086997,0.419590727659996,0.547025319486958,0.530055768923103,0.47434436543897,0.363993230988952,0.254837827568208,0.212526895532579,0.165457450360381,0.142974656298378
0.0429226309827856,0.124861931412289,0.159717451316069,0.216502840862796,0.315239063985265,0.538776478410485,0.53360156047657,0.424321151101655,0.317794754841277,0.261981585202223,0.228956321426607,0.180070645407845,0.162026066236884
0.0926229059103618,0.134274826937648,0.160112728708567,0.246953453850408,0.367377115823046,0.516444663989301,0.520096843330493,0.482324696032362,0.387241836490325,0.307892399576166,0.206106623584263,0.157320778989194,0.150198257855797
0.197511957817298,0.212009902990767,0.251432222132304,0.287525048612418,0.446793904720619,0.59172326478036,0.639071228259719,0.671862081129668,0.638780744141056,0.59435462507401,0.321512356329771,0.236757672277193,0.226242431125413
0.208139009304349,0.221697268990577,0.260874759424689,0.305528211971025,0.438630017830653,0.614471345820964,0.638951934792604,0.684822770364191,0.661612689331097,0.622526551765878,0.324639431926627,0.233134470890335,0.2240564022332
0.190212694835398,0.205337136779091,0.25190736154758,0.295540968365062,0.431055174943946,0.615526652299091,0.654082883415968,0.698723707084605,0.667407519443248,0.563783753706264,0.301177260237348,0.239232825136851,0.225671487236046
0.21871305819754,0.23473223712041,0.275408884861891,0.303953688320395,0.465201921494741,0.645729625869086,0.685174044326386,0.72396444952679,0.698773386783934,0.571808109755455,0.257729021059049,0.23499455071444,0.226630147687003
0.204447214334337,0.233331067647652,0.264819486647537,0.304352264679497,0.431502622012946,0.657213152389714,0.666016963997195,0.755289633734542,0.713206959351481,0.615934114226288,0.280453880737277,0.235367465624292,0.218724318230872
0.171348295649974,0.202741482894476,0.259060957654818,0.283288629297778,0.383246218862721,0.661577247621258,0.659639571718344,0.688408981249483,0.671581051498635,0.621509150763048,0.3214826766651,0.254552580039026,0.229197975223249
0.204954119591081,0.216350893968519,0.236358749578418,0.300715415717979,0.433124059187407,0.649074859383848,0.683805241466086,0.730769818801418,0.710401160633425,0.600347755429049,0.34129448222003,0.234300964719939,0.221228480912967
0.161413228217378,0.206352655506992,0.270749538467189,0.290791461534683,0.350378769294991,0.405693458565174,0.471857171784784,0.642043215689182,0.706008779270318,0.605098030501461,0.510686507184787,0.274186415518085,0.223158974727636
0.222753061155981,0.225615213174938,0.33220542387498,0.301138726614068,0.456827981439798,0.617719047532409,0.621835706845861,0.671904530554832,0.656465948754362,0.50590585046783,0.312267311575091,0.251208483254367,0.228098896281251
0.19236385231955,0.204391343932617,0.24687830163079,0.2797384850205,0.414311266334883,0.640045245444341,0.646038796338119,0.714388874784193,0.714125933337488,0.593951561054923,0.250041498732818,0.217495831957592,0.197829386388376
0.15628078227151,0.19602314073454,0.241321594655782,0.268233315317608,0.32254547648618,0.433960719510141,0.493372368223269,0.640914633241186,0.699690462648918,0.60990431165705,0.490461705829102,0.233350076550521,0.211535366480049
0.203863964103261,0.217125268873459,0.251861390566633,0.332115525402018,0.479761487503914,0.683926165557095,0.706644935940673,0.714752787465171,0.710891083218715,0.576518700426943,0.272571361217487,0.22234933673367,0.211007023347545
0.170919952836175,0.206640728400382,0.254592549963765,0.274293129537512,0.382631763953833,0.522158645053099,0.604443096948856,0.67982749122038,0.664359007003067,0.594024020427938,0.315315126650806,0.227765710815412,0.223023553244354
0.183309662442265,0.207898856616431,0.261401045260783,0.279445188753785,0.389003987437454,0.580092052046391,0.636930496012957,0.726182431675418,0.678418717742831,0.619707879016204,0.258562085927589,0.232928569967653,0.214234174648451
0.166285732019159,0.199646819231348,0.241069270220088,0.266632610213969,0.34477343409266,0.456799984088765,0.518949618500505,0.646037658197489,0.666306362040139,0.584095318241335,0.366947768406545,0.231563423988132,0.194218493045738
0.247699187594992,0.29557519897032,0.346407323433455,0.36381736566744,0.436109654856129,0.619283356698114,0.634751729503537,0.738489576218561,0.704851654619979,0.638855569801715,0.331019617766129,0.305282228943901,0.264810587816118
0.178923758054524,0.196392942020667,0.271500523394345,0.291313526346532,0.338860391634699,0.429920284935836,0.495473784013837,0.630938029995566,0.667891824917127,0.66798423452676,0.458392267545322,0.304444536171487,0.243940809005498
0.212059460650274,0.222448190740323,0.273408337414934,0.30774088411341,0.425874342525519,0.603787688801656,0.647907606392118,0.741645954805878,0.731843801237689,0.632768654135394,0.296405010833336,0.252632745631411,0.239325721655382
0.188058023367364,0.204564635245184,0.24160214298662,0.270867632601295,0.394877181853115,0.627215427849586,0.618308747398737,0.689859389362401,0.682736103882346,0.572643348858607,0.287674492060524,0.228409089104863,0.206339029668164
0.164583503039341,0.197401497271437,0.284679119607867,0.288308747617243,0.420253907186805,0.651273867878744,0.659073508497365,0.690166858586635,0.676788862437818,0.60630712801663,0.276479313865536,0.236290407075051,0.218183012525673
0.202547956237215,0.228190095463568,0.249153400092703,0.294949949749431,0.45610904687389,0.655533467619847,0.657982799355939,0.696956740155276,0.702068862422723,0.62734410930081,0.346409049641024,0.230367007699129,0.232559869907164
0.211903234860769,0.213200970865647,0.239788660623582,0.307639381999128,0.455604889053714,0.648953982852375,0.690492560215245,0.737710943520906,0.704774111314741,0.607241622728362,0.329454027905646,0.224038584808568,0.218204446752863
0.194681586627843,0.217194312188767,0.248363871078745,0.281410037631258,0.417757137217093,0.597291785659744,0.638589024824475,0.74265666681897,0.645926859960291,0.556410063339961,0.286135309285298,0.23977340038688,0.228229864221291
0.169061643849994,0.205639357801137,0.298974593222491,0.299214470366032,0.313036516370952,0.3475569353552,0.427596776142265,0.494828063226624,0.559741395621717,0.588120660415035,0.450827712336936,0.337213024619321,0.255779337603814
0.163611229307346,0.203662060316285,0.258062194867798,0.295574669616416,0.397214797769662,0.448974552228561,0.48031230783908,0.605098066471658,0.626125466538214,0.516651684852839,0.395311784401009,0.240998553292238,0.213594274028475
0.210910368004866,0.239818270230614,0.300975030630187,0.301730987454696,0.410105207678325,0.58765279880134,0.605080859290405,0.652969809035979,0.648602624341683,0.499416323893967,0.273677263631196,0.258129810555913,0.22953680167321
0.198911978260985,0.205600861926493,0.222107769744939,0.264087060049897,0.427963578936569,0.655370326660991,0.724223004678026,0.756860005335815,0.716107686065188,0.603973761976836,0.335332516460412,0.216471474988598,0.205005350269006
0.182085775585158,0.21430267366099,0.249042570964297,0.292269454410941,0.445132186685654,0.560352285474938,0.59966654320204,0.664339786086977,0.629739574174733,0.577506248928147,0.321913049599299,0.21390255099968,0.21780830931699
0.188874628408398,0.211982570864457,0.268200275295347,0.292806960854518,0.349292622410057,0.458052125769863,0.529605160102709,0.603584763987189,0.656632632808429,0.661894392529147,0.455328964896064,0.276078781035576,0.238209120074631
0.189486410471816,0.211971326332367,0.272723165328427,0.285335322677351,0.329899683613462,0.43857478328129,0.51727951325607,0.634822578149926,0.636061506904615,0.64346961353455,0.430965674348587,0.304657816043001,0.241648837462548
0.219991725881692,0.225132051690848,0.272987326187255,0.295469632078403,0.436704756201615,0.612650146981775,0.653074572925773,0.700583686772821,0.665950969701787,0.632545864368301,0.317317155740326,0.251360681705853,0.245026133654805
0.191616071940127,0.22105467451605,0.319226709099218,0.31782673213888,0.413210318712276,0.563726314800863,0.584434601204425,0.67426630303335,0.640945952222695,0.59610361998942,0.317238233042235,0.278172813252868,0.251457686936447
0.173775726939424,0.185763662553184,0.217525216500586,0.269758680356501,0.426879023960866,0.600784512580892,0.624529333659193,0.695666454093076,0.688797107266399,0.609527326873712,0.317606711797595,0.201754670667116,0.194725849121462
0.308612303914636,0.402552934594528,0.448901994872731,0.481914856016164,0.490224647983719,0.546547588621455,0.543122881521247,0.638689926253018,0.626068476001968,0.530637252305028,0.510907484886414,0.467694728443018,0.412910904766711
0.150759299791622,0.191246313532439,0.253589853865871,0.291451021275233,0.34849107826454,0.410286064596367,0.488432480399215,0.655183199695591,0.731336913813579,0.626434134686296,0.515106073123707,0.287754702988664,0.2214557604727
0.178794795555385,0.209345352747609,0.265081848507051,0.281295545774567,0.346850166982304,0.439151437561755,0.495239931346383,0.584902149901721,0.649474716553367,0.602741280464406,0.372565874078224,0.268866573339494,0.225203102591651
0.158399960682645,0.196683591166229,0.262206284511635,0.279423208623567,0.34855704401533,0.55580802724193,0.593863699412567,0.672088861606232,0.665400582649021,0.630674548839242,0.324506735256921,0.27101932872376,0.230150270863507
0.323820990833272,0.319243538647517,0.3884358663302,0.318563359319054,0.333110079272463,0.352229479090141,0.314085321965444,0.273697015579054,0.393099253201131,0.3724123781983,0.339759300619004,0.325156452615193,0.240109740428253
0.317489108474283,0.319541608957123,0.342730763222569,0.287925335794589,0.298821627451669,0.323781240036154,0.326132220315736,0.34176178333636,0.3525442099177,0.342322156231545,0.313747137052916,0.283186247510538,0.194851955835336
0.414045370597003,0.4302008203416,0.437928000775258,0.354605554046207,0.380354946596272,0.485099376033618,0.524611275536744,0.672946198880479,0.619364453718994,0.581996331572157,0.465814842364196,0.347634315815942,0.324063021231351
0.356542179761168,0.364246981538167,0.425559341824437,0.371004901560778,0.380594431562261,0.490784107464628,0.564329762318242,0.683084118465968,0.598926468652469,0.567642534453228,0.441046005197893,0.360890070942517,0.321083623761972
0.128390675537185,0.179195882450126,0.302675918561353,0.338281165259523,0.37044651557622,0.486567807247619,0.507106014218645,0.583750515527705,0.467041815180929,0.469530365394711,0.310464784140555,0.283875608768711,0.23379150437161
0.12625882495988,0.165310624915814,0.278953980881799,0.310342565947309,0.362130935690299,0.508562681283131,0.507167688072647,0.54190997225526,0.502445204688829,0.433219488891926,0.26548484472164,0.218663575737483,0.205012305018371
0.0604673448173583,0.146561253627504,0.226660604926033,0.281845149909147,0.380950181361946,0.563370707955918,0.591680043089606,0.67291531260172,0.614336889758997,0.552151585296115,0.40430974305986,0.240467532253535,0.202360568064534
0.132133055485176,0.137934635942005,0.193307440531649,0.245132941656628,0.309905565005919,0.478437283760682,0.537790002123074,0.614095143483403,0.532321846149324,0.418499397104714,0.270493927732341,0.183654432441175,0.167535843667671
0.137648135925116,0.169576317817812,0.325587760932821,0.361293127175035,0.388452574807377,0.474814021402101,0.46106175376211,0.568992239170349,0.44586026507743,0.434044604912412,0.333353316097226,0.281456889514039,0.234474838229286
0.132865428388887,0.179502072218714,0.306260405751107,0.350586845362598,0.393064914751815,0.469726320935337,0.475416558227159,0.572250403291462,0.517486829472522,0.495623987216453,0.391628457777851,0.320206999040655,0.234385833397023
0.123135582889068,0.157999118305574,0.193960627942564,0.256981760522416,0.39305881431337,0.431506986503114,0.50311610067151,0.563113719142344,0.569231666284712,0.547427836202329,0.374425458377958,0.265931204728967,0.170772014252781
0.00119075933671623,0.137586969796544,0.216526028294903,0.29930568774879,0.414365314990244,0.529577373195327,0.561328160459016,0.654275559564893,0.585532522339561,0.532584966598302,0.372693600546131,0.221218825960523,0.204339362495154
0.139023846728262,0.147604276263375,0.246273553540721,0.267673560358704,0.313148598685468,0.436555350898825,0.449317852849484,0.497207754096087,0.380580302146217,0.327294150662161,0.250752241580554,0.198483696246333,0.182111291080468
0.0592928335609574,0.138068581720255,0.214645561869042,0.309782561342146,0.420346615041006,0.544981835713407,0.563075577154418,0.646804690706846,0.556071042893688,0.494562155058431,0.329359671384608,0.203433407526298,0.191521395657693
0.0857655234046418,0.130363777271999,0.196416811683898,0.237501608543488,0.320293583341235,0.52764111729033,0.571743321843039,0.685113061481279,0.60813850945946,0.596183432377375,0.35306605238462,0.196479931798089,0.180705243748373
0.131554926350567,0.156127647668872,0.271696791019042,0.30453496619883,0.333828508990099,0.464083863082701,0.450205401742971,0.548727820846638,0.463306824556249,0.429868213078477,0.279055597236391,0.22744916611667,0.200098636459556
0.135499101089267,0.179420331307229,0.241285810439633,0.282267627768748,0.351420113300232,0.436592540942089,0.481792830424887,0.616782036041648,0.567286536030845,0.547729207510723,0.449149095795941,0.332418965014647,0.206297908870537
0.0934637907850084,0.1400528141934,0.223631361156751,0.259919748530645,0.335069255891375,0.480801716587718,0.531841007091579,0.65540008719661,0.588950471709697,0.557502763867515,0.364415682983602,0.197557111380009,0.183305802526345
0.0855151328695086,0.150986657490415,0.21677613172984,0.249833927691726,0.363638330988944,0.525971475573748,0.599677507661236,0.682339200092384,0.615552120195641,0.538086539792101,0.374877556304997,0.252177710436213,0.177375483775279
0.132427235931594,0.161076860944034,0.194124418261686,0.238016826555359,0.392108508115525,0.458828304487665,0.57164712691375,0.629563222426805,0.625939126222446,0.591804371927367,0.415751862176256,0.262756048116098,0.170939887624127
0.108328532371549,0.168634816504979,0.216184669533199,0.255027010506332,0.373013761232572,0.500206158321438,0.555711851016134,0.647494821788048,0.596296689684549,0.503827456058195,0.395304820310446,0.268152834355855,0.186163613235518
0.0859103177775749,0.173635011860923,0.233836571460087,0.266712762824248,0.385955250904573,0.528421866701172,0.611684278698835,0.668169521689007,0.631074694599479,0.558434984939958,0.392840377893876,0.272685759824209,0.191692099971812
0.100307688445282,0.148903244146512,0.21107191937043,0.252638317999457,0.379447272009474,0.561042499535895,0.626262075889011,0.700003167985532,0.643834872396938,0.547557212081401,0.368793597412071,0.233526665859886,0.178767875264086
0.129427794777336,0.135769671315157,0.238665300190857,0.265318313409797,0.329786538647179,0.449118330617274,0.46670892161831,0.453625156404305,0.387514074483071,0.31731124289641,0.224463049018158,0.160953712806149,0.14744479940747
0.0799302074890811,0.138601227638161,0.200767343567901,0.298789234666628,0.428477517746173,0.571724869425636,0.576689504950884,0.649069246929503,0.584855303051288,0.472072835302734,0.30772774213067,0.190541479441587,0.177443988781323
0.0941773820310653,0.173375245736588,0.308978552586154,0.347390145039434,0.364326304212724,0.485162563813974,0.497357666225784,0.546808466998438,0.497800319912006,0.486832341957729,0.349450326487681,0.255407421198511,0.231786194335205
0.134819861534626,0.14789575484764,0.228443433174101,0.259645879467782,0.308284959372823,0.481432510560329,0.51967845632249,0.618890804514476,0.519894139187845,0.450295903134103,0.260400551618435,0.190290637636645,0.177616194802739
0.128018683703812,0.165713607768536,0.204169336314084,0.255047794885676,0.377492215666328,0.472420948245639,0.542466707888276,0.617629698650789,0.602584318560891,0.552467686220627,0.405860602509337,0.274116218972257,0.182927383204009
0.122199087859409,0.159277191146816,0.183245473014748,0.248429286362481,0.463131811283557,0.516948964694925,0.609446934035363,0.627422777472049,0.616184252906869,0.552706609499673,0.367654147254394,0.25024295905455,0.165603129629298
0.144673106608346,0.191699090525358,0.23609013209883,0.292378227228815,0.366757186875669,0.444878230356547,0.502084140929832,0.603155675063548,0.570949498800113,0.553707450727267,0.438504200482528,0.319283314645314,0.207523776451517
0.307574916139609,0.31068296069142,0.360873096889054,0.350175427578805,0.436268972223164,0.5408978485627,0.663293292790021,0.660589456866972,0.614237960760549,0.538477328414664,0.42840156867173,0.314644663333906,0.260850370422273
0.286384589288381,0.325025816270709,0.386589369749284,0.376196454447517,0.452824681299935,0.54389877450913,0.68719682475998,0.662417514347276,0.668527745646971,0.467324724403027,0.410448683810239,0.344695518162848,0.287477391763778
0.310518324393498,0.335980832508611,0.42174667538795,0.409941693286024,0.491468912619612,0.591413851811182,0.666335428308524,0.639766600266301,0.554654889838489,0.477348638972799,0.408193486550834,0.299492745086038,0.255946231525059
0.290792069802386,0.306222070991642,0.362562358160919,0.358717181344953,0.438071683697697,0.559652266830667,0.681019413696935,0.679526936303247,0.657496286636729,0.520265508227745,0.420086598608613,0.312754738622077,0.260126719396717
0.256546897596946,0.302020378226104,0.357703272203397,0.384846651022405,0.455140784289022,0.554493973128562,0.6582256718677,0.634173602680271,0.670373085450597,0.554354595974617,0.450325457839151,0.333227710032912,0.273523636187039
0.354138253519531,0.433865502892647,0.474373665669312,0.456575061410135,0.545573357900504,0.601817179152005,0.647418632609155,0.553054078249126,0.505892948426083,0.463051256902608,0.393414455104836,0.372946842735013,0.359104521273857
0.275343042925113,0.28794633286946,0.3163068566344,0.427584075285803,0.502934978629921,0.664864378143078,0.708291849288248,0.644648431166709,0.541659569933251,0.457683653652693,0.412848461462394,0.297337498494538,0.273201006442597
0.347587139113747,0.404187065012632,0.437588249585901,0.490594593225108,0.520705000705639,0.56414486073335,0.575377680845052,0.568738285337509,0.552732600912267,0.515616794470386,0.449782510090438,0.393970428331394,0.276679152720915
0.28365714515094,0.31817097901516,0.387085031841168,0.393278803826537,0.440428859541498,0.540159374399595,0.663317588349685,0.621200757269107,0.659588671543299,0.47642204158471,0.429718292691437,0.326947571808098,0.274159326070528
0.371593962559296,0.439989334675951,0.520937770248841,0.478266970759906,0.54812822065,0.589361414028054,0.63162913500509,0.651158503442529,0.553570655405996,0.524183037711868,0.485440543716117,0.378782714487883,0.368450447065379
0.312995925159617,0.351332882491494,0.430210424390382,0.465499048170533,0.537898985411289,0.650067591183705,0.676360624242581,0.584817388126138,0.529248440889508,0.391425426380154,0.39387911719136,0.316089279482966,0.285356254081461
0.318685088890422,0.366289758838613,0.401477049894352,0.420338207069316,0.410010769272311,0.382719032026346,0.379785624595738,0.29089965605895,0.239117214887408,0.245873961918123,0.250252013896026,0.309435329486897,0.277449904565515
0.289784368206192,0.287524343142851,0.311828963414955,0.352718070493257,0.467866081204998,0.468466889425735,0.441815744190092,0.351021250673935,0.289529071753471,0.266631525169869,0.478460080330995,0.408169949626374,0.369896111928865
0.19740708438251,0.210613503418209,0.223029154802174,0.224728297295139,0.248135209742675,0.304214914272028,0.339910892287164,0.33946387109597,0.368647390133852,0.340460532997894,0.278908426334715,0.22841687497941,0.15453138992848
0.147252222951941,0.147738704143083,0.155971065474963,0.157209160087232,0.166230321885518,0.189446296096747,0.27735652883694,0.308273429861801,0.330605166823884,0.345988734767122,0.267564210593702,0.258530594031096,0.174054176202177
0.184445221244511,0.179307962438804,0.17523625906011,0.169507922650597,0.189145573220459,0.216798953352107,0.287663610518725,0.286986032426283,0.319859187081982,0.323293260152142,0.256301117580519,0.256612548489924,0.211981266753145
0.37437160330829,0.377206813356536,0.376699110759075,0.436406446340795,0.426641447698816,0.434613136203195,0.435948785216799,0.353923764100882,0.332045004017554,0.318241050751833,0.455198324110941,0.438171095022733,0.377294862845866
0.312231587816845,0.314717848322878,0.338868092977273,0.417958226601035,0.49626614141697,0.494854213097212,0.467894830764378,0.422001444509453,0.348266282188567,0.328799395939441,0.378238518332113,0.398520619044098,0.363383215965993
0.201327583548656,0.213681939220095,0.222819902546463,0.207934225829783,0.253658131825414,0.397064600756812,0.466909534209724,0.467571657593389,0.469511305597545,0.44097406704326,0.300288761333281,0.212365807138572,0.133740023424105
0.278904954616701,0.327123567965637,0.344014038511973,0.35552221578203,0.318527757326286,0.417747417045192,0.417752893519867,0.321886373609043,0.228053420666273,0.235169177580623,0.251915398478547,0.282933786670632,0.2523824773203
0.338134661280159,0.360921816335145,0.391664741832669,0.419113642042597,0.424631391187207,0.414810359422042,0.44204725890077,0.388979713677442,0.281092067456342,0.243124267094661,0.355998328935184,0.388845671463673,0.384193786319453
0.353521389457835,0.361633957538786,0.374823319503412,0.426787018043838,0.488633674054289,0.48519045945276,0.455721875170602,0.403692667633242,0.328194754833412,0.32214253482869,0.431726153875713,0.429927375510084,0.380776029069329
-0.00268848525704722,0.166535687184897,0.254344764158226,0.397817955574488,0.424406397933332,0.551731213298916,0.607717008719184,0.707117464492382,0.66409758797931,0.509162693503826,0.416100081041832,0.372085641220728,0.290284909892505
0.12537295639883,0.176176511825974,0.291594689354552,0.297892152458207,0.394961775301709,0.569143252623067,0.684818721733396,0.687702269016657,0.645002487156343,0.538451318220714,0.389485763964938,0.303359481599983,0.248047809965417
0.0745048037926652,0.191564906040661,0.335294083547257,0.332085216857824,0.409845774221481,0.517313306904046,0.639555738889585,0.660187380514708,0.628171186311083,0.516423126500102,0.401388255846631,0.33140636665868,0.277800142663859
0.0769339148119579,0.163708806879198,0.240524733321096,0.267717176949484,0.365428089295631,0.535498498675899,0.656030914382622,0.702178083304046,0.635777874253147,0.52418325451764,0.389584543871258,0.312965221745829,0.235031858745404
0.0274727780799788,0.162895461692614,0.261789519583989,0.283372301882967,0.34754925663308,0.54400115996525,0.650905575512681,0.672665686850484,0.62592278388925,0.55001510483576,0.421295412174237,0.330526255643459,0.257082073434396
-0.011958126476854,0.163730024114997,0.250310452482484,0.263418852412151,0.334917284116405,0.558022674284742,0.659359993608034,0.662098488393288,0.617001486302522,0.552037667448126,0.408531904485817,0.315970420530438,0.251868245366089
0.151899853634181,0.163315880616749,0.263314445857042,0.31612270306227,0.433808635378245,0.613737486494517,0.667442258520502,0.694479937971651,0.643978699074587,0.453157685925898,0.360207160650281,0.275839070642459,0.230202766694405
0.154712047608086,0.18736521414142,0.324268144223204,0.325325585142086,0.490648816427406,0.651191181666742,0.719951516047427,0.714091139507414,0.650979793852614,0.418351881227963,0.310742509482659,0.275832181197403,0.243082478638015
0.13280965452101,0.18805106792953,0.340994301121313,0.407543859302076,0.376683236107611,0.473748632646172,0.651254227562075,0.649768564751926,0.59401115934476,0.538210900218778,0.472226338600363,0.452175119336884,0.346111047333674
-0.00202321487939816,0.175137851259302,0.253788864466788,0.408592394841095,0.416588596206816,0.546033035416296,0.615695391266142,0.692554506258171,0.6686922801096,0.506107221211866,0.421826303311815,0.358789264834912,0.273561869009402
-0.0218681352298598,0.156650908550991,0.299464797815685,0.335740118487551,0.360822227318958,0.549395166395241,0.622995458798493,0.700277369432901,0.596909230904663,0.524553062799582,0.407726485015833,0.370092904028295,0.299749348097665
0.01423085239125,0.160283310048093,0.267037683009677,0.31571249050157,0.436635635758451,0.542290987358278,0.553215883713769,0.557132572927272,0.553473103588949,0.43845708157609,0.369984176237445,0.330333441953253,0.272686637584997
0.150716189324157,0.180622347088028,0.264014771815418,0.273581904994873,0.419088353886287,0.600388137062623,0.712190428178278,0.742158876294664,0.718525223897912,0.397213875667647,0.294354050719207,0.235781824197426,0.211376431182903
0.00337271883023598,0.152958315583893,0.266654172157197,0.312795820112918,0.34832220998658,0.558701949976097,0.655079906056825,0.672891835150995,0.594061991066051,0.536121818413106,0.406404038728778,0.348084675207937,0.28645015625803
0.127793687324971,0.169989854004977,0.260891379962015,0.337244036557247,0.336564785329067,0.417743192483484,0.607859358892882,0.66014043716751,0.604607819971352,0.554689996067342,0.458520940107382,0.394114510390349,0.289471624291501
0.0831831692663774,0.151888302076094,0.205702663587586,0.244545062812084,0.384992673925999,0.615548392626044,0.70058845024538,0.659135688289818,0.537451769401887,0.468810635141334,0.292886032530472,0.231136224271162,0.191753357206047
0.0328665539853692,0.16940808942541,0.274473345100867,0.362673281048228,0.413402665488414,0.53689512180985,0.651020333872002,0.713875393793728,0.644481771577168,0.549134040755046,0.422882805302741,0.324820418906201,0.26689293489902
0.149521102129668,0.181426296783985,0.251863810981812,0.246307885215432,0.410457181163878,0.594302836202829,0.711572265774015,0.74460937419981,0.737019153039162,0.398064753898982,0.297921320869777,0.236695154124501,0.205606899178775
