X_ 1,X_ 2,X_ 3,X_ 4,X_ 5,X_ 6,X_ 7,X_ 8,X_ 9,X_10,X_11,X_12,X_13,X_14,X_15,X_16,X_17,X_18,X_19,X_20,X_21,X_22,X_23,X_24,X_25,X_26,X_27,X_28,X_29,X_30,X_31,X_32,X_33,X_34,X_35,X_36,X_37,X_38,X_39,X_40,X_41,X_42,X_43,X_44,X_45,X_46,Y_ 1,Y_ 2,Y_ 3,Y_ 4,Y_ 5,Y_ 6,Y_ 7,Y_ 8,Y_ 9,Y_10,Y_11,Y_12,Y_13,Y_14,Y_15,Y_16,Y_17,Y_18,Y_19,Y_20,Y_21,Y_22,Y_23,Y_24,Y_25,Y_26,Y_27,Y_28,Y_29,Y_30,Y_31,Y_32,Y_33,Y_34,Y_35,Y_36,Y_37,Y_38,Y_39,Y_40,Y_41,Y_42,Y_43,Y_44,Y_45,Y_46,IDEN
-84.80796,-84.817843,-84.59715,-84.546854,-84.476994,-84.450398,-84.454923,-84.412521,-84.429876,-84.513503,-84.637579,-84.789011,-84.819807,-84.80796,NaN,,,,,,,,,,,,,,,,,,,,,,,,,,,,,,,,31.514383,31.619771,31.637613,31.621199,31.621167,31.621868,31.548331,31.45693,31.436661,31.439607,31.433926,31.436442,31.501192,31.514383,NaN,,,,,,,,,,,,,,,,,,,,,,,,,,,,,,,,50
-84.91743,-84.641673,-84.537101,-84.542653,-84.644678,-84.730855,-84.922423,-84.91743,NaN,,,,,,,,,,,,,,,,,,,,,,,,,,,,,,,,,,,,,,31.25599,31.258967,31.255932,31.079029,31.079504,31.06919,31.07259,31.25599,NaN,,,,,,,,,,,,,,,,,,,,,,,,,,,,,,,,,,,,,,61
-85.0211075623628,-84.922423,-84.730855,-84.78682,-84.8634638443825,-84.864693,-84.91815,-84.934283,-84.935698,-84.983757,-85.006062,-85.002499,-85.011392,-85.0211075623628,NaN,,,,,,,,,,,,,,,,,,,,,,,,,,,,,,,,31.0754638723064,31.07259,31.06919,30.801489,30.7114970146544,30.711542,30.772082,30.834033,30.878703,30.936984,30.977039,31.000682,31.053546,31.0754638723064,NaN,,,,,,,,,,,,,,,,,,,,,,,,,,,,,,,,65
-91.5061679086223,-90.911969,-90.913616,-90.916609,-90.916071,-91.3646166033233,-91.361571,-91.397853,-91.436051,-91.428956,-91.4368432685991,-91.43709,-91.484064,-91.497663,-91.511956,-91.5061679086223,NaN,,,,,,,,,,,,,,,,,,,,,,,,,,,,,,40.2006435127951,40.193088,40.104452,39.845075,39.757168,39.7587182263223,39.787548,39.821122,39.84551,39.907729,39.9452434636785,39.946417,40.019332,40.078257,40.170441,40.2006435127951,NaN,,,,,,,,,,,,,,,,,,,,,,,,,,,,,,69
-88.940384860378,-88.7764957607352,-88.70738,-88.7073777154018,-88.705633,-88.939732,-88.940384860378,NaN,,,,,,,,,,,,,,,,,,,,,,,,,,,,,,,,,,,,,,,42.4954398274712,42.4941366004674,42.493587,42.4935870147696,42.153561,42.15232,42.4954398274712,NaN,,,,,,,,,,,,,,,,,,,,,,,,,,,,,,,,,,,,,,,70
-90.913616,-90.695884,-90.607134,-90.513747,-90.512616,-90.583534,-90.571754,-90.890082,-90.916609,-90.913616,NaN,,,,,,,,,,,,,,,,,,,,,,,,,,,,,,,,,,,,40.104452,40.103794,39.981658,39.987891,39.965285,39.87675,39.839326,39.841,39.845075,40.104452,NaN,,,,,,,,,,,,,,,,,,,,,,,,,,,,,,,,,,,,71
-89.862351,-89.631494,-89.166561,-89.163705,-89.334901,-89.356671,-89.466534,-89.466421,-89.638429,-89.638864,-89.857798,-89.862351,NaN,,,,,,,,,,,,,,,,,,,,,,,,,,,,,,,,,,41.584005,41.584949,41.585289,41.310187,41.300877,41.233235,41.233873,41.148558,41.148591,41.233862,41.234483,41.584005,NaN,,,,,,,,,,,,,,,,,,,,,,,,,,,,,,,,,,72
-90.3156965142715,-89.91965,-89.898103,-89.688486,-89.685366,-90.128204,-90.1581530337095,-90.156902,-90.140613,-90.1596824511227,-90.163446,-90.161159,-90.207421,-90.26908,-90.3156965142715,NaN,,,,,,,,,,,,,,,,,,,,,,,,,,,,,,,42.1939464322514,42.196824,42.196274,42.199112,41.93034,41.928977,41.9298432273761,41.938181,41.995999,42.0330872575859,42.040407,42.106372,42.149109,42.1745,42.1939464322514,NaN,,,,,,,,,,,,,,,,,,,,,,,,,,,,,,,73
-90.512616,-90.513747,-90.435852,-90.355198,-90.286724,-90.134517,-89.994724,-89.994506,-89.994405,-90.583534,-90.512616,NaN,,,,,,,,,,,,,,,,,,,,,,,,,,,,,,,,,,,39.965285,39.987891,40.020562,40.124245,40.055321,40.062023,40.108373,39.901925,39.87286,39.87675,39.965285,NaN,,,,,,,,,,,,,,,,,,,,,,,,,,,,,,,,,,,74
-88.463174,-88.460418,-88.459957,-88.346987,-87.932858,-87.942103,-87.937645,-88.349187,-88.462207,-88.463174,NaN,,,,,,,,,,,,,,,,,,,,,,,,,,,,,,,,,,,,40.142196,40.281935,40.39885,40.398651,40.399401,40.225482,39.879803,39.879451,39.879092,40.142196,NaN,,,,,,,,,,,,,,,,,,,,,,,,,,,,,,,,,,,,75
-89.535028,-89.478473,-89.478923,-89.425051,-89.425535,-89.303122,-89.246532,-89.217523,-89.141817,-89.139125,-89.02568,-89.025633,-89.139807,-89.530836,-89.533655,-89.534998,-89.535028,NaN,,,,,,,,,,,,,,,,,,,,,,,,,,,,,39.641138,39.640842,39.683964,39.683696,39.747676,39.775813,39.826085,39.813224,39.80091,39.655131,39.654183,39.345838,39.348888,39.348864,39.524592,39.612226,39.641138,NaN,,,,,,,,,,,,,,,,,,,,,,,,,,,,,76
-88.695165,-88.693531,-88.361745,-88.36176,-88.258608,-88.257783,-88.296989,-88.253851,-88.564109,-88.698457,-88.695165,NaN,,,,,,,,,,,,,,,,,,,,,,,,,,,,,,,,,,,38.826299,38.914617,38.910847,38.851949,38.847521,38.731139,38.63419,38.599502,38.607093,38.606304,38.826299,NaN,,,,,,,,,,,,,,,,,,,,,,,,,,,,,,,,,,,77
-89.707024,-89.595103,-89.597321,-89.254237,-89.138393,-89.143898,-89.351494,-89.481556,-89.615212,-89.704417,-89.707024,NaN,,,,,,,,,,,,,,,,,,,,,,,,,,,,,,,,,,,38.655152,38.655948,38.743236,38.742019,38.736331,38.503088,38.518605,38.468465,38.472072,38.415667,38.655152,NaN,,,,,,,,,,,,,,,,,,,,,,,,,,,,,,,,,,,78
-88.939732,-88.705633,-88.588657,-88.58833,-88.60156,-88.601933,-88.60224,-88.712444,-88.818233,-88.938618,-88.941279,-88.939732,NaN,,,,,,,,,,,,,,,,,,,,,,,,,,,,,,,,,,42.15232,42.153561,42.15359,42.066462,42.017925,41.719563,41.631389,41.630491,41.631351,41.628319,41.891752,42.15232,NaN,,,,,,,,,,,,,,,,,,,,,,,,,,,,,,,,,,79
-89.148764,-88.919544,-88.574885,-88.745344,-88.745164,-89.144764,-89.148764,NaN,,,,,,,,,,,,,,,,,,,,,,,,,,,,,,,,,,,,,,,40.282038,40.282865,40.281501,40.098813,40.055191,40.048853,40.282038,NaN,,,,,,,,,,,,,,,,,,,,,,,,,,,,,,,,,,,,,,,80
-88.473182,-88.462284,-88.462207,-88.349187,-87.937645,-87.968777,-87.9666,-88.063437,-88.472073,-88.473182,NaN,,,,,,,,,,,,,,,,,,,,,,,,,,,,,,,,,,,,39.791837,39.802309,39.879092,39.879451,39.879803,39.79235,39.685928,39.652555,39.651588,39.791837,NaN,,,,,,,,,,,,,,,,,,,,,,,,,,,,,,,,,,,,81
-87.968777,-87.937645,-87.615182,-87.557513,-87.5324544938843,-87.532703,-87.532385282791,-87.5316666819744,-87.687437,-87.960179,-87.9666,-87.968777,NaN,,,,,,,,,,,,,,,,,,,,,,,,,,,,,,,,,,39.79235,39.879803,39.88163,39.868719,39.8829991187823,39.664868,39.6073049442215,39.4771109927429,39.48734,39.481309,39.685928,39.79235,NaN,,,,,,,,,,,,,,,,,,,,,,,,,,,,,,,,,,82
-88.805325,-88.470906,-88.470865,-88.360654,-88.361745,-88.693531,-88.806789,-88.805325,NaN,,,,,,,,,,,,,,,,,,,,,,,,,,,,,,,,,,,,,,39.216263,39.215029,39.171463,39.171118,38.910847,38.914617,38.911655,39.216263,NaN,,,,,,,,,,,,,,,,,,,,,,,,,,,,,,,,,,,,,,83
-88.459475,-88.234949,-88.2473,-88.131938,-88.118191,-88.117905,-87.935309,-87.932858,-88.346987,-88.459957,-88.459475,NaN,,,,,,,,,,,,,,,,,,,,,,,,,,,,,,,,,,,40.617345,40.618166,40.99456,40.997839,40.516982,40.488086,40.485923,40.399401,40.398651,40.39885,40.617345,NaN,,,,,,,,,,,,,,,,,,,,,,,,,,,,,,,,,,,84
-89.177597,-89.115414,-89.129637,-88.704606,-88.706622,-88.70676,-89.151176,-89.150755,-89.177597,NaN,,,,,,,,,,,,,,,,,,,,,,,,,,,,,,,,,,,,,37.950311,38.085954,38.124747,38.125195,37.906797,37.863338,37.861999,37.945185,37.950311,NaN,,,,,,,,,,,,,,,,,,,,,,,,,,,,,,,,,,,,,85
-90.450227,-90.445506,-90.444343,-89.986068,-89.989018,-89.87351,-89.872463,-89.885235,-89.92468,-90.03795,-90.118966,-90.199556,-90.451502,-90.450227,NaN,,,,,,,,,,,,,,,,,,,,,,,,,,,,,,,,40.276335,40.627843,40.714667,40.712257,40.625835,40.624482,40.513127,40.49248,40.435921,40.375041,40.235263,40.183945,40.188892,40.276335,NaN,,,,,,,,,,,,,,,,,,,,,,,,,,,,,,,,86
-88.37453,-88.37452,-88.136053,-88.0594694927008,-88.067364,-88.02803,-88.059588,-88.132341,-88.160062,-88.1321634382725,-88.179647,-88.375332,-88.37453,NaN,,,,,,,,,,,,,,,,,,,,,,,,,,,,,,,,,37.907678,37.908432,37.916023,37.8666898040108,37.856051,37.799224,37.742608,37.697142,37.654332,37.57451700083,37.599093,37.599563,37.907678,NaN,,,,,,,,,,,,,,,,,,,,,,,,,,,,,,,,,87
-90.61454,-90.59123,-90.613694,-90.610502,-90.581055,-90.301801,-90.15375,-90.148069,-90.314071,-90.313531,-90.580587,-90.603569,-90.61454,NaN,,,,,,,,,,,,,,,,,,,,,,,,,,,,,,,,,39.14229,39.198624,39.395775,39.457447,39.521728,39.520192,39.520315,39.261947,39.225053,39.17428,39.184895,39.117592,39.14229,NaN,,,,,,,,,,,,,,,,,,,,,,,,,,,,,,,,,88
-88.59596,-88.252098,-88.244155,-88.241433,-88.251995,-88.58624,-88.59596,NaN,,,,,,,,,,,,,,,,,,,,,,,,,,,,,,,,,,,,,,,41.457034,41.463096,41.201546,41.12895,41.114229,41.108293,41.457034,NaN,,,,,,,,,,,,,,,,,,,,,,,,,,,,,,,,,,,,,,,89
-91.4969574903395,-91.492891,-91.469656,-91.419422,-91.372921,-91.379907,-91.367876,-91.394475,-91.374252,-91.339719,-91.247851,-91.18698,-91.1854606087043,-91.022222,-90.904216,-90.909756,-90.911969,-91.5061679086223,-91.4969574903395,NaN,,,,,,,,,,,,,,,,,,,,,,,,,,,40.2487038763728,40.269923,40.322409,40.378264,40.399108,40.45211,40.510479,40.534543,40.58259,40.613488,40.63839,40.637297,40.6381118126235,40.634956,40.639201,40.284394,40.193088,40.2006435127951,40.2487038763728,NaN,,,,,,,,,,,,,,,,,,,,,,,,,,,90
-91.12082,-91.1182229383975,-91.115735,-91.091703,-91.092993,-91.044653,-90.985462,-90.952233,-90.945324,-90.9518941426813,-90.785194,-90.789652,-90.904216,-91.022222,-91.1854606087043,-91.12082,NaN,,,,,,,,,,,,,,,,,,,,,,,,,,,,,,40.672777,40.6995346508191,40.725168,40.779708,40.821079,40.868356,40.912141,40.954047,41.019279,41.0698727358664,41.068749,40.63575,40.639201,40.634956,40.6381118126235,40.672777,NaN,,,,,,,,,,,,,,,,,,,,,,,,,,,,,,91
-90.433771,-90.43193,-90.332657,-90.196535,-90.185609,-89.862351,-89.857798,-89.867895,-89.868384,-89.984559,-90.437657,-90.433771,NaN,,,,,,,,,,,,,,,,,,,,,,,,,,,,,,,,,,41.326983,41.456834,41.514001,41.540126,41.584653,41.584005,41.234483,41.21623,41.148955,41.149366,41.151252,41.326983,NaN,,,,,,,,,,,,,,,,,,,,,,,,,,,,,,,,,,92
-88.131938,-87.5264633059912,-87.526014,-87.5261364904237,-87.526292,-87.5268757732538,-87.935309,-88.117905,-88.118191,-88.131938,NaN,,,,,,,,,,,,,,,,,,,,,,,,,,,,,,,,,,,,40.997839,41.0103548179645,40.895582,40.7368850814229,40.535409,40.4912244096904,40.485923,40.488086,40.516982,40.997839,NaN,,,,,,,,,,,,,,,,,,,,,,,,,,,,,,,,,,,,93
-88.361745,-88.360654,-88.007766,-87.950385,-87.945923,-88.258608,-88.36176,-88.361745,NaN,,,,,,,,,,,,,,,,,,,,,,,,,,,,,,,,,,,,,,38.910847,39.171118,39.173925,39.174882,38.850108,38.847521,38.851949,38.910847,NaN,,,,,,,,,,,,,,,,,,,,,,,,,,,,,,,,,,,,,,94
-89.147416,-89.144388,-88.698961,-88.702391,-88.704606,-89.129637,-89.149457,-89.147416,NaN,,,,,,,,,,,,,,,,,,,,,,,,,,,,,,,,,,,,,,38.212896,38.473878,38.474914,38.256661,38.125195,38.124747,38.13083,38.212896,NaN,,,,,,,,,,,,,,,,,,,,,,,,,,,,,,,,,,,,,,95
-90.642843,-90.437011,-90.4263769607361,-90.22319,-89.927006876764,-89.91965,-90.3156965142715,-90.338169,-90.400653,-90.430884,-90.417125,-90.44632,-90.4843456727163,-90.517516,-90.565248,-90.590416,-90.646727,-90.642843,NaN,,,,,,,,,,,,,,,,,,,,,,,,,,,,42.508481,42.507147,42.5071777352237,42.507765,42.5057904857746,42.196824,42.1939464322514,42.203321,42.239293,42.27823,42.319943,42.357041,42.3815977781919,42.403019,42.438742,42.447493,42.471904,42.508481,NaN,,,,,,,,,,,,,,,,,,,,,,,,,,,,96
-88.60156,-88.58833,-88.588657,-88.393762,-88.354183,-88.257689,-88.238369,-88.238291,-88.263378,-88.263255,-88.262876,-88.26241,-88.262492,-88.26279,-88.26279,-88.261952,-88.37532,-88.4045,-88.601933,-88.60156,NaN,,,,,,,,,,,,,,,,,,,,,,,,,,42.017925,42.066462,42.15359,42.1539,42.154224,42.154073,42.154253,42.092348,42.066626,42.015492,41.986227,41.899234,41.882886,41.812301,41.812132,41.724652,41.72261,41.72227,41.719563,42.017925,NaN,,,,,,,,,,,,,,,,,,,,,,,,,,97
-88.251995,-88.241433,-88.244155,-88.011812,-88.013919,-87.5267678862275,-87.5266481580824,-87.52652,-87.5264633059912,-88.131938,-88.2473,-88.251995,NaN,,,,,,,,,,,,,,,,,,,,,,,,,,,,,,,,,,41.114229,41.12895,41.201546,41.205604,41.292447,41.2980516024792,41.1660899445116,41.024837,41.0103548179645,40.997839,40.99456,41.114229,NaN,,,,,,,,,,,,,,,,,,,,,,,,,,,,,,,,,,98
-90.439423,-90.437657,-89.984559,-89.985479,-89.986068,-90.444343,-90.439423,NaN,,,,,,,,,,,,,,,,,,,,,,,,,,,,,,,,,,,,,,,41.063995,41.151252,41.149366,40.974495,40.712257,40.714667,41.063995,NaN,,,,,,,,,,,,,,,,,,,,,,,,,,,,,,,,,,,,,,,99
-89.1672,-88.938618,-88.818233,-88.712444,-88.60224,-88.59596,-88.58624,-88.930881,-88.93139,-89.047718,-89.047856,-89.162238,-89.163705,-89.166561,-89.1672,NaN,,,,,,,,,,,,,,,,,,,,,,,,,,,,,,,41.628707,41.628319,41.631351,41.630491,41.631389,41.457034,41.108293,41.1059,40.92774,40.925749,41.104781,41.10408,41.310187,41.585289,41.628707,NaN,,,,,,,,,,,,,,,,,,,,,,,,,,,,,,,100
-89.62933,-89.426727,-89.414627,-88.941279,-88.938618,-89.1672,-89.166561,-89.631494,-89.62933,NaN,,,,,,,,,,,,,,,,,,,,,,,,,,,,,,,,,,,,,41.901617,41.908418,41.886175,41.891752,41.628319,41.628707,41.585289,41.584949,41.901617,NaN,,,,,,,,,,,,,,,,,,,,,,,,,,,,,,,,,,,,,101
-88.930881,-88.58624,-88.251995,-88.2473,-88.234949,-88.459475,-88.574502,-88.584272,-88.929331,-88.93139,-88.930881,NaN,,,,,,,,,,,,,,,,,,,,,,,,,,,,,,,,,,,41.1059,41.108293,41.114229,40.99456,40.618166,40.617345,40.61655,40.757608,40.753337,40.92774,41.1059,NaN,,,,,,,,,,,,,,,,,,,,,,,,,,,,,,,,,,,102
-89.602979,-89.26374,-89.26265,-89.148772,-89.148764,-89.144764,-89.143457,-89.217846,-89.40506,-89.483826,-89.578289,-89.579127,-89.601604,-89.602979,NaN,,,,,,,,,,,,,,,,,,,,,,,,,,,,,,,,40.320129,40.325344,40.280919,40.28252,40.282038,40.048853,39.91792,39.91699,39.918304,39.976733,39.976127,40.092324,40.122432,40.320129,NaN,,,,,,,,,,,,,,,,,,,,,,,,,,,,,,,,103
-89.217846,-89.143457,-89.144764,-88.745164,-88.745671,-88.812709,-88.810575,-89.02568,-89.139125,-89.141817,-89.217523,-89.217846,NaN,,,,,,,,,,,,,,,,,,,,,,,,,,,,,,,,,,39.91699,39.91792,40.048853,40.055191,39.792146,39.740486,39.653222,39.654183,39.655131,39.80091,39.813224,39.91699,NaN,,,,,,,,,,,,,,,,,,,,,,,,,,,,,,,,,,104
-90.15375,-89.926037,-89.701645,-89.698555,-90.116509,-90.145991,-90.148069,-90.15375,NaN,,,,,,,,,,,,,,,,,,,,,,,,,,,,,,,,,,,,,,39.520315,39.522104,39.523369,38.998979,38.998962,39.000046,39.261947,39.520315,NaN,,,,,,,,,,,,,,,,,,,,,,,,,,,,,,,,,,,,,,105
-90.273686,-90.145991,-90.116509,-89.698555,-89.639265,-89.637049,-89.637831,-89.599593,-89.597321,-89.595103,-89.707024,-90.037105,-90.1815243815314,-90.19521,-90.20991,-90.1665946400156,-90.166409,-90.117707,-90.113327,-90.2072823011856,-90.230336,-90.2765837220256,-90.273686,NaN,,,,,,,,,,,,,,,,,,,,,,,38.999347,39.000046,38.998962,38.998979,38.999129,38.918364,38.918353,38.87453,38.743236,38.655948,38.655152,38.658449,38.6603728853105,38.68755,38.72605,38.7724501393051,38.772649,38.805748,38.849306,38.8987323228399,38.91086,38.9193384672116,38.999347,NaN,,,,,,,,,,,,,,,,,,,,,,,106
-89.143898,-89.138393,-89.138138,-88.695165,-88.698457,-88.698961,-89.144388,-89.143898,NaN,,,,,,,,,,,,,,,,,,,,,,,,,,,,,,,,,,,,,,38.503088,38.736331,38.824244,38.826299,38.606304,38.474914,38.473878,38.503088,NaN,,,,,,,,,,,,,,,,,,,,,,,,,,,,,,,,,,,,,,107
-89.638528,-89.638429,-89.466421,-89.32927,-89.358597,-89.162238,-89.047856,-89.047718,-89.47233,-89.447693,-89.638727,-89.638528,NaN,,,,,,,,,,,,,,,,,,,,,,,,,,,,,,,,,,41.141321,41.148591,41.148558,41.147931,41.103665,41.10408,41.104781,40.925749,40.921206,40.973246,40.973707,41.141321,NaN,,,,,,,,,,,,,,,,,,,,,,,,,,,,,,,,,,108
-90.904216,-90.789652,-90.445506,-90.450227,-90.909756,-90.904216,NaN,,,,,,,,,,,,,,,,,,,,,,,,,,,,,,,,,,,,,,,,40.639201,40.63575,40.627843,40.276335,40.284394,40.639201,NaN,,,,,,,,,,,,,,,,,,,,,,,,,,,,,,,,,,,,,,,,109
-88.7073777154018,-88.506912,-88.304692,-88.2169,-88.1995290014485,-88.198601,-88.198647,-88.198314,-88.198683,-88.199584,-88.238369,-88.257689,-88.354183,-88.393762,-88.588657,-88.705633,-88.7073777154018,NaN,,,,,,,,,,,,,,,,,,,,,,,,,,,,,42.4935870147696,42.494883,42.4956081727515,42.495923,42.4957560156903,42.415567,42.328861,42.241612,42.241671,42.15426,42.154253,42.154073,42.154224,42.1539,42.15359,42.153561,42.4935870147696,NaN,,,,,,,,,,,,,,,,,,,,,,,,,,,,,110
-89.26939,-89.133752,-89.044368,-88.9847,-88.986896,-88.929331,-88.584272,-88.574502,-88.459475,-88.459957,-88.460418,-88.491052,-88.574885,-88.919544,-89.148764,-89.148772,-89.26265,-89.26374,-89.26939,NaN,,,,,,,,,,,,,,,,,,,,,,,,,,,40.594329,40.596734,40.627428,40.664954,40.752297,40.753337,40.757608,40.61655,40.617345,40.39885,40.281935,40.281219,40.281501,40.282865,40.282038,40.28252,40.280919,40.325344,40.594329,NaN,,,,,,,,,,,,,,,,,,,,,,,,,,,111
-91.114186,-91.0744154980196,-91.0740876236741,-90.433771,-90.437657,-90.439423,-90.785194,-90.9518941426813,-90.9522654164822,-90.957246,-90.997906,-91.041536,-91.081445,-91.114186,NaN,,,,,,,,,,,,,,,,,,,,,,,,,,,,,,,,41.250029,41.3336315690407,41.3343208019205,41.326983,41.151252,41.063995,41.068749,41.0698727358664,41.07273174967,41.111085,41.162564,41.166138,41.214429,41.250029,NaN,,,,,,,,,,,,,,,,,,,,,,,,,,,,,,,,112
-90.372519,-90.349743,-90.3429152667372,-90.3402442817043,-90.288815,-90.271314,-90.260976059287,-90.036018,-89.903937,-89.899061,-90.036385,-90.035999,-90.2057286258827,-90.218708,-90.252484,-90.2527463239758,-90.322353,-90.3511641450603,-90.363926,-90.372519,NaN,,,,,,,,,,,,,,,,,,,,,,,,,,38.323354,38.377609,38.3844273200276,38.3870946226363,38.438453,38.496052,38.5185267874078,38.30885,38.297203,38.220755,38.223125,38.13563,38.0882331831086,38.094365,38.127571,38.1277738262294,38.181593,38.2195444570945,38.236355,38.323354,NaN,,,,,,,,,,,,,,,,,,,,,,,,,,113
-89.701645,-89.533655,-89.530836,-89.139807,-89.140076,-89.250513,-89.250447,-89.586088,-89.639265,-89.698555,-89.701645,NaN,,,,,,,,,,,,,,,,,,,,,,,,,,,,,,,,,,,39.523369,39.524592,39.348864,39.348888,39.217907,39.217512,39.028145,39.028246,38.999129,38.998979,39.523369,NaN,,,,,,,,,,,,,,,,,,,,,,,,,,,,,,,,,,,114
-90.571754,-90.583534,-89.994405,-89.993755,-89.926037,-90.15375,-90.301801,-90.300666,-90.372969,-90.371253,-90.483385,-90.483063,-90.599105,-90.571754,NaN,,,,,,,,,,,,,,,,,,,,,,,,,,,,,,,,39.839326,39.87675,39.87286,39.785329,39.522104,39.520315,39.520192,39.636541,39.665781,39.753388,39.753434,39.78924,39.79006,39.839326,NaN,,,,,,,,,,,,,,,,,,,,,,,,,,,,,,,,115
-88.812709,-88.745671,-88.473182,-88.472073,-88.470505,-88.584273,-88.641468,-88.716875,-88.717539,-88.809051,-88.810575,-88.812709,NaN,,,,,,,,,,,,,,,,,,,,,,,,,,,,,,,,,,39.740486,39.792146,39.791837,39.651588,39.447041,39.447582,39.520958,39.521209,39.579299,39.580241,39.653222,39.740486,NaN,,,,,,,,,,,,,,,,,,,,,,,,,,,,,,,,,,116
-89.688486,-89.396192,-89.173,-89.172799,-89.091831,-88.939732,-88.941279,-89.414627,-89.426727,-89.62933,-89.685366,-89.688486,NaN,,,,,,,,,,,,,,,,,,,,,,,,,,,,,,,,,,42.199112,42.201916,42.204241,42.150297,42.150681,42.15232,41.891752,41.886175,41.908418,41.901617,41.93034,42.199112,NaN,,,,,,,,,,,,,,,,,,,,,,,,,,,,,,,,,,117
-89.986068,-89.985479,-89.638727,-89.447693,-89.47233,-89.562394,-89.554994,-89.553374,-89.592157,-89.675404,-89.770412,-89.872463,-89.87351,-89.989018,-89.986068,NaN,,,,,,,,,,,,,,,,,,,,,,,,,,,,,,,40.712257,40.974495,40.973707,40.973246,40.921206,40.793637,40.747637,40.706503,40.685015,40.553938,40.553149,40.513127,40.624482,40.625835,40.712257,NaN,,,,,,,,,,,,,,,,,,,,,,,,,,,,,,,118
-89.592797,-89.147416,-89.149457,-89.129637,-89.115414,-89.177597,-89.595084,-89.592797,NaN,,,,,,,,,,,,,,,,,,,,,,,,,,,,,,,,,,,,,,38.219271,38.212896,38.13083,38.124747,38.085954,37.950311,37.95531,38.219271,NaN,,,,,,,,,,,,,,,,,,,,,,,,,,,,,,,,,,,,,,119
-88.745164,-88.745344,-88.574885,-88.491052,-88.460418,-88.463174,-88.462207,-88.462284,-88.473182,-88.745671,-88.745164,NaN,,,,,,,,,,,,,,,,,,,,,,,,,,,,,,,,,,,40.055191,40.098813,40.281501,40.281219,40.281935,40.142196,39.879092,39.802309,39.791837,39.792146,40.055191,NaN,,,,,,,,,,,,,,,,,,,,,,,,,,,,,,,,,,,120
-91.3646166033233,-90.916071,-90.916609,-90.890082,-90.571754,-90.599105,-90.64599,-90.581055,-90.610502,-90.613694,-90.908735,-90.9353499463686,-90.937419,-91.03827,-91.064305,-91.100307,-91.148275,-91.174232,-91.1828755008197,-91.27614,-91.3057603349652,-91.367753,-91.3646166033233,NaN,,,,,,,,,,,,,,,,,,,,,,,39.7587182263223,39.757168,39.845075,39.841,39.839326,39.79006,39.703368,39.521728,39.457447,39.395775,39.400208,39.3995195289071,39.400803,39.448436,39.494643,39.538695,39.545798,39.591975,39.5982331157954,39.665759,39.6862154700779,39.729029,39.7587182263223,NaN,,,,,,,,,,,,,,,,,,,,,,,121
-89.466534,-89.356671,-89.334901,-89.163705,-89.162238,-89.358597,-89.32927,-89.466421,-89.466534,NaN,,,,,,,,,,,,,,,,,,,,,,,,,,,,,,,,,,,,,41.233873,41.233235,41.300877,41.310187,41.10408,41.103665,41.147931,41.148558,41.233873,NaN,,,,,,,,,,,,,,,,,,,,,,,,,,,,,,,,,,,,,122
-90.2057286258827,-90.035999,-90.036385,-89.899061,-89.703256,-89.592797,-89.595084,-89.663385,-89.6872213808531,-89.696559,-89.782035,-89.851048,-89.923185,-89.933095790915,-89.974221,-89.95491,-90.008353,-90.080959,-90.126006,-90.2057286258827,NaN,,,,,,,,,,,,,,,,,,,,,,,,,,38.0882331831086,38.13563,38.223125,38.220755,38.219404,38.219271,37.95531,37.831568,37.7964067184393,37.814337,37.855092,37.90398,37.870672,37.8800990582524,37.919217,37.966647,37.970179,38.015428,38.05057,38.0882331831086,NaN,,,,,,,,,,,,,,,,,,,,,,,,,,123
-88.257783,-88.258608,-87.945923,-87.908113,-87.912286,-87.953898,-88.147814,-88.148044,-88.253851,-88.296989,-88.257783,NaN,,,,,,,,,,,,,,,,,,,,,,,,,,,,,,,,,,,38.731139,38.847521,38.850108,38.850107,38.570104,38.570094,38.569086,38.597988,38.599502,38.63419,38.731139,NaN,,,,,,,,,,,,,,,,,,,,,,,,,,,,,,,,,,,124
-91.071552,-91.065058,-91.027787,-90.966662,-90.924343,-90.867282,-90.786282,-90.701159,-90.618537,-90.571136,-90.513134,-90.461432,-90.41583,-90.364128,-90.339528,-90.336729,-90.314687,-90.3118568504162,-90.310708,-90.248631,-90.2423682473972,-90.229749,-90.161233,-90.185609,-90.196535,-90.332657,-90.43193,-90.433771,-91.0740876236741,-91.071552,NaN,,,,,,,,,,,,,,,,41.339651,41.369101,41.423603,41.430051,41.42286,41.448215,41.452888,41.454743,41.485032,41.516332,41.519533,41.523533,41.562933,41.579633,41.598633,41.664532,41.69483,41.7285328921536,41.742214,41.779805,41.7827687259846,41.675375,41.643927,41.584653,41.540126,41.514001,41.456834,41.326983,41.3343208019205,41.339651,NaN,,,,,,,,,,,,,,,,125
-88.70676,-88.706622,-88.37453,-88.375332,-88.412112,-88.708546,-88.70676,NaN,,,,,,,,,,,,,,,,,,,,,,,,,,,,,,,,,,,,,,,37.863338,37.906797,37.907678,37.599563,37.599912,37.599277,37.863338,NaN,,,,,,,,,,,,,,,,,,,,,,,,,,,,,,,,,,,,,,,126
-89.994506,-89.769236,-89.701864,-89.698259,-89.578289,-89.483826,-89.40506,-89.217846,-89.217523,-89.246532,-89.303122,-89.425535,-89.425051,-89.478923,-89.478473,-89.535028,-89.534998,-89.533655,-89.701645,-89.926037,-89.993755,-89.994405,-89.994506,NaN,,,,,,,,,,,,,,,,,,,,,,,39.901925,39.902416,39.916787,39.975309,39.976127,39.976733,39.918304,39.91699,39.813224,39.826085,39.775813,39.747676,39.683696,39.683964,39.640842,39.641138,39.612226,39.524592,39.523369,39.522104,39.785329,39.87286,39.901925,NaN,,,,,,,,,,,,,,,,,,,,,,,127
-89.139807,-89.025633,-89.02568,-88.810575,-88.809051,-88.717539,-88.716875,-88.641468,-88.584273,-88.470505,-88.47083,-88.470906,-88.805325,-89.117534,-89.140076,-89.139807,NaN,,,,,,,,,,,,,,,,,,,,,,,,,,,,,,39.348888,39.345838,39.654183,39.653222,39.580241,39.579299,39.521209,39.520958,39.447582,39.447041,39.374515,39.215029,39.216263,39.217234,39.217907,39.348888,NaN,,,,,,,,,,,,,,,,,,,,,,,,,,,,,,129
-90.2552948876694,-90.248913,-90.18451,-90.18111,-90.1815243815314,-90.037105,-89.707024,-89.704417,-89.703256,-89.899061,-89.903937,-90.036018,-90.260976059287,-90.2552948876694,NaN,,,,,,,,,,,,,,,,,,,,,,,,,,,,,,,,38.530877711821,38.544752,38.611551,38.65955,38.6603728853105,38.658449,38.655152,38.415667,38.219404,38.220755,38.297203,38.30885,38.5185267874078,38.530877711821,NaN,,,,,,,,,,,,,,,,,,,,,,,,,,,,,,,,130
-89.984559,-89.868384,-89.867895,-89.857798,-89.638864,-89.638429,-89.638528,-89.638727,-89.985479,-89.984559,NaN,,,,,,,,,,,,,,,,,,,,,,,,,,,,,,,,,,,,41.149366,41.148955,41.21623,41.234483,41.233862,41.148591,41.141321,40.973707,40.974495,41.149366,NaN,,,,,,,,,,,,,,,,,,,,,,,,,,,,,,,,,,,,131
-89.926484,-89.8375948863256,-89.493216,-89.4014168110406,-89.397809,-89.396192,-89.688486,-89.898103,-89.91965,-89.927006876764,-89.926484,NaN,,,,,,,,,,,,,,,,,,,,,,,,,,,,,,,,,,,42.505787,42.5049103527915,42.501514,42.5004419310737,42.307171,42.201916,42.199112,42.196274,42.196824,42.5057904857746,42.505787,NaN,,,,,,,,,,,,,,,,,,,,,,,,,,,,,,,,,,,132
-89.885235,-89.872463,-89.770412,-89.675404,-89.592157,-89.553374,-89.554994,-89.330167,-89.327343,-89.26939,-89.26374,-89.602979,-89.714927,-89.717104,-89.92468,-89.885235,NaN,,,,,,,,,,,,,,,,,,,,,,,,,,,,,,40.49248,40.513127,40.553149,40.553938,40.685015,40.706503,40.747637,40.748257,40.615566,40.594329,40.325344,40.320129,40.319218,40.435655,40.435921,40.49248,NaN,,,,,,,,,,,,,,,,,,,,,,,,,,,,,,133
-87.942103,-87.932858,-87.935309,-87.5268757732538,-87.5270652633992,-87.530054,-87.531021612428,-87.532308,-87.5324544938843,-87.557513,-87.615182,-87.937645,-87.942103,NaN,,,,,,,,,,,,,,,,,,,,,,,,,,,,,,,,,40.225482,40.399401,40.485923,40.4912244096904,40.4768822924615,40.250671,40.1480353967457,40.011587,39.8829991187823,39.868719,39.88163,39.879803,40.225482,NaN,,,,,,,,,,,,,,,,,,,,,,,,,,,,,,,,,134
-90.785194,-90.439423,-90.444343,-90.445506,-90.789652,-90.785194,NaN,,,,,,,,,,,,,,,,,,,,,,,,,,,,,,,,,,,,,,,,41.068749,41.063995,40.714667,40.627843,40.63575,41.068749,NaN,,,,,,,,,,,,,,,,,,,,,,,,,,,,,,,,,,,,,,,,135
-89.704417,-89.615212,-89.481556,-89.351494,-89.143898,-89.144388,-89.147416,-89.592797,-89.703256,-89.704417,NaN,,,,,,,,,,,,,,,,,,,,,,,,,,,,,,,,,,,,38.415667,38.472072,38.468465,38.518605,38.503088,38.473878,38.212896,38.219271,38.219404,38.415667,NaN,,,,,,,,,,,,,,,,,,,,,,,,,,,,,,,,,,,,136
-88.370491,-88.1509,-88.027749,-87.9906,-87.968968,-87.9702008408039,-87.975819,-87.927468,-87.96221,-87.98877,-88.030884,-88.016311,-88.040861,-88.0594694927008,-88.136053,-88.37452,-88.370491,NaN,,,,,,,,,,,,,,,,,,,,,,,,,,,,,38.255413,38.256097,38.255661,38.259715,38.237389,38.2302710583858,38.197834,38.151946,38.100054,38.055591,38.030713,37.961574,37.891767,37.8666898040108,37.916023,37.908432,38.255413,NaN,,,,,,,,,,,,,,,,,,,,,,,,,,,,,137
-90.2423682473972,-90.180643,-90.181401,-90.165065,-90.1581530337095,-90.128204,-89.685366,-89.62933,-89.631494,-89.862351,-90.185609,-90.161233,-90.229749,-90.2423682473972,NaN,,,,,,,,,,,,,,,,,,,,,,,,,,,,,,,,41.7827687259846,41.811979,41.844647,41.883777,41.9298432273761,41.928977,41.93034,41.901617,41.584949,41.584005,41.584653,41.643927,41.675375,41.7827687259846,NaN,,,,,,,,,,,,,,,,,,,,,,,,,,,,,,,,138
-89.4014168110406,-89.3657986076635,-89.042898,-88.9925602268173,-88.940384860378,-88.939732,-89.091831,-89.172799,-89.173,-89.396192,-89.397809,-89.4014168110406,NaN,,,,,,,,,,,,,,,,,,,,,,,,,,,,,,,,,,42.5004419310737,42.5000259669515,42.496255,42.4958547198992,42.4954398274712,42.15232,42.150681,42.150297,42.204241,42.201916,42.307171,42.5004419310737,NaN,,,,,,,,,,,,,,,,,,,,,,,,,,,,,,,,,,140
-89.562394,-89.47233,-89.047718,-88.93139,-88.929331,-88.986896,-88.9847,-89.044368,-89.133752,-89.26939,-89.327343,-89.330167,-89.554994,-89.562394,NaN,,,,,,,,,,,,,,,,,,,,,,,,,,,,,,,,40.793637,40.921206,40.925749,40.92774,40.753337,40.752297,40.664954,40.627428,40.596734,40.594329,40.615566,40.748257,40.747637,40.793637,NaN,,,,,,,,,,,,,,,,,,,,,,,,,,,,,,,,141
-85.073861,-84.8026702061534,-84.802119,-84.8021190322638,-84.8024138785794,-85.068479,-85.073861,NaN,,,,,,,,,,,,,,,,,,,,,,,,,,,,,,,,,,,,,,,40.917823,40.922568713921,40.728163,40.7281459368726,40.5722128806467,40.56824,40.917823,NaN,,,,,,,,,,,,,,,,,,,,,,,,,,,,,,,,,,,,,,,142
-85.338552,-85.307781,-85.192094,-84.8037035726169,-84.8036449822556,-84.803234,-84.8028596219514,-84.8026702061534,-85.073861,-85.33603,-85.335643,-85.338552,NaN,,,,,,,,,,,,,,,,,,,,,,,,,,,,,,,,,,41.17912,41.264158,41.264209,41.2712583305706,41.2525616835482,41.121414,40.9893740520086,40.922568713921,40.917823,40.917082,41.00525,41.17912,NaN,,,,,,,,,,,,,,,,,,,,,,,,,,,,,,,,,,143
-87.5268757732538,-87.526292,-87.5261364904237,-87.267298,-87.09839,-87.097069,-87.095357,-87.093676,-87.5270652633992,-87.5268757732538,NaN,,,,,,,,,,,,,,,,,,,,,,,,,,,,,,,,,,,,40.4912244096904,40.535409,40.7368850814229,40.736582,40.736541,40.714401,40.562895,40.475745,40.4768822924615,40.4912244096904,NaN,,,,,,,,,,,,,,,,,,,,,,,,,,,,,,,,,,,,144
-85.447014,-85.390539,-85.201146,-85.200628,-85.206508,-85.206886,-85.219901,-85.44433,-85.447014,NaN,,,,,,,,,,,,,,,,,,,,,,,,,,,,,,,,,,,,,40.566929,40.566898,40.567242,40.495827,40.479373,40.386018,40.379034,40.37914,40.566929,NaN,,,,,,,,,,,,,,,,,,,,,,,,,,,,,,,,,,,,,145
-86.695804,-86.39885,-86.356454,-86.242365,-86.239739,-86.326293,-86.355262,-86.695071,-86.695804,NaN,,,,,,,,,,,,,,,,,,,,,,,,,,,,,,,,,,,,,40.178657,40.17719,40.178109,40.180778,39.926055,39.924029,39.924041,39.92277,40.178657,NaN,,,,,,,,,,,,,,,,,,,,,,,,,,,,,,,,,,,,,146
-86.750011,-86.581739,-86.525164,-86.373521,-86.374417,-86.375762,-86.694665,-86.695353,-86.771293,-86.750011,NaN,,,,,,,,,,,,,,,,,,,,,,,,,,,,,,,,,,,,40.736027,40.735765,40.692419,40.69246,40.561361,40.431851,40.432156,40.561874,40.562082,40.736027,NaN,,,,,,,,,,,,,,,,,,,,,,,,,,,,,,,,,,,,147
-86.581532,-86.468509,-86.169012,-86.165024,-86.374417,-86.373521,-86.525164,-86.581739,-86.581532,NaN,,,,,,,,,,,,,,,,,,,,,,,,,,,,,,,,,,,,,40.910925,40.909889,40.909836,40.562649,40.561361,40.69246,40.692419,40.735765,40.910925,NaN,,,,,,,,,,,,,,,,,,,,,,,,,,,,,,,,,,,,,148
-86.695637,-86.694665,-86.375762,-86.309249,-86.242992,-86.242743,-86.242365,-86.356454,-86.39885,-86.695804,-86.695637,NaN,,,,,,,,,,,,,,,,,,,,,,,,,,,,,,,,,,,40.214367,40.432156,40.431851,40.431712,40.373661,40.215834,40.180778,40.178109,40.17719,40.178657,40.214367,NaN,,,,,,,,,,,,,,,,,,,,,,,,,,,,,,,,,,,150
-87.278553,-87.238551,-87.241463,-87.213267,-87.098771,-86.904252,-86.922943,-86.924186,-86.947663,-87.072369,-87.107653,-87.242097,-87.240629,-87.278553,NaN,,,,,,,,,,,,,,,,,,,,,,,,,,,,,,,,38.691343,38.743235,38.817476,38.807977,38.903974,38.904204,38.817238,38.505358,38.490453,38.5147,38.537705,38.54493,38.632128,38.691343,NaN,,,,,,,,,,,,,,,,,,,,,,,,,,,,,,,,151
-85.684515,-85.63063,-85.629327,-85.297575,-85.29654,-85.440054,-85.56632,-85.686783,-85.684515,NaN,,,,,,,,,,,,,,,,,,,,,,,,,,,,,,,,,,,,,39.350049,39.350205,39.45275,39.453275,39.268291,39.195617,39.132761,39.130859,39.350049,NaN,,,,,,,,,,,,,,,,,,,,,,,,,,,,,,,,,,,,,153
-85.578589,-85.44433,-85.219901,-85.218758,-85.214386,-85.576197,-85.578589,NaN,,,,,,,,,,,,,,,,,,,,,,,,,,,,,,,,,,,,,,,40.379524,40.37914,40.379034,40.306706,40.076889,40.077143,40.379524,NaN,,,,,,,,,,,,,,,,,,,,,,,,,,,,,,,,,,,,,,,154
-87.072369,-86.947663,-86.924186,-86.885716,-86.837462,-86.682359,-86.681424,-86.679511,-86.792152,-86.791497,-87.01749,-87.073067,-87.072369,NaN,,,,,,,,,,,,,,,,,,,,,,,,,,,,,,,,,38.5147,38.490453,38.505358,38.494866,38.526468,38.526378,38.394767,38.263086,38.2491,38.20513,38.20358,38.232596,38.5147,NaN,,,,,,,,,,,,,,,,,,,,,,,,,,,,,,,,,155
-86.0625630290106,-85.791363,-85.7913349619628,-85.6597502379909,-85.654747,-85.653507,-86.05923,-86.059451,-86.0625630290106,NaN,,,,,,,,,,,,,,,,,,,,,,,,,,,,,,,,,,,,,41.759653033158,41.759051,41.7590510395575,41.759236686047,41.523347,41.436856,41.435812,41.479154,41.759653033158,NaN,,,,,,,,,,,,,,,,,,,,,,,,,,,,,,,,,,,,,156
-85.301584,-85.221118,-85.185089,-85.034575,-85.036087,-85.29811,-85.301584,NaN,,,,,,,,,,,,,,,,,,,,,,,,,,,,,,,,,,,,,,,39.787579,39.788449,39.715515,39.714764,39.526213,39.525476,39.787579,NaN,,,,,,,,,,,,,,,,,,,,,,,,,,,,,,,,,,,,,,,157
-86.467046,-86.077551,-86.075939,-85.945561,-85.946436,-86.168459,-86.169012,-86.468509,-86.467046,NaN,,,,,,,,,,,,,,,,,,,,,,,,,,,,,,,,,,,,,41.171442,41.172868,41.084878,41.042876,40.999195,40.996097,40.909836,40.909889,41.171442,NaN,,,,,,,,,,,,,,,,,,,,,,,,,,,,,,,,,,,,,159
-87.968968,-87.908542,-87.831972,-87.779996,-87.7511059451205,-87.599317,-87.494671,-87.462892,-87.462486,-87.407583,-87.316219,-87.316893,-87.31703,-87.466744,-87.467284,-87.688374,-87.799677,-87.799169,-87.9702008408039,-87.968968,NaN,,,,,,,,,,,,,,,,,,,,,,,,,,38.237389,38.268581,38.307241,38.370842,38.4188492084548,38.450721,38.495692,38.533519,38.46561,38.375501,38.381474,38.246077,38.201753,38.201286,38.165403,38.168419,38.201944,38.22858,38.2302710583858,38.237389,NaN,,,,,,,,,,,,,,,,,,,,,,,,,,160
-86.242743,-85.861903,-85.862489,-85.937587,-86.239739,-86.242365,-86.242743,NaN,,,,,,,,,,,,,,,,,,,,,,,,,,,,,,,,,,,,,,,40.215834,40.218936,39.943618,39.927137,39.926055,40.180778,40.215834,NaN,,,,,,,,,,,,,,,,,,,,,,,,,,,,,,,,,,,,,,,161
-85.953683,-85.938067,-85.937587,-85.862489,-85.576192,-85.596678,-85.596916,-85.633491,-85.633228,-85.951721,-85.953683,NaN,,,,,,,,,,,,,,,,,,,,,,,,,,,,,,,,,,,39.856117,39.869812,39.927137,39.943618,39.945756,39.872926,39.786519,39.786177,39.698462,39.697136,39.856117,NaN,,,,,,,,,,,,,,,,,,,,,,,,,,,,,,,,,,,162
-86.695071,-86.355262,-86.326293,-86.325373,-86.327291,-86.326341,-86.335904,-86.465605,-86.65665,-86.643014,-86.687406,-86.695127,-86.695071,NaN,,,,,,,,,,,,,,,,,,,,,,,,,,,,,,,,,39.92277,39.924041,39.924029,39.866176,39.822492,39.632177,39.631985,39.600769,39.601395,39.618029,39.630437,39.864845,39.92277,NaN,,,,,,,,,,,,,,,,,,,,,,,,,,,,,,,,,164
-85.596678,-85.576192,-85.576197,-85.214386,-85.213543,-85.201473,-85.200945,-85.221118,-85.301584,-85.596916,-85.596678,NaN,,,,,,,,,,,,,,,,,,,,,,,,,,,,,,,,,,,39.872926,39.945756,40.077143,40.076889,40.015603,40.004521,39.873799,39.788449,39.787579,39.786519,39.872926,NaN,,,,,,,,,,,,,,,,,,,,,,,,,,,,,,,,,,,165
-86.374417,-86.165024,-86.013325,-85.863641,-85.862117,-86.060645,-86.242812,-86.242992,-86.309249,-86.375762,-86.374417,NaN,,,,,,,,,,,,,,,,,,,,,,,,,,,,,,,,,,,40.561361,40.562649,40.564128,40.565525,40.406889,40.405198,40.402914,40.373661,40.431712,40.431851,40.561361,NaN,,,,,,,,,,,,,,,,,,,,,,,,,,,,,,,,,,,166
-86.318133,-86.080272,-86.069326,-85.860573,-85.798804,-85.795357,-85.804554,-85.869559,-85.888334,-85.901055,-86.091705,-86.275281,-86.280389,-86.317474,-86.318133,NaN,,,,,,,,,,,,,,,,,,,,,,,,,,,,,,,39.04881,39.05027,39.03591,39.04091,39.068536,38.807508,38.779906,38.726171,38.734443,38.753814,38.783399,38.763795,38.991028,38.99087,39.04881,NaN,,,,,,,,,,,,,,,,,,,,,,,,,,,,,,,167
-87.275882,-87.218862,-87.131339,-86.968125,-86.930079,-86.93017,-86.930759,-86.987438,-86.986438,-87.099793,-87.09839,-87.267298,-87.275882,NaN,,,,,,,,,,,,,,,,,,,,,,,,,,,,,,,,,41.218595,41.242027,41.286245,41.219658,41.236798,41.172318,40.912418,40.912177,40.837921,40.837607,40.736541,40.736582,41.218595,NaN,,,,,,,,,,,,,,,,,,,,,,,,,,,,,,,,,168
-85.219901,-85.206886,-85.206508,-85.200628,-85.201146,-85.068479,-84.8024138785794,-84.802547,-84.8029313665713,-84.804119,-84.8041205270149,-84.8049173025784,-85.218758,-85.219901,NaN,,,,,,,,,,,,,,,,,,,,,,,,,,,,,,,,40.379034,40.386018,40.479373,40.495827,40.567242,40.56824,40.5722128806467,40.50181,40.4653866217198,40.352844,40.3527622302971,40.3100959150341,40.306706,40.379034,NaN,,,,,,,,,,,,,,,,,,,,,,,,,,,,,,,,169
-87.74104,-87.714047,-87.654166,-87.660732,-87.6483567630745,-87.637752,-87.62012,-87.545538,-87.498948,-87.521681,-87.5352570508085,-87.54737,-87.5287176636979,-87.260257,-87.241027,-87.129882,-87.098771,-87.213267,-87.241463,-87.238551,-87.278553,-87.240629,-87.242097,-87.288884,-87.351833,-87.462892,-87.494671,-87.599317,-87.7511059451205,-87.74104,NaN,,,,,,,,,,,,,,,,38.435576,38.47988,38.511911,38.541092,38.5666287160576,38.588512,38.639489,38.677613,38.757774,38.826576,38.8524914649674,38.875614,38.9059437862892,38.901623,38.907874,38.907315,38.903974,38.807977,38.817476,38.743235,38.691343,38.632128,38.54493,38.51156,38.542247,38.533519,38.495692,38.450721,38.4188492084548,38.435576,NaN,,,,,,,,,,,,,,,,172
-86.077551,-86.054116,-86.05923,-85.653507,-85.653227,-85.651928,-85.652715,-85.686574,-85.684181,-85.795814,-85.945561,-86.075939,-86.077551,NaN,,,,,,,,,,,,,,,,,,,,,,,,,,,,,,,,,41.172868,41.176368,41.435812,41.436856,41.351195,41.294776,41.178489,41.178376,41.046716,41.043588,41.042876,41.084878,41.172868,NaN,,,,,,,,,,,,,,,,,,,,,,,,,,,,,,,,,173
-86.9328490284944,-86.90913,-86.824828,-86.6413229205208,-86.640044,-86.5242197424429,-86.526682,-86.487029,-86.524711,-86.642542,-86.739995,-86.814652,-86.870265,-86.930079,-86.9328490284944,NaN,,,,,,,,,,,,,,,,,,,,,,,,,,,,,,,41.7164969379022,41.726938,41.76024,41.7596749381428,41.759671,41.7595721559735,41.65044,41.642125,41.432886,41.432639,41.321708,41.273501,41.264553,41.236798,41.7164969379022,NaN,,,,,,,,,,,,,,,,,,,,,,,,,,,,,,,174
-85.6597502379909,-85.2921788113335,-85.232835,-85.196774200302,-85.194084,-85.654747,-85.6597502379909,NaN,,,,,,,,,,,,,,,,,,,,,,,,,,,,,,,,,,,,,,,41.759236686047,41.7597552747018,41.759839,41.759870841803,41.526437,41.523347,41.759236686047,NaN,,,,,,,,,,,,,,,,,,,,,,,,,,,,,,,,,,,,,,,175
-85.861903,-85.862296,-85.578589,-85.576197,-85.576192,-85.862489,-85.861903,NaN,,,,,,,,,,,,,,,,,,,,,,,,,,,,,,,,,,,,,,,40.218936,40.378367,40.379524,40.077143,39.945756,39.943618,40.218936,NaN,,,,,,,,,,,,,,,,,,,,,,,,,,,,,,,,,,,,,,,177
-86.467108,-86.059451,-86.05923,-86.054116,-86.077551,-86.467046,-86.466603,-86.467108,NaN,,,,,,,,,,,,,,,,,,,,,,,,,,,,,,,,,,,,,,41.476459,41.479154,41.435812,41.176368,41.172868,41.171442,41.432968,41.476459,NaN,,,,,,,,,,,,,,,,,,,,,,,,,,,,,,,,,,,,,,178
-86.168459,-85.946436,-85.939525,-85.864791,-85.863641,-86.013325,-86.165024,-86.169012,-86.168459,NaN,,,,,,,,,,,,,,,,,,,,,,,,,,,,,,,,,,,,,40.996097,40.999195,40.650991,40.651693,40.565525,40.564128,40.562649,40.909836,40.996097,NaN,,,,,,,,,,,,,,,,,,,,,,,,,,,,,,,,,,,,,179
-87.5266481580824,-87.393796,-87.275882,-87.267298,-87.5261364904237,-87.526014,-87.5264633059912,-87.52652,-87.5266481580824,NaN,,,,,,,,,,,,,,,,,,,,,,,,,,,,,,,,,,,,,41.1660899445116,41.162806,41.218595,40.736582,40.7368850814229,40.895582,41.0103548179645,41.024837,41.1660899445116,NaN,,,,,,,,,,,,,,,,,,,,,,,,,,,,,,,,,,,,,182
-86.683102,-86.308701,-86.308674,-86.308868,-86.614784,-86.681424,-86.682359,-86.683102,NaN,,,,,,,,,,,,,,,,,,,,,,,,,,,,,,,,,,,,,,38.686561,38.688101,38.422875,38.394069,38.395461,38.394767,38.526378,38.686561,NaN,,,,,,,,,,,,,,,,,,,,,,,,,,,,,,,,,,,,,,185
-87.2227999491184,-87.125835,-87.027888,-86.9328490284944,-86.930079,-86.968125,-87.131339,-87.218862,-87.2227999491184,NaN,,,,,,,,,,,,,,,,,,,,,,,,,,,,,,,,,,,,,41.62888983896,41.650302,41.674661,41.7164969379022,41.236798,41.219658,41.286245,41.242027,41.62888983896,NaN,,,,,,,,,,,,,,,,,,,,,,,,,,,,,,,,,,,,,188
-88.0594694927008,-88.040861,-88.016311,-88.030884,-87.98877,-87.96221,-87.927468,-87.975819,-87.9702008408039,-87.799169,-87.799677,-87.688374,-87.700467,-87.7132107852903,-87.723635,-87.808013,-87.87254,-87.921744,-87.9253933783054,-87.938128,-87.903804,-87.935861,-87.970262,-88.02803,-88.067364,-88.0594694927008,NaN,,,,,,,,,,,,,,,,,,,,37.8666898040108,37.891767,37.961574,38.030713,38.055591,38.100054,38.151946,38.197834,38.2302710583858,38.22858,38.201944,38.168419,37.89889,37.8830883903665,37.892058,37.875191,37.920999,37.907885,37.8995914848741,37.870651,37.817762,37.789703,37.781856,37.799224,37.856051,37.8666898040108,NaN,,,,,,,,,,,,,,,,,,,,189
-86.93017,-86.467046,-86.468509,-86.581532,-86.930759,-86.93017,NaN,,,,,,,,,,,,,,,,,,,,,,,,,,,,,,,,,,,,,,,,41.172318,41.171442,40.909889,40.910925,40.912418,41.172318,NaN,,,,,,,,,,,,,,,,,,,,,,,,,,,,,,,,,,,,,,,,190
-85.218758,-84.8049173025784,-84.808706,-84.8101612384745,-85.201473,-85.213543,-85.214386,-85.218758,NaN,,,,,,,,,,,,,,,,,,,,,,,,,,,,,,,,,,,,,,40.306706,40.3100959150341,40.107216,40.0050675438482,40.004521,40.015603,40.076889,40.306706,NaN,,,,,,,,,,,,,,,,,,,,,,,,,,,,,,,,,,,,,,191
-85.633491,-85.596916,-85.301584,-85.29811,-85.297575,-85.629327,-85.633228,-85.633491,NaN,,,,,,,,,,,,,,,,,,,,,,,,,,,,,,,,,,,,,,39.786177,39.786519,39.787579,39.525476,39.453275,39.45275,39.698462,39.786177,NaN,,,,,,,,,,,,,,,,,,,,,,,,,,,,,,,,,,,,,,193
-85.95208,-85.951721,-85.633228,-85.629327,-85.63063,-85.684515,-85.952005,-85.95208,NaN,,,,,,,,,,,,,,,,,,,,,,,,,,,,,,,,,,,,,,39.638345,39.697136,39.698462,39.45275,39.350205,39.350049,39.347373,39.638345,NaN,,,,,,,,,,,,,,,,,,,,,,,,,,,,,,,,,,,,,,195
-86.5242197424429,-86.501773,-86.2260943449874,-86.22607,-86.0625630290106,-86.059451,-86.467108,-86.466603,-86.524711,-86.487029,-86.526682,-86.5242197424429,NaN,,,,,,,,,,,,,,,,,,,,,,,,,,,,,,,,,,41.7595721559735,41.759553,41.7600159591164,41.760016,41.759653033158,41.479154,41.476459,41.432968,41.432886,41.642125,41.65044,41.7595721559735,NaN,,,,,,,,,,,,,,,,,,,,,,,,,,,,,,,,,,196
-87.640435,-87.577029,-87.593486,-87.594745845406,-87.240379,-87.240737,-87.241027,-87.260257,-87.5287176636979,-87.527645,-87.529496,-87.579117,-87.572588,-87.625379,-87.6382934137441,-87.640435,NaN,,,,,,,,,,,,,,,,,,,,,,,,,,,,,,39.166727,39.211123,39.247452,39.259383616483,39.259064,39.171773,38.907874,38.901623,38.9059437862892,38.907688,38.971925,39.001607,39.057286,39.101806,39.1574925472025,39.166727,NaN,,,,,,,,,,,,,,,,,,,,,,,,,,,,,,197
-86.242812,-86.060645,-85.862117,-85.862296,-85.861903,-86.242743,-86.242992,-86.242812,NaN,,,,,,,,,,,,,,,,,,,,,,,,,,,,,,,,,,,,,,40.402914,40.405198,40.406889,40.378367,40.218936,40.215834,40.373661,40.402914,NaN,,,,,,,,,,,,,,,,,,,,,,,,,,,,,,,,,,,,,,199
-85.034575,-85.022528,-84.8141281379328,-84.814129,-84.8157059432555,-84.8161601949108,-85.007252,-85.036087,-85.034575,NaN,,,,,,,,,,,,,,,,,,,,,,,,,,,,,,,,,,,,,39.714764,39.729179,39.7266165116193,39.726556,39.5677216640274,39.5219681089929,39.524255,39.526213,39.714764,NaN,,,,,,,,,,,,,,,,,,,,,,,,,,,,,,,,,,,,,200
-87.5324544938843,-87.532308,-87.531021612428,-87.49041,-87.406667,-87.440179,-87.420221,-87.353863,-87.395625,-87.382418,-87.532385282791,-87.532703,-87.5324544938843,NaN,,,,,,,,,,,,,,,,,,,,,,,,,,,,,,,,,39.8829991187823,40.011587,40.1480353967457,40.127406,40.127508,39.961176,39.952452,39.862077,39.65295,39.607937,39.6073049442215,39.664868,39.8829991187823,NaN,,,,,,,,,,,,,,,,,,,,,,,,,,,,,,,,,202
-85.945561,-85.795814,-85.684181,-85.683198,-85.643841,-85.638587,-85.864791,-85.939525,-85.946436,-85.945561,NaN,,,,,,,,,,,,,,,,,,,,,,,,,,,,,,,,,,,,41.042876,41.043588,41.046716,41.001909,41.002305,40.653129,40.651693,40.650991,40.999195,41.042876,NaN,,,,,,,,,,,,,,,,,,,,,,,,,,,,,,,,,,,,203
-87.530054,-87.5270652633992,-87.093676,-87.092148,-87.244898,-87.438755,-87.406667,-87.49041,-87.531021612428,-87.530054,NaN,,,,,,,,,,,,,,,,,,,,,,,,,,,,,,,,,,,,40.250671,40.4768822924615,40.475745,40.366612,40.309252,40.165694,40.127508,40.127406,40.1480353967457,40.250671,NaN,,,,,,,,,,,,,,,,,,,,,,,,,,,,,,,,,,,,204
-87.467284,-87.466744,-87.31703,-87.316893,-87.298388,-87.073067,-87.01749,-87.017453,-87.072332,-87.268003,-87.270387407739,-87.304057452442,-87.331765,-87.418585,-87.4486358576095,-87.472983,-87.467284,NaN,,,,,,,,,,,,,,,,,,,,,,,,,,,,,38.165403,38.201286,38.201753,38.246077,38.231671,38.232596,38.20358,38.118301,38.11828,37.924766,37.87542282659,37.8934325491223,37.908253,37.944763,37.9338778682149,38.034944,38.165403,NaN,,,,,,,,,,,,,,,,,,,,,,,,,,,,,205
-85.200945,-85.201473,-84.8101612384745,-84.8114171063805,-84.8141281379328,-85.022528,-85.034575,-85.185089,-85.221118,-85.200945,NaN,,,,,,,,,,,,,,,,,,,,,,,,,,,,,,,,,,,,39.873799,40.004521,40.0050675438482,39.9169136295798,39.7266165116193,39.729179,39.714764,39.715515,39.788449,39.873799,NaN,,,,,,,,,,,,,,,,,,,,,,,,,,,,,,,,,,,,207
-87.099793,-86.986438,-86.987438,-86.930759,-86.581532,-86.581739,-86.750011,-86.771293,-87.095357,-87.097069,-87.09839,-87.099793,NaN,,,,,,,,,,,,,,,,,,,,,,,,,,,,,,,,,,40.837607,40.837921,40.912177,40.912418,40.910925,40.735765,40.736027,40.562082,40.562895,40.714401,40.736541,40.837607,NaN,,,,,,,,,,,,,,,,,,,,,,,,,,,,,,,,,,208
-85.686574,-85.652715,-85.651928,-85.537209,-85.307781,-85.338552,-85.335643,-85.643841,-85.683198,-85.684181,-85.686574,NaN,,,,,,,,,,,,,,,,,,,,,,,,,,,,,,,,,,,41.178376,41.178489,41.294776,41.26631,41.264158,41.17912,41.00525,41.002305,41.001909,41.046716,41.178376,NaN,,,,,,,,,,,,,,,,,,,,,,,,,,,,,,,,,,,209
-94.700629,-94.241593,-94.241637,-94.470603,-94.700589,-94.700629,NaN,,,,,,,,,,,,,,,,,,,,,,,,,,,,,,,,,,,,,,,,41.504148,41.503679,41.157134,41.157566,41.158085,41.504148,NaN,,,,,,,,,,,,,,,,,,,,,,,,,,,,,,,,,,,,,,,,210
-94.927587,-94.700589,-94.470603,-94.470779,-94.928459,-94.927587,NaN,,,,,,,,,,,,,,,,,,,,,,,,,,,,,,,,,,,,,,,,41.158508,41.158085,41.157566,40.899502,40.900653,41.158508,NaN,,,,,,,,,,,,,,,,,,,,,,,,,,,,,,,,,,,,,,,,211
-91.6108350005544,-91.491042,-91.217706,-91.232276,-91.2106633577727,-91.199408,-91.207367,-91.154806,-91.107237,-91.05791,-91.087456,-91.134173,-91.175253,-91.1749349139112,-91.605307,-91.6108350005544,NaN,,,,,,,,,,,,,,,,,,,,,,,,,,,,,,43.5006878467793,43.50069,43.50055,43.450952,43.4194417829033,43.403032,43.373659,43.334826,43.313645,43.253968,43.221891,43.174405,43.134665,43.0802603718452,43.081653,43.5006878467793,NaN,,,,,,,,,,,,,,,,,,,,,,,,,,,,,,212
-95.092861,-94.744876,-94.744204,-94.700745,-94.700629,-95.04077,-95.040748,-95.09252,-95.092861,NaN,,,,,,,,,,,,,,,,,,,,,,,,,,,,,,,,,,,,,41.863374,41.862394,41.602185,41.602184,41.504148,41.50469,41.602152,41.602055,41.863374,NaN,,,,,,,,,,,,,,,,,,,,,,,,,,,,,,,,,,,,,213
-92.298792,-92.064766,-91.831089,-91.831379,-92.298164,-92.298792,NaN,,,,,,,,,,,,,,,,,,,,,,,,,,,,,,,,,,,,,,,,42.297527,42.297259,42.299063,41.861851,41.862779,42.297527,NaN,,,,,,,,,,,,,,,,,,,,,,,,,,,,,,,,,,,,,,,,214
-92.554492,-92.081661,-92.064187,-92.064766,-92.298792,-92.53351,-92.534015,-92.5543,-92.554492,NaN,,,,,,,,,,,,,,,,,,,,,,,,,,,,,,,,,,,,,42.642314,42.642056,42.468221,42.297259,42.297527,42.297001,42.469592,42.555854,42.642314,NaN,,,,,,,,,,,,,,,,,,,,,,,,,,,,,,,,,,,,,215
-94.164704,-93.931581,-93.69839,-93.698032,-93.815527,-94.164138,-94.164704,NaN,,,,,,,,,,,,,,,,,,,,,,,,,,,,,,,,,,,,,,,42.20992,42.210095,42.209339,41.86337,41.863419,41.863244,42.20992,NaN,,,,,,,,,,,,,,,,,,,,,,,,,,,,,,,,,,,,,,,216
-92.554211,-92.081568,-92.081661,-92.554492,-92.554211,NaN,,,,,,,,,,,,,,,,,,,,,,,,,,,,,,,,,,,,,,,,,42.907112,42.907013,42.642056,42.642314,42.907112,NaN,,,,,,,,,,,,,,,,,,,,,,,,,,,,,,,,,,,,,,,,,217
-92.081661,-91.607059,-91.596981,-91.831089,-92.064766,-92.064187,-92.081661,NaN,,,,,,,,,,,,,,,,,,,,,,,,,,,,,,,,,,,,,,,42.642056,42.643973,42.296408,42.299063,42.297259,42.468221,42.642056,NaN,,,,,,,,,,,,,,,,,,,,,,,,,,,,,,,,,,,,,,,218
-95.388182,-94.91389,-94.914485,-95.38801,-95.388182,NaN,,,,,,,,,,,,,,,,,,,,,,,,,,,,,,,,,,,,,,,,,42.909897,42.9097,42.560309,42.561742,42.909897,NaN,,,,,,,,,,,,,,,,,,,,,,,,,,,,,,,,,,,,,,,,,219
-93.025144,-92.554211,-92.554492,-92.5543,-93.027,-93.025144,NaN,,,,,,,,,,,,,,,,,,,,,,,,,,,,,,,,,,,,,,,,42.907549,42.907112,42.642314,42.555854,42.55681,42.907549,NaN,,,,,,,,,,,,,,,,,,,,,,,,,,,,,,,,,,,,,,,,220
-94.914485,-94.443024,-94.443033,-94.397671,-94.397526,-94.628806,-94.858412,-94.856689,-94.914487,-94.914485,NaN,,,,,,,,,,,,,,,,,,,,,,,,,,,,,,,,,,,,42.560309,42.558843,42.473378,42.4733,42.209161,42.209396,42.209692,42.473996,42.47419,42.560309,NaN,,,,,,,,,,,,,,,,,,,,,,,,,,,,,,,,,,,,221
-95.090851,-94.858412,-94.628806,-94.628724,-94.744876,-95.092861,-95.090851,NaN,,,,,,,,,,,,,,,,,,,,,,,,,,,,,,,,,,,,,,,42.210405,42.209692,42.209396,41.862763,41.862394,41.863374,42.210405,NaN,,,,,,,,,,,,,,,,,,,,,,,,,,,,,,,,,,,,,,,222
-95.154722,-95.04077,-94.700629,-94.700589,-94.927587,-95.155851,-95.154722,NaN,,,,,,,,,,,,,,,,,,,,,,,,,,,,,,,,,,,,,,,41.505211,41.50469,41.504148,41.158085,41.158508,41.159236,41.505211,NaN,,,,,,,,,,,,,,,,,,,,,,,,,,,,,,,,,,,,,,,223
-91.366079,-91.365789,-90.898484,-90.898373,-90.899853,-91.366448,-91.366079,NaN,,,,,,,,,,,,,,,,,,,,,,,,,,,,,,,,,,,,,,,41.860068,41.94741,41.946245,41.771392,41.597133,41.598373,41.860068,NaN,,,,,,,,,,,,,,,,,,,,,,,,,,,,,,,,,,,,,,,224
-93.497635,-93.024143,-93.024092,-93.025144,-93.498617,-93.497635,NaN,,,,,,,,,,,,,,,,,,,,,,,,,,,,,,,,,,,,,,,,43.255468,43.255538,43.212812,42.907549,42.908512,43.255468,NaN,,,,,,,,,,,,,,,,,,,,,,,,,,,,,,,,,,,,,,,,225
-95.859377,-95.388182,-95.38801,-95.741611,-95.859949,-95.859377,NaN,,,,,,,,,,,,,,,,,,,,,,,,,,,,,,,,,,,,,,,,42.909097,42.909897,42.561742,42.561285,42.56062,42.909097,NaN,,,,,,,,,,,,,,,,,,,,,,,,,,,,,,,,,,,,,,,,226
-92.554381,-92.080976,-92.081146,-92.081568,-92.554211,-92.554381,NaN,,,,,,,,,,,,,,,,,,,,,,,,,,,,,,,,,,,,,,,,43.212813,43.212947,43.082794,42.907013,42.907112,43.212813,NaN,,,,,,,,,,,,,,,,,,,,,,,,,,,,,,,,,,,,,,,,227
-95.388078,-94.913723,-94.91389,-95.388182,-95.388078,NaN,,,,,,,,,,,,,,,,,,,,,,,,,,,,,,,,,,,,,,,,,43.255221,43.255054,42.9097,42.909897,43.255221,NaN,,,,,,,,,,,,,,,,,,,,,,,,,,,,,,,,,,,,,,,,,228
-91.605307,-91.1749349139112,-91.174692,-91.1590843059475,-91.155519,-91.138,-91.09882,-91.070716,-91.017239,-90.941567,-90.8969620271584,-90.897415,-91.132766,-91.607059,-91.605307,NaN,,,,,,,,,,,,,,,,,,,,,,,,,,,,,,,43.081653,43.0802603718452,43.038713,42.9874777913228,42.975774,42.903772,42.864421,42.775502,42.719566,42.683844,42.6743180564343,42.645714,42.645844,42.643973,43.081653,NaN,,,,,,,,,,,,,,,,,,,,,,,,,,,,,,,229
-90.898373,-90.1596824511227,-90.140613,-90.156902,-90.1581530337095,-90.165065,-90.181401,-90.180643,-90.2423682473972,-90.248631,-90.310708,-90.3118568504162,-90.471723,-90.676373,-90.898373,-90.898484,-90.898373,NaN,,,,,,,,,,,,,,,,,,,,,,,,,,,,,42.033548,42.0330872575859,41.995999,41.938181,41.9298432273761,41.883777,41.844647,41.811979,41.7827687259846,41.779805,41.742214,41.7285328921536,41.773603,41.761023,41.771392,41.946245,42.033548,NaN,,,,,,,,,,,,,,,,,,,,,,,,,,,,,230
-95.670822,-95.323497,-95.090851,-95.092861,-95.557277,-95.672771,-95.670822,NaN,,,,,,,,,,,,,,,,,,,,,,,,,,,,,,,,,,,,,,,42.211408,42.210932,42.210405,41.863374,41.863449,41.863147,42.211408,NaN,,,,,,,,,,,,,,,,,,,,,,,,,,,,,,,,,,,,,,,231
-94.28034,-94.164138,-93.815527,-93.814282,-93.790612,-93.896807,-94.241593,-94.280057,-94.28034,NaN,,,,,,,,,,,,,,,,,,,,,,,,,,,,,,,,,,,,,41.862999,41.863244,41.863419,41.600456,41.511916,41.503098,41.503679,41.601312,41.862999,NaN,,,,,,,,,,,,,,,,,,,,,,,,,,,,,,,,,,,,,232
-91.607059,-91.132766,-91.130079,-91.363263,-91.596981,-91.607059,NaN,,,,,,,,,,,,,,,,,,,,,,,,,,,,,,,,,,,,,,,,42.643973,42.645844,42.295761,42.296445,42.296408,42.643973,NaN,,,,,,,,,,,,,,,,,,,,,,,,,,,,,,,,,,,,,,,,233
-91.372095,-91.37071,-90.9522654164822,-90.9518941426813,-90.945324,-90.952233,-90.985462,-91.044653,-91.092993,-91.091703,-91.115735,-91.1182229383975,-91.208185,-91.409324,-91.372095,NaN,,,,,,,,,,,,,,,,,,,,,,,,,,,,,,,40.812631,41.074112,41.07273174967,41.0698727358664,41.019279,40.954047,40.912141,40.868356,40.821079,40.779708,40.725168,40.6995346508191,40.71358,40.812682,40.812631,NaN,,,,,,,,,,,,,,,,,,,,,,,,,,,,,,,234
-95.3877875940219,-95.214938,-94.9146134847136,-94.913723,-95.388078,-95.3877875940219,NaN,,,,,,,,,,,,,,,,,,,,,,,,,,,,,,,,,,,,,,,,43.5004787289074,43.500885,43.5005958729861,43.255054,43.255221,43.5004787289074,NaN,,,,,,,,,,,,,,,,,,,,,,,,,,,,,,,,,,,,,,,,235
-91.132766,-90.897415,-90.8969620271584,-90.852497,-90.743677,-90.700856,-90.672727,-90.642843,-90.646727,-90.590416,-90.565248,-90.517516,-90.4843456727163,-90.665029,-90.665551,-90.89802,-91.130079,-91.132766,NaN,,,,,,,,,,,,,,,,,,,,,,,,,,,,42.645844,42.645714,42.6743180564343,42.664822,42.64556,42.626445,42.576599,42.508481,42.471904,42.447493,42.438742,42.403019,42.3815977781919,42.382155,42.294699,42.295236,42.295761,42.645844,NaN,,,,,,,,,,,,,,,,,,,,,,,,,,,,236
-94.9146134847136,-94.874235,-94.8545550676107,-94.4428499897182,-94.443137,-94.913723,-94.9146134847136,NaN,,,,,,,,,,,,,,,,,,,,,,,,,,,,,,,,,,,,,,,43.5005958729861,43.500557,43.5005534191522,43.5004785076547,43.255014,43.255054,43.5005958729861,NaN,,,,,,,,,,,,,,,,,,,,,,,,,,,,,,,,,,,,,,,237
-92.081568,-92.081146,-91.605307,-91.607059,-92.081661,-92.081568,NaN,,,,,,,,,,,,,,,,,,,,,,,,,,,,,,,,,,,,,,,,42.907013,43.082794,43.081653,42.643973,42.642056,42.907013,NaN,,,,,,,,,,,,,,,,,,,,,,,,,,,,,,,,,,,,,,,,238
-93.024092,-92.554381,-92.554211,-93.025144,-93.024092,NaN,,,,,,,,,,,,,,,,,,,,,,,,,,,,,,,,,,,,,,,,,43.212812,43.212813,42.907112,42.907549,43.212812,NaN,,,,,,,,,,,,,,,,,,,,,,,,,,,,,,,,,,,,,,,,,239
-93.498617,-93.025144,-93.027,-93.499485,-93.498617,NaN,,,,,,,,,,,,,,,,,,,,,,,,,,,,,,,,,,,,,,,,,42.908512,42.907549,42.55681,42.5577,42.908512,NaN,,,,,,,,,,,,,,,,,,,,,,,,,,,,,,,,,,,,,,,,,240
-95.888697,-95.834156,-95.8342438167144,-95.841309,-95.810709,-95.8187272785699,-95.788093,-95.384964,-95.370618,-95.3739250533987,-95.533182,-95.765645,-95.748626,-95.781909,-95.846034,-95.888697,NaN,,,,,,,,,,,,,,,,,,,,,,,,,,,,,,40.736292,40.783016,40.7837843870431,40.845604,40.886681,40.8979480664065,40.901627,40.90155,40.728241,40.5803323779415,40.582249,40.585208,40.603355,40.653272,40.682605,40.736292,NaN,,,,,,,,,,,,,,,,,,,,,,,,,,,,,,241
-94.628806,-94.397526,-94.164704,-94.164138,-94.28034,-94.628724,-94.628806,NaN,,,,,,,,,,,,,,,,,,,,,,,,,,,,,,,,,,,,,,,42.209396,42.209161,42.20992,41.863244,41.862999,41.862763,42.209396,NaN,,,,,,,,,,,,,,,,,,,,,,,,,,,,,,,,,,,,,,,242
-93.027,-92.5543,-92.534015,-92.53351,-92.76809,-92.767463,-93.001674,-93.002902,-93.027,NaN,,,,,,,,,,,,,,,,,,,,,,,,,,,,,,,,,,,,,42.55681,42.555854,42.469592,42.297001,42.29668,42.21014,42.209267,42.470638,42.55681,NaN,,,,,,,,,,,,,,,,,,,,,,,,,,,,,,,,,,,,,243
-94.744876,-94.628724,-94.28034,-94.280057,-94.241593,-94.700629,-94.700745,-94.744204,-94.744876,NaN,,,,,,,,,,,,,,,,,,,,,,,,,,,,,,,,,,,,,41.862394,41.862763,41.862999,41.601312,41.503679,41.504148,41.602184,41.602185,41.862394,NaN,,,,,,,,,,,,,,,,,,,,,,,,,,,,,,,,,,,,,244
-93.971583,-93.499485,-93.462635,-93.463043,-93.69839,-93.931581,-93.931684,-93.971583,NaN,,,,,,,,,,,,,,,,,,,,,,,,,,,,,,,,,,,,,,42.558139,42.5577,42.470802,42.209302,42.209339,42.210095,42.472011,42.558139,NaN,,,,,,,,,,,,,,,,,,,,,,,,,,,,,,,,,,,,,,245
-93.970415,-93.497635,-93.498617,-93.971238,-93.970415,NaN,,,,,,,,,,,,,,,,,,,,,,,,,,,,,,,,,,,,,,,,,43.255358,43.255468,42.908512,42.907762,43.255358,NaN,,,,,,,,,,,,,,,,,,,,,,,,,,,,,,,,,,,,,,,,,246
-93.499485,-93.027,-93.002902,-93.001674,-93.231722,-93.463043,-93.462635,-93.499485,NaN,,,,,,,,,,,,,,,,,,,,,,,,,,,,,,,,,,,,,,42.5577,42.55681,42.470638,42.209267,42.208886,42.209302,42.470802,42.5577,NaN,,,,,,,,,,,,,,,,,,,,,,,,,,,,,,,,,,,,,,247
-96.1268212534654,-95.672771,-95.557277,-95.558143,-95.497793,-95.497997,-95.9940203930119,-96.005079,-96.080493,-96.09182,-96.118105,-96.111483,-96.1079378717465,-96.0876,-96.064537,-96.107911,-96.1268212534654,NaN,,,,,,,,,,,,,,,,,,,,,,,,,,,,,41.8660952477016,41.863147,41.863449,41.602383,41.602333,41.506074,41.5068906409415,41.544004,41.528199,41.561086,41.613495,41.668548,41.6765089897621,41.72218,41.793002,41.840339,41.8660952477016,NaN,,,,,,,,,,,,,,,,,,,,,,,,,,,,,248
-91.718268,-91.715893,-91.485717,-91.370298,-91.37071,-91.372095,-91.409324,-91.718787,-91.718268,NaN,,,,,,,,,,,,,,,,,,,,,,,,,,,,,,,,,,,,,40.900805,41.162822,41.162405,41.161247,41.074112,40.812631,40.812682,40.813544,40.900805,NaN,,,,,,,,,,,,,,,,,,,,,,,,,,,,,,,,,,,,,249
-92.5531280905188,-92.4489479514378,-92.178863,-92.0798019931283,-92.080976,-92.554381,-92.5531280905188,NaN,,,,,,,,,,,,,,,,,,,,,,,,,,,,,,,,,,,,,,,43.5003000363123,43.5004149885627,43.500713,43.5007048851766,43.212947,43.212813,43.5003000363123,NaN,,,,,,,,,,,,,,,,,,,,,,,,,,,,,,,,,,,,,,,250
-94.442954,-93.971238,-93.971714,-94.443083,-94.442954,NaN,,,,,,,,,,,,,,,,,,,,,,,,,,,,,,,,,,,,,,,,,42.908073,42.907762,42.644707,42.645164,42.908073,NaN,,,,,,,,,,,,,,,,,,,,,,,,,,,,,,,,,,,,,,,,,251
-95.741611,-95.38801,-95.387445,-95.322357,-95.323497,-95.670822,-95.669265,-95.741821,-95.741611,NaN,,,,,,,,,,,,,,,,,,,,,,,,,,,,,,,,,,,,,42.561285,42.561742,42.474796,42.474737,42.210932,42.211408,42.474645,42.474865,42.561285,NaN,,,,,,,,,,,,,,,,,,,,,,,,,,,,,,,,,,,,,252
-92.298164,-91.831379,-91.829231,-91.946043,-92.297494,-92.298164,NaN,,,,,,,,,,,,,,,,,,,,,,,,,,,,,,,,,,,,,,,,41.862779,41.861851,41.511457,41.510749,41.50979,41.862779,NaN,,,,,,,,,,,,,,,,,,,,,,,,,,,,,,,,,,,,,,,,253
-90.89802,-90.665551,-90.665029,-90.4843456727163,-90.44632,-90.417125,-90.430884,-90.400653,-90.338169,-90.3156965142715,-90.26908,-90.207421,-90.161159,-90.163446,-90.1596824511227,-90.898373,-90.89802,NaN,,,,,,,,,,,,,,,,,,,,,,,,,,,,,42.295236,42.294699,42.382155,42.3815977781919,42.357041,42.319943,42.27823,42.239293,42.203321,42.1939464322514,42.1745,42.149109,42.106372,42.040407,42.0330872575859,42.033548,42.295236,NaN,,,,,,,,,,,,,,,,,,,,,,,,,,,,,254
-93.347933,-93.231858,-92.765999,-92.766759,-92.756508,-92.871421,-93.328614,-93.348681,-93.347933,NaN,,,,,,,,,,,,,,,,,,,,,,,,,,,,,,,,,,,,,41.863104,41.862711,41.862373,41.601355,41.508794,41.508522,41.507824,41.600999,41.863104,NaN,,,,,,,,,,,,,,,,,,,,,,,,,,,,,,,,,,,,,255
-92.179974,-91.945571,-91.838931,-91.715893,-91.718268,-92.179072,-92.179974,NaN,,,,,,,,,,,,,,,,,,,,,,,,,,,,,,,,,,,,,,,41.162662,41.163578,41.161514,41.162822,40.900805,40.89972,41.162662,NaN,,,,,,,,,,,,,,,,,,,,,,,,,,,,,,,,,,,,,,,256
-91.831379,-91.366079,-91.366448,-91.368521,-91.460384,-91.483995,-91.519828,-91.829231,-91.831379,NaN,,,,,,,,,,,,,,,,,,,,,,,,,,,,,,,,,,,,,41.861851,41.860068,41.598373,41.423178,41.42418,41.423848,41.51101,41.511457,41.861851,NaN,,,,,,,,,,,,,,,,,,,,,,,,,,,,,,,,,,,,,257
-91.363263,-91.130079,-90.89802,-90.898373,-90.898484,-91.365789,-91.363263,NaN,,,,,,,,,,,,,,,,,,,,,,,,,,,,,,,,,,,,,,,42.296445,42.295761,42.295236,42.033548,41.946245,41.94741,42.296445,NaN,,,,,,,,,,,,,,,,,,,,,,,,,,,,,,,,,,,,,,,258
-92.411995,-92.297494,-91.946043,-91.945571,-92.179974,-92.410233,-92.411995,NaN,,,,,,,,,,,,,,,,,,,,,,,,,,,,,,,,,,,,,,,41.509548,41.50979,41.510749,41.163578,41.162662,41.161942,41.509548,NaN,,,,,,,,,,,,,,,,,,,,,,,,,,,,,,,,,,,,,,,259
-94.443137,-94.4428499897182,-94.390597,-94.2479674415552,-93.9707615585282,-93.970415,-93.971238,-94.442954,-94.443137,NaN,,,,,,,,,,,,,,,,,,,,,,,,,,,,,,,,,,,,,43.255014,43.5004785076547,43.500469,43.5001754767076,43.4996050032074,43.255358,42.907762,42.908073,43.255014,NaN,,,,,,,,,,,,,,,,,,,,,,,,,,,,,,,,,,,,,260
-91.718787,-91.409324,-91.208185,-91.1182229383975,-91.12082,-91.1854606087043,-91.18698,-91.247851,-91.339719,-91.374252,-91.394475,-91.367876,-91.379907,-91.372921,-91.419422,-91.498093,-91.519134,-91.563844,-91.608347,-91.618999,-91.670993,-91.685381,-91.7166549876819,-91.718787,NaN,,,,,,,,,,,,,,,,,,,,,,40.813544,40.812682,40.71358,40.6995346508191,40.672777,40.6381118126235,40.637297,40.63839,40.613488,40.58259,40.534543,40.510479,40.45211,40.399108,40.378264,40.401926,40.432822,40.460988,40.50004,40.539084,40.550937,40.578892,40.603740139296,40.813544,NaN,,,,,,,,,,,,,,,,,,,,,,261
-91.831089,-91.596981,-91.363263,-91.365789,-91.366079,-91.831379,-91.831089,NaN,,,,,,,,,,,,,,,,,,,,,,,,,,,,,,,,,,,,,,,42.299063,42.296408,42.296445,41.94741,41.860068,41.861851,42.299063,NaN,,,,,,,,,,,,,,,,,,,,,,,,,,,,,,,,,,,,,,,262
-91.483995,-91.460384,-91.368521,-91.369332,-91.0744154980196,-91.114186,-91.081445,-91.041536,-90.997906,-90.957246,-90.9522654164822,-91.37071,-91.370298,-91.485717,-91.483995,NaN,,,,,,,,,,,,,,,,,,,,,,,,,,,,,,,41.423848,41.42418,41.423178,41.336063,41.3336315690407,41.250029,41.214429,41.166138,41.162564,41.111085,41.07273174967,41.074112,41.161247,41.162405,41.423848,NaN,,,,,,,,,,,,,,,,,,,,,,,,,,,,,,,263
-96.598928,-96.45326,-96.198484,-96.05316283451,-95.8609462015723,-95.861914,-96.531027,-96.5590273427097,-96.578823,-96.530392,-96.524289,-96.521572,-96.594254,-96.584603,-96.598928,NaN,,,,,,,,,,,,,,,,,,,,,,,,,,,,,,,43.500457,43.50039,43.500335,43.5001877081575,43.4999928849056,43.257566,43.259725,43.257555675618,43.291095,43.300034,43.347214,43.38564,43.434153,43.46961,43.500457,NaN,,,,,,,,,,,,,,,,,,,,,,,,,,,,,,,264
-94.241593,-93.896807,-93.790612,-93.789196,-93.898813,-94.014189,-94.241637,-94.241593,NaN,,,,,,,,,,,,,,,,,,,,,,,,,,,,,,,,,,,,,,41.503679,41.503098,41.511916,41.162035,41.15661,41.156762,41.157134,41.503679,NaN,,,,,,,,,,,,,,,,,,,,,,,,,,,,,,,,,,,,,,265
-92.871421,-92.756508,-92.411995,-92.410233,-92.640361,-92.869771,-92.871421,NaN,,,,,,,,,,,,,,,,,,,,,,,,,,,,,,,,,,,,,,,41.508522,41.508794,41.509548,41.161942,41.161298,41.161066,41.508522,NaN,,,,,,,,,,,,,,,,,,,,,,,,,,,,,,,,,,,,,,,266
-93.328614,-92.871421,-92.869771,-93.099217,-93.327886,-93.328407,-93.328614,NaN,,,,,,,,,,,,,,,,,,,,,,,,,,,,,,,,,,,,,,,41.507824,41.508522,41.161066,41.160867,41.160659,41.490921,41.507824,NaN,,,,,,,,,,,,,,,,,,,,,,,,,,,,,,,,,,,,,,,267
-93.231722,-93.001674,-92.767463,-92.765999,-93.231858,-93.231722,NaN,,,,,,,,,,,,,,,,,,,,,,,,,,,,,,,,,,,,,,,,42.208886,42.209267,42.21014,41.862373,41.862711,42.208886,NaN,,,,,,,,,,,,,,,,,,,,,,,,,,,,,,,,,,,,,,,,268
-93.0243479005419,-92.870277,-92.553161,-92.5531280905188,-92.554381,-93.024092,-93.024143,-93.0243479005419,NaN,,,,,,,,,,,,,,,,,,,,,,,,,,,,,,,,,,,,,,43.49955616363,43.499548,43.5003,43.5003000363123,43.212813,43.212812,43.255538,43.49955616363,NaN,,,,,,,,,,,,,,,,,,,,,,,,,,,,,,,,,,,,,,269
-96.3372160947059,-95.670822,-95.672771,-96.1268212534654,-96.159098,-96.132537,-96.223611,-96.272877,-96.2689,-96.347752,-96.3372160947059,NaN,,,,,,,,,,,,,,,,,,,,,,,,,,,,,,,,,,,42.2148495068956,42.211408,41.863147,41.8660952477016,41.910057,41.974625,42.022652,42.047238,42.11359,42.166806,42.2148495068956,NaN,,,,,,,,,,,,,,,,,,,,,,,,,,,,,,,,,,,270
-95.384349,-95.155851,-94.927587,-94.928459,-95.384964,-95.384349,NaN,,,,,,,,,,,,,,,,,,,,,,,,,,,,,,,,,,,,,,,,41.160011,41.159236,41.158508,40.900653,40.90155,41.160011,NaN,,,,,,,,,,,,,,,,,,,,,,,,,,,,,,,,,,,,,,,,271
-91.368521,-91.366448,-90.899853,-90.783812,-90.786282,-90.867282,-90.924343,-90.966662,-91.027787,-91.065058,-91.071552,-91.0740876236741,-91.0744154980196,-91.369332,-91.368521,NaN,,,,,,,,,,,,,,,,,,,,,,,,,,,,,,,41.423178,41.598373,41.597133,41.596531,41.452888,41.448215,41.42286,41.430051,41.423603,41.369101,41.339651,41.3343208019205,41.3336315690407,41.336063,41.423178,NaN,,,,,,,,,,,,,,,,,,,,,,,,,,,,,,,272
-95.861914,-95.388078,-95.388182,-95.859377,-95.861914,NaN,,,,,,,,,,,,,,,,,,,,,,,,,,,,,,,,,,,,,,,,,43.257566,43.255221,42.909897,42.909097,43.257566,NaN,,,,,,,,,,,,,,,,,,,,,,,,,,,,,,,,,,,,,,,,,273
-95.8609462015723,-95.834421,-95.486803,-95.4544322386606,-95.3877875940219,-95.388078,-95.861914,-95.8609462015723,NaN,,,,,,,,,,,,,,,,,,,,,,,,,,,,,,,,,,,,,,43.4999928849056,43.499966,43.500246,43.50032208525,43.5004787289074,43.255221,43.257566,43.4999928849056,NaN,,,,,,,,,,,,,,,,,,,,,,,,,,,,,,,,,,,,,,274
-95.384964,-94.928459,-94.928529,-94.9148978673616,-95.068921,-95.2022660008303,-95.335588,-95.3739250533987,-95.370618,-95.384964,NaN,,,,,,,,,,,,,,,,,,,,,,,,,,,,,,,,,,,,40.90155,40.900653,40.727399,40.5749211691113,40.57688,40.578375628996,40.579871,40.5803323779415,40.728241,40.90155,NaN,,,,,,,,,,,,,,,,,,,,,,,,,,,,,,,,,,,,275
-94.913723,-94.443137,-94.442954,-94.91389,-94.913723,NaN,,,,,,,,,,,,,,,,,,,,,,,,,,,,,,,,,,,,,,,,,43.255054,43.255014,42.908073,42.9097,43.255054,NaN,,,,,,,,,,,,,,,,,,,,,,,,,,,,,,,,,,,,,,,,,276
-96.621875,-96.577937,-96.537851,-96.5404723291933,-95.859377,-95.859949,-96.48002247898,-96.526766,-96.591602,-96.624704,-96.621875,NaN,,,,,,,,,,,,,,,,,,,,,,,,,,,,,,,,,,,42.779255,42.827645,42.878475,42.908595697956,42.909097,42.56062,42.5613247765607,42.641184,42.688081,42.725497,42.779255,NaN,,,,,,,,,,,,,,,,,,,,,,,,,,,,,,,,,,,277
-94.91389,-94.442954,-94.443083,-94.443024,-94.914485,-94.91389,NaN,,,,,,,,,,,,,,,,,,,,,,,,,,,,,,,,,,,,,,,,42.9097,42.908073,42.645164,42.558843,42.560309,42.9097,NaN,,,,,,,,,,,,,,,,,,,,,,,,,,,,,,,,,,,,,,,,278
-93.815527,-93.698032,-93.347933,-93.348681,-93.328614,-93.328407,-93.417688,-93.790612,-93.814282,-93.815527,NaN,,,,,,,,,,,,,,,,,,,,,,,,,,,,,,,,,,,,41.863419,41.86337,41.863104,41.600999,41.507824,41.490921,41.511542,41.511916,41.600456,41.863419,NaN,,,,,,,,,,,,,,,,,,,,,,,,,,,,,,,,,,,,279
-92.765999,-92.298164,-92.297494,-92.411995,-92.756508,-92.766759,-92.765999,NaN,,,,,,,,,,,,,,,,,,,,,,,,,,,,,,,,,,,,,,,41.862373,41.862779,41.50979,41.509548,41.508794,41.601355,41.862373,NaN,,,,,,,,,,,,,,,,,,,,,,,,,,,,,,,,,,,,,,,280
-94.470779,-94.014803,-94.015492,-94.091085,-94.2322407102083,-94.310724,-94.4712077271232,-94.470779,NaN,,,,,,,,,,,,,,,,,,,,,,,,,,,,,,,,,,,,,,40.899502,40.897031,40.5740737070096,40.572897,40.5720146121266,40.571524,40.570959458357,40.899502,NaN,,,,,,,,,,,,,,,,,,,,,,,,,,,,,,,,,,,,,,281
-95.38801,-94.914485,-94.914487,-94.856689,-94.858412,-95.090851,-95.323497,-95.322357,-95.387445,-95.38801,NaN,,,,,,,,,,,,,,,,,,,,,,,,,,,,,,,,,,,,42.561742,42.560309,42.47419,42.473996,42.209692,42.210405,42.210932,42.474737,42.474796,42.561742,NaN,,,,,,,,,,,,,,,,,,,,,,,,,,,,,,,,,,,,282
-90.898373,-90.676373,-90.471723,-90.3118568504162,-90.314687,-90.336729,-90.339528,-90.364128,-90.41583,-90.461432,-90.513134,-90.571136,-90.618537,-90.701159,-90.786282,-90.783812,-90.899853,-90.898373,NaN,,,,,,,,,,,,,,,,,,,,,,,,,,,,41.771392,41.761023,41.773603,41.7285328921536,41.69483,41.664532,41.598633,41.579633,41.562933,41.523533,41.519533,41.516332,41.485032,41.454743,41.452888,41.596531,41.597133,41.771392,NaN,,,,,,,,,,,,,,,,,,,,,,,,,,,,283
-95.557277,-95.092861,-95.09252,-95.040748,-95.04077,-95.154722,-95.497997,-95.497793,-95.558143,-95.557277,NaN,,,,,,,,,,,,,,,,,,,,,,,,,,,,,,,,,,,,41.863449,41.863374,41.602055,41.602152,41.50469,41.505211,41.506074,41.602333,41.602383,41.863449,NaN,,,,,,,,,,,,,,,,,,,,,,,,,,,,,,,,,,,,284
-96.5590273427097,-96.531027,-95.861914,-95.859377,-96.5404723291933,-96.541689,-96.500308,-96.520246,-96.492693,-96.511605,-96.458201,-96.4520975160537,-96.439335,-96.458854,-96.475571,-96.522084,-96.552963,-96.5590273427097,NaN,,,,,,,,,,,,,,,,,,,,,,,,,,,,43.257555675618,43.259725,43.257566,42.909097,42.908595697956,42.922576,42.959391,42.977643,43.005089,43.039927,43.067554,43.0825529251945,43.113916,43.143356,43.221054,43.22096,43.247281,43.257555675618,NaN,,,,,,,,,,,,,,,,,,,,,,,,,,,,285
-93.69839,-93.463043,-93.231722,-93.231858,-93.347933,-93.698032,-93.69839,NaN,,,,,,,,,,,,,,,,,,,,,,,,,,,,,,,,,,,,,,,42.209339,42.209302,42.208886,41.862711,41.863104,41.86337,42.209339,NaN,,,,,,,,,,,,,,,,,,,,,,,,,,,,,,,,,,,,,,,286
-92.76809,-92.53351,-92.298792,-92.298164,-92.765999,-92.767463,-92.76809,NaN,,,,,,,,,,,,,,,,,,,,,,,,,,,,,,,,,,,,,,,42.29668,42.297001,42.297527,41.862779,41.862373,42.21014,42.29668,NaN,,,,,,,,,,,,,,,,,,,,,,,,,,,,,,,,,,,,,,,287
-93.790612,-93.417688,-93.328407,-93.327886,-93.557556,-93.789196,-93.790612,NaN,,,,,,,,,,,,,,,,,,,,,,,,,,,,,,,,,,,,,,,41.511916,41.511542,41.490921,41.160659,41.161271,41.162035,41.511916,NaN,,,,,,,,,,,,,,,,,,,,,,,,,,,,,,,,,,,,,,,289
-91.946043,-91.829231,-91.519828,-91.483995,-91.485717,-91.715893,-91.838931,-91.945571,-91.946043,NaN,,,,,,,,,,,,,,,,,,,,,,,,,,,,,,,,,,,,,41.510749,41.511457,41.51101,41.423848,41.162405,41.162822,41.161514,41.163578,41.510749,NaN,,,,,,,,,,,,,,,,,,,,,,,,,,,,,,,,,,,,,290
-94.443083,-93.971714,-93.971583,-93.931684,-93.931581,-94.164704,-94.397526,-94.397671,-94.443033,-94.443024,-94.443083,NaN,,,,,,,,,,,,,,,,,,,,,,,,,,,,,,,,,,,42.645164,42.644707,42.558139,42.472011,42.210095,42.20992,42.209161,42.4733,42.473378,42.558843,42.645164,NaN,,,,,,,,,,,,,,,,,,,,,,,,,,,,,,,,,,,291
-93.97076,-93.6485330311736,-93.576728,-93.4973513252204,-93.497635,-93.970415,-93.9707615585282,-93.97076,NaN,,,,,,,,,,,,,,,,,,,,,,,,,,,,,,,,,,,,,,43.499605,43.4995354896751,43.49952,43.4995307245117,43.255468,43.255358,43.4996050032074,43.499605,NaN,,,,,,,,,,,,,,,,,,,,,,,,,,,,,,,,,,,,,,292
-92.080976,-92.0798019931283,-91.824848,-91.7302169978377,-91.6108350005544,-91.605307,-92.081146,-92.080976,NaN,,,,,,,,,,,,,,,,,,,,,,,,,,,,,,,,,,,,,,43.212947,43.5007048851766,43.500684,43.5006857009461,43.5006878467793,43.081653,43.082794,43.212947,NaN,,,,,,,,,,,,,,,,,,,,,,,,,,,,,,,,,,,,,,293
-96.49297,-96.476952,-96.48002247898,-95.859949,-95.741611,-95.741821,-95.669265,-95.670822,-96.3372160947059,-96.336323,-96.336003,-96.351957192496,-96.407998,-96.411808,-96.381307,-96.445508,-96.477454,-96.49297,NaN,,,,,,,,,,,,,,,,,,,,,,,,,,,,42.517282,42.556079,42.5613247765607,42.56062,42.561285,42.474865,42.474645,42.211408,42.2148495068956,42.218922,42.264806,42.2808947045433,42.337408,42.410894,42.461694,42.49063,42.509589,42.517282,NaN,,,,,,,,,,,,,,,,,,,,,,,,,,,,294
-93.4973513252204,-93.228861,-93.0491920078165,-93.0243479005419,-93.024143,-93.497635,-93.4973513252204,NaN,,,,,,,,,,,,,,,,,,,,,,,,,,,,,,,,,,,,,,,43.4995307245117,43.499567,43.4995574800246,43.49955616363,43.255538,43.255468,43.4995307245117,NaN,,,,,,,,,,,,,,,,,,,,,,,,,,,,,,,,,,,,,,,295
-93.971714,-93.971238,-93.498617,-93.499485,-93.971583,-93.971714,NaN,,,,,,,,,,,,,,,,,,,,,,,,,,,,,,,,,,,,,,,,42.644707,42.907762,42.908512,42.5577,42.558139,42.644707,NaN,,,,,,,,,,,,,,,,,,,,,,,,,,,,,,,,,,,,,,,,296
-95.564126,-95.33974,-95.115189,-95.0440507525704,-95.047165,-95.076688,-95.113557,-95.091419402824,-95.049845,-94.982144,-94.9657474186335,-94.997852,-95.180891,-95.570351,-95.564126,NaN,,,,,,,,,,,,,,,,,,,,,,,,,,,,,,,39.652872,39.65298,39.652549,39.6136682968209,39.595117,39.576764,39.553941,39.53325788521,39.494415,39.440552,39.4216817446564,39.418858,39.419218,39.41905,39.652872,NaN,,,,,,,,,,,,,,,,,,,,,,,,,,,,,,,298
-95.7881109948917,-95.784575,-95.3398959708503,-95.33974,-95.564126,-95.788941,-95.7881109948917,NaN,,,,,,,,,,,,,,,,,,,,,,,,,,,,,,,,,,,,,,,40.0004667793653,40.000463,40.0000288571054,39.65298,39.652872,39.653001,40.0004667793653,NaN,,,,,,,,,,,,,,,,,,,,,,,,,,,,,,,,,,,,,,,300
-98.349804,-97.807057,-97.804337,-97.8023129703503,-98.045342,-98.1119851837458,-98.3471487797447,-98.349804,NaN,,,,,,,,,,,,,,,,,,,,,,,,,,,,,,,,,,,,,,37.384056,37.386293,37.366069,36.998698609394,36.998327,36.9982479946353,36.9979692086496,37.384056,NaN,,,,,,,,,,,,,,,,,,,,,,,,,,,,,,,,,,,,,,306
-98.464663,-98.464804,-97.807823,-97.8076,-97.807057,-98.349804,-98.464933,-98.464663,NaN,,,,,,,,,,,,,,,,,,,,,,,,,,,,,,,,,,,,,,37.471013,37.732675,37.733855,37.474184,37.386293,37.384056,37.384144,37.471013,NaN,,,,,,,,,,,,,,,,,,,,,,,,,,,,,,,,,,,,,,309
-96.806201,-96.805768,-96.469945,-96.4637120767748,-96.2392078784111,-96.2395,-96.238969,-96.581764,-96.806544,-96.806201,NaN,,,,,,,,,,,,,,,,,,,,,,,,,,,,,,,,,,,,39.827538,40.0013684550954,40.000966,40.0009585725545,40.0006910427544,39.914345,39.56622,39.566333,39.566423,39.827538,NaN,,,,,,,,,,,,,,,,,,,,,,,,,,,,,,,,,,,,312
-97.924795,-97.371911,-97.37175,-97.701841,-97.922136,-97.924269,-97.924795,NaN,,,,,,,,,,,,,,,,,,,,,,,,,,,,,,,,,,,,,,,38.60988,38.609353,38.173673,38.173814,38.173713,38.522755,38.60988,NaN,,,,,,,,,,,,,,,,,,,,,,,,,,,,,,,,,,,,,,,313
-95.065772,-95.056412,-94.908606,-94.6094896723458,-94.6119580183223,-94.6128655959221,-94.612866,-94.6127726289929,-95.065831,-95.065772,NaN,,,,,,,,,,,,,,,,,,,,,,,,,,,,,,,,,,,,38.694903,38.738587,38.738281,38.7381017094732,38.5476344342717,38.4776021802351,38.477571,38.3887184827318,38.389945,38.694903,NaN,,,,,,,,,,,,,,,,,,,,,,,,,,,,,,,,,,,,314
-96.2392078784111,-96.239172,-96.154365,-96.02409,-96.0106788179345,-95.7881109948917,-95.788941,-95.789101,-96.035952,-96.238969,-96.2395,-96.2392078784111,NaN,,,,,,,,,,,,,,,,,,,,,,,,,,,,,,,,,,40.0006910427544,40.000691,40.000495,40.000719,40.000704665772,40.0004667793653,39.653001,39.565916,39.5661,39.56622,39.914345,40.0006910427544,NaN,,,,,,,,,,,,,,,,,,,,,,,,,,,,,,,,,,318
-99.013318,-98.472257,-98.46482,-98.464804,-98.464663,-99.012598,-99.01355,-99.013318,NaN,,,,,,,,,,,,,,,,,,,,,,,,,,,,,,,,,,,,,,37.825336,37.824497,37.810206,37.732675,37.471013,37.470421,37.73297,37.825336,NaN,,,,,,,,,,,,,,,,,,,,,,,,,,,,,,,,,,,,,,322
-97.8076,-97.153331,-97.1477209669227,-97.384925,-97.4623460298641,-97.768704,-97.8023129703503,-97.804337,-97.807057,-97.8076,NaN,,,,,,,,,,,,,,,,,,,,,,,,,,,,,,,,,,,,37.474184,37.475544,36.9989723356215,36.998843,36.9988242387969,36.99875,36.998698609394,37.366069,37.386293,37.474184,NaN,,,,,,,,,,,,,,,,,,,,,,,,,,,,,,,,,,,,326
-84.442661,-84.333846,-84.306169,-84.281844,-84.19405,-84.095324,-83.969281,-83.977924,-83.992845,-84.080527,-84.286461,-84.379613,-84.35523,-84.401847,-84.419918,-84.442661,NaN,,,,,,,,,,,,,,,,,,,,,,,,,,,,,,38.283236,38.288751,38.3131,38.312461,38.37175,38.259014,38.20933,38.192118,38.173364,38.115118,38.067028,38.111456,38.178474,38.207889,38.214245,38.283236,NaN,,,,,,,,,,,,,,,,,,,,,,,,,,,,,,332
-89.155891,-89.147674,-89.120472,-89.1031354483266,-89.080505,-88.815952,-88.812897,-88.813229,-89.067265,-89.104158,-89.1559849090704,-89.155891,NaN,,,,,,,,,,,,,,,,,,,,,,,,,,,,,,,,,,36.789126,36.847148,36.891896,36.9447609003223,36.915544,36.9541,36.946864,36.773115,36.772763,36.797285,36.7862926633714,36.789126,NaN,,,,,,,,,,,,,,,,,,,,,,,,,,,,,,,,,,339
-87.710912,-87.680617,-87.519854,-87.333741,-87.334277,-87.259371,-87.3359790500808,-87.347796,-87.6411458970021,-87.64115,-87.6941859078643,-87.659724,-87.733368,-87.710912,NaN,,,,,,,,,,,,,,,,,,,,,,,,,,,,,,,,37.021607,37.149239,37.105543,37.157186,37.131818,37.072401,36.6415771604931,36.64144,36.6380360476101,36.638036,36.6368382439437,36.966397,37.002103,37.021607,NaN,,,,,,,,,,,,,,,,,,,,,,,,,,,,,,,,340
-87.394093,-87.271608,-87.323402,-87.304057452442,-87.270387407739,-87.25525,-87.180063,-87.137502,-87.105614,-87.057836,-87.043049,-87.010315,-86.9777414251102,-86.987159,-86.893859,-86.823429,-86.817514,-86.94876,-87.03826,-87.138821,-87.408547,-87.394093,NaN,,,,,,,,,,,,,,,,,,,,,,,,37.723995,37.78012,37.819239,37.8934325491223,37.87542282659,37.867326,37.841375,37.807264,37.767631,37.827457,37.875049,37.919668,37.9256992083727,37.8967,37.882113,37.737754,37.673814,37.630548,37.560803,37.575628,37.683563,37.723995,NaN,,,,,,,,,,,,,,,,,,,,,,,,343
-83.930348,-83.85928,-83.641852,-83.581613,-83.452848,-83.50716,-83.564335,-83.635195,-83.64615,-83.725393,-83.848355,-83.839597,-83.916131,-83.980031,-83.930348,NaN,,,,,,,,,,,,,,,,,,,,,,,,,,,,,,,38.492278,38.456348,38.525381,38.431258,38.381799,38.269447,38.216606,38.187525,38.171001,38.292584,38.296949,38.338368,38.360152,38.439159,38.492278,NaN,,,,,,,,,,,,,,,,,,,,,,,,,,,,,,,345
-89.544434,-89.479346,-89.407906,-89.378694,-89.327319777009,-89.324658,-89.278935,-89.227319,-89.199136,-89.1756497723469,-89.147098,-89.026629,-88.940873,-88.90348,-88.8345890228743,-88.964471,-89.211409,-89.3451943195388,-89.417293,-89.539232,-89.571481,-89.544434,NaN,,,,,,,,,,,,,,,,,,,,,,,,36.57451,36.566253,36.562345,36.622292,36.6239462887705,36.624032,36.577699,36.569375,36.625649,36.6513192625535,36.649117,36.592124,36.591514,36.576864,36.5019803422593,36.502191,36.50563,36.5013432086369,36.499033,36.497934,36.538087,36.57451,NaN,,,,,,,,,,,,,,,,,,,,,,,,346
-89.202511,-89.15699,-89.1559849090704,-89.104158,-89.067265,-88.813229,-88.819541,-88.8167641573481,-88.8271780363405,-88.8345890228743,-88.90348,-88.940873,-89.026629,-89.147098,-89.1756497723469,-89.165488,-89.202511,NaN,,,,,,,,,,,,,,,,,,,,,,,,,,,,,36.716618,36.755968,36.7862926633714,36.797285,36.772763,36.773115,36.753088,36.5019514318132,36.5019683222569,36.5019803422593,36.576864,36.591514,36.592124,36.649117,36.6513192625535,36.662426,36.716618,NaN,,,,,,,,,,,,,,,,,,,,,,,,,,,,,353
-84.689021,-84.709918,-84.660135,-84.594057,-84.570703,-84.479629,-84.43572,-84.476283,-84.462031,-84.525643,-84.571158,-84.656608,-84.656903,-84.716925,-84.689021,NaN,,,,,,,,,,,,,,,,,,,,,,,,,,,,,,,37.851091,37.861952,38.003745,37.986877,37.977587,37.940219,37.847202,37.853131,37.803431,37.769497,37.72855,37.809908,37.783921,37.815389,37.851091,NaN,,,,,,,,,,,,,,,,,,,,,,,,,,,,,,,354
-87.053164,-86.976399,-86.941391,-86.84535,-86.674462,-86.611586,-86.655888,-86.75134,-86.7632909641085,-86.813037,-87.0608263443929,-87.053164,NaN,,,,,,,,,,,,,,,,,,,,,,,,,,,,,,,,,,37.061019,37.073588,37.068981,37.056513,36.999766,36.883057,36.876256,36.72712,36.6487206745018,36.647647,36.6447708848516,37.061019,NaN,,,,,,,,,,,,,,,,,,,,,,,,,,,,,,,,,,357
-86.471903,-86.434046,-86.4335743640881,-86.387216,-86.356407267971,-86.321274,-86.278656,-86.206439,-86.095766,-86.033386,-85.9973516597543,-85.975948,-86.007432,-86.151285,-86.242777,-86.4880524671283,-86.471903,NaN,,,,,,,,,,,,,,,,,,,,,,,,,,,,,38.046218,38.086763,38.0871443875795,38.124632,38.1352778367658,38.147418,38.098509,38.021876,38.00893,37.970382,37.9912256022991,37.875793,37.818439,37.798878,37.877002,38.0436653088997,38.046218,NaN,,,,,,,,,,,,,,,,,,,,,,,,,,,,,361
-85.030528,-84.933085,-84.796327,-84.826454,-84.765204,-84.709918,-84.689021,-84.716925,-84.689343,-84.744888,-84.793574,-85.025021,-85.000685,-85.030182,-85.030528,NaN,,,,,,,,,,,,,,,,,,,,,,,,,,,,,,,37.891538,37.954186,37.970088,37.916458,37.847835,37.861952,37.851091,37.815389,37.727274,37.713075,37.717249,37.678854,37.854794,37.881285,37.891538,NaN,,,,,,,,,,,,,,,,,,,,,,,,,,,,,,,362
-85.468206,-85.324453,-85.283082,-84.997667,-84.956959,-84.998898,-85.023711,-85.047783,-85.101646,-85.196117,-85.232406,-85.424054,-85.404899,-85.468206,NaN,,,,,,,,,,,,,,,,,,,,,,,,,,,,,,,,38.285309,38.310112,38.358054,38.335586,38.332271,38.274979,38.129052,38.072341,38.03727,38.074822,38.089431,38.147438,38.26373,38.285309,NaN,,,,,,,,,,,,,,,,,,,,,,,,,,,,,,,,368
-86.75134,-86.655888,-86.611586,-86.583289,-86.400518,-86.405769,-86.418888,-86.4114961989664,-86.507771,-86.551292,-86.5620676518653,-86.606394,-86.7632909641085,-86.75134,NaN,,,,,,,,,,,,,,,,,,,,,,,,,,,,,,,,36.72712,36.876256,36.883057,36.830282,36.807226,36.776187,36.676031,36.6482404228482,36.652445,36.637985,36.6407466739073,36.652107,36.6487206745018,36.72712,NaN,,,,,,,,,,,,,,,,,,,,,,,,,,,,,,,,369
-87.259371,-87.250256,-87.053164,-87.0608263443929,-87.1150035566884,-87.3359790500808,-87.259371,NaN,,,,,,,,,,,,,,,,,,,,,,,,,,,,,,,,,,,,,,,37.072401,37.040557,37.061019,36.6447708848516,36.6441420446512,36.6415771604931,37.072401,NaN,,,,,,,,,,,,,,,,,,,,,,,,,,,,,,,,,,,,,,,371
-88.157347,-88.002697,-87.876996,-87.858088,-87.733368,-87.659724,-87.6941859078643,-87.853204,-87.849567,-88.011792,-88.070532,-88.080126,-88.110831,-88.129944,-88.157347,NaN,,,,,,,,,,,,,,,,,,,,,,,,,,,,,,,36.867183,36.910168,36.960116,36.950714,37.002103,36.966397,36.6368382439437,36.633247,36.663701,36.677025,36.678118,36.706739,36.74715,36.807546,36.867183,NaN,,,,,,,,,,,,,,,,,,,,,,,,,,,,,,,372
-88.132341,-88.059588,-88.02803,-87.970262,-87.935861,-87.903804,-87.938128,-87.9253933783054,-87.815093,-87.761995,-87.734545,-87.932952,-88.015572,-88.0662503200971,-88.072242,-88.131622,-88.1321634382725,-88.160062,-88.132341,NaN,,,,,,,,,,,,,,,,,,,,,,,,,,,37.697142,37.742608,37.799224,37.781856,37.789703,37.817762,37.870651,37.8995914848741,37.762423,37.762365,37.638376,37.480052,37.54721,37.5041383273482,37.528826,37.572968,37.57451700083,37.654332,37.697142,NaN,,,,,,,,,,,,,,,,,,,,,,,,,,,373
-86.622895,-86.497187,-86.399165,-86.28175,-86.218607,-86.113512,-86.16674,-86.201417,-86.405769,-86.400518,-86.583289,-86.611586,-86.674462,-86.622895,NaN,,,,,,,,,,,,,,,,,,,,,,,,,,,,,,,,37.181089,37.190387,37.169896,37.080597,37.104029,37.061072,36.934015,36.935315,36.776187,36.807226,36.830282,36.883057,36.999766,37.181089,NaN,,,,,,,,,,,,,,,,,,,,,,,,,,,,,,,,374
-85.401784,-85.254333,-85.204253,-85.152797,-85.126552,-85.030528,-85.030182,-85.000685,-85.025021,-85.026526,-85.030172,-85.166084,-85.349334,-85.401784,NaN,,,,,,,,,,,,,,,,,,,,,,,,,,,,,,,,37.730658,37.866423,37.846453,37.897661,37.917169,37.891538,37.881285,37.854794,37.678854,37.664427,37.63127,37.63111,37.655663,37.730658,NaN,,,,,,,,,,,,,,,,,,,,,,,,,,,,,,,,375
-84.864804,-84.725168,-84.647821,-84.625079,-84.660135,-84.709918,-84.765204,-84.826454,-84.796327,-84.849779,-84.830915,-84.864908,-84.864804,NaN,,,,,,,,,,,,,,,,,,,,,,,,,,,,,,,,,38.141373,38.195426,38.176606,38.116397,38.003745,37.861952,37.847835,37.916458,37.970088,38.047985,38.093605,38.116926,38.141373,NaN,,,,,,,,,,,,,,,,,,,,,,,,,,,,,,,,,378
-92.280738,-92.208299,-92.234258,-92.23323,-92.126063,-92.086718,-92.025948,-92.008121,-91.990596,-91.926854,-91.83428,-91.677302,-91.719004,-91.723804,-91.750119,-91.805063,-91.815258,-92.028871,-92.212711,-92.237698,-92.280738,NaN,,,,,,,,,,,,,,,,,,,,,,,,,30.965071,30.96243,31.131466,31.321545,31.306045,31.335374,31.343009,31.325797,31.22521,31.29483,31.266344,31.188047,31.134616,31.044254,31.018814,30.975746,30.848107,30.849497,30.848607,30.84821,30.965071,NaN,,,,,,,,,,,,,,,,,,,,,,,,,379
-92.005434,-91.904381,-91.889687,-91.804869,-91.729158,-91.6475,-91.596922,-91.575721,-91.577653,-91.544791,-91.601622,-91.635822,-91.694469,-91.705948,-91.737189,-91.775836,-91.826926,-91.779725,-91.798754,-91.738032,-91.738331,-91.807098,-91.857083,-91.855889,-91.776779,-91.845019,-91.862168,-91.83428,-91.926854,-91.990596,-92.008121,-92.005434,NaN,,,,,,,,,,,,,,31.927296,31.927561,31.971474,31.893193,31.88251,31.970428,31.969758,31.88256,31.795857,31.751731,31.761864,31.729119,31.735286,31.642863,31.614088,31.648626,31.591671,31.530973,31.473354,31.46741,31.431572,31.438794,31.494527,31.423831,31.385215,31.375916,31.302314,31.266344,31.29483,31.22521,31.325797,31.927296,NaN,,,,,,,,,,,,,,380
-91.845019,-91.776779,-91.855889,-91.857083,-91.807098,-91.738331,-91.738032,-91.798754,-91.779725,-91.826926,-91.775836,-91.737189,-91.705948,-91.694469,-91.635822,-91.601622,-91.544791,-91.39829,-91.3801245299835,-91.380915,-91.395715,-91.463817,-91.457517,-91.437616,-91.489618,-91.51714,-91.510356,-91.532336,-91.536061,-91.508858,-91.564192,-91.621358,-91.644356,-91.590051,-91.5909938930645,-91.621671,-91.594693,-91.560365,-91.6282572982088,-91.723804,-91.719004,-91.677302,-91.83428,-91.862168,-91.845019,NaN,31.375916,31.385215,31.423831,31.494527,31.438794,31.431572,31.46741,31.473354,31.530973,31.591671,31.648626,31.614088,31.642863,31.735286,31.729119,31.761864,31.751731,31.753212,31.73262695305,31.732464,31.644165,31.620365,31.587566,31.546166,31.534266,31.498394,31.438928,31.390275,31.338355,31.291644,31.261633,31.267811,31.234414,31.193693,31.1919985656988,31.13687,31.091444,31.049508,31.0050970018952,31.044254,31.134616,31.188047,31.266344,31.302314,31.375916,NaN,381
-91.445299,-91.396964,-91.398255,-91.343108,-91.30938,-91.2645640502205,-91.166073,-91.134414,-91.072075,-91.070602,-91.13789,-91.161669,-91.157614,-91.113652,-91.056999,-91.098762,-91.079506,-91.0552931049499,-91.133713,-91.457643,-91.445299,NaN,,,,,,,,,,,,,,,,,,,,,,,,,32.581956,32.609468,32.69298,32.750531,32.935237,33.0047388242704,33.004106,32.980533,32.937832,32.888659,32.848975,32.812465,32.776033,32.73997,32.72558,32.685291,32.60068,32.5789835010771,32.537912,32.537807,32.581956,NaN,,,,,,,,,,,,,,,,,,,,,,,,,382
-91.933229,-91.868202,-91.894729,-91.775019,-91.764379,-91.634883,-91.476739,-91.472391,-91.557199,-91.492718,-91.489761,-91.528204,-91.511374,-91.575721,-91.596922,-91.6475,-91.729158,-91.804869,-91.889687,-91.933229,NaN,,,,,,,,,,,,,,,,,,,,,,,,,,32.066882,32.091555,32.15155,32.243333,32.330018,32.405253,32.405808,32.316529,32.249654,32.203349,32.092422,31.959343,31.930025,31.88256,31.969758,31.970428,31.88251,31.893193,31.971474,32.066882,NaN,,,,,,,,,,,,,,,,,,,,,,,,,,383
-91.557199,-91.472391,-91.476739,-91.485222,-91.457643,-91.133713,-91.0552931049499,-91.049312,-91.0487604277637,-91.011275,-91.060516,-91.052907,-90.965986,-90.986672,-90.92117,-90.947834,-90.991227,-91.108509,-91.133968,-91.320742,-91.492718,-91.557199,NaN,,,,,,,,,,,,,,,,,,,,,,,,32.249654,32.316529,32.405808,32.502924,32.537807,32.537912,32.5789835010771,32.573624,32.5727970404214,32.516596,32.512361,32.438442,32.424806,32.35176,32.342073,32.283486,32.214662,32.20815,32.249339,32.202455,32.203349,32.249654,NaN,,,,,,,,,,,,,,,,,,,,,,,,384
-92.0691037585613,-91.875128,-91.489176,-91.4603917718319,-91.4359310803318,-91.437551,-91.566363,-91.637587,-91.742286,-91.80432,-91.839532,-91.913057,-91.943419,-91.911168,-92.065179,-92.052728,-92.085617,-92.0691037585613,NaN,,,,,,,,,,,,,,,,,,,,,,,,,,,,33.0084822636996,33.007728,33.006182,33.0059970557015,33.0058398909721,32.980932,32.855561,32.667341,32.558906,32.571316,32.518482,32.505902,32.587119,32.661139,32.723003,32.794734,32.965193,33.0084822636996,NaN,,,,,,,,,,,,,,,,,,,,,,,,,,,,385
-91.994208,-91.913057,-91.839532,-91.80432,-91.742286,-91.637587,-91.596027,-91.445299,-91.457643,-91.485222,-91.476739,-91.634883,-91.764379,-91.775019,-91.894729,-91.980603,-92.034397,-91.994208,NaN,,,,,,,,,,,,,,,,,,,,,,,,,,,,32.401094,32.505902,32.518482,32.571316,32.558906,32.667341,32.582192,32.581956,32.537807,32.502924,32.405808,32.405253,32.330018,32.243333,32.15155,32.166634,32.277068,32.401094,NaN,,,,,,,,,,,,,,,,,,,,,,,,,,,,389
-91.575721,-91.511374,-91.528204,-91.489761,-91.492718,-91.320742,-91.133968,-91.108509,-91.039472318907,-91.034707,-91.079108,-91.080808,-91.117409,-91.17741,-91.18111,-91.234899,-91.2440151613247,-91.290135,-91.345714,-91.359514,-91.3204587332816,-91.318576,-91.3801245299835,-91.39829,-91.544791,-91.577653,-91.575721,NaN,,,,,,,,,,,,,,,,,,,31.88256,31.930025,31.959343,32.092422,32.203349,32.202455,32.249339,32.20815,32.1079681426653,32.101053,32.050255,32.023456,31.987057,31.973257,31.920059,31.876863,31.8697324375039,31.833658,31.842861,31.799362,31.7478006144822,31.745315,31.73262695305,31.753212,31.751731,31.795857,31.88256,NaN,,,,,,,,,,,,,,,,,,,391
-91.637587,-91.566363,-91.437551,-91.4359310803318,-91.2645640502205,-91.30938,-91.343108,-91.398255,-91.396964,-91.445299,-91.596027,-91.637587,NaN,,,,,,,,,,,,,,,,,,,,,,,,,,,,,,,,,,32.667341,32.855561,32.980932,33.0058398909721,33.0047388242704,32.935237,32.750531,32.69298,32.609468,32.581956,32.582192,32.667341,NaN,,,,,,,,,,,,,,,,,,,,,,,,,,,,,,,,,,392
-84.845962,-84.60754,-84.369876,-84.367891,-84.367795,-84.836889,-84.845962,NaN,,,,,,,,,,,,,,,,,,,,,,,,,,,,,,,,,,,,,,,43.466158,43.466006,43.466044,43.128452,43.117938,43.118851,43.466158,NaN,,,,,,,,,,,,,,,,,,,,,,,,,,,,,,,,,,,,,,,408
-84.826491,-84.709556,-84.363297,-84.3604190413973,-84.3995487854742,-84.438067,-84.806082,-84.805883,-84.8251282838768,-84.826491,NaN,,,,,,,,,,,,,,,,,,,,,,,,,,,,,,,,,,,,42.072468,42.070366,42.073456,41.7069558826335,41.7059213574056,41.704903,41.696089,41.760216,41.7601990063519,42.072468,NaN,,,,,,,,,,,,,,,,,,,,,,,,,,,,,,,,,,,,409
-83.479567,-83.43261,-83.407146,-83.28231,-83.26153,-83.134881,-83.046577,-83.024604,-82.928884,-82.793205,-82.709839,-82.633641,-82.612224,-82.6064774206084,-83.117844,-83.466592,-83.5060855525428,-83.479567,NaN,,,,,,,,,,,,,,,,,,,,,,,,,,,,43.793625,43.885273,43.919807,43.938031,43.973525,43.993147,44.01571,44.045174,44.069389,44.023247,43.948226,43.831224,43.739771,43.690435,43.675493,43.667621,43.7451572131399,43.793625,NaN,,,,,,,,,,,,,,,,,,,,,,,,,,,,410
-85.088811,-84.606035,-84.60754,-84.845962,-85.084996,-85.088811,NaN,,,,,,,,,,,,,,,,,,,,,,,,,,,,,,,,,,,,,,,,43.813676,43.815218,43.466006,43.466158,43.46619,43.813676,NaN,,,,,,,,,,,,,,,,,,,,,,,,,,,,,,,,,,,,,,,,413
-84.363297,-84.131963,-83.773922,-83.7631499920621,-83.8803902452576,-84.134417,-84.3604190413973,-84.363297,NaN,,,,,,,,,,,,,,,,,,,,,,,,,,,,,,,,,,,,,,42.073456,42.071577,42.08243,41.7235467977626,41.7201944966129,41.712931,41.7069558826335,42.073456,NaN,,,,,,,,,,,,,,,,,,,,,,,,,,,,,,,,,,,,,,417
-83.773922,-83.539396,-83.294814,-83.1949057141367,-83.216897,-83.269521,-83.326024,-83.341557,-83.39622,-83.441668,-83.424076,-83.453832,-83.5855418421088,-83.763038,-83.7631499920621,-83.773922,NaN,,,,,,,,,,,,,,,,,,,,,,,,,,,,,,42.08243,42.085598,42.094378,42.0332025181647,41.988561,41.939042,41.924961,41.879956,41.852965,41.808646,41.740738,41.732647,41.7287720285128,41.72355,41.7235467977626,42.08243,NaN,,,,,,,,,,,,,,,,,,,,,,,,,,,,,,423
-84.369876,-84.170576,-84.168127,-84.05,-84.050987,-83.916091,-83.817228,-83.817678,-83.698816,-83.698509,-83.695621,-83.932071,-83.929079,-84.367891,-84.369876,NaN,,,,,,,,,,,,,,,,,,,,,,,,,,,,,,,43.466044,43.481969,43.568899,43.567324,43.524064,43.522629,43.522345,43.479052,43.478957,43.392711,43.221422,43.220377,43.132782,43.128452,43.466044,NaN,,,,,,,,,,,,,,,,,,,,,,,,,,,,,,,429
-83.120396,-83.104136,-83.117844,-82.6064774206084,-82.593785,-82.53993,-82.523086,-82.5060424049551,-82.996257,-83.00043,-83.119027,-83.120396,NaN,,,,,,,,,,,,,,,,,,,,,,,,,,,,,,,,,,43.327049,43.338206,43.675493,43.690435,43.581467,43.422378,43.225361,43.1688273713115,43.154099,43.284913,43.28368,43.327049,NaN,,,,,,,,,,,,,,,,,,,,,,,,,,,,,,,,,,430
-83.6994170918811,-83.683351,-83.529640471734,-83.51234,-83.5060855525428,-83.466592,-83.117844,-83.104136,-83.120396,-83.354418,-83.351709,-83.460708,-83.460733,-83.695621,-83.698509,-83.698816,-83.699484,-83.6994170918811,NaN,,,,,,,,,,,,,,,,,,,,,,,,,,,,43.6016371502565,43.590584,43.7192449191049,43.733726,43.7451572131399,43.667621,43.675493,43.338206,43.327049,43.322257,43.235193,43.232791,43.223131,43.221422,43.392711,43.478957,43.565823,43.6016371502565,NaN,,,,,,,,,,,,,,,,,,,,,,,,,,,,433
-94.353112,-93.763948,-93.759435,-94.149467,-94.203666,-94.182651,-94.271776,-94.353112,NaN,,,,,,,,,,,,,,,,,,,,,,,,,,,,,,,,,,,,,,45.821967,45.822143,45.559646,45.559066,45.619556,45.67958,45.775208,45.821967,NaN,,,,,,,,,,,,,,,,,,,,,,,,,,,,,,,,,,,,,,437
-96.8354191619781,-96.253026,-96.241328,-96.117036,-96.118054,-96.103614,-96.311413,-96.457553498485,-96.457781,-96.4700776030493,-96.482556,-96.521787,-96.562142,-96.617726,-96.675447,-96.710786,-96.742509,-96.781036,-96.8354191619781,NaN,,,,,,,,,,,,,,,,,,,,,,,,,,,45.5861286928808,45.585526,45.412667,45.411993,45.239784,45.176675,45.251597,45.2688979287184,45.30761,45.3267996493923,45.346273,45.375645,45.38609,45.408092,45.410216,45.43693,45.478723,45.535972,45.5861286928808,NaN,,,,,,,,,,,,,,,,,,,,,,,,,,,438
-94.371731,-94.046671,-94.011834,-93.768031,-93.767971,-93.767761,-94.247123,-94.368974,-94.36885,-94.371731,NaN,,,,,,,,,,,,,,,,,,,,,,,,,,,,,,,,,,,,44.264448,44.154374,44.239192,44.239384,44.195836,43.847956,43.847946,43.848047,44.108698,44.264448,NaN,,,,,,,,,,,,,,,,,,,,,,,,,,,,,,,,,,,,439
-95.10748,-94.866259,-94.865824,-94.81488,-94.78063,-94.666062,-94.491333,-94.371731,-94.36885,-94.859803,-95.100221,-95.100892,-95.108777,-95.10748,NaN,,,,,,,,,,,,,,,,,,,,,,,,,,,,,,,,44.281768,44.282372,44.498218,44.48445,44.45665,44.394048,44.359676,44.264448,44.108698,44.108016,44.108034,44.180296,44.195044,44.281768,NaN,,,,,,,,,,,,,,,,,,,,,,,,,,,,,,,,440
-94.012236,-93.767367,-93.767041,-93.520706,-93.520431,-93.578663,-93.594234,-93.618141,-93.768039,-93.768176,-93.888831,-93.888636,-94.010494,-94.012236,NaN,,,,,,,,,,,,,,,,,,,,,,,,,,,,,,,,44.978712,44.977964,44.890862,44.891502,44.804263,44.794373,44.776215,44.707096,44.640303,44.67352,44.673409,44.717044,44.717464,44.978712,NaN,,,,,,,,,,,,,,,,,,,,,,,,,,,,,,,,441
-96.036698,-95.24649,-95.24852,-95.482889,-95.482843,-95.498078,-95.736696,-95.804281,-95.824614,-96.036698,NaN,,,,,,,,,,,,,,,,,,,,,,,,,,,,,,,,,,,,45.152206,45.152384,44.89131,44.890712,44.752505,44.789461,44.93604,44.949197,44.986884,45.152206,NaN,,,,,,,,,,,,,,,,,,,,,,,,,,,,,,,,,,,,442
-96.819078,-96.8265691272283,-96.194671,-96.174108,-96.174587,-96.17227,-96.280977,-96.7857861825985,-96.7897865130498,-96.790523,-96.786845,-96.788803,-96.763973,-96.833504,-96.819078,NaN,,,,,,,,,,,,,,,,,,,,,,,,,,,,,,,47.081152,47.150539,47.151149,46.977375,46.717854,46.630709,46.630765,46.6295908492609,46.6357466727167,46.63688,46.692805,46.777575,46.912507,47.01011,47.081152,NaN,,,,,,,,,,,,,,,,,,,,,,,,,,,,,,,444
-95.462547,-95.121234,-95.108777,-95.100892,-95.100221,-94.859803,-94.859388,-95.100586,-95.452502,-95.462427,-95.462547,NaN,,,,,,,,,,,,,,,,,,,,,,,,,,,,,,,,,,,44.195942,44.195274,44.195044,44.180296,44.108034,44.108016,43.848093,43.847937,43.847953,43.847911,44.195942,NaN,,,,,,,,,,,,,,,,,,,,,,,,,,,,,,,,,,,445
-93.329615,-93.251873,-93.19794,-93.178539,-93.09607,-93.020044,-93.010032,-93.015961,-92.7923607996705,-92.7316238513032,-92.732043,-92.792584,-92.7926,-93.039344,-93.039485,-93.281686,-93.281521,-93.278169,-93.318341,-93.329615,NaN,,,,,,,,,,,,,,,,,,,,,,,,,,44.791086,44.811476,44.862,44.888338,44.923287,44.89075,44.845989,44.775564,44.7589838136971,44.7149227852596,44.629493,44.629722,44.542971,44.51535,44.471871,44.471998,44.543957,44.630751,44.717551,44.791086,NaN,,,,,,,,,,,,,,,,,,,,,,,,,,446
-93.04591,-93.041159,-92.678717,-92.678313,-92.689391,-93.045966,-93.04591,NaN,,,,,,,,,,,,,,,,,,,,,,,,,,,,,,,,,,,,,,,44.196716,44.196726,44.195516,43.861773,43.84857,43.848467,44.196716,NaN,,,,,,,,,,,,,,,,,,,,,,,,,,,,,,,,,,,,,,,447
-94.247123,-93.767761,-93.64829,-93.6485330311736,-93.97076,-93.9707615585282,-94.2479674415552,-94.247123,NaN,,,,,,,,,,,,,,,,,,,,,,,,,,,,,,,,,,,,,,43.847946,43.847956,43.848139,43.4995354896751,43.499605,43.4996050032074,43.5001754767076,43.847946,NaN,,,,,,,,,,,,,,,,,,,,,,,,,,,,,,,,,,,,,,448
-92.448965,-92.434542,-92.079292,-91.730424,-91.7302169978377,-91.824848,-92.0798019931283,-92.178863,-92.4489479514378,-92.448965,NaN,,,,,,,,,,,,,,,,,,,,,,,,,,,,,,,,,,,,43.834105,43.848226,43.84708,43.846935,43.5006857009461,43.500684,43.5007048851766,43.500713,43.5004149885627,43.834105,NaN,,,,,,,,,,,,,,,,,,,,,,,,,,,,,,,,,,,,449
-93.64829,-93.406642,-93.049524,-93.0491920078165,-93.228861,-93.4973513252204,-93.576728,-93.6485330311736,-93.64829,NaN,,,,,,,,,,,,,,,,,,,,,,,,,,,,,,,,,,,,,43.848139,43.84812,43.848443,43.4995574800246,43.499567,43.4995307245117,43.49952,43.4995354896751,43.848139,NaN,,,,,,,,,,,,,,,,,,,,,,,,,,,,,,,,,,,,,450
-93.039485,-93.039344,-92.7926,-92.792584,-92.732043,-92.7316238513032,-92.696491,-92.618025,-92.54928,-92.399281,-92.361518,-92.3169331334058,-92.314071,-92.291005,-92.2453646490054,-92.430277,-92.430629,-92.550733,-92.550871,-92.678717,-93.041159,-93.039485,NaN,,,,,,,,,,,,,,,,,,,,,,,,44.471871,44.51535,44.542971,44.629722,44.629493,44.7149227852596,44.689436,44.61287,44.577704,44.558292,44.558935,44.5392760122027,44.538014,44.485464,44.4542511243518,44.455321,44.368291,44.368521,44.194916,44.195516,44.196726,44.471871,NaN,,,,,,,,,,,,,,,,,,,,,,,,451
-91.730424,-91.2876556273671,-91.243955,-91.2570001560057,-91.273252,-91.252926,-91.232812,-91.217706,-91.491042,-91.6108350005544,-91.7302169978377,-91.730424,NaN,,,,,,,,,,,,,,,,,,,,,,,,,,,,,,,,,,43.846935,43.847065,43.773046,43.7256587372224,43.666623,43.600363,43.564842,43.50055,43.50069,43.5006878467793,43.5006857009461,43.846935,NaN,,,,,,,,,,,,,,,,,,,,,,,,,,,,,,,,,,453
-95.452502,-95.100586,-94.859388,-94.854444,-94.8545550676107,-94.874235,-94.9146134847136,-95.214938,-95.3877875940219,-95.4544322386606,-95.452502,NaN,,,,,,,,,,,,,,,,,,,,,,,,,,,,,,,,,,,43.847953,43.847937,43.848093,43.848099,43.5005534191522,43.500557,43.5005958729861,43.500885,43.5004787289074,43.50032208525,43.847953,NaN,,,,,,,,,,,,,,,,,,,,,,,,,,,,,,,,,,,454
-95.255206,-95.13173,-94.762934,-94.76308,-94.758189,-95.24852,-95.24649,-95.255196,-95.255206,NaN,,,,,,,,,,,,,,,,,,,,,,,,,,,,,,,,,,,,,45.412525,45.412402,45.412861,45.3261,44.892097,44.89131,45.152384,45.238712,45.412525,NaN,,,,,,,,,,,,,,,,,,,,,,,,,,,,,,,,,,,,,455
-96.457553498485,-96.311413,-96.103614,-96.036698,-95.824614,-95.804281,-95.736696,-95.737309,-95.847452,-95.849009,-96.4548305155538,-96.4558401136336,-96.457553498485,NaN,,,,,,,,,,,,,,,,,,,,,,,,,,,,,,,,,45.2688979287184,45.251597,45.176675,45.152206,44.986884,44.949197,44.93604,44.891479,44.891799,44.805347,44.8055502040458,44.97734524828,45.2688979287184,NaN,,,,,,,,,,,,,,,,,,,,,,,,,,,,,,,,,456
-94.025252,-93.932685,-93.92955,-93.885426,-93.910405,-93.524327,-93.52523,-93.767971,-93.768031,-94.011834,-94.025252,NaN,,,,,,,,,,,,,,,,,,,,,,,,,,,,,,,,,,,44.256875,44.344885,44.45664,44.518929,44.543163,44.543618,44.195975,44.195836,44.239384,44.239192,44.256875,NaN,,,,,,,,,,,,,,,,,,,,,,,,,,,,,,,,,,,457
-96.09295,-95.604001,-95.594817,-95.59357,-96.063778,-96.07858,-96.08041,-96.09295,NaN,,,,,,,,,,,,,,,,,,,,,,,,,,,,,,,,,,,,,,44.630486,44.629945,44.542305,44.19553,44.196425,44.19662,44.54313,44.630486,NaN,,,,,,,,,,,,,,,,,,,,,,,,,,,,,,,,,,,,,,458
-94.854444,-94.368974,-94.247123,-94.2479674415552,-94.390597,-94.4428499897182,-94.8545550676107,-94.854444,NaN,,,,,,,,,,,,,,,,,,,,,,,,,,,,,,,,,,,,,,43.848099,43.848047,43.847946,43.5001754767076,43.500469,43.5004785076547,43.5005534191522,43.848099,NaN,,,,,,,,,,,,,,,,,,,,,,,,,,,,,,,,,,,,,,459
-94.501885,-94.256074,-94.012236,-94.010494,-94.254076,-94.254719,-94.497835,-94.498074,-94.498028,-94.502395,-94.501885,NaN,,,,,,,,,,,,,,,,,,,,,,,,,,,,,,,,,,,44.979695,44.979465,44.978712,44.717464,44.717855,44.630311,44.629921,44.717171,44.872516,44.892295,44.979695,NaN,,,,,,,,,,,,,,,,,,,,,,,,,,,,,,,,,,,460
-94.653462,-94.534724,-94.426529,-94.341679,-94.388922,-94.374592,-93.810362,-93.810321,-93.763948,-94.353112,-94.271776,-94.5133,-94.64399,-94.653462,NaN,,,,,,,,,,,,,,,,,,,,,,,,,,,,,,,,46.348678,46.302797,46.332336,46.277705,46.238166,46.157093,46.156585,45.98308,45.822143,45.821967,45.775208,45.77438,45.77395,46.348678,NaN,,,,,,,,,,,,,,,,,,,,,,,,,,,,,,,,461
-93.049524,-93.045966,-92.689391,-92.675376,-92.448965,-92.4489479514378,-92.5531280905188,-92.553161,-92.870277,-93.0243479005419,-93.0491920078165,-93.049524,NaN,,,,,,,,,,,,,,,,,,,,,,,,,,,,,,,,,,43.848443,43.848467,43.84857,43.833707,43.834105,43.5004149885627,43.5003000363123,43.5003,43.499548,43.49955616363,43.4995574800246,43.848443,NaN,,,,,,,,,,,,,,,,,,,,,,,,,,,,,,,,,,462
-96.063778,-95.59357,-95.462547,-95.462427,-96.05232,-96.06462,-96.063778,NaN,,,,,,,,,,,,,,,,,,,,,,,,,,,,,,,,,,,,,,,44.196425,44.19553,44.195942,43.847911,43.84907,43.849039,44.196425,NaN,,,,,,,,,,,,,,,,,,,,,,,,,,,,,,,,,,,,,,,463
-94.78063,-94.6242,-93.92955,-93.932685,-94.025252,-94.011834,-94.046671,-94.371731,-94.491333,-94.666062,-94.78063,NaN,,,,,,,,,,,,,,,,,,,,,,,,,,,,,,,,,,,44.45665,44.45603,44.45664,44.344885,44.256875,44.239192,44.154374,44.264448,44.359676,44.394048,44.45665,NaN,,,,,,,,,,,,,,,,,,,,,,,,,,,,,,,,,,,464
-96.05232,-95.462427,-95.452502,-95.4544322386606,-95.486803,-95.834421,-95.8609462015723,-96.05316283451,-96.05232,NaN,,,,,,,,,,,,,,,,,,,,,,,,,,,,,,,,,,,,,43.84907,43.847911,43.847953,43.50032208525,43.500246,43.499966,43.4999928849056,43.5001877081575,43.84907,NaN,,,,,,,,,,,,,,,,,,,,,,,,,,,,,,,,,,,,,465
-92.678313,-92.678717,-92.550871,-92.508912,-92.470692,-92.318986,-92.318971,-92.079491,-92.079292,-92.434542,-92.448965,-92.675376,-92.689391,-92.678313,NaN,,,,,,,,,,,,,,,,,,,,,,,,,,,,,,,,43.861773,44.195516,44.194916,44.194762,44.194551,44.194057,44.107734,44.106988,43.84708,43.848226,43.834105,43.833707,43.84857,43.861773,NaN,,,,,,,,,,,,,,,,,,,,,,,,,,,,,,,,466
-96.280977,-96.17227,-96.174587,-95.247999,-95.16371,-95.15554,-95.155418,-95.155422,-95.15557,-95.145791,-95.14588,-95.76975,-96.265366,-96.28,-96.280977,NaN,,,,,,,,,,,,,,,,,,,,,,,,,,,,,,,46.630765,46.630709,46.717854,46.716255,46.71764,46.62994,46.449499,46.448784,46.36888,46.282368,46.106761,46.10745,46.10861,46.28222,46.630765,NaN,,,,,,,,,,,,,,,,,,,,,,,,,,,,,,,467
-95.758508,-95.13967,-95.13173,-95.255206,-95.747402,-95.758508,NaN,,,,,,,,,,,,,,,,,,,,,,,,,,,,,,,,,,,,,,,,45.759932,45.758891,45.412402,45.412525,45.412313,45.759932,NaN,,,,,,,,,,,,,,,,,,,,,,,,,,,,,,,,,,,,,,,,468
-95.594817,-95.3604,-95.360177,-95.244218,-95.132652,-94.880335,-94.865824,-94.866259,-95.10748,-95.108777,-95.121234,-95.462547,-95.59357,-95.594817,NaN,,,,,,,,,,,,,,,,,,,,,,,,,,,,,,,,44.542305,44.541762,44.69854,44.66706,44.596443,44.516794,44.498218,44.282372,44.281768,44.195044,44.195274,44.195942,44.19553,44.542305,NaN,,,,,,,,,,,,,,,,,,,,,,,,,,,,,,,,469
-95.482889,-95.24852,-94.758189,-94.502395,-94.498028,-94.498074,-94.629489,-94.6242,-94.78063,-94.81488,-94.865824,-94.880335,-95.132652,-95.244218,-95.360177,-95.415854,-95.482843,-95.482889,NaN,,,,,,,,,,,,,,,,,,,,,,,,,,,,44.890712,44.89131,44.892097,44.892295,44.872516,44.717171,44.716663,44.45603,44.45665,44.48445,44.498218,44.516794,44.596443,44.66706,44.69854,44.734505,44.752505,44.890712,NaN,,,,,,,,,,,,,,,,,,,,,,,,,,,,470
-93.524327,-93.357704,-93.281521,-93.281686,-93.039485,-93.041159,-93.04591,-93.162285,-93.406565,-93.52523,-93.524327,NaN,,,,,,,,,,,,,,,,,,,,,,,,,,,,,,,,,,,44.543618,44.544006,44.543957,44.471998,44.471871,44.196726,44.196716,44.196568,44.196377,44.195975,44.543618,NaN,,,,,,,,,,,,,,,,,,,,,,,,,,,,,,,,,,,471
-96.453315,-96.4529095743663,-96.4529095716932,-96.06462,-96.05232,-96.05316283451,-96.198484,-96.45326,-96.453315,NaN,,,,,,,,,,,,,,,,,,,,,,,,,,,,,,,,,,,,,43.552299,43.8495068930184,43.8495088526372,43.849039,43.84907,43.5001877081575,43.500335,43.50039,43.552299,NaN,,,,,,,,,,,,,,,,,,,,,,,,,,,,,,,,,,,,,472
-94.629489,-94.498074,-94.497835,-94.254719,-94.254076,-94.010494,-93.888636,-93.888831,-93.768176,-93.768039,-93.902479,-93.910405,-93.885426,-93.92955,-94.6242,-94.629489,NaN,,,,,,,,,,,,,,,,,,,,,,,,,,,,,,44.716663,44.717171,44.629921,44.630311,44.717855,44.717464,44.717044,44.673409,44.67352,44.640303,44.587647,44.543163,44.518929,44.45664,44.45603,44.716663,NaN,,,,,,,,,,,,,,,,,,,,,,,,,,,,,,473
-95.139731,-94.64399,-94.5133,-94.271776,-94.182651,-94.203666,-94.149467,-94.141989,-94.047327,-94.09272,-94.260821,-94.383449,-94.383556,-94.640096,-94.76308,-94.762934,-95.13173,-95.13967,-95.139731,NaN,,,,,,,,,,,,,,,,,,,,,,,,,,,45.773416,45.77395,45.77438,45.775208,45.67958,45.619556,45.559066,45.493243,45.422861,45.342467,45.283941,45.282797,45.326705,45.325601,45.3261,45.412861,45.412402,45.758891,45.773416,NaN,,,,,,,,,,,,,,,,,,,,,,,,,,,474
-93.406565,-93.162285,-93.04591,-93.045966,-93.049524,-93.406642,-93.406565,NaN,,,,,,,,,,,,,,,,,,,,,,,,,,,,,,,,,,,,,,,44.196377,44.196568,44.196716,43.848467,43.848443,43.84812,44.196377,NaN,,,,,,,,,,,,,,,,,,,,,,,,,,,,,,,,,,,,,,,475
-96.254022,-95.758508,-95.747402,-96.117036,-96.241328,-96.253026,-96.254022,NaN,,,,,,,,,,,,,,,,,,,,,,,,,,,,,,,,,,,,,,,45.75982,45.759932,45.412313,45.411993,45.412667,45.585526,45.75982,NaN,,,,,,,,,,,,,,,,,,,,,,,,,,,,,,,,,,,,,,,476
-96.117036,-95.747402,-95.255206,-95.255196,-95.24649,-96.036698,-96.103614,-96.118054,-96.117036,NaN,,,,,,,,,,,,,,,,,,,,,,,,,,,,,,,,,,,,,45.411993,45.412313,45.412525,45.238712,45.152384,45.152206,45.176675,45.239784,45.411993,NaN,,,,,,,,,,,,,,,,,,,,,,,,,,,,,,,,,,,,,477
-96.851621,-96.82616,-96.745086,-96.672665,-96.630512,-96.587093,-96.571871,-96.563672,-96.574264,-96.572697494194,-96.26614,-96.253675,-96.254022,-96.253026,-96.8354191619781,-96.843957,-96.851621,NaN,,,,,,,,,,,,,,,,,,,,,,,,,,,,,45.619412,45.654164,45.701576,45.732336,45.781157,45.816445,45.871846,45.935245,46.016545,46.0218916713577,46.02161,45.934648,45.75982,45.585526,45.5861286928808,45.594003,45.619412,NaN,,,,,,,,,,,,,,,,,,,,,,,,,,,,,479
-92.550733,-92.430629,-92.430277,-92.2453646490054,-92.232472,-92.111085,-92.0845285804928,-91.9636,-91.916191,-91.892698,-91.8544999752977,-92.079397,-92.079491,-92.318971,-92.318986,-92.470692,-92.508912,-92.550871,-92.550733,NaN,,,,,,,,,,,,,,,,,,,,,,,,,,,44.368521,44.368291,44.455321,44.4542511243518,44.445434,44.413948,44.404614314801,44.362112,44.318094,44.231105,44.1972265195522,44.192722,44.106988,44.107734,44.194057,44.194551,44.194762,44.194916,44.368521,NaN,,,,,,,,,,,,,,,,,,,,,,,,,,,480
-93.767971,-93.52523,-93.406565,-93.406642,-93.64829,-93.767761,-93.767971,NaN,,,,,,,,,,,,,,,,,,,,,,,,,,,,,,,,,,,,,,,44.195836,44.195975,44.196377,43.84812,43.848139,43.847956,44.195836,NaN,,,,,,,,,,,,,,,,,,,,,,,,,,,,,,,,,,,,,,,482
-94.859803,-94.36885,-94.368974,-94.854444,-94.859388,-94.859803,NaN,,,,,,,,,,,,,,,,,,,,,,,,,,,,,,,,,,,,,,,,44.108016,44.108698,43.848047,43.848099,43.848093,44.108016,NaN,,,,,,,,,,,,,,,,,,,,,,,,,,,,,,,,,,,,,,,,484
-92.079397,-91.8544999752977,-91.817302,-91.719097,-91.647873,-91.573283,-91.5592155630397,-91.440536,-91.4235686998173,-91.357426,-91.291002,-91.2876556273671,-91.730424,-92.079292,-92.079491,-92.079397,NaN,,,,,,,,,,,,,,,,,,,,,,,,,,,,,,44.192722,44.1972265195522,44.164235,44.128853,44.064109,44.026901,44.0242093165812,44.001501,43.9842968803226,43.917231,43.852733,43.847065,43.846935,43.84708,44.106988,44.192722,NaN,,,,,,,,,,,,,,,,,,,,,,,,,,,,,,485
-96.4548305155538,-95.849009,-95.847452,-95.737309,-95.736696,-95.498078,-95.482843,-95.415854,-95.360177,-95.3604,-95.594817,-95.604001,-96.09295,-96.4538066996671,-96.4548305155538,NaN,,,,,,,,,,,,,,,,,,,,,,,,,,,,,,,44.8055502040458,44.805347,44.891799,44.891479,44.93604,44.789461,44.752505,44.734505,44.69854,44.541762,44.542305,44.629945,44.630486,44.631335831948,44.8055502040458,NaN,,,,,,,,,,,,,,,,,,,,,,,,,,,,,,,486
-91.2056449859479,-91.188942,-91.130902,-91.178311,-91.10098,-91.075389,-91.143287,-91.111494,-91.08551,-91.026782,-91.025173,-91.052819,-91.061247,-91.026382,-91.035961,-91.088696,-91.048367,-91.004981,-90.979945,-90.942662,-90.89242,-90.874541,-90.90113,-90.946323,-90.9447955243095,-90.9440807601938,-90.659457,-90.657002,-90.6586,-90.763469,-90.763509,-91.215671,-91.2056449859479,NaN,,,,,,,,,,,,,33.5469783709329,33.576225,33.610919,33.651109,33.660551,33.714403,33.747141,33.774568,33.77641,33.763642,33.805953,33.824181,33.877505,33.90798,33.943758,33.961334,33.985078,33.977011,34.000106,34.01805,34.02686,34.072041,34.094667,34.109374,34.1166572053142,34.1200652947774,34.118867,33.987586,33.616272,33.616164,33.529389,33.529423,33.5469783709329,NaN,,,,,,,,,,,,,489
-90.716277,-90.555211,-90.555549,-90.453233,-90.413236,-90.331589,-90.330312,-90.43195,-90.364031,-90.449323,-90.449893,-90.656632,-90.658049,-90.701845,-90.679607,-90.680319,-90.716277,NaN,,,,,,,,,,,,,,,,,,,,,,,,,,,,,33.270032,33.270533,33.329181,33.329484,33.23532,33.302825,33.137818,33.095917,33.010596,33.00901,32.92329,32.92251,33.096514,33.096294,33.102483,33.201971,33.270032,NaN,,,,,,,,,,,,,,,,,,,,,,,,,,,,,494
-91.159606098013,-90.965433,-90.914337,-90.963753,-90.964864,-90.723159,-90.691405,-90.720102,-90.728344,-90.860566,-90.861364,-90.963381,-90.964043,-91.0487604277637,-91.049312,-91.0552931049499,-91.079506,-91.098762,-91.056999,-91.113652,-91.157614,-91.161669,-91.13789,-91.070602,-91.072075,-91.134414,-91.166073,-91.159606098013,NaN,,,,,,,,,,,,,,,,,,33.0112423213068,33.010545,33.007697,32.838133,32.662798,32.662128,32.636284,32.618858,32.566265,32.575173,32.442115,32.411185,32.575605,32.5727970404214,32.573624,32.5789835010771,32.60068,32.685291,32.72558,32.73997,32.776033,32.812465,32.848975,32.888659,32.937832,32.980533,33.004106,33.0112423213068,NaN,,,,,,,,,,,,,,,,,,495
-90.451643,-90.182584,-90.185599,-90.294502,-90.299057,-90.239603,-90.136787,-90.127775,-90.101401,-90.174756,-90.174614,-90.321513,-90.279627,-90.331589,-90.413236,-90.453233,-90.451643,NaN,,,,,,,,,,,,,,,,,,,,,,,,,,,,,33.81139,33.809322,33.765514,33.750981,33.697589,33.737246,33.721648,33.676956,33.45894,33.417003,33.333378,33.375121,33.339509,33.302825,33.23532,33.329484,33.81139,NaN,,,,,,,,,,,,,,,,,,,,,,,,,,,,,497
-88.813053,-88.669076,-88.3044428135104,-88.317135,-88.3400849921393,-88.3474902478349,-88.812782,-88.813053,NaN,,,,,,,,,,,,,,,,,,,,,,,,,,,,,,,,,,,,,,33.286424,33.286922,33.28832,33.184123,32.991264337875,32.9290347868805,32.925973,33.286424,NaN,,,,,,,,,,,,,,,,,,,,,,,,,,,,,,,,,,,,,,500
-90.450572,-90.399014,-90.399498,-90.301851,-90.304317,-90.198536,-90.194086,-90.134441,-90.135456,-90.135695,-90.450981,-90.450572,NaN,,,,,,,,,,,,,,,,,,,,,,,,,,,,,,,,,,34.262402,34.261524,34.423807,34.424546,34.509621,34.511088,34.301407,34.265195,34.160074,34.0729,34.072932,34.262402,NaN,,,,,,,,,,,,,,,,,,,,,,,,,,,,,,,,,,502
-90.963753,-90.914337,-90.914465,-90.701845,-90.658049,-90.656632,-90.759753,-90.694631,-90.742634,-90.667678,-90.723159,-90.964864,-90.963753,NaN,,,,,,,,,,,,,,,,,,,,,,,,,,,,,,,,,32.838133,33.007697,33.097417,33.096294,33.096514,32.92251,32.835763,32.815642,32.729225,32.670983,32.662128,32.662798,32.838133,NaN,,,,,,,,,,,,,,,,,,,,,,,,,,,,,,,,,503
-90.763509,-90.763469,-90.6586,-90.657002,-90.451012,-90.451643,-90.453233,-90.555549,-90.555211,-90.716277,-90.763773,-90.763509,NaN,,,,,,,,,,,,,,,,,,,,,,,,,,,,,,,,,,33.529389,33.616164,33.616272,33.987586,33.985689,33.81139,33.329484,33.329181,33.270533,33.270032,33.270359,33.529389,NaN,,,,,,,,,,,,,,,,,,,,,,,,,,,,,,,,,,504
-90.451012,-90.450981,-90.135695,-90.135456,-89.958579,-89.931485,-89.925497,-89.926099,-89.926294,-90.136491,-90.136787,-90.239603,-90.299057,-90.294502,-90.185599,-90.182584,-90.451643,-90.451012,NaN,,,,,,,,,,,,,,,,,,,,,,,,,,,,33.985689,34.072932,34.0729,34.160074,34.159554,34.164303,34.140553,33.897957,33.823854,33.809319,33.721648,33.737246,33.697589,33.750981,33.765514,33.809322,33.81139,33.985689,NaN,,,,,,,,,,,,,,,,,,,,,,,,,,,,505
-91.215671,-90.763509,-90.763773,-90.716277,-90.680319,-90.679607,-90.701845,-90.914465,-90.914337,-90.965433,-91.159606098013,-91.120379,-91.180836,-91.153015,-91.104317,-91.084366,-91.068708,-91.086137,-91.125539,-91.142219,-91.113764,-91.147663,-91.171799,-91.189375,-91.215671,NaN,,,,,,,,,,,,,,,,,,,,,33.529423,33.529389,33.270359,33.270032,33.201971,33.102483,33.096294,33.097417,33.007697,33.010545,33.0112423213068,33.05453,33.098364,33.135093,33.131598,33.180856,33.232936,33.273652,33.280255,33.348989,33.393124,33.427172,33.462342,33.493005,33.529423,NaN,,,,,,,,,,,,,,,,,,,,,508
-90.759753,-90.656632,-90.449893,-90.449323,-90.364031,-90.346221,-90.338339,-89.965882,-90.049129,-90.192696,-90.301438,-90.363788,-90.404177,-90.450037,-90.522217,-90.553821,-90.553904,-90.654589,-90.655527,-90.720102,-90.691405,-90.723159,-90.667678,-90.742634,-90.694631,-90.759753,NaN,,,,,,,,,,,,,,,,,,,,32.835763,32.92251,32.92329,33.00901,33.010596,33.022385,33.010131,32.879573,32.735674,32.665815,32.646812,32.603331,32.574706,32.573783,32.50311,32.507574,32.531907,32.546044,32.589771,32.618858,32.636284,32.662128,32.670983,32.729225,32.815642,32.835763,NaN,,,,,,,,,,,,,,,,,,,,510
-92.310028,-91.874651,-91.717968,-91.718467,-91.438235,-91.409033,-91.629598,-91.633998,-92.110387,-92.104374,-92.314471,-92.310028,NaN,,,,,,,,,,,,,,,,,,,,,,,,,,,,,,,,,,39.347795,39.337794,39.339122,39.324505,39.318716,39.142542,39.147853,39.059057,39.064204,39.239809,39.246454,39.347795,NaN,,,,,,,,,,,,,,,,,,,,,,,,,,,,,,,,,,511
-94.6178455243542,-94.073524,-94.075385,-94.082083,-94.6176676047008,-94.617511,-94.6178455243542,NaN,,,,,,,,,,,,,,,,,,,,,,,,,,,,,,,,,,,,,,,37.6535777966344,37.639722,37.58157,37.349291,37.3641703270387,37.410909,37.6535777966344,NaN,,,,,,,,,,,,,,,,,,,,,,,,,,,,,,,,,,,,,,,512
-94.602257,-94.205961,-94.208423,-94.210642,-94.600819,-94.601246,-94.602257,NaN,,,,,,,,,,,,,,,,,,,,,,,,,,,,,,,,,,,,,,,39.747195,39.745841,39.5272,39.454682,39.456155,39.530372,39.747195,NaN,,,,,,,,,,,,,,,,,,,,,,,,,,,,,,,,,,,,,,,513
-94.082083,-94.075385,-93.616033,-93.621153,-93.625844,-94.052313,-94.083833,-94.082083,NaN,,,,,,,,,,,,,,,,,,,,,,,,,,,,,,,,,,,,,,37.349291,37.58157,37.572689,37.427423,37.282011,37.290078,37.290851,37.349291,NaN,,,,,,,,,,,,,,,,,,,,,,,,,,,,,,,,,,,,,,515
-90.339343,-90.294492,-90.235585,-90.220425,-90.1891279822169,-90.155928,-90.114922,-90.06398,-90.063526,-90.066136,-90.131038,-90.141399,-90.153871,-90.2207490539154,-90.209954,-90.148398,-89.958786,-89.96799,-89.96131,-89.9593752951737,-90.103842,-90.2889479152728,-90.368718,-90.339343,NaN,,,,,,,,,,,,,,,,,,,,,,36.047112,36.112949,36.139474,36.184764,36.1989866086674,36.214074,36.265595,36.303038,36.356911,36.386272,36.415069,36.459874,36.495344,36.4959375921945,36.542034,36.630656,36.629331,36.403275,36.388803,35.9990141101569,35.998143,35.9965140042114,35.995812,36.047112,NaN,,,,,,,,,,,,,,,,,,,,,,516
-94.119096,-94.114175,-93.836319,-93.834719,-93.497278,-93.49311,-93.51103,-94.064317,-94.119664,-94.119096,NaN,,,,,,,,,,,,,,,,,,,,,,,,,,,,,,,,,,,,38.833167,38.917304,38.908709,38.937909,38.92843,38.899016,38.55621,38.56738,38.568712,38.833167,NaN,,,,,,,,,,,,,,,,,,,,,,,,,,,,,,,,,,,,520
-94.110005,-94.104823,-94.024206,-93.980088,-93.988892,-93.840147,-93.758463,-93.650526,-93.49196,-93.477233,-93.496377,-93.497278,-93.834719,-93.836319,-94.114175,-94.110005,NaN,,,,,,,,,,,,,,,,,,,,,,,,,,,,,,39.014987,39.143507,39.154537,39.205874,39.152786,39.215467,39.207021,39.248214,39.223461,39.292796,38.942837,38.92843,38.937909,38.908709,38.917304,39.014987,NaN,,,,,,,,,,,,,,,,,,,,,,,,,,,,,,521
-89.519809,-89.501683,-89.465393,-89.375064,-89.307436691173,-89.257608,-89.195039,-89.132915,-89.098843,-89.1031354483266,-89.120472,-89.147674,-89.155891,-89.1559849090704,-89.15699,-89.202511,-89.165488,-89.1756497723469,-89.199136,-89.227319,-89.278935,-89.324658,-89.327319777009,-89.373741,-89.519701,-89.519809,NaN,,,,,,,,,,,,,,,,,,,,36.869617,36.906262,36.935729,36.964947,37.0287594496279,37.015496,36.989768,36.982057,36.95785,36.9447609003223,36.891896,36.847148,36.789126,36.7862926633714,36.755968,36.716618,36.662426,36.6513192625535,36.625649,36.569375,36.577699,36.624032,36.6239462887705,36.702948,36.847896,36.869617,NaN,,,,,,,,,,,,,,,,,,,,524
-92.300871,-92.299316,-92.186691,-92.184986,-91.846743,-91.715247,-91.711934,-91.717968,-91.874651,-92.310028,-92.300871,NaN,,,,,,,,,,,,,,,,,,,,,,,,,,,,,,,,,,,39.605348,39.605344,39.604082,39.662932,39.658513,39.657644,39.599095,39.339122,39.337794,39.347795,39.605348,NaN,,,,,,,,,,,,,,,,,,,,,,,,,,,,,,,,,,,525
-93.067291,-93.059974,-92.839837,-92.841871,-92.625189,-92.633756,-92.689834,-92.695886,-92.764539,-92.80696,-93.01499,-93.077692,-93.067291,NaN,,,,,,,,,,,,,,,,,,,,,,,,,,,,,,,,,38.529995,38.693077,38.683974,38.596792,38.430778,38.348082,38.348472,38.222031,38.189619,38.191157,38.189775,38.263092,38.529995,NaN,,,,,,,,,,,,,,,,,,,,,,,,,,,,,,,,,526
-95.2022660008303,-95.068921,-94.9148978673616,-94.819978,-94.6320259176948,-94.631889,-94.60848,-94.598487,-94.605942,-95.04308,-95.064972,-95.180614,-95.177708,-95.2022660008303,NaN,,,,,,,,,,,,,,,,,,,,,,,,,,,,,,,,40.578375628996,40.57688,40.5749211691113,40.573714,40.5717595874,40.472513,40.398763,40.386714,40.126127,40.130096,40.246589,40.261706,40.478903,40.578375628996,NaN,,,,,,,,,,,,,,,,,,,,,,,,,,,,,,,,527
-93.51103,-93.49311,-93.497278,-93.496377,-93.050453,-93.059974,-93.067291,-93.290454,-93.291851,-93.512743,-93.51103,NaN,,,,,,,,,,,,,,,,,,,,,,,,,,,,,,,,,,,38.55621,38.899016,38.92843,38.942837,38.928244,38.693077,38.529995,38.535388,38.506321,38.512476,38.55621,NaN,,,,,,,,,,,,,,,,,,,,,,,,,,,,,,,,,,,529
-91.460442,-91.1828755008197,-91.174232,-91.148275,-91.100307,-91.064305,-91.03827,-90.937419,-90.9353499463686,-90.840106,-90.72996,-90.7232836234127,-91.182942,-91.18546,-91.260232,-91.409033,-91.438235,-91.460442,NaN,,,,,,,,,,,,,,,,,,,,,,,,,,,,39.450722,39.5982331157954,39.591975,39.545798,39.538695,39.494643,39.448436,39.400803,39.3995195289071,39.340438,39.255894,39.2241029700576,39.227233,39.13905,39.139845,39.142542,39.318716,39.450722,NaN,,,,,,,,,,,,,,,,,,,,,,,,,,,,530
-95.091419402824,-94.628594,-94.601246,-94.600819,-94.6019379819211,-94.623934,-94.680336,-94.741938,-94.7919946737433,-94.799663,-94.825663,-94.857072,-94.908065,-94.888972,-94.946662,-94.9657474186335,-94.982144,-95.049845,-95.091419402824,NaN,,,,,,,,,,,,,,,,,,,,,,,,,,,39.53325788521,39.532021,39.530372,39.456155,39.1555032334638,39.156603,39.184303,39.170203,39.2012602502402,39.206018,39.241729,39.273825,39.323663,39.392432,39.399717,39.4216817446564,39.440552,39.494415,39.53325788521,NaN,,,,,,,,,,,,,,,,,,,,,,,,,,,531
-91.717968,-91.711934,-91.715247,-91.715497,-91.3057603349652,-91.27614,-91.1828755008197,-91.460442,-91.438235,-91.718467,-91.717968,NaN,,,,,,,,,,,,,,,,,,,,,,,,,,,,,,,,,,,39.339122,39.599095,39.657644,39.686492,39.6862154700779,39.665759,39.5982331157954,39.450722,39.318716,39.324505,39.339122,NaN,,,,,,,,,,,,,,,,,,,,,,,,,,,,,,,,,,,533
-93.477233,-93.399133,-93.333337,-93.332252,-93.230079,-93.200708,-93.104485,-93.072915,-92.959801,-92.911669,-92.849224,-92.94385,-92.934569,-93.048471,-93.050453,-93.496377,-93.477233,NaN,,,,,,,,,,,,,,,,,,,,,,,,,,,,,39.292796,39.226437,39.250012,39.309606,39.327877,39.401787,39.383656,39.33552,39.312526,39.223946,39.226218,39.121738,39.064547,38.972418,38.928244,38.942837,39.292796,NaN,,,,,,,,,,,,,,,,,,,,,,,,,,,,,535
-90.958536,-90.707249,-90.6615829068768,-90.657254,-90.595354,-90.555693,-90.500117,-90.467784,-90.4509699408919,-90.395816,-90.298711,-90.2765837220256,-90.230336,-90.2072823011856,-90.113327,-90.117707,-90.195678,-90.320213,-90.382268,-90.440617,-90.482299,-90.492149,-90.541612,-90.660509,-90.732328,-90.742412,-90.773622,-90.916554,-90.964461,-90.958536,NaN,,,,,,,,,,,,,,,,38.870865,38.902722,38.9347033077532,38.92027,38.87505,38.870785,38.910408,38.961809,38.9613950033245,38.960037,38.923395,38.9193384672116,38.91086,38.8987323228399,38.849306,38.805748,38.821261,38.891148,38.821942,38.82765,38.764348,38.751793,38.685267,38.688551,38.639302,38.634563,38.594617,38.534725,38.547545,38.870865,NaN,,,,,,,,,,,,,,,,536
-98.724387,-98.72143,-98.282851,-98.278103,-98.27809,-98.723948,-98.724387,NaN,,,,,,,,,,,,,,,,,,,,,,,,,,,,,,,,,,,,,,,40.689772,40.698903,40.698284,40.698291,40.350347,40.350391,40.689772,NaN,,,,,,,,,,,,,,,,,,,,,,,,,,,,,,,,,,,,,,,540
-98.300235,-97.834431,-97.834536,-97.833288,-98.295602,-98.295421,-98.300592,-98.300235,NaN,,,,,,,,,,,,,,,,,,,,,,,,,,,,,,,,,,,,,,42.436913,42.437684,42.08975,41.916286,41.914954,42.070495,42.088853,42.436913,NaN,,,,,,,,,,,,,,,,,,,,,,,,,,,,,,,,,,,,,,541
-98.295602,-97.833288,-97.830493,-97.829846,-98.041328,-98.099523,-98.291344,-98.290992,-98.29576,-98.295602,NaN,,,,,,,,,,,,,,,,,,,,,,,,,,,,,,,,,,,,41.914954,41.916286,41.742238,41.526174,41.510534,41.480777,41.480727,41.719787,41.741178,41.914954,NaN,,,,,,,,,,,,,,,,,,,,,,,,,,,,,,,,,,,,542
-99.425986,-99.207564,-98.748526,-98.721975,-98.72143,-98.724387,-98.906096,-99.179248,-99.376036,-99.417316,-99.426353,-99.425986,NaN,,,,,,,,,,,,,,,,,,,,,,,,,,,,,,,,,,41.046471,41.047003,41.04664,41.046674,40.698903,40.689772,40.652722,40.660541,40.664262,40.670825,40.699772,41.046471,NaN,,,,,,,,,,,,,,,,,,,,,,,,,,,,,,,,,,544
-96.554866,-96.309645,-96.272877,-96.223611,-96.132537,-96.159098,-96.1268212534654,-96.107911,-96.064537,-96.0876,-96.1079378717465,-96.134276,-96.444785,-96.444217,-96.555172,-96.554866,NaN,,,,,,,,,,,,,,,,,,,,,,,,,,,,,,42.015875,42.015187,42.047238,42.022652,41.974625,41.910057,41.8660952477016,41.840339,41.793002,41.72218,41.6765089897621,41.68273,41.683633,41.741775,41.742018,42.015875,NaN,,,,,,,,,,,,,,,,,,,,,,,,,,,,,,545
-97.368186,-97.287761,-97.253519,-97.178464,-96.90591,-96.905862,-96.908507,-96.91094,-97.368118,-97.368186,NaN,,,,,,,,,,,,,,,,,,,,,,,,,,,,,,,,,,,,41.396416,41.400638,41.384212,41.376816,41.456436,41.453389,41.046091,41.046116,41.046947,41.396416,NaN,,,,,,,,,,,,,,,,,,,,,,,,,,,,,,,,,,,,546
-96.463861,-96.349471,-96.319191,-96.218939,-96.056256,-96.005191,-95.978778,-95.8647847640853,-95.865878,-95.828329,-95.837774,-95.8187272785699,-95.810709,-95.841309,-95.8342438167144,-96.463764,-96.463861,NaN,,,,,,,,,,,,,,,,,,,,,,,,,,,,,41.016069,41.015211,41.044998,40.994308,41.065356,41.060624,41.053362,41.0528455046135,41.017403,40.972378,40.924712,40.8979480664065,40.886681,40.845604,40.7837843870431,40.78396,41.016069,NaN,,,,,,,,,,,,,,,,,,,,,,,,,,,,,547
-97.484916876342,-97.452177,-97.417066,-97.341181,-97.302075,-97.237868,-97.213957,-97.1650703923738,-97.131331,-97.02485,-97.0156311127472,-97.017789,-97.367724,-97.36759,-97.485298,-97.484916876342,NaN,,,,,,,,,,,,,,,,,,,,,,,,,,,,,,42.8500032148679,42.846048,42.865918,42.855882,42.86566,42.853139,42.820143,42.7916166414677,42.771929,42.76243,42.7565254624882,42.351347,42.351861,42.438775,42.438578,42.8500032148679,NaN,,,,,,,,,,,,,,,,,,,,,,,,,,,,,,548
-102.051304798597,-102.051294151579,-101.345365,-101.342788,-102.051308551844,-102.051304798597,NaN,,,,,,,,,,,,,,,,,,,,,,,,,,,,,,,,,,,,,,,,40.440007993377,40.697546832389,40.698093,40.350444,40.3492213568722,40.440007993377,NaN,,,,,,,,,,,,,,,,,,,,,,,,,,,,,,,,,,,,,,,,549
-98.278103,-97.825723,-97.82478,-97.824114,-98.273571,-98.27809,-98.278103,NaN,,,,,,,,,,,,,,,,,,,,,,,,,,,,,,,,,,,,,,,40.698291,40.698555,40.698537,40.350541,40.350359,40.350347,40.698291,NaN,,,,,,,,,,,,,,,,,,,,,,,,,,,,,,,,,,,,,,,551
-97.252425,-97.019911,-96.905922,-96.90591,-97.178464,-97.253519,-97.252425,NaN,,,,,,,,,,,,,,,,,,,,,,,,,,,,,,,,,,,,,,,41.743085,41.74298,41.742763,41.456436,41.376816,41.384212,41.743085,NaN,,,,,,,,,,,,,,,,,,,,,,,,,,,,,,,,,,,,,,,552
-97.019359,-96.82367,-96.555511,-96.554866,-96.555172,-96.905922,-97.019911,-97.019359,NaN,,,,,,,,,,,,,,,,,,,,,,,,,,,,,,,,,,,,,,42.090577,42.090411,42.089957,42.015875,41.742018,41.742763,41.74298,42.090577,NaN,,,,,,,,,,,,,,,,,,,,,,,,,,,,,,,,,,,,,,553
-97.017789,-97.0156311127472,-96.965679,-96.906797,-96.8073706000982,-96.801652,-96.778182,-96.697639,-96.7093,-96.658754,-96.6279454569017,-96.722231,-96.726618,-96.726661,-96.73778,-96.822497,-96.823077,-97.01773,-97.017789,NaN,,,,,,,,,,,,,,,,,,,,,,,,,,,42.351347,42.7565254624882,42.724532,42.7338,42.700678985373,42.698774,42.662993,42.659143,42.603753,42.566426,42.5270961391418,42.524652,42.280417,42.278005,42.264104,42.264292,42.264292,42.264453,42.351347,NaN,,,,,,,,,,,,,,,,,,,,,,,,,,,555
-96.905922,-96.555172,-96.444217,-96.444785,-96.434792,-96.329012,-96.47072,-96.568677,-96.905862,-96.90591,-96.905922,NaN,,,,,,,,,,,,,,,,,,,,,,,,,,,,,,,,,,,41.742763,41.742018,41.741775,41.683633,41.494928,41.393136,41.393239,41.432986,41.453389,41.456436,41.742763,NaN,,,,,,,,,,,,,,,,,,,,,,,,,,,,,,,,,,,556
-97.82478,-97.368401,-97.368688,-97.820816,-97.824114,-97.82478,NaN,,,,,,,,,,,,,,,,,,,,,,,,,,,,,,,,,,,,,,,,40.698537,40.698625,40.350392,40.350545,40.350541,40.698537,NaN,,,,,,,,,,,,,,,,,,,,,,,,,,,,,,,,,,,,,,,,558
-99.179403,-98.726827,-98.726372963939,-99.0670183498981,-99.085597,-99.1791331508611,-99.179403,NaN,,,,,,,,,,,,,,,,,,,,,,,,,,,,,,,,,,,,,,,40.350681,40.350398,40.0023362731669,40.0021435130522,40.002133,40.0021089526949,40.350681,NaN,,,,,,,,,,,,,,,,,,,,,,,,,,,,,,,,,,,,,,,559
-100.197807,-100.094798,-99.642209,-99.630459,-99.6282538492245,-99.813401,-100.177797545879,-100.19359,-100.193599056836,-100.197807,NaN,,,,,,,,,,,,,,,,,,,,,,,,,,,,,,,,,,,,40.350027,40.351245,40.3512,40.35112,40.0017719472684,40.0014,40.0015658138516,40.001573,40.0015730057199,40.350027,NaN,,,,,,,,,,,,,,,,,,,,,,,,,,,,,,,,,,,,560
-96.916055,-96.913468,-96.912637,-96.463632,-96.463667,-96.4637120767748,-96.469945,-96.805768,-96.873812,-96.9164070054658,-96.916055,NaN,,,,,,,,,,,,,,,,,,,,,,,,,,,,,,,,,,,40.349727,40.369365,40.523625,40.523013,40.262173,40.0009585725545,40.000966,40.0013684550954,40.00145,40.0014540910439,40.349727,NaN,,,,,,,,,,,,,,,,,,,,,,,,,,,,,,,,,,,561
-98.721975,-98.287168,-98.282395,-98.282578,-98.282851,-98.72143,-98.721975,NaN,,,,,,,,,,,,,,,,,,,,,,,,,,,,,,,,,,,,,,,41.046674,41.046363,41.026597,40.868677,40.698284,40.698903,41.046674,NaN,,,,,,,,,,,,,,,,,,,,,,,,,,,,,,,,,,,,,,,564
-98.282578,-98.010548,-97.874073,-97.828256,-97.826287,-97.825723,-98.278103,-98.282851,-98.282578,NaN,,,,,,,,,,,,,,,,,,,,,,,,,,,,,,,,,,,,,40.868677,41.072761,41.123148,41.173439,41.046581,40.698555,40.698291,40.698284,40.868677,NaN,,,,,,,,,,,,,,,,,,,,,,,,,,,,,,,,,,,,,565
-99.630459,-99.179403,-99.1791331508611,-99.501792,-99.6253267263996,-99.6282538492245,-99.630459,NaN,,,,,,,,,,,,,,,,,,,,,,,,,,,,,,,,,,,,,,,40.35112,40.350681,40.0021089526949,40.002026,40.001777827647,40.0017719472684,40.35112,NaN,,,,,,,,,,,,,,,,,,,,,,,,,,,,,,,,,,,,,,,566
-99.257039,-98.982527,-98.892846,-98.656835,-98.58376,-98.305149,-98.30544,-98.300235,-98.300592,-98.761155,-99.222733,-99.234629,-99.245803,-99.257039,NaN,,,,,,,,,,,,,,,,,,,,,,,,,,,,,,,,42.804296,42.896436,42.845792,42.809021,42.779736,42.761207,42.451422,42.436913,42.088853,42.088518,42.087916,42.087995,42.782499,42.804296,NaN,,,,,,,,,,,,,,,,,,,,,,,,,,,,,,,,568
-98.74433,-98.291419,-98.286584,-98.287168,-98.721975,-98.748526,-98.74433,NaN,,,,,,,,,,,,,,,,,,,,,,,,,,,,,,,,,,,,,,,41.394178,41.393894,41.393898,41.046363,41.046674,41.04664,41.394178,NaN,,,,,,,,,,,,,,,,,,,,,,,,,,,,,,,,,,,,,,,569
-97.368688,-96.916055,-96.9164070054658,-97.009165,-97.369199035315,-97.368688,NaN,,,,,,,,,,,,,,,,,,,,,,,,,,,,,,,,,,,,,,,,40.350392,40.349727,40.0014540910439,40.001463,40.0019393057605,40.350392,NaN,,,,,,,,,,,,,,,,,,,,,,,,,,,,,,,,,,,,,,,,570
-96.463632,-96.067012,-96.066736,-96.463667,-96.463632,NaN,,,,,,,,,,,,,,,,,,,,,,,,,,,,,,,,,,,,,,,,,40.523013,40.523148,40.262038,40.262173,40.523013,NaN,,,,,,,,,,,,,,,,,,,,,,,,,,,,,,,,,,,,,,,,,571
-99.179248,-98.906096,-98.724387,-98.723948,-98.726827,-99.179403,-99.179248,NaN,,,,,,,,,,,,,,,,,,,,,,,,,,,,,,,,,,,,,,,40.660541,40.652722,40.689772,40.350391,40.350398,40.350681,40.660541,NaN,,,,,,,,,,,,,,,,,,,,,,,,,,,,,,,,,,,,,,,572
-102.055535,-102.055256,-101.98463,-101.40726,-101.269695,-101.270381,-101.249975,-102.051761,-102.055528,-102.055535,NaN,,,,,,,,,,,,,,,,,,,,,,,,,,,,,,,,,,,,41.221547,41.395162,41.394712,41.395416,41.394934,41.047392,41.00395,41.00389,41.047457,41.221547,NaN,,,,,,,,,,,,,,,,,,,,,,,,,,,,,,,,,,,,573
-98.3081868164513,-98.280007,-98.231922,-98.1525866548382,-98.14806,-98.1047,-98.035034,-97.950147,-97.905001,-97.876887,-97.857957,-97.801344,-97.70103,-97.6354420904415,-97.59926,-97.515948,-97.484916876342,-97.485298,-97.834431,-98.300235,-98.30544,-98.305149,-98.310239,-98.3081868164513,NaN,,,,,,,,,,,,,,,,,,,,,,42.8864892074256,42.874996,42.86114,42.8411533810637,42.840013,42.808475,42.764205,42.769619,42.798872,42.852663,42.865093,42.858003,42.843797,42.8518090751855,42.856229,42.853752,42.8500032148679,42.438578,42.437684,42.436913,42.451422,42.761207,42.784618,42.8864892074256,NaN,,,,,,,,,,,,,,,,,,,,,,575
-96.913493,-96.911049,-96.91094,-96.908507,-96.463869,-96.463861,-96.463764,-96.463632,-96.912637,-96.913493,NaN,,,,,,,,,,,,,,,,,,,,,,,,,,,,,,,,,,,,40.697948,40.714102,41.046116,41.046091,41.045083,41.016069,40.78396,40.523013,40.523625,40.697948,NaN,,,,,,,,,,,,,,,,,,,,,,,,,,,,,,,,,,,,576
-97.834536,-97.368404,-97.36807,-97.830493,-97.833288,-97.834536,NaN,,,,,,,,,,,,,,,,,,,,,,,,,,,,,,,,,,,,,,,,42.08975,42.090922,41.743207,41.742238,41.916286,42.08975,NaN,,,,,,,,,,,,,,,,,,,,,,,,,,,,,,,,,,,,,,,,579
-98.286584,-98.275408,-98.101546,-98.053137,-97.705497,-97.703765,-97.598461,-97.598253,-97.604363,-97.658554,-97.828256,-97.874073,-98.010548,-98.282578,-98.282395,-98.287168,-98.286584,NaN,,,,,,,,,,,,,,,,,,,,,,,,,,,,,41.393898,41.264341,41.264041,41.293123,41.309134,41.394876,41.395068,41.333119,41.313851,41.304862,41.173439,41.123148,41.072761,40.868677,41.026597,41.046363,41.393898,NaN,,,,,,,,,,,,,,,,,,,,,,,,,,,,,580
-96.067012,-95.7122803718011,-95.694726,-95.684363,-95.649418,-95.641027,-95.653729,-95.598657,-95.553292,-95.5481820011801,-95.5478703162703,-96.010176,-96.066736,-96.067012,NaN,,,,,,,,,,,,,,,,,,,,,,,,,,,,,,,,40.523148,40.5237544262074,40.493602,40.463366,40.396149,40.366399,40.322582,40.309809,40.291158,40.2644146728427,40.2627834608198,40.261482,40.262038,40.523148,NaN,,,,,,,,,,,,,,,,,,,,,,,,,,,,,,,,582
-98.273571,-97.824114,-97.820816,-97.8215008122752,-97.9318249263172,-98.076034,-98.2740170597529,-98.273571,NaN,,,,,,,,,,,,,,,,,,,,,,,,,,,,,,,,,,,,,,40.350359,40.350541,40.350545,40.0021868820889,40.0022363450196,40.002301,40.0023374507299,40.350359,NaN,,,,,,,,,,,,,,,,,,,,,,,,,,,,,,,,,,,,,,583
-96.463764,-95.8342438167144,-95.834156,-95.888697,-95.846034,-95.781909,-95.748626,-95.765645,-95.75711,-95.714291,-95.7122803718011,-96.067012,-96.463632,-96.463764,NaN,,,,,,,,,,,,,,,,,,,,,,,,,,,,,,,,40.78396,40.7837843870431,40.783016,40.736292,40.682605,40.653272,40.603355,40.585208,40.52599,40.527208,40.5237544262074,40.523148,40.523013,40.78396,NaN,,,,,,,,,,,,,,,,,,,,,,,,,,,,,,,,584
-96.463667,-96.066736,-96.010176,-96.0106788179345,-96.02409,-96.154365,-96.239172,-96.2392078784111,-96.4637120767748,-96.463667,NaN,,,,,,,,,,,,,,,,,,,,,,,,,,,,,,,,,,,,40.262173,40.262038,40.261482,40.000704665772,40.000719,40.000495,40.000691,40.0006910427544,40.0009585725545,40.262173,NaN,,,,,,,,,,,,,,,,,,,,,,,,,,,,,,,,,,,,585
-99.643462,-99.444401,-99.417316,-99.376036,-99.179248,-99.179403,-99.630459,-99.642209,-99.643462,NaN,,,,,,,,,,,,,,,,,,,,,,,,,,,,,,,,,,,,,40.684911,40.677892,40.670825,40.664262,40.660541,40.350681,40.35112,40.3512,40.684911,NaN,,,,,,,,,,,,,,,,,,,,,,,,,,,,,,,,,,,,,587
-97.834431,-97.485298,-97.36759,-97.367724,-97.368404,-97.834536,-97.834431,NaN,,,,,,,,,,,,,,,,,,,,,,,,,,,,,,,,,,,,,,,42.437684,42.438578,42.438775,42.351861,42.090922,42.08975,42.437684,NaN,,,,,,,,,,,,,,,,,,,,,,,,,,,,,,,,,,,,,,,588
-97.830493,-97.36807,-97.252425,-97.253519,-97.287761,-97.368186,-97.522412,-97.598253,-97.598461,-97.703765,-97.703627,-97.829846,-97.830493,NaN,,,,,,,,,,,,,,,,,,,,,,,,,,,,,,,,,41.742238,41.743207,41.743085,41.384212,41.400638,41.396416,41.361934,41.333119,41.395068,41.394876,41.526796,41.526174,41.742238,NaN,,,,,,,,,,,,,,,,,,,,,,,,,,,,,,,,,589
-97.828256,-97.658554,-97.604363,-97.598253,-97.522412,-97.368186,-97.368118,-97.826287,-97.828256,NaN,,,,,,,,,,,,,,,,,,,,,,,,,,,,,,,,,,,,,41.173439,41.304862,41.313851,41.333119,41.361934,41.396416,41.046947,41.046581,41.173439,NaN,,,,,,,,,,,,,,,,,,,,,,,,,,,,,,,,,,,,,590
-96.010176,-95.5478703162703,-95.54716,-95.472548,-95.48102,-95.432165,-95.394216,-95.414734,-95.382957,-95.348777,-95.30829,-95.3398959708503,-95.784575,-95.7881109948917,-96.0106788179345,-96.010176,NaN,,,,,,,,,,,,,,,,,,,,,,,,,,,,,,40.261482,40.2627834608198,40.259066,40.236078,40.188524,40.141025,40.108263,40.06982,40.027112,40.029297,39.999998,40.0000288571054,40.000463,40.0004667793653,40.000704665772,40.261482,NaN,,,,,,,,,,,,,,,,,,,,,,,,,,,,,,591
-97.368401,-96.913493,-96.912637,-96.913468,-96.916055,-97.368688,-97.368401,NaN,,,,,,,,,,,,,,,,,,,,,,,,,,,,,,,,,,,,,,,40.698625,40.697948,40.523625,40.369365,40.349727,40.350392,40.698625,NaN,,,,,,,,,,,,,,,,,,,,,,,,,,,,,,,,,,,,,,,592
-96.905862,-96.568677,-96.47072,-96.421439,-96.327399,-96.339805,-96.319191,-96.349471,-96.463861,-96.463869,-96.908507,-96.905862,NaN,,,,,,,,,,,,,,,,,,,,,,,,,,,,,,,,,,41.453389,41.432986,41.393239,41.364165,41.189999,41.082502,41.044998,41.015211,41.016069,41.045083,41.046091,41.453389,NaN,,,,,,,,,,,,,,,,,,,,,,,,,,,,,,,,,,593
-97.368118,-96.91094,-96.911049,-96.913493,-97.368401,-97.368118,NaN,,,,,,,,,,,,,,,,,,,,,,,,,,,,,,,,,,,,,,,,41.046947,41.046116,40.714102,40.697948,40.698625,41.046947,NaN,,,,,,,,,,,,,,,,,,,,,,,,,,,,,,,,,,,,,,,,595
-97.368404,-97.019359,-97.019911,-97.252425,-97.36807,-97.368404,NaN,,,,,,,,,,,,,,,,,,,,,,,,,,,,,,,,,,,,,,,,42.090922,42.090577,41.74298,41.743085,41.743207,42.090922,NaN,,,,,,,,,,,,,,,,,,,,,,,,,,,,,,,,,,,,,,,,598
-97.820816,-97.368688,-97.369199035315,-97.415833,-97.777155,-97.8215008122752,-97.820816,NaN,,,,,,,,,,,,,,,,,,,,,,,,,,,,,,,,,,,,,,,40.350545,40.350392,40.0019393057605,40.002001,40.002167,40.0021868820889,40.350545,NaN,,,,,,,,,,,,,,,,,,,,,,,,,,,,,,,,,,,,,,,599
-96.444785,-96.134276,-96.1079378717465,-96.111483,-96.118105,-96.09182,-96.080493,-96.005079,-95.9940203930119,-95.982962,-95.922529,-95.9273362423201,-95.945045,-96.329012,-96.434792,-96.444785,NaN,,,,,,,,,,,,,,,,,,,,,,,,,,,,,,41.683633,41.68273,41.6765089897621,41.668548,41.613495,41.561086,41.528199,41.544004,41.5068906409415,41.469778,41.455766,41.3899879374596,41.393095,41.393136,41.494928,41.683633,NaN,,,,,,,,,,,,,,,,,,,,,,,,,,,,,,600
-97.367724,-97.017789,-97.01773,-96.823077,-96.822497,-96.82367,-97.019359,-97.368404,-97.367724,NaN,,,,,,,,,,,,,,,,,,,,,,,,,,,,,,,,,,,,,42.351861,42.351347,42.264453,42.264292,42.264292,42.090411,42.090577,42.090922,42.351861,NaN,,,,,,,,,,,,,,,,,,,,,,,,,,,,,,,,,,,,,601
-97.826287,-97.368118,-97.368401,-97.82478,-97.825723,-97.826287,NaN,,,,,,,,,,,,,,,,,,,,,,,,,,,,,,,,,,,,,,,,41.046581,41.046947,40.698625,40.698537,40.698555,41.046581,NaN,,,,,,,,,,,,,,,,,,,,,,,,,,,,,,,,,,,,,,,,602
-76.847264,-76.777404,-76.760598,-76.683751,-76.606214,-76.511899,-76.396794,-76.358393,-76.380009,-76.353669,-76.405565,-76.405971,-76.636394,-76.637513,-76.638009,-76.844279,-76.847264,NaN,,,,,,,,,,,,,,,,,,,,,,,,,,,,,35.719982,35.857839,35.864887,35.953101,35.978051,35.980726,36.026443,36.020019,35.914666,35.861365,35.782163,35.697579,35.705214,35.705215,35.705217,35.705717,35.719982,NaN,,,,,,,,,,,,,,,,,,,,,,,,,,,,,659
-98.467476,-97.961208,-97.706034,-97.706027,-97.681508,-97.682006,-98.033862,-98.439056,-98.439466,-98.467476,NaN,,,,,,,,,,,,,,,,,,,,,,,,,,,,,,,,,,,,47.240453,47.240512,47.239978,46.978558,46.978481,46.629928,46.630727,46.63112,46.979658,47.240453,NaN,,,,,,,,,,,,,,,,,,,,,,,,,,,,,,,,,,,,663
-101.496737,-101.125434,-100.431676,-100.182706982328,-100.183034,-100.145494,-100.145858,-100.27666,-100.406388,-100.40678,-101.059624,-101.05966,-101.451275,-101.451152,-101.496737,NaN,,,,,,,,,,,,,,,,,,,,,,,,,,,,,,,48.9991448340053,48.999078,48.999398,48.9992302246413,48.718909,48.718875,48.545211,48.544813,48.544657,48.631878,48.632424,48.545337,48.546079,48.720018,48.9991448340053,NaN,,,,,,,,,,,,,,,,,,,,,,,,,,,,,,,664
-97.706034,-97.451512,-96.8360095945419,-96.8265691272283,-96.819078,-96.833504,-96.763973,-96.788803,-96.786845,-96.790523,-96.7897865130498,-96.816308,-97.279948,-97.682006,-97.681508,-97.706027,-97.706034,NaN,,,,,,,,,,,,,,,,,,,,,,,,,,,,,47.239978,47.239061,47.2379818754871,47.150539,47.081152,47.01011,46.912507,46.777575,46.692805,46.63688,46.6357466727167,46.630185,46.629348,46.629928,46.978481,46.978558,47.239978,NaN,,,,,,,,,,,,,,,,,,,,,,,,,,,,,665
-99.297204,-98.556378,-98.525516,-98.525178,-98.500181,-98.500085,-99.265846,-99.297318,-99.297204,NaN,,,,,,,,,,,,,,,,,,,,,,,,,,,,,,,,,,,,,47.846811,47.847459,47.846276,47.672497,47.672413,47.587228,47.587618,47.673004,47.846811,NaN,,,,,,,,,,,,,,,,,,,,,,,,,,,,,,,,,,,,,666
-100.66189,-100.081198,-99.915508,-99.916758,-99.878431,-99.8800620948066,-99.880292,-100.152084,-100.294126,-100.499354215384,-100.511793,-100.511949026151,-100.614504,-100.629145,-100.558549,-100.551199,-100.590199,-100.561035,-100.66189,NaN,,,,,,,,,,,,,,,,,,,,,,,,,,,46.63445,46.633396,46.632925,46.283171,46.282811,45.9416709158022,45.941672,45.942486,45.943269,45.9436319988143,45.943654,45.9436540704345,46.071796,46.145608,46.249993,46.363494,46.427894,46.587847,46.63445,NaN,,,,,,,,,,,,,,,,,,,,,,,,,,,667
-97.903434,-97.1419103871983,-97.1458449594749,-97.146745,-97.105616,-97.068987,-97.037354,-96.996364,-96.928506,-96.8934933013398,-97.472745,-97.882405,-97.882179,-97.903434,NaN,,,,,,,,,,,,,,,,,,,,,,,,,,,,,,,,48.194897,48.1936276188745,48.1732234829905,48.168556,48.091362,48.026267,47.933279,47.844398,47.744884,47.6721269594437,47.672051,47.672179,48.020803,48.194897,NaN,,,,,,,,,,,,,,,,,,,,,,,,,,,,,,,,668
-98.525609,-98.422659,-98.4221,-98.292184,-97.903434,-97.882179,-97.882405,-97.98481,-98.500181,-98.525178,-98.525516,-98.525555,-98.525609,NaN,,,,,,,,,,,,,,,,,,,,,,,,,,,,,,,,,48.02115,48.021115,48.194824,48.195177,48.194897,48.020803,47.672179,47.6723,47.672413,47.672497,47.846276,47.915056,48.02115,NaN,,,,,,,,,,,,,,,,,,,,,,,,,,,,,,,,,669
-97.9502050115156,-97.77575,-97.229039,-97.227854,-97.187362,-97.152588,-97.121253,-97.100009,-97.142915,-97.1477235683009,-97.1481034661336,-97.927154,-97.949577,-97.9502050115156,NaN,,,,,,,,,,,,,,,,,,,,,,,,,,,,,,,,49.0005151189384,49.000574,49.000687,48.945864,48.867598,48.772602,48.713593,48.667926,48.583733,48.5438916836506,48.5407440461867,48.543124,48.717693,49.0005151189384,NaN,,,,,,,,,,,,,,,,,,,,,,,,,,,,,,,,670
-99.200306,-98.970975,-98.970392,-98.318098,-98.31867,-98.292112,-98.292184,-98.4221,-98.422659,-98.525609,-98.525555,-98.625384,-98.672086,-98.79456,-98.75061,-98.803893,-98.991253,-99.001038,-99.070351,-99.070443,-99.199911,-99.200306,NaN,,,,,,,,,,,,,,,,,,,,,,,,48.370658,48.370472,48.544232,48.543773,48.369722,48.369695,48.195177,48.194824,48.021115,48.02115,47.915056,47.916399,48.0004,47.951614,47.982456,48.059901,47.99026,48.053294,48.021955,48.107857,48.155309,48.370658,NaN,,,,,,,,,,,,,,,,,,,,,,,,671
-98.033862,-97.682006,-97.279948,-97.280568,-98.006715,-98.034573,-98.033862,NaN,,,,,,,,,,,,,,,,,,,,,,,,,,,,,,,,,,,,,,,46.630727,46.629928,46.629348,46.282321,46.282626,46.282796,46.630727,NaN,,,,,,,,,,,,,,,,,,,,,,,,,,,,,,,,,,,,,,,672
-97.279948,-96.816308,-96.7897865130498,-96.7857861825985,-96.744436,-96.709095,-96.647296,-96.60104,-96.59567,-96.554507,-96.572697494194,-96.574264,-96.563672,-97.082093,-97.228291,-97.259632,-97.25934,-97.280568,-97.279948,NaN,,,,,,,,,,,,,,,,,,,,,,,,,,,46.629348,46.630185,46.6357466727167,46.6295908492609,46.56596,46.435294,46.358499,46.319554,46.21985,46.083978,46.0218916713577,46.016545,45.935245,45.935842,45.9356565956461,45.997185,46.272786,46.282321,46.629348,NaN,,,,,,,,,,,,,,,,,,,,,,,,,,,673
-98.006715,-97.280568,-97.25934,-97.259632,-97.228291,-97.542598,-97.77704,-97.9787778096234,-98.0081017982778,-98.006715,NaN,,,,,,,,,,,,,,,,,,,,,,,,,,,,,,,,,,,,46.282626,46.282321,46.272786,45.997185,45.9356565956461,45.935258,45.935393,45.9359339920987,45.9360126290493,46.282626,NaN,,,,,,,,,,,,,,,,,,,,,,,,,,,,,,,,,,,,674
-97.98481,-97.882405,-97.472745,-97.474337,-97.451512,-97.706034,-97.961208,-97.986585,-97.98481,NaN,,,,,,,,,,,,,,,,,,,,,,,,,,,,,,,,,,,,,47.6723,47.672179,47.672051,47.324776,47.239061,47.239978,47.240512,47.3261,47.6723,NaN,,,,,,,,,,,,,,,,,,,,,,,,,,,,,,,,,,,,,675
-98.318098,-97.927154,-97.1481034661336,-97.149122,-97.139173,-97.137904,-97.129533,-97.1419103871983,-97.903434,-98.292184,-98.292112,-98.31867,-98.318098,NaN,,,,,,,,,,,,,,,,,,,,,,,,,,,,,,,,,48.543773,48.543124,48.5407440461867,48.532305,48.430528,48.344585,48.257815,48.1936276188745,48.194897,48.195177,48.369695,48.369722,48.543773,NaN,,,,,,,,,,,,,,,,,,,,,,,,,,,,,,,,,676
-102.2336,-102.152545,-102.152164,-102.021655,-102.021428,-101.842141,-101.841969,-101.059802,-101.014138,-100.970497,-100.971325,-101.871862,-101.871537,-101.922123,-101.922237,-101.973399,-101.973322,-102.233892,-102.2336,NaN,,,,,,,,,,,,,,,,,,,,,,,,,,,48.72029,48.720294,48.8072,48.807108,48.720283,48.720143,48.459545,48.458448,48.371432,48.022645,47.848703,47.847589,48.023176,48.023173,48.37233,48.372095,48.547133,48.546339,48.72029,NaN,,,,,,,,,,,,,,,,,,,,,,,,,,,677
-100.069206,-99.812167,-99.297204,-99.297318,-99.265846,-99.26628,-99.480726,-100.033292,-100.032849,-100.069206,NaN,,,,,,,,,,,,,,,,,,,,,,,,,,,,,,,,,,,,47.847301,47.847257,47.846811,47.673004,47.587618,47.327194,47.327076,47.327192,47.673621,47.847301,NaN,,,,,,,,,,,,,,,,,,,,,,,,,,,,,,,,,,,,678
-84.397374,-84.340531,-84.109586,-84.109516,-83.880423,-83.880063,-83.880194,-84.107787,-84.222799,-84.396778,-84.397374,NaN,,,,,,,,,,,,,,,,,,,,,,,,,,,,,,,,,,,40.815941,40.859099,40.860994,40.90473,40.920429,40.819919,40.64469,40.643069,40.685957,40.684926,40.815941,NaN,,,,,,,,,,,,,,,,,,,,,,,,,,,,,,,,,,,680
-84.45618,-84.396778,-84.222799,-84.107787,-83.880194,-83.879932,-83.993867,-84.002372,-84.339149,-84.3386,-84.434387,-84.455532,-84.455029,-84.455713,-84.45618,NaN,,,,,,,,,,,,,,,,,,,,,,,,,,,,,,,40.684862,40.684926,40.685957,40.643069,40.64469,40.538708,40.535174,40.483115,40.480915,40.379199,40.354534,40.363963,40.451305,40.567888,40.684862,NaN,,,,,,,,,,,,,,,,,,,,,,,,,,,,,,,683
-84.022919,-84.014763,-83.784196,-83.551338,-83.494498,-83.503714,-83.516155,-84.036069,-84.022919,NaN,,,,,,,,,,,,,,,,,,,,,,,,,,,,,,,,,,,,,40.183945,40.273459,40.260046,40.22937,40.225467,40.111468,40.010188,40.040182,40.183945,NaN,,,,,,,,,,,,,,,,,,,,,,,,,,,,,,,,,,,,,687
-84.051039,-84.036069,-83.516155,-83.588041,-83.647169,-83.829495,-83.939583,-84.053736,-84.051039,NaN,,,,,,,,,,,,,,,,,,,,,,,,,,,,,,,,,,,,,39.879807,40.040182,40.010188,39.768778,39.773029,39.797851,39.843797,39.850458,39.879807,NaN,,,,,,,,,,,,,,,,,,,,,,,,,,,,,,,,,,,,,688
-84.006782,-83.977005,-83.670196,-83.585523,-83.578194,-83.590878,-83.784793,-83.813873,-83.865679,-83.99312,-84.006782,NaN,,,,,,,,,,,,,,,,,,,,,,,,,,,,,,,,,,,39.255068,39.569169,39.550254,39.545109,39.524033,39.378736,39.262888,39.223044,39.247333,39.254235,39.255068,NaN,,,,,,,,,,,,,,,,,,,,,,,,,,,,,,,,,,,690
-83.112737,-82.853184,-82.829512,-82.724792,-82.727164,-82.838905,-82.858302,-83.11136,-83.112737,NaN,,,,,,,,,,,,,,,,,,,,,,,,,,,,,,,,,,,,,40.993447,40.993661,40.996624,40.995638,40.711203,40.7126,40.705019,40.702915,40.993447,NaN,,,,,,,,,,,,,,,,,,,,,,,,,,,,,,,,,,,,,693
-84.8101612384745,-84.808706,-84.8049173025784,-84.8041205270149,-84.434631,-84.432575,-84.425902,-84.485367,-84.8114171063805,-84.8101612384745,NaN,,,,,,,,,,,,,,,,,,,,,,,,,,,,,,,,,,,,40.0050675438482,40.107216,40.3100959150341,40.3527622302971,40.354259,40.197037,39.919622,39.918491,39.9169136295798,40.0050675438482,NaN,,,,,,,,,,,,,,,,,,,,,,,,,,,,,,,,,,,,694
-84.8042532576115,-84.341664,-84.228454,-84.228222,-84.341602,-84.341827,-84.457059,-84.457217,-84.8036449822556,-84.8037035726169,-84.804133,-84.8042532576115,NaN,,,,,,,,,,,,,,,,,,,,,,,,,,,,,,,,,,41.4260497115499,41.427568,41.42781,41.165862,41.165524,41.209194,41.209434,41.253485,41.2525616835482,41.2712583305706,41.408292,41.4260497115499,NaN,,,,,,,,,,,,,,,,,,,,,,,,,,,,,,,,,,695
-82.824254,-82.802476,-82.799213,-82.810797,-82.782495,-82.493407,-82.462813,-82.472402,-82.396594,-82.374531,-82.490329,-82.496123,-82.617546,-82.620088,-82.731518,-82.842953,-82.824254,NaN,,,,,,,,,,,,,,,,,,,,,,,,,,,,,39.794996,39.822953,39.859684,39.941162,39.939662,39.926063,39.93038,39.837223,39.833057,39.654959,39.661704,39.602849,39.608605,39.563987,39.554445,39.56148,39.794996,NaN,,,,,,,,,,,,,,,,,,,,,,,,,,,,,696
-83.65333,-83.252435,-83.266737,-83.372714,-83.590878,-83.578194,-83.585523,-83.670196,-83.65333,NaN,,,,,,,,,,,,,,,,,,,,,,,,,,,,,,,,,,,,,39.716876,39.695438,39.516249,39.377416,39.378736,39.524033,39.545109,39.550254,39.716876,NaN,,,,,,,,,,,,,,,,,,,,,,,,,,,,,,,,,,,,,697
-84.3995487854742,-84.3604190413973,-84.134417,-83.8803902452576,-83.882943,-84.341902,-84.342051,-84.380735,-84.381312,-84.3995487854742,NaN,,,,,,,,,,,,,,,,,,,,,,,,,,,,,,,,,,,,41.7059213574056,41.7069558826335,41.712931,41.7201944966129,41.487543,41.485519,41.514107,41.513942,41.61673,41.7059213574056,NaN,,,,,,,,,,,,,,,,,,,,,,,,,,,,,,,,,,,,699
-84.092938,-84.053736,-83.939583,-83.829495,-83.647169,-83.65333,-83.670196,-83.977005,-84.114195,-84.092938,NaN,,,,,,,,,,,,,,,,,,,,,,,,,,,,,,,,,,,,39.838345,39.850458,39.843797,39.797851,39.773029,39.716876,39.550254,39.569169,39.577983,39.838345,NaN,,,,,,,,,,,,,,,,,,,,,,,,,,,,,,,,,,,,702
-83.881149,-83.421054,-83.420319,-83.45785,-83.514728,-83.515883,-83.880063,-83.880423,-83.881149,NaN,,,,,,,,,,,,,,,,,,,,,,,,,,,,,,,,,,,,,41.167824,41.16678,40.991889,40.991671,40.905115,40.818134,40.819919,40.920429,41.167824,NaN,,,,,,,,,,,,,,,,,,,,,,,,,,,,,,,,,,,,,705
-83.880063,-83.515883,-83.495799,-83.440203,-83.419836,-83.415977,-83.418378,-83.520227,-83.859178,-83.879932,-83.880194,-83.880063,NaN,,,,,,,,,,,,,,,,,,,,,,,,,,,,,,,,,,40.819919,40.818134,40.701617,40.702303,40.686823,40.525975,40.505232,40.504077,40.530652,40.538708,40.64469,40.819919,NaN,,,,,,,,,,,,,,,,,,,,,,,,,,,,,,,,,,706
-84.341902,-83.882943,-83.883234,-83.881149,-84.228222,-84.228454,-84.341664,-84.341902,NaN,,,,,,,,,,,,,,,,,,,,,,,,,,,,,,,,,,,,,,41.485519,41.487543,41.414503,41.167824,41.165862,41.42781,41.427568,41.485519,NaN,,,,,,,,,,,,,,,,,,,,,,,,,,,,,,,,,,,,,,708
-83.865679,-83.813873,-83.784793,-83.590878,-83.372714,-83.386057,-83.393794,-83.353531,-83.385637,-83.611592,-83.673018,-83.872214,-83.865679,NaN,,,,,,,,,,,,,,,,,,,,,,,,,,,,,,,,,39.247333,39.223044,39.262888,39.378736,39.377416,39.31969,39.268048,39.197585,39.055197,39.01889,39.02043,39.021304,39.247333,NaN,,,,,,,,,,,,,,,,,,,,,,,,,,,,,,,,,709
-82.841475,-82.342314,-82.344003,-82.344086,-82.336496,-82.436916,-82.432852,-82.724792,-82.829512,-82.838538,-82.840087,-82.841475,NaN,,,,,,,,,,,,,,,,,,,,,,,,,,,,,,,,,,41.290023,41.283554,41.211266,41.202152,41.065761,41.065379,40.992944,40.995638,40.996624,41.216999,41.255337,41.290023,NaN,,,,,,,,,,,,,,,,,,,,,,,,,,,,,,,,,,711
-84.0037,-84.002372,-83.993867,-83.879932,-83.859178,-83.520227,-83.551338,-83.784196,-84.014763,-84.0037,NaN,,,,,,,,,,,,,,,,,,,,,,,,,,,,,,,,,,,,40.312927,40.483115,40.535174,40.538708,40.530652,40.504077,40.22937,40.260046,40.273459,40.312927,NaN,,,,,,,,,,,,,,,,,,,,,,,,,,,,,,,,,,,,714
-83.647169,-83.588041,-83.516155,-83.503714,-83.206273,-83.210587,-83.255051,-83.243702,-83.252435,-83.65333,-83.647169,NaN,,,,,,,,,,,,,,,,,,,,,,,,,,,,,,,,,,,39.773029,39.768778,40.010188,40.111468,40.107733,40.065277,40.048614,39.812503,39.695438,39.716876,39.773029,NaN,,,,,,,,,,,,,,,,,,,,,,,,,,,,,,,,,,,716
-83.419836,-83.312959,-83.304687,-83.11136,-82.858302,-82.859753,-82.957715,-82.958401,-83.020798,-83.248595,-83.248298,-83.267767,-83.418378,-83.415977,-83.419836,NaN,,,,,,,,,,,,,,,,,,,,,,,,,,,,,,,40.686823,40.687141,40.702006,40.702915,40.705019,40.646395,40.635653,40.490664,40.433795,40.443989,40.500997,40.506906,40.505232,40.525975,40.686823,NaN,,,,,,,,,,,,,,,,,,,,,,,,,,,,,,,718
-84.804119,-84.8029313665713,-84.802547,-84.8024138785794,-84.8021190322638,-84.456172,-84.45618,-84.455713,-84.455029,-84.455532,-84.434387,-84.434631,-84.8041205270149,-84.804119,NaN,,,,,,,,,,,,,,,,,,,,,,,,,,,,,,,,40.352844,40.4653866217198,40.50181,40.5722128806467,40.7281459368726,40.728306,40.684862,40.567888,40.451305,40.363963,40.354534,40.354259,40.3527622302971,40.352844,NaN,,,,,,,,,,,,,,,,,,,,,,,,,,,,,,,,721
-84.432575,-84.218658,-84.022919,-84.036069,-84.051039,-84.157223,-84.157671,-84.425902,-84.432575,NaN,,,,,,,,,,,,,,,,,,,,,,,,,,,,,,,,,,,,,40.197037,40.200004,40.183945,40.040182,39.879807,39.88563,39.92297,39.919622,40.197037,NaN,,,,,,,,,,,,,,,,,,,,,,,,,,,,,,,,,,,,,722
-84.485367,-84.425902,-84.157671,-84.157223,-84.051039,-84.053736,-84.092938,-84.114195,-84.365232,-84.479213,-84.485367,NaN,,,,,,,,,,,,,,,,,,,,,,,,,,,,,,,,,,,39.918491,39.919622,39.92297,39.88563,39.879807,39.850458,39.838345,39.577983,39.589493,39.591024,39.918491,NaN,,,,,,,,,,,,,,,,,,,,,,,,,,,,,,,,,,,723
-82.863342,-82.82572,-82.782719,-82.788876,-82.842099,-82.863342,NaN,-83.415919,-83.238355,-83.182375,-83.1638214175228,-83.066593,-83.028072,-82.934369,-82.859531,-82.834101,-82.717878,-82.6905671606649,-82.73044,-82.952224,-83.067459,-83.338196,-83.414626,-83.415919,NaN,,,,,,,,,,,,,,,,,,,,,,41.693693,41.72281,41.694003,41.643047,41.628323,41.693693,NaN,41.618938,41.623246,41.623154,41.624130312974,41.59534,41.555656,41.514353,41.576371,41.587587,41.54193,41.4967057954382,41.479343,41.458239,41.457169,41.457508,41.500228,41.618938,NaN,,,,,,,,,,,,,,,,,,,,,,726
-84.8036449822556,-84.457217,-84.457059,-84.341827,-84.341602,-84.341911,-84.399486,-84.8028596219514,-84.803234,-84.8036449822556,NaN,,,,,,,,,,,,,,,,,,,,,,,,,,,,,,,,,,,,41.2525616835482,41.253485,41.209434,41.209194,41.165524,40.990692,40.990315,40.9893740520086,41.121414,41.2525616835482,NaN,,,,,,,,,,,,,,,,,,,,,,,,,,,,,,,,,,,,727
-83.252435,-83.243702,-82.824254,-82.842953,-82.731518,-82.740729,-82.998204,-82.98456,-83.266737,-83.252435,NaN,,,,,,,,,,,,,,,,,,,,,,,,,,,,,,,,,,,,39.695438,39.812503,39.794996,39.56148,39.554445,39.46835,39.480061,39.506754,39.516249,39.695438,NaN,,,,,,,,,,,,,,,,,,,,,,,,,,,,,,,,,,,,728
-84.814129,-84.8141281379328,-84.8114171063805,-84.485367,-84.479213,-84.478927,-84.8157059432555,-84.814129,NaN,,,,,,,,,,,,,,,,,,,,,,,,,,,,,,,,,,,,,,39.726556,39.7266165116193,39.9169136295798,39.918491,39.591024,39.56879,39.5677216640274,39.726556,NaN,,,,,,,,,,,,,,,,,,,,,,,,,,,,,,,,,,,,,,730
-84.399486,-84.341911,-84.341602,-84.228222,-83.881149,-83.880423,-84.109516,-84.109586,-84.340531,-84.398407,-84.399486,NaN,,,,,,,,,,,,,,,,,,,,,,,,,,,,,,,,,,,40.990315,40.990692,41.165524,41.165862,41.167824,40.920429,40.90473,40.860994,40.859099,40.903265,40.990315,NaN,,,,,,,,,,,,,,,,,,,,,,,,,,,,,,,,,,,731
-83.414626,-83.338196,-83.067459,-82.952224,-82.847804,-82.844565,-82.841475,-82.840087,-83.419843,-83.414626,NaN,,,,,,,,,,,,,,,,,,,,,,,,,,,,,,,,,,,,41.500228,41.457508,41.457169,41.458239,41.430516,41.362394,41.290023,41.255337,41.254003,41.500228,NaN,,,,,,,,,,,,,,,,,,,,,,,,,,,,,,,,,,,,733
-83.421054,-83.419843,-82.840087,-82.838538,-82.829512,-82.853184,-83.112737,-83.420319,-83.421054,NaN,,,,,,,,,,,,,,,,,,,,,,,,,,,,,,,,,,,,,41.16678,41.254003,41.255337,41.216999,40.996624,40.993661,40.993447,40.991889,41.16678,NaN,,,,,,,,,,,,,,,,,,,,,,,,,,,,,,,,,,,,,735
-84.434387,-84.3386,-84.339149,-84.002372,-84.0037,-84.014763,-84.022919,-84.218658,-84.432575,-84.434631,-84.434387,NaN,,,,,,,,,,,,,,,,,,,,,,,,,,,,,,,,,,,40.354534,40.379199,40.480915,40.483115,40.312927,40.273459,40.183945,40.200004,40.197037,40.354259,40.354534,NaN,,,,,,,,,,,,,,,,,,,,,,,,,,,,,,,,,,,736
-83.520227,-83.418378,-83.267767,-83.248298,-83.248595,-83.248428,-83.17233,-83.169981,-83.206273,-83.503714,-83.494498,-83.551338,-83.520227,NaN,,,,,,,,,,,,,,,,,,,,,,,,,,,,,,,,,40.504077,40.505232,40.506906,40.500997,40.443989,40.244466,40.244257,40.143087,40.107733,40.111468,40.225467,40.22937,40.504077,NaN,,,,,,,,,,,,,,,,,,,,,,,,,,,,,,,,,740
-84.8028596219514,-84.399486,-84.398407,-84.340531,-84.397374,-84.396778,-84.45618,-84.456172,-84.8021190322638,-84.802119,-84.8026702061534,-84.8028596219514,NaN,,,,,,,,,,,,,,,,,,,,,,,,,,,,,,,,,,40.9893740520086,40.990315,40.903265,40.859099,40.815941,40.684926,40.684862,40.728306,40.7281459368726,40.728163,40.922568713921,40.9893740520086,NaN,,,,,,,,,,,,,,,,,,,,,,,,,,,,,,,,,,741
-82.129334,-81.977381,-81.688491,-81.647689,-81.647735,-81.647991,-81.650045,-82.126199,-82.129334,NaN,,,,,,,,,,,,,,,,,,,,,,,,,,,,,,,,,,,,,40.991807,40.989961,40.98859,40.988563,40.914016,40.825776,40.668117,40.668229,40.991807,NaN,,,,,,,,,,,,,,,,,,,,,,,,,,,,,,,,,,,,,744
-84.806082,-84.438067,-84.3995487854742,-84.381312,-84.380735,-84.342051,-84.341902,-84.341664,-84.8042532576115,-84.8049581562396,-84.806082,NaN,,,,,,,,,,,,,,,,,,,,,,,,,,,,,,,,,,,41.696089,41.704903,41.7059213574056,41.61673,41.513942,41.514107,41.485519,41.427568,41.4260497115499,41.5301378133882,41.696089,NaN,,,,,,,,,,,,,,,,,,,,,,,,,,,,,,,,,,,745
-83.883234,-83.85426,-83.747217,-83.680084,-83.588034,-83.565729,-83.415919,-83.414626,-83.419843,-83.421054,-83.881149,-83.883234,NaN,,,,,,,,,,,,,,,,,,,,,,,,,,,,,,,,,,41.414503,41.414451,41.466216,41.546859,41.60095,41.617463,41.618938,41.500228,41.254003,41.16678,41.167824,41.414503,NaN,,,,,,,,,,,,,,,,,,,,,,,,,,,,,,,,,,746
-83.514728,-83.45785,-83.420319,-83.112737,-83.11136,-83.304687,-83.312959,-83.419836,-83.440203,-83.495799,-83.515883,-83.514728,NaN,,,,,,,,,,,,,,,,,,,,,,,,,,,,,,,,,,40.905115,40.991671,40.991889,40.993447,40.702915,40.702006,40.687141,40.686823,40.702303,40.701617,40.818134,40.905115,NaN,,,,,,,,,,,,,,,,,,,,,,,,,,,,,,,,,,747
-98.104286,-97.462459,-97.461603,-97.460792,-97.675617,-98.103904,-98.104427,-98.104286,NaN,,,,,,,,,,,,,,,,,,,,,,,,,,,,,,,,,,,,,,36.593578,36.593627,36.593637,36.164462,36.164663,36.164877,36.463105,36.593578,NaN,,,,,,,,,,,,,,,,,,,,,,,,,,,,,,,,,,,,,,748
-97.4623460298641,-97.384925,-97.1477209669227,-97.100652,-96.749838,-96.752389,-96.889475,-96.931943,-97.064107,-97.057414,-97.461603,-97.462459,-97.4623460298641,NaN,,,,,,,,,,,,,,,,,,,,,,,,,,,,,,,,,36.9988242387969,36.998843,36.9989723356215,36.998998,36.998988,36.782091,36.75123,36.686097,36.684207,36.593647,36.593637,36.593627,36.9988242387969,NaN,,,,,,,,,,,,,,,,,,,,,,,,,,,,,,,,,750
-76.697664,-76.678137,-76.566339,-76.466307,-76.307578,-76.151215,-76.091764,-76.043993,-75.873375,-75.94244,-75.93587,-75.994629,-75.987846,-76.017384,-76.049293,-76.101791,-76.1356974269902,-76.2332793471166,-76.233485,-76.2396837411146,-76.47358,-76.534927,-76.663825,-76.72162,-76.697664,NaN,,,,,,,,,,,,,,,,,,,,,40.156342,40.148734,40.196644,40.2284,40.255066,40.315971,40.277692,40.247196,40.137107,40.106515,40.037466,39.952429,39.872115,39.833488,39.802003,39.724271,39.7217675506067,39.7216462556279,39.721646,39.7216419899246,39.947352,40.051359,40.063227,40.12007,40.156342,NaN,,,,,,,,,,,,,,,,,,,,,770
