PRCP1,PRCP2,PRCP3,PRCP4,PRCP5,PRCP6,PRCP7
167.386367797852,111.5,192.011367797852,125.704544067383,90.1704559326172,129.068176269531,57.1931800842285
170.090911865234,129.823852539062,153.784088134766,175.755676269531,134.625,97.5454559326172,48.7897720336914
197.227264404297,133.386367797852,137.943176269531,186.301132202148,126.795455932617,102.835227966309,46.9943161010742
64.9659576416016,128.230209350586,273.581237792969,253.794021606445,72.4148406982422,35.4252433776855,43.5602226257324
81.5455474853516,136.449111938477,167.224212646484,122.737777709961,102.536666870117,96.9411163330078,47.6306686401367
59.5699996948242,123.529998779297,280.100006103516,241.889999389648,84.6800003051758,39.5299987792969,44.3899993896484
89.199592590332,138.738677978516,218.345962524414,111.989547729492,62.0459594726562,126.720245361328,73.7254028320312
64.9429931640625,174.832504272461,249.329849243164,84.7391586303711,111.008148193359,130.019058227539,63.2409553527832
85.4248199462891,146.427642822266,244.811614990234,101.935173034668,77.7779083251953,124.057945251465,44.6521492004395
76.1582870483398,141.894302368164,225.708343505859,77.8551559448242,60.3501739501953,73.635627746582,34.1958808898926
106.870956420898,135.554122924805,320.522033691406,87.277458190918,77.6349258422852,108.198097229004,33.9033317565918
105.980422973633,188.700149536133,247.287887573242,89.6045608520508,121.064994812012,100.761833190918,17.5535793304443
87.2037963867188,146.10693359375,202.758041381836,111.580047607422,86.0373764038086,84.7825775146484,59.1110076904297
69.6462631225586,166.900817871094,226.0146484375,158.042419433594,37.0721206665039,114.419403076172,44.2778816223145
75.8075942993164,104.419822692871,226.891128540039,51.4537963867188,55.1987953186035,94.4491653442383,45.1380615234375
124.162643432617,85.7796630859375,236.825286865234,48.8505935668945,42.6118812561035,82.5828170776367,45.2136764526367
95.8977813720703,159.131118774414,315.387084960938,114.457092285156,83.8898620605469,86.4719543457031,39.1880569458008
96.7111129760742,114.933334350586,218.322219848633,100.488891601562,69.4222259521484,83.5666656494141,27.9777774810791
54.7299995422363,143.979995727539,244.220001220703,167.710006713867,72.8300018310547,77.9000015258789,47.5499992370605
175.916168212891,87.7103576660156,187.756317138672,155.761611938477,82.6277770996094,50.2462158203125,50.0207061767578
89.0314788818359,167.220321655273,243.331405639648,245.495727539062,66.9018020629883,66.6888656616211,36.2148513793945
73.0166702270508,129.792221069336,326.115997314453,124.308670043945,72.4522247314453,72.8871078491211,50.3322219848633
59.9370803833008,140.419723510742,262.295166015625,196.193328857422,75.0740280151367,54.5831909179688,56.8452758789062
47.6258735656738,138.061157226562,240.200073242188,239.81330871582,92.7524871826172,62.8211288452148,54.1809005737305
71.1013488769531,151.606796264648,290.946075439453,209.8759765625,63.4718399047852,147.738296508789,41.8822479248047
109.689994812012,126.278770446777,296.407775878906,76.0543212890625,60.1161766052246,105.97802734375,32.6792602539062
112.634994506836,121.360557556152,234.867218017578,106.678886413574,84.6255493164062,96.5072174072266,36.7361106872559
35.3777770996094,163.355560302734,229.899993896484,53.1444435119629,87.4555587768555,138.566665649414,68.033332824707
106.68236541748,138.609313964844,216.446258544922,123.473197937012,97.2426452636719,85.0901412963867,59.2108306884766
76.1969985961914,134.090545654297,362.313171386719,142.689956665039,84.7488250732422,109.00838470459,46.6127243041992
77.6520080566406,158.685531616211,257.071838378906,116.048675537109,72.8036727905273,109.576606750488,64.3404846191406
60.2841987609863,132.64208984375,262.673187255859,161.335708618164,88.1943130493164,82.6269683837891,46.4100303649902
64.7470092773438,151.684020996094,173.859405517578,119.523262023926,54.6456489562988,77.7865905761719,42.1772613525391
111.511108398438,161.233337402344,292.433349609375,85.6722259521484,101.477783203125,115.144439697266,28.6833343505859
88.2763900756836,147.676116943359,239.937759399414,119.214996337891,88.4894409179688,86.4655532836914,60.7027778625488
58.6077880859375,154.344787597656,282.44287109375,198.438140869141,87.1189270019531,71.4996871948242,49.8667259216309
65.8507385253906,155.385269165039,244.692520141602,172.765258789062,73.4697952270508,103.38671875,45.1043930053711
50.3936080932617,126.749038696289,209.075973510742,162.485961914062,80.0013885498047,58.9918060302734,59.7959671020508
102.747772216797,188.563888549805,295.488891601562,121.194442749023,104.642227172852,53.3783340454102,25.685001373291
99.8011932373047,148.925704956055,229.848617553711,92.8384780883789,74.6818237304688,71.0419616699219,29.6887035369873
81.3566665649414,136.110000610352,280.626678466797,141.546676635742,64.033332824707,85.8133316040039,57.0766639709473
70.1122283935547,134.067535400391,193.529449462891,107.381065368652,51.2497444152832,108.950370788574,37.6217384338379
104.02222442627,175.78889465332,275.577789306641,105.333335876465,66.9222259521484,94.2333297729492,69.2333297729492
99.7477722167969,212.984436035156,293.607788085938,120.738334655762,90.0733337402344,62.7672233581543,16.468334197998
63.3056182861328,166.826950073242,226.023208618164,134.621826171875,45.0716857910156,66.8722152709961,39.7939643859863
81.5629653930664,135.290008544922,252.712341308594,119.235679626465,68.7529602050781,81.988883972168,60.0392608642578
45.2599296569824,174.133529663086,225.553848266602,66.6897888183594,93.9274215698242,118.879341125488,63.2158508300781
70.5528717041016,157.360549926758,334.986877441406,170.691299438477,53.5727729797363,94.1668472290039,49.1706428527832
48.3465881347656,141.021987915039,233.292129516602,232.405227661133,86.7035675048828,69.0494537353516,54.9845237731934
158.691268920898,95.9898376464844,217.753677368164,121.739921569824,58.1056022644043,78.3955917358398,45.8589820861816
72.0720367431641,139.034713745117,239.055541992188,133.638427734375,86.5140686035156,140.874542236328,67.3205490112305
64.9716949462891,116.300392150879,237.165939331055,142.529373168945,94.3745956420898,96.2650375366211,46.5328674316406
86.0046157836914,128.038177490234,351.518951416016,227.866455078125,86.7139663696289,65.3912048339844,47.9536590576172
82.5018463134766,140.608673095703,307.370178222656,181.2587890625,94.2148895263672,60.8355712890625,48.1380004882812
143.301803588867,110.129524230957,243.997421264648,244.616363525391,46.3384590148926,58.8393020629883,43.4642601013184
110.905296325684,109.90404510498,283.675811767578,107.622505187988,69.1071166992188,70.4504318237305,44.5484352111816
99.0299987792969,127.210006713867,358.869995117188,74.3300018310547,70.0800018310547,44.0750007629395,47.8349990844727
123.864921569824,110.844993591309,247.392929077148,162.554122924805,52.2142868041992,59.559757232666,42.5507164001465
178.300323486328,80.2818832397461,278.276702880859,90.3944244384766,77.4772109985352,62.0569915771484,61.6265258789062
110.819793701172,139.008392333984,262.306884765625,147.280136108398,67.750358581543,67.7201232910156,46.6981163024902
238.661102294922,93.0166625976562,262.561096191406,132.46110534668,66.7444458007812,38.5888900756836,114.033332824707
117.069999694824,85.2144470214844,228.957229614258,124.822784423828,72.4005584716797,46.0805549621582,94.0933380126953
83.2547225952148,117.515838623047,313.848907470703,97.1800079345703,80.6091613769531,64.5419464111328,48.8638877868652
132.722229003906,108.768615722656,265.240844726562,154.419998168945,50.1425018310547,65.7161102294922,39.8911094665527
126.227828979492,88.1702346801758,227.141754150391,172.027557373047,50.7484436035156,72.7615280151367,84.8428421020508
143.82096862793,88.1927795410156,217.279708862305,285.905822753906,46.775276184082,59.8349952697754,45.2931938171387
129.385482788086,109.113403320312,248.531234741211,116.712600708008,65.2641830444336,56.4227714538574,82.1824722290039
101.089530944824,142.37809753418,284.931274414062,76.4195175170898,75.6041259765625,44.8787307739258,41.1347618103027
163.270004272461,60.3899993896484,204.740005493164,210.309997558594,54.8600006103516,34.9599990844727,120.069999694824
72.5093307495117,163.984100341797,355.908233642578,150.600646972656,81.4088897705078,76.5914459228516,38.9409980773926
89.5348739624023,128.909439086914,318.062561035156,204.365905761719,75.5760192871094,57.2828636169434,45.9877052307129
183.479827880859,87.3513031005859,258.347839355469,95.6936340332031,67.4480743408203,76.4769439697266,47.9244422912598
54.9996299743652,119.634437561035,177.0537109375,165.853332519531,105.512962341309,108.538513183594,39.2048149108887
57.5142211914062,148.417327880859,236.230224609375,167.643783569336,84.9891128540039,84.513557434082,42.0668907165527
89.1994400024414,115.730278015137,332.742492675781,92.2425003051758,70.4383316040039,55.2783317565918,45.9638900756836
208.586303710938,91.2803039550781,236.469482421875,159.837280273438,46.0504035949707,39.7478790283203,134.544586181641
58.9722213745117,151.261108398438,213.216674804688,127.71110534668,102.733337402344,99.0944442749023,41.1666641235352
170.052963256836,85.6444396972656,186.979125976562,129.322219848633,83.0072937011719,48.7102127075195,58.0006713867188
115.933418273926,91.7131042480469,215.827529907227,171.280334472656,68.7510070800781,52.8652992248535,106.10181427002
119.523475646973,75.0349197387695,219.824356079102,216.864013671875,54.8897132873535,55.5883598327637,100.569847106934
51.8400001525879,148.850006103516,182.550003051758,170.039993286133,123.580001831055,89.7099990844727,38.9799995422363
165.271102905273,87.7081527709961,210.732223510742,78.9851913452148,69.1055526733398,77.9807434082031,35.5833320617676
124.378059387207,133.608047485352,274.848358154297,110.616806030273,68.3097229003906,62.4170837402344,38.6931991577148
140.330978393555,55.1171722412109,209.89225769043,116.160949707031,108.58553314209,29.8979797363281,99.5121231079102
121.470001220703,92.9700012207031,260.320007324219,45.0800018310547,36.3199996948242,76.9599990844727,46.4799995422363
90.4091644287109,138.115997314453,238.435150146484,171.321853637695,36.5220832824707,160.470947265625,46.60888671875
126.969688415527,132.639404296875,236.199798583984,109.697166442871,79.3517227172852,45.4351501464844,76.3701019287109
87.1940078735352,136.410140991211,298.631896972656,144.111846923828,77.2073287963867,85.658203125,43.1852684020996
80.5686111450195,102.974166870117,269.579711914062,145.121658325195,60.6158294677734,79.3419494628906,39.3891677856445
114.670455932617,160.552154541016,199.679733276367,138.117477416992,167.501007080078,185.16471862793,39.7577018737793
72.4466857910156,123.411193847656,181.090591430664,70.4304122924805,105.026588439941,97.2713623046875,58.4507751464844
109.413589477539,114.162460327148,141.347503662109,113.364440917969,148.824356079102,68.6143951416016,40.7611122131348
116.569030761719,142.116363525391,157.233367919922,108.351364135742,196.161590576172,92.5504608154297,43.6273727416992
63.7942314147949,160.442398071289,227.764495849609,83.1781616210938,87.8526000976562,86.5024185180664,72.2417373657227
115.441680908203,125.37287902832,144.897277832031,157.780426025391,149.510070800781,110.872360229492,29.7486801147461
83.9228439331055,118.738220214844,95.7023773193359,186.154983520508,246.516403198242,69.9044952392578,46.3763961791992
82.602783203125,94.0358123779297,66.1158599853516,85.9358291625977,201.159118652344,66.745361328125,60.9561614990234
91.3055572509766,115.010559082031,186.669998168945,57.2155570983887,88.3038940429688,78.4011077880859,64.2277755737305
64.2898330688477,165.621795654297,239.931549072266,74.548713684082,124.315643310547,123.768608093262,70.8180770874023
123.775444030762,157.91178894043,132.081237792969,181.273086547852,201.019485473633,129.777084350586,40.1604614257812
96.7667083740234,149.031753540039,262.056823730469,186.786117553711,113.584465026855,164.968536376953,36.4453201293945
72.1445693969727,133.150344848633,193.576644897461,63.013111114502,91.3132247924805,103.500030517578,70.6240539550781
63.3848991394043,135.894653320312,179.167633056641,208.489685058594,78.6776733398438,52.3060073852539,45.8663139343262
72.3513793945312,98.188835144043,67.9225997924805,77.9338912963867,183.705429077148,57.9198989868164,77.6714172363281
66.0866012573242,141.94140625,202.207580566406,45.3048362731934,72.8255081176758,116.810127258301,67.9485855102539
92.0425415039062,132.927947998047,148.673797607422,87.4251098632812,93.3690414428711,81.3317413330078,48.4789085388184
110.75023651123,99.9490127563477,140.584075927734,127.096183776855,118.979393005371,79.7818069458008,37.5718383789062
100.036361694336,185.728088378906,191.147369384766,140.337768554688,164.848785400391,173.338180541992,25.5975761413574
115.108512878418,157.040145874023,252.050033569336,152.559005737305,152.414642333984,171.381469726562,36.8022727966309
96.0711441040039,129.687850952148,125.876106262207,119.155540466309,268.205230712891,68.4308853149414,42.8913955688477
104.292205810547,134.021926879883,134.011962890625,143.975967407227,239.423599243164,80.8665542602539,48.7118339538574
110.45548248291,164.458221435547,132.33952331543,139.436737060547,172.539535522461,207.938507080078,27.9578456878662
72.0585174560547,136.020736694336,176.189071655273,213.258163452148,76.6990737915039,68.2707366943359,51.8872222900391
106.789039611816,119.683769226074,175.869720458984,109.676467895508,88.824104309082,47.5071411132812,41.3908348083496
108.039138793945,151.199310302734,147.105926513672,84.273193359375,203.436813354492,38.1160926818848,34.5400619506836
110.445541381836,141.447143554688,102.882049560547,219.933959960938,217.465850830078,86.8936309814453,42.5051574707031
84.8444442749023,137.155548095703,173.433334350586,192.444442749023,66.2666702270508,91.7888870239258,49.6222229003906
66.9314422607422,149.641937255859,220.596298217773,54.686107635498,87.8807220458984,109.330680847168,73.7888717651367
97.48291015625,148.442031860352,177.136459350586,142.707168579102,120.16886138916,122.442306518555,61.469913482666
99.3053131103516,150.843276977539,122.801605224609,93.3593978881836,169.35107421875,83.8477020263672,33.5453147888184
66.998893737793,141.998153686523,163.856674194336,185.483337402344,85.4614868164062,69.6114807128906,56.86962890625
85.2272796630859,160.659332275391,183.708587646484,173.01692199707,116.531059265137,101.699745178223,25.7358589172363
86.2912750244141,113.887481689453,193.249084472656,190.680511474609,93.2762298583984,118.836708068848,51.1727485656738
91.3050537109375,116.960510253906,195.738418579102,201.224243164062,192.387435913086,85.4683837890625,54.4603576660156
118.590972900391,119.743423461914,182.639938354492,161.022064208984,106.445068359375,91.3928680419922,37.2345428466797
102.575996398926,137.925415039062,109.758460998535,142.789077758789,162.915451049805,151.441680908203,30.3388633728027
95.6621551513672,165.514343261719,175.431671142578,163.781814575195,163.970840454102,196.097595214844,26.9212131500244
60.8237495422363,165.018051147461,196.918045043945,136.211120605469,93.1826400756836,87.792366027832,76.461669921875
67.9446487426758,106.869422912598,71.3401184082031,106.143203735352,169.718048095703,82.6038513183594,55.8689575195312
99.4636383056641,187.668807983398,204.074066162109,210.689895629883,145.463836669922,173.497314453125,27.4378452301025
94.2182769775391,126.46435546875,98.3492431640625,79.8414993286133,210.341079711914,69.4149169921875,53.7562637329102
59.954532623291,100.002166748047,97.516227722168,132.06462097168,229.638748168945,75.639518737793,32.4960632324219
86.7380905151367,130.670303344727,229.492492675781,201.330978393555,164.62385559082,140.811660766602,38.909595489502
88.0277633666992,107.736663818359,246.774627685547,159.690689086914,146.970108032227,102.984931945801,70.2827682495117
76.5703735351562,179.221542358398,176.334671020508,263.069702148438,154.413467407227,153.491241455078,27.3680114746094
113.878379821777,136.312408447266,130.698440551758,166.317276000977,214.994262695312,95.7835388183594,47.0370864868164
127.381004333496,151.694854736328,165.774963378906,132.397201538086,179.561645507812,176.226516723633,36.3650970458984
73.1980361938477,113.515701293945,208.318862915039,140.772308349609,135.007675170898,87.4739227294922,60.799388885498
81.4111175537109,106.599998474121,181.316665649414,273.149993896484,86.8888854980469,128.755554199219,41.9944458007812
129.614013671875,132.952575683594,135.506805419922,115.07381439209,130.154602050781,89.193473815918,26.5389575958252
97.6409912109375,130.523162841797,175.328262329102,71.1938095092773,80.8935623168945,61.551513671875,48.7564353942871
132.529830932617,124.484176635742,180.45588684082,157.730773925781,122.125930786133,104.505378723145,32.3143424987793
107.211784362793,131.986587524414,142.094253540039,99.2997970581055,197.762069702148,61.1073265075684,32.2790832519531
68.1357803344727,263.534606933594,226.237731933594,179.273071289062,33.0519371032715,67.3116989135742,27.5345897674561
67.4015426635742,247.003936767578,258.370544433594,173.793930053711,36.1165084838867,75.3300247192383,21.685037612915
98.7277755737305,286.388885498047,76.7611083984375,275.538879394531,56.9000015258789,58.4055557250977,28.8666667938232
99.9555587768555,208.622222900391,80.0555572509766,136.155548095703,36.8222236633301,53.6222229003906,29.8888893127441
71.1455078125,165.663650512695,242.463470458984,145.319946289062,42.0774230957031,49.6812133789062,19.7752532958984
79.2133865356445,219.9267578125,88.2323226928711,108.900253295898,114.438636779785,51.3911628723145,31.4199485778809
98.2555541992188,271.122222900391,119.722221374512,140.222229003906,135.777770996094,118.044441223145,28.5666675567627
55.8257789611816,194.353637695312,256.802124023438,149.803939819336,23.2097721099854,62.5715522766113,17.0548839569092
80.635856628418,203.527770996094,69.2267608642578,126.299499511719,46.7641410827637,51.0939407348633,40.0398979187012
95.7813491821289,296.505035400391,63.1158332824707,210.777633666992,63.6139678955078,56.1095695495605,32.248966217041
254.840911865234,77.9204559326172,189.704544067383,251.227279663086,82.238639831543,91.1931838989258,109.022727966309
154.938888549805,138.877777099609,60.4111099243164,226.966674804688,60.2111129760742,22.7777786254883,88.7333374023438
236.580001831055,158.204040527344,49.0858573913574,189.181655883789,47.2353515625,64.7865295410156,126.8232421875
215.285842895508,90.9791259765625,173.129638671875,204.836715698242,61.4245796203613,36.830638885498,121.653198242188
232.353530883789,55.797981262207,178.939392089844,271.787872314453,73.7878799438477,70.8080825805664,100.444442749023
218.025939941406,186.625930786133,51.3370361328125,196.075927734375,82.8111190795898,26.9722213745117,102.81111907959
211.820602416992,198.547912597656,59.9908828735352,206.568786621094,82.396110534668,31.8456058502197,114.862373352051
302.666656494141,72.2666702270508,179.744445800781,271.677764892578,59.3666648864746,90.2555541992188,100.544441223145
210.8564453125,116.589279174805,92.7708282470703,186.390274047852,39.4604797363281,73.3622436523438,126.253158569336
212.844451904297,68.1999969482422,159.077774047852,151.233337402344,63.9555549621582,51.2666664123535,148.066665649414
274.5,65.2125015258789,140.4375,288.799987792969,44.4124984741211,113.599998474121,90
279.266662597656,43.6444435119629,178.71110534668,258.333343505859,72.8777770996094,65.0555572509766,112.844444274902
196.36100769043,97.9165649414062,89.3731307983398,191.819183349609,50.9395980834961,76.3042373657227,129.577178955078
253.246459960938,165.159393310547,74.1838455200195,201.064239501953,39.1208076477051,98.4967651367188,125.466468811035
236.278900146484,125.783332824707,85.4250030517578,274.190002441406,57.6511116027832,43.4338912963867,119.620559692383
196.334548950195,93.8919448852539,184.700042724609,184.45671081543,116.164306640625,48.0559577941895,92.3742599487305
218.562622070312,87.0116119384766,95.1944427490234,185.814636230469,60.4373741149902,98.4181823730469,120.222732543945
278.698974609375,87.0136413574219,156.735855102539,315.313110351562,38.4616165161133,88.2060546875,113.37020111084
310.655548095703,86.5,157.255554199219,265.255554199219,83,59.9000015258789,95.9444427490234
227.414138793945,237.909088134766,160.939392089844,68.1010131835938,43.575756072998,36.7777786254883,281.636352539062
157.794281005859,245.62565612793,135.60969543457,73.7348022460938,21.1678276062012,31.5518684387207,352.078552246094
135.808074951172,221.393936157227,102.212120056152,93.1616134643555,24.0505046844482,30.5252532958984,376.010101318359
145.716995239258,179.095626831055,105.920204162598,116.391075134277,41.2013473510742,19.8467998504639,269.309936523438
143.368698120117,248.970718383789,117.246803283691,69.217170715332,16.3037033081055,38.3905754089355,359.852172851562
150.5732421875,222.102157592773,105.216407775879,58.9882583618164,55.174747467041,39.7073211669922,287.026519775391
121.530624389648,200.62060546875,126.70174407959,109.847015380859,17.1204605102539,20.4874954223633,268.185394287109
127.924240112305,232.272735595703,152.353546142578,68.0707092285156,21.5252513885498,36.717170715332,316.954528808594
122.420196533203,199.663131713867,95.6489868164062,57.4328269958496,44.080810546875,35.8681793212891,338.880310058594
134.252883911133,189.608840942383,131.337768554688,115.290390014648,24.8208332061768,29.9462375640869,278.452758789062
75.7324447631836,89.3166656494141,110.394882202148,63.287109375,103.074668884277,92.8737716674805,66.7486724853516
66,120.309997558594,213.300003051758,120.23999786377,54.3600006103516,56.9000015258789,48.6500015258789
62.6509666442871,70.4380645751953,99.4852523803711,71.0583801269531,130.768814086914,93.281608581543,79.8277969360352
84.1800003051758,97.6600036621094,126.059997558594,55.5400009155273,101.559997558594,134.419998168945,75.7600021362305
60.1771392822266,122.745658874512,228.114791870117,103.215126037598,54.3380012512207,59.6290855407715,51.9912071228027
62.5595932006836,132.618438720703,236.402572631836,80.1549224853516,71.5501556396484,81.2776489257812,52.6834373474121
61.7799987792969,86.3499984741211,120.139999389648,49.9300003051758,123.230003356934,111.129997253418,63.1699981689453
49.4570121765137,84.9660263061523,99.4765396118164,61.0876617431641,121.727416992188,78.0368576049805,86.6058883666992
61.7658615112305,78.1500549316406,115.788345336914,59.6856498718262,146.407989501953,104.342628479004,71.5427474975586
34.6919174194336,140.997467041016,109.805557250977,184.017669677734,120.08585357666,53.6969680786133,89.8636322021484
17.5589447021484,158.082000732422,47.9357528686523,102.883865356445,102.208137512207,20.4675559997559,30.7136840820312
65.7482376098633,152.765625,138.676818847656,134.154647827148,113.044097900391,121.877319335938,45.0936088562012
40.9199142456055,138.199234008789,129.536346435547,104.995849609375,120.258407592773,92.0392303466797,68.3354110717773
52.0284538269043,134.581649780273,109.614143371582,170.472061157227,71.0767593383789,92.4306335449219,88.608757019043
25.0782871246338,167.961944580078,81.7468566894531,116.447463989258,120.481788635254,21.6585941314697,44.8483772277832
33.0247230529785,154.129257202148,89.9793472290039,97.8497085571289,58.3982353210449,26.261962890625,39.6568832397461
41.5876922607422,146.497161865234,125.387474060059,101.058494567871,124.365829467773,78.0706024169922,61.8938026428223
64.7350616455078,108.566223144531,163.913116455078,203.313720703125,120.83130645752,111.885856628418,66.952522277832
101.635078430176,131.032196044922,170.298980712891,142.792663574219,102.533805847168,98.6064071655273,37.867546081543
87.9464645385742,131.88525390625,121.00675201416,109.54914855957,112.373542785645,98.1587829589844,28.3344993591309
123.79125213623,134.947463989258,169.261947631836,113.888549804688,85.7912521362305,58.3461303710938,41.2673377990723
123.091972351074,123.576675415039,191.749710083008,145.689743041992,115.939102172852,101.315200805664,29.9052772521973
71.4944305419922,114.778938293457,158.490875244141,139.520980834961,104.254554748535,112.772491455078,46.3608016967773
124.177780151367,126.377777099609,147.811111450195,80.8555526733398,56.3444442749023,68.0555572509766,51.5222206115723
52.742488861084,149.660583496094,81.3872375488281,78.3143081665039,131.277221679688,59.3755683898926,76.5420608520508
32.0658721923828,127.981513977051,94.5247268676758,99.7316741943359,119.593017578125,45.8019599914551,50.1715888977051
24.0553073883057,146.605484008789,71.337028503418,106.980445861816,115.626930236816,16.6598701477051,31.8963985443115
68.1269073486328,132.990249633789,116.909965515137,201.102493286133,122.006660461426,141.216445922852,60.8875961303711
19.6130065917969,138.78857421875,117.194381713867,100.207695007324,122.938064575195,74.0143356323242,31.7739868164062
60.7224006652832,157.451934814453,89.1090393066406,82.7238464355469,123.74626159668,82.7866668701172,54.0710067749023
39.0245094299316,141.414901733398,89.9699783325195,128.154144287109,79.4140625,96.7347030639648,79.7202453613281
24.7708339691162,121.208335876465,98.8645858764648,132.33332824707,114.385414123535,46.6770820617676,77.1875
132.664138793945,136.378784179688,195.289855957031,151.587875366211,103.501907348633,87.7956085205078,37.9964179992676
33.8617057800293,152.986663818359,122.717475891113,136.591400146484,125.022491455078,79.9601745605469,37.2917327880859
50.8923721313477,145.77766418457,118.945869445801,145.858108520508,124.004989624023,123.222808837891,64.2313613891602
44.5672798156738,133.581985473633,100.311080932617,100.226844787598,140.378784179688,74.3121948242188,53.2496566772461
122.056678771973,143.559707641602,151.697189331055,130.212341308594,85.9996566772461,83.2955093383789,39.6296272277832
28.5024929046631,175.239440917969,116.965026855469,77.6663131713867,64.5987167358398,82.4009475708008,47.2750549316406
32.509449005127,161.961090087891,95.6459197998047,101.316780090332,144.0361328125,32.0582389831543,57.2031517028809
27.4342937469482,123.247817993164,109.896415710449,95.7884063720703,99.8172988891602,81.0472946166992,44.5949440002441
28.0840091705322,139.15803527832,94.4043579101562,92.65234375,94.1417770385742,58.0960578918457,54.3630332946777
68.1050491333008,114.958587646484,131.504379272461,186.145797729492,112.285179138184,129.212783813477,54.8831634521484
31.9327640533447,126.682655334473,105.993049621582,103.042411804199,147.744735717773,78.5599746704102,33.3459587097168
43.8550491333008,133.672134399414,95.1064834594727,133.252868652344,90.6132125854492,105.467430114746,71.0416641235352
38.4133338928223,140.131484985352,138.085891723633,150.704605102539,127.817825317383,42.2801551818848,57.1549110412598
90.0056228637695,121.497344970703,182.642532348633,150.157806396484,114.324363708496,116.306671142578,37.4638442993164
29.7498931884766,172.905151367188,71.6433944702148,95.3804092407227,114.095336914062,43.050651550293,44.3058013916016
28.0713081359863,162.986907958984,87.548095703125,98.503303527832,137.012908935547,23.1934776306152,47.3458137512207
20.686897277832,187.7177734375,94.6108627319336,77.401496887207,64.9556427001953,41.1358489990234,33.321704864502
101.065155029297,127.332321166992,165.57600402832,126.611610412598,111.268684387207,104.677780151367,52.674747467041
77.7524108886719,121.562705993652,170.135345458984,164.095397949219,124.140167236328,128.307769775391,36.6823234558105
51.8394775390625,146.082931518555,112.052574157715,90.8745422363281,108.372520446777,88.1534194946289,69.9891891479492
126.904037475586,156.641418457031,138.83837890625,128.888885498047,73.0909118652344,76.1212158203125,42.0909080505371
21.7537364959717,154.228530883789,93.8998413085938,97.1814346313477,128.736114501953,45.6276435852051,35.329761505127
167.613800048828,184.278717041016,43.7512092590332,84.5835418701172,33.9180068969727,14.4065732955933,137.730880737305
138.051895141602,206.190032958984,91.2861099243164,63.8766441345215,26.6265163421631,9.57701969146729,238.155807495117
135.805541992188,166.977783203125,82.1444396972656,107.738891601562,17.8777770996094,18.0555553436279,260.872222900391
171.703109741211,164.585708618164,65.8739395141602,56.2675399780273,24.3093605041504,10.8787202835083,170.868606567383
154.649993896484,114.112503051758,69.3375015258789,50.9500007629395,103.237503051758,28.0249996185303,98.7874984741211
182.750595092773,170.60319519043,63.9917488098145,126.364387512207,82.0273590087891,23.8516006469727,106.847816467285
135.795516967773,188.406051635742,80.5202026367188,82.1906204223633,22.7060585021973,13.8777780532837,258.006072998047
161.215911865234,175.780120849609,54.1620712280273,58.18505859375,23.3729801177979,10.1247978210449,172.013656616211
210.116333007812,194.310424804688,65.564811706543,105.552696228027,44.1719703674316,19.6989059448242,131.669952392578
145.786743164062,189.981582641602,76.3370590209961,93.1769866943359,28.5299377441406,8.83815765380859,205.105880737305
144.313140869141,172.364135742188,118.638885498047,63.9515151977539,29.5797996520996,14.9732322692871,255.872222900391
75.5874252319336,186.646926879883,345.369415283203,178.630355834961,47.8430328369141,23.9979362487793,41.5435447692871
102.714645385742,269.251953125,199.252105712891,131.166915893555,172.360321044922,66.8907089233398,42.4099731445312
57.2519760131836,314.617034912109,263.95068359375,199.245300292969,70.3436126708984,85.0576095581055,35.8240432739258
107.415466308594,257.573577880859,189.476043701172,145.575744628906,215.1923828125,88.4153060913086,37.2778701782227
157.033920288086,174.216659545898,68.9446411132812,147.009094238281,91.6202087402344,23.6010112762451,80.3857498168945
108.733329772949,233.188888549805,193.366668701172,141.822219848633,77.1111145019531,109.266670227051,39.7555541992188
85.456169128418,206.080612182617,257.333526611328,168.018676757812,42.0287857055664,65.6808166503906,45.2393913269043
165.654144287109,189.202880859375,72.5718536376953,211.654846191406,70.7947082519531,31.4883804321289,71.1237258911133
69.1439971923828,160.710006713867,295.815521240234,189.667327880859,40.3040008544922,33.2904434204102,43.0748901367188
80.1481475830078,185.135803222656,286.765441894531,192.135803222656,76.5555572509766,27.3333339691162,48.7530860900879
88.8963012695312,245.391372680664,170.171173095703,296.470428466797,102.023231506348,128.867340087891,30.0508460998535
96.0724945068359,193.727508544922,265.078338623047,104.780143737793,83.8854217529297,42.3629150390625,44.1040267944336
73.8197174072266,212.790267944336,395.236938476562,192.529998779297,58.3102798461914,19.9166679382324,49.6661109924316
74.0500030517578,302.619995117188,282.559997558594,283.119995117188,36.2799987792969,86.620002746582,50.689998626709
66.0350036621094,196.264999389648,323.200012207031,193.089996337891,41.620002746582,23.0599994659424,43.3800010681152
90.5546951293945,202.01318359375,228.239303588867,213.432220458984,46.2175064086914,67.5764083862305,52.0137977600098
111.690002441406,119.23999786377,242.820007324219,144.449996948242,155.399993896484,76.7300033569336,32.7599983215332
86.6457366943359,112.806953430176,183.000015258789,89.1050186157227,65.7626571655273,46.7864151000977,39.580150604248
53.1958465576172,113.754821777344,142.679916381836,113.904632568359,136.584823608398,83.4306869506836,43.2489204406738
57.2965087890625,105.855163574219,102.123779296875,115.078483581543,109.782127380371,108.838180541992,45.9610404968262
80.6105270385742,72.3571624755859,170.029739379883,51.0650901794434,66.3941040039062,56.8864860534668,35.7065467834473
103.252799987793,144.894668579102,119.434440612793,142.162750244141,137.989456176758,189.057800292969,26.5981178283691
101.966789245605,151.438247680664,154.156860351562,87.7935180664062,166.202056884766,103.898704528809,24.3942928314209
90.2717208862305,214.229476928711,160.814437866211,138.970413208008,189.544799804688,227.67985534668,20.3035068511963
44.7060928344727,77.5861968994141,101.067741394043,118.702278137207,104.816047668457,139.957794189453,34.6079864501953
66.8181838989258,220.761367797852,41.3295440673828,38.8977279663086,68.6590881347656,14.6136360168457,50.5909080505371
70.3861465454102,129.365936279297,229.50634765625,108.627670288086,50.5255813598633,61.0751724243164,33.9027061462402
98.0920104980469,131.782867431641,155.030380249023,100.098342895508,148.864074707031,136.740539550781,29.1184463500977
97.4510879516602,119.283264160156,132.844848632812,141.987777709961,119.643333435059,153.606536865234,27.5802001953125
59.8951416015625,87.8673934936523,126.73893737793,137.398803710938,111.312942504883,152.709747314453,27.2586345672607
99.883186340332,170.32893371582,134.152816772461,146.793807983398,141.16667175293,133.129501342773,22.0814113616943
67.3316192626953,164.078063964844,254.280685424805,116.17578125,69.7786331176758,75.3297348022461,24.6693859100342
70.0563354492188,123.590293884277,124.709434509277,72.183219909668,65.8843002319336,36.8374366760254,30.7323455810547
76.1010131835938,134.636367797852,146.080810546875,98.6565628051758,115.909088134766,36.6464653015137,40.6767692565918
79.9457855224609,196.365341186523,251.092025756836,122.481788635254,52.5272178649902,81.2880554199219,18.8423442840576
95.5885543823242,79.4767074584961,203.755310058594,72.1992492675781,45.1717376708984,65.2663650512695,35.35595703125
91.1764831542969,104.024383544922,201.373840332031,107.472717285156,43.3586120605469,105.49365234375,31.322883605957
71.2859802246094,131.476333618164,133.673919677734,80.7067565917969,76.919189453125,26.9924240112305,37.049560546875
57.1979637145996,102.380500793457,126.613906860352,115.946426391602,97.8442459106445,99.7391738891602,40.9351539611816
75.2262268066406,80.9931716918945,154.473541259766,62.9454345703125,51.2087249755859,99.0415725708008,32.072868347168
81.3570098876953,201.775085449219,297.396270751953,92.9419631958008,47.2054061889648,53.5798454284668,19.5986461639404
79.0432434082031,210.627349853516,239.670059204102,133.992004394531,43.2188262939453,109.082649230957,18.7543621063232
90.7949981689453,101.440216064453,176.149337768555,67.8237228393555,69.4065170288086,42.6200294494629,31.8531246185303
74.488639831543,162.511367797852,78.4659118652344,72.25,69.9431838989258,20.8409099578857,63.9772720336914
36.2889213562012,91.9776382446289,94.4382476806641,117.851234436035,67.9456329345703,122.470756530762,34.1447525024414
73.3258895874023,270.685180664062,228.652252197266,92.7665557861328,114.401245117188,137.430755615234,14.9135398864746
60.301025390625,101.508728027344,135.431045532227,117.153541564941,112.211479187012,71.0503921508789,36.3379898071289
76.3235549926758,91.4191741943359,152.410110473633,108.289756774902,79.9256210327148,113.083374023438,29.7950172424316
79.6404800415039,217.809814453125,194.744155883789,178.569778442383,54.750862121582,107.620277404785,16.4839820861816
66.893180847168,182.973754882812,234.903182983398,88.601692199707,67.1458511352539,57.6763076782227,26.9915618896484
86.7389831542969,238.873733520508,221.995315551758,143.436660766602,96.3997039794922,181.658187866211,20.950403213501
73.8479766845703,210.884613037109,249.718811035156,162.111236572266,31.2542953491211,69.7542953491211,17.0946960449219
68.6951751708984,100.745132446289,147.339294433594,76.3392639160156,92.0044479370117,42.7772102355957,35.3074111938477
44.9097862243652,107.08846282959,145.812347412109,117.610816955566,122.736618041992,98.6295394897461,30.3712959289551
85.7823486328125,121.527221679688,150.543975830078,82.3999328613281,119.294281005859,85.9877395629883,32.2035903930664
101.373611450195,99.8517608642578,170.445388793945,120.911636352539,140.25715637207,99.6280670166016,24.0023460388184
82.9898986816406,196.550598144531,253.788619995117,176.438659667969,46.6404991149902,65.9951248168945,17.3912773132324
70.3376312255859,257.208099365234,316.163726806641,64.2745208740234,66.2672271728516,57.9016532897949,19.3953742980957
102.040878295898,215.338104248047,155.303924560547,91.365592956543,187.703506469727,101.089904785156,17.8144435882568
75.5265350341797,205.290557861328,239.599685668945,80.8099975585938,107.268692016602,107.893287658691,21.3682136535645
72.0799789428711,94.9452590942383,141.949432373047,126.395385742188,103.226119995117,111.601211547852,31.5970478057861
78.1131439208984,230.576553344727,270.191101074219,82.4140701293945,64.671272277832,54.7533531188965,28.0842761993408
101.705169677734,181.01318359375,130.914962768555,131.628051757812,145.088577270508,160.794830322266,24.1348037719727
58.7821769714355,85.1751174926758,157.431167602539,113.975761413574,99.1166839599609,142.223403930664,23.6144504547119
81.3149032592773,144.411056518555,208.260299682617,111.90153503418,67.2541732788086,109.711097717285,24.1437110900879
136.420455932617,99.8522720336914,185.306823730469,118.386360168457,104.784088134766,159.227279663086,130.863632202148
16.5507011413574,170.105682373047,86.9076461791992,48.3569641113281,40.2323112487793,13.5802965164185,25.429573059082
14.8648157119751,81.1494598388672,100.969161987305,71.1506118774414,51.0278091430664,92.3759841918945,33.3909606933594
21.9713554382324,188.273345947266,103.09447479248,88.8173904418945,55.1789436340332,20.7348899841309,33.5488624572754
13.3883113861084,126.855659484863,74.9697418212891,130.538879394531,27.8248176574707,23.5778770446777,29.98974609375
16.4027462005615,160.656066894531,112.215507507324,44.6586570739746,49.8075180053711,15.5598611831665,30.1044082641602
22.3909015655518,139.072036743164,91.8758239746094,135.542343139648,40.7855110168457,25.7613964080811,29.6485824584961
23.018669128418,142.668472290039,98.2185516357422,151.279876708984,34.2601852416992,26.1850299835205,32.5567817687988
22.1629371643066,137.229797363281,110.864227294922,100.985748291016,50.5955696105957,109.395988464355,33.6894111633301
19.0110893249512,124.354827880859,82.0541458129883,105.330825805664,34.432918548584,75.6701507568359,37.2778739929199
13.4332094192505,175.479141235352,99.6185989379883,43.269344329834,47.7701683044434,20.7890453338623,36.0126533508301
17.0842437744141,189.306915283203,94.6817092895508,67.1163177490234,46.1667175292969,32.7777366638184,35.175407409668
12.1117868423462,175.11589050293,65.7853240966797,61.0946769714355,37.4679718017578,34.7247352600098,42.6277198791504
21.491024017334,145.859146118164,94.8284759521484,89.8335418701172,41.5973739624023,14.5580520629883,28.3446998596191
22.5790061950684,136.886856079102,93.9183044433594,130.607131958008,45.8757972717285,73.5165557861328,32.5593719482422
22.5633563995361,88.7451858520508,118.259712219238,73.6356964111328,48.0627937316895,51.5503883361816,45.4673538208008
6.9016261100769,126.690315246582,77.1882247924805,85.1762771606445,32.4909362792969,33.7983474731445,28.0702533721924
88.6770553588867,142.407653808594,318.449645996094,159.978927612305,77.4606094360352,45.3466110229492,61.4076461791992
98.2559051513672,135.828628540039,319.912200927734,178.175277709961,83.3717498779297,42.091178894043,65.0231552124023
130.99755859375,79.3718643188477,211.993927001953,133.968841552734,69.5984115600586,44.0099563598633,85.8060531616211
146.099746704102,72.8093414306641,282.518188476562,166.136871337891,64.8492431640625,52.2588386535645,84.4333343505859
140.415664672852,55.2064399719238,258.107421875,160.082321166992,90.5149002075195,45.2001266479492,91.3296737670898
102.030113220215,100.54940032959,188.625061035156,94.0443115234375,86.2765960693359,49.9444351196289,75.1433486938477
109.332122802734,96.6690902709961,212.448516845703,182.795852661133,75.3007583618164,36.0458641052246,80.0349273681641
64.8935928344727,146.054336547852,245.885330200195,115.409942626953,79.6160354614258,34.8610000610352,52.3089904785156
105.566665649414,112.444442749023,205.33332824707,132.477783203125,57.5111122131348,63.2111129760742,79.2444458007812
129.132446289062,42.9661598205566,238.081558227539,130.750122070312,75.9479751586914,63.0885124206543,82.9500045776367
62.6337776184082,125.022521972656,223.581451416016,133.605926513672,59.6557121276855,51.6111068725586,51.9323120117188
149.839630126953,64.0760116577148,279.117919921875,178.758331298828,73.4267654418945,44.8406562805176,89.194694519043
81.8164978027344,112.376098632812,228.026519775391,127.785888671875,69.612434387207,48.2340431213379,59.1707763671875
97.4349746704102,105.666320800781,261.200164794922,132.465713500977,63.6475715637207,46.3393669128418,72.2679748535156
72.6411209106445,141.377471923828,236.266159057617,133.499893188477,73.5909194946289,43.7718467712402,51.8628768920898
154.013732910156,46.1014175415039,229.831939697266,168.625457763672,119.164245605469,48.6224250793457,91.6460647583008
96.0388870239258,105.661117553711,177.177780151367,121.444442749023,104.883331298828,85.9055557250977,85.8111114501953
109.204551696777,112.162689208984,243.2451171875,149.213165283203,81.1486129760742,35.4553871154785,80.5202331542969
123.370330810547,66.6110458374023,268.801696777344,144.632400512695,77.9015197753906,57.2195701599121,78.6617431640625
115.335083007812,114.203399658203,206.685409545898,111.031959533691,65.0780563354492,55.2262573242188,78.4926528930664
88.7716522216797,154.882202148438,323.474334716797,226.024185180664,81.0291748046875,47.7081031799316,49.8959007263184
120.11742401123,94.4239959716797,205.171463012695,145.543426513672,71.9719696044922,49.8762626647949,95.0828247070312
129.904998779297,69.4594421386719,205.347229003906,118.798889160156,73.0822219848633,27.841667175293,98.1983337402344
79.805778503418,112.714637756348,263.127655029297,104.505157470703,83.904914855957,137.098815917969,58.9902648925781
75.8069763183594,150.001953125,305.372772216797,161.529357910156,90.6659164428711,46.1460914611816,52.2548294067383
122.342430114746,51.853443145752,188.112747192383,115.064727783203,71.8474731445312,65.9428787231445,66.0185470581055
142.195465087891,86.080810546875,224.091918945312,108.870712280273,83.7393951416016,30.8141422271729,97.6459579467773
94.1068115234375,140.275161743164,287.346557617188,170.556335449219,84.6791152954102,39.5183868408203,55.9162178039551
86.5078430175781,111.185707092285,229.400527954102,145.710021972656,102.834335327148,97.8342437744141,70.6319732666016
86.8902130126953,98.4633407592773,189.740142822266,137.101623535156,104.981033325195,70.1664733886719,73.2810516357422
107.72900390625,110.795608520508,275.915008544922,175.123321533203,82.1745300292969,45.011287689209,80.0678100585938
113.694541931152,96.7626190185547,198.352508544922,112.900405883789,67.8423233032227,61.9145431518555,78.1812210083008
85.6742248535156,155.676208496094,354.171630859375,236.368545532227,81.9413070678711,48.4548225402832,51.7687721252441
96.1818161010742,124.515151977539,182.33332824707,90.6262588500977,35.2222213745117,106.616165161133,79.7070693969727
61.8583869934082,135.269744873047,222.47900390625,119.399368286133,70.9062042236328,53.1730880737305,50.8876571655273
73.8786087036133,144.703506469727,218.439453125,131.452789306641,83.047477722168,72.5377807617188,54.4304809570312
88.2137298583984,102.67610168457,207.616058349609,115.435836791992,84.0802383422852,44.9345970153809,69.3730926513672
134.970001220703,279.779998779297,53.9700012207031,118.819999694824,68.3000030517578,69.4100036621094,18.5499992370605
96.3666687011719,300.122222900391,52.6111106872559,218.100006103516,61.6222229003906,82.7777786254883,33.8666648864746
50.7443161010742,70.3863677978516,199.653411865234,109.630676269531,38.9318161010742,190.596588134766,77.3181762695312
78.113639831543,95.0340881347656,248.25,68.6022720336914,79.2159118652344,108.852272033691,138.375
18.6401710510254,123.529434204102,86.6514434814453,116.308555603027,84.6574554443359,63.3778800964355,39.4860076904297
17.1933917999268,142.571533203125,119.792816162109,97.8119430541992,137.440902709961,46.4216995239258,40.518424987793
17.4224586486816,130.865631103516,96.0898056030273,123.937728881836,161.705535888672,44.9968338012695,35.2729682922363
12.4814348220825,184.85205078125,71.5653610229492,101.099838256836,92.405387878418,14.4742078781128,36.1437454223633
17.5487880706787,128.503860473633,86.0519714355469,153.589279174805,93.7042617797852,84.4885635375977,32.4388656616211
32.8904457092285,116.045608520508,74.849494934082,123.612869262695,82.1713714599609,112.805023193359,43.0248680114746
39.9590492248535,76.3125610351562,83.5569000244141,152.926284790039,117.81812286377,93.8184204101562,30.4245758056641
32.6632957458496,120.407127380371,94.3667373657227,105.58869934082,203.789855957031,20.6973419189453,38.6421241760254
14.0304718017578,173.881576538086,73.5736999511719,91.4734878540039,99.8976287841797,20.4566078186035,24.2010517120361
17.8258285522461,115.60359954834,59.0039215087891,117.94384765625,124.077583312988,11.2371463775635,32.1371154785156
19.873233795166,109.121215820312,106.10913848877,124.6552734375,155.859375,27.2647953033447,44.5832977294922
15.8252067565918,173.844848632812,113.953002929688,91.2919082641602,110.725372314453,32.273624420166,30.8143920898438
38.7773208618164,125.485374450684,97.6275329589844,110.657829284668,120.455322265625,96.8774261474609,44.0541305541992
12.4064149856567,100.516914367676,85.0649642944336,107.734313964844,162.383544921875,47.0859489440918,47.0290908813477
20.2421703338623,113.234115600586,114.966567993164,133.028198242188,124.818466186523,69.8903961181641,43.0541496276855
31.446928024292,97.9764022827148,95.6962890625,104.955787658691,177.441223144531,90.6133193969727,27.645206451416
33.3543167114258,102.756362915039,98.9657516479492,136.659759521484,106.594818115234,74.49365234375,43.5238838195801
30.9716053009033,121.003883361816,108.096809387207,119.397399902344,137.620834350586,66.7867736816406,51.9034194946289
23.8314380645752,128.965850830078,128.938369750977,144.544342041016,154.091217041016,59.6652908325195,38.5037689208984
11.9755897521973,170.564498901367,81.7431640625,73.7144393920898,115.068077087402,30.8500633239746,25.1104793548584
17.1636543273926,150.747619628906,58.6399040222168,110.500816345215,72.0002517700195,17.4104022979736,29.3026504516602
21.47727394104,134.673965454102,132.219650268555,95.1004486083984,106.637451171875,53.3649978637695,45.0266380310059
14.234673500061,161.703140258789,79.3026275634766,103.412895202637,100.442321777344,16.0336475372314,35.0055389404297
29.1153812408447,87.2867202758789,95.0021896362305,119.222732543945,144.196472167969,82.6551284790039,38.8454437255859
50.9358367919922,91.2315521240234,93.6121368408203,127.788787841797,137.795318603516,99.9715957641602,25.9160461425781
39.5140991210938,94.9849166870117,84.8158798217773,139.409790039062,109.613945007324,111.160186767578,37.7748756408691
131.050094604492,186.104843139648,91.1145477294922,113.490921020508,95.85595703125,48.615348815918,79.6501007080078
135.122222900391,173.466659545898,52.7444458007812,97.7111129760742,144.577774047852,47.1777763366699,55.2666664123535
150.466003417969,193.306854248047,95.234748840332,122.149848937988,87.8233108520508,54.7766799926758,92.387077331543
132.395370483398,194.807815551758,81.223518371582,107.880088806152,109.180953979492,45.1079368591309,71.3532485961914
134.237716674805,187.640747070312,70.0969619750977,119.888885498047,115.844947814941,39.7392272949219,78.4132995605469
162.393936157227,149.717178344727,94.6666641235352,102.888885498047,210.929290771484,40.7474746704102,82.0202026367188
216.33088684082,182.274002075195,52.2591133117676,176.045547485352,79.60400390625,37.7375564575195,110.681335449219
173.16667175293,95.2814865112305,82.0259246826172,151.059265136719,24.6037044525146,80.6259231567383,120.140739440918
134.523254394531,189.520309448242,68.5550689697266,107.424118041992,148.737655639648,45.9376754760742,66.7660598754883
161.877777099609,82.9222259521484,97.9555587768555,211.811111450195,137.422225952148,100.377777099609,108.244445800781
202.181411743164,185.28076171875,68.1167678833008,140.639587402344,81.4841690063477,51.9039421081543,108.896179199219
120.459999084473,261.160003662109,154.009994506836,10.5,111.769996643066,99.9400024414062,117.089996337891
180.869995117188,218.789993286133,310.059997558594,32.7900009155273,38.8699989318848,91.6999969482422,238.039993286133
57.1090888977051,131.145080566406,22.0700759887695,111.671974182129,82.1246185302734,41.5162887573242,130.833724975586
59.4234390258789,299.417175292969,71.2325286865234,100.619186401367,4.06161594390869,22.5610103607178,111.673133850098
68.5150833129883,255.425399780273,96.7301559448242,115.770484924316,33.2007942199707,20.0655555725098,141.637130737305
92.0888900756836,139.233337402344,177.322219848633,12.0777778625488,74.6666641235352,87.6444473266602,154.388885498047
116.307708740234,131.641326904297,194.006820678711,11.6039772033691,74.3099517822266,153.217163085938,224.740570068359
68.9536590576172,154.863128662109,26.1563129425049,145.087127685547,109.732452392578,35.5527801513672,155.132080078125
183.862640380859,237.844451904297,101.609886169434,27.9823551177979,25.8561611175537,80.1102905273438,148.617416381836
110.373741149902,219.040405273438,262.141418457031,24.2323226928711,101.151512145996,175.868682861328,117.666664123535
172.961288452148,207.76708984375,253.637725830078,21.6765022277832,75.4224319458008,117.245719909668,232.951522827148
72.8030242919922,122.631309509277,131.439392089844,81.717170715332,113.328285217285,96.217170715332,84.2575759887695
135.825256347656,123.623023986816,91.5349502563477,123.103637695312,107.548683166504,134.445861816406,53.6064643859863
128.3310546875,111.795959472656,97.7047958374023,128.264144897461,111.665657043457,146.410354614258,52.6053009033203
115.784851074219,107.131652832031,93.2148208618164,122.236694335938,112.571380615234,140.120208740234,46.6784515380859
90.486946105957,127.560272216797,94.5538940429688,66.1599960327148,103.301116943359,117.08610534668,45.2013854980469
96.2544326782227,140.494812011719,105.134819030762,77.511848449707,103.903709411621,121.402961730957,47.6825981140137
79.9090881347656,115.787879943848,122.050506591797,50.282829284668,86.9797973632812,82.363639831543,66.9696960449219
52.7724342346191,148.747344970703,166.420303344727,55.323070526123,92.2381591796875,122.489387512207,70.2552108764648
70.8454513549805,96.6909103393555,100.636360168457,37.8090896606445,98.4636383056641,126.636360168457,72.4272689819336
71.3030319213867,125.363639831543,128.979797363281,82.0707092285156,114.787879943848,99.3939361572266,87.3939361572266
58.0900001525879,107.870002746582,102.550003051758,72.0400009155273,134.229995727539,124.910003662109,77.0400009155273
75.5111083984375,132.811111450195,120.733329772949,88.4111099243164,123.133331298828,129.144439697266,73.9555587768555
57.5513381958008,120.692672729492,175.784225463867,85.1988906860352,90.9020004272461,138.702224731445,50.1866683959961
57.1778450012207,106.026222229004,100.557273864746,70.0714797973633,122.971214294434,120.810844421387,75.823974609375
76.2522277832031,94.1849975585938,99.9855575561523,46.2666664123535,105.23388671875,117.228332519531,58.7622222900391
54.5252532958984,122.929290771484,141.272720336914,181.828277587891,174.323226928711,137.797973632812,73.1515121459961
105.898986816406,130.535354614258,106.686866760254,86.6767654418945,73.1515121459961,97.8484878540039,66.6060638427734
71.4100036621094,135.309997558594,178.380004882812,117.150001525879,113.480003356934,127.930000305176,43.5
153.045455932617,74.863639831543,167.215911865234,59.9772720336914,145.386367797852,54.625,0
162.414779663086,63.8465881347656,126.965911865234,100.051132202148,225.960235595703,49.2784080505371,1.43181824684143
160.045455932617,61.2102279663086,131.460235595703,93.2272720336914,232.778411865234,49.2329559326172,2.03409099578857
78.1728744506836,113.681007385254,23.2690486907959,172.879440307617,169.356307983398,69.1134719848633,45.9686317443848
64.1693267822266,88.4968948364258,83.3188934326172,158.046890258789,116.166000366211,78.4440002441406,75.3091049194336
61.7999992370605,129.619995117188,24.8400001525879,177.279998779297,152.309997558594,70.7600021362305,49.1399993896484
65.8656539916992,106.029640197754,164.251724243164,162.204238891602,262.205505371094,65.5409088134766,70.6296005249023
62.9352874755859,108.372932434082,137.402633666992,136.872512817383,205.932510375977,65.2018814086914,53.319393157959
88.9212493896484,94.5291213989258,141.092086791992,153.075332641602,156.429840087891,102.432006835938,58.906867980957
99.5857162475586,83.768669128418,67.4404373168945,202.554214477539,125.170112609863,67.4199142456055,61.9066314697266
141.682861328125,92.0506439208984,59.8968276977539,175.671112060547,207.175704956055,104.870468139648,61.6823806762695
117.432174682617,118.911598205566,28.9808540344238,151.338714599609,174.968887329102,159.433792114258,68.2869491577148
58.4431800842285,156.063522338867,110.79084777832,153.194442749023,162.117614746094,60.7398567199707,71.4426803588867
65.7594985961914,127.02222442627,83.9412078857422,208.125869750977,151.149597167969,87.6531295776367,45.2988929748535
103.681205749512,88.6891708374023,110.817962646484,161.866104125977,133.787033081055,69.9413833618164,95.4077758789062
145.428634643555,86.5301666259766,124.135467529297,178.456649780273,133.826400756836,72.562744140625,91.3982009887695
163.161926269531,94.3133392333984,53.0552825927734,204.2197265625,183.43359375,84.1122283935547,91.5704116821289
116.777778625488,144.088882446289,48.5222206115723,233.877777099609,250.933334350586,124.944442749023,60.6666679382324
54.4000015258789,98.7699966430664,63.7299995422363,182.860000610352,169.360000610352,75.0500030517578,63.6399993896484
118.52197265625,166.991409301758,93.4770202636719,266.003784179688,157.1103515625,77.7984848022461,31.5520172119141
80.0754928588867,91.853874206543,40.0141983032227,251.672576904297,125.33177947998,86.841552734375,36.8407783508301
46.8402214050293,105.85733795166,138.687561035156,203.677780151367,242.129104614258,93.1626739501953,88.8788909912109
82.8588943481445,98.0804138183594,26.7051391601562,180.98486328125,147.769439697266,60.1706924438477,82.245964050293
73.6923980712891,98.0061416625977,72.4397201538086,203.783065795898,154.98356628418,62.4421310424805,63.6996269226074
73.6538238525391,94.2634811401367,111.538970947266,201.578338623047,227.01904296875,89.4733352661133,51.5290565490723
148.370742797852,94.8727188110352,75.1255569458008,188.088150024414,199.817291259766,70.0455627441406,68.9661712646484
115.037223815918,135.486114501953,67.7905578613281,193.925003051758,247.493896484375,117.247779846191,61.7422218322754
66.9000015258789,80.5555572509766,170.71110534668,117.288887023926,129.944442749023,101.02222442627,80.8444442749023
62.618896484375,162.001388549805,93.430419921875,147.360137939453,109.891937255859,61.2498588562012,87.7550048828125
65.216667175293,92.2040023803711,97.2157821655273,205.984710693359,234.422729492188,108.004554748535,95.6150970458984
61.3959083557129,133.667083740234,166.9462890625,143.387084960938,237.390655517578,65.73486328125,65.6882171630859
52.4865303039551,112.846694946289,126.068481445312,196.272125244141,214.69841003418,100.215927124023,68.9833831787109
76.7852096557617,105.663681030273,70.5654678344727,153.249847412109,129.946243286133,67.5139236450195,71.5543594360352
137.188888549805,112.638885498047,57.2333297729492,160.483337402344,197.361114501953,133.233337402344,67.7222213745117
44.458610534668,99.6669464111328,117.684997558594,159.915832519531,242.902786254883,85.9883346557617,91.5194473266602
61.2312622070312,103.177528381348,40.7845306396484,163.329864501953,169.297912597656,76.3032608032227,64.5257797241211
54.8819885253906,136.708908081055,102.683212280273,186.033020019531,174.572692871094,82.9144058227539,54.775806427002
68.0418014526367,109.703758239746,127.338333129883,195.298187255859,161.755981445312,57.5298614501953,55.5584716796875
93.663330078125,181.929443359375,45.6877784729004,152.980010986328,204.60888671875,187.907775878906,63.8238906860352
112.996971130371,97.5813369750977,52.6491661071777,201.897476196289,120.053970336914,85.5305786132812,61.5789375305176
49.406665802002,111.913330078125,99.283332824707,159.289993286133,196.650009155273,64.3433380126953,76.7766647338867
85.7477340698242,120.276405334473,98.1260528564453,175.85546875,151.755828857422,89.6417846679688,57.212589263916
49.6888885498047,111.244445800781,143.144439697266,142.688888549805,215.777770996094,68.3666687011719,86.1222229003906
95.5438919067383,193,60.0922241210938,141.928329467773,210.435546875,171.206115722656,39.7383346557617
81.9679946899414,77.0846710205078,52.9649696350098,236.634475708008,113.991889953613,51.2166366577148,48.5321159362793
51.3937034606934,101.636039733887,120.388641357422,136.720748901367,222.373825073242,60.69580078125,67.934814453125
55.4542083740234,88.0002059936523,136.873428344727,123.15795135498,168.834945678711,84.7330780029297,69.8842163085938
49.2136077880859,117.005554199219,73.3643493652344,179.138137817383,216.745101928711,96.2060165405273,63.1739807128906
69.8315811157227,104.632934570312,96.0443572998047,189.021209716797,161.181427001953,61.7374610900879,56.7716636657715
131.33447265625,163.903182983398,126.855461120605,253.505172729492,136.181671142578,114.703567504883,29.6678695678711
71.1340713500977,111.379524230957,173.136108398438,167.108413696289,261.420837402344,77.9667587280273,65.3678665161133
36.5027084350586,102.517311096191,91.7153472900391,155.290863037109,217.21598815918,102.949905395508,99.5725402832031
71.7199859619141,80.5674057006836,97.4270095825195,51.9384117126465,143.158004760742,99.1469345092773,79.5604705810547
78.9688186645508,88.0148086547852,113.312232971191,46.5261116027832,120.909118652344,116.878440856934,85.9864044189453
106.637466430664,77.9938507080078,149.584915161133,139.106781005859,161.531494140625,100.408950805664,78.3592529296875
89.7614822387695,66.4969787597656,150.422988891602,112.446220397949,157.460052490234,93.0098190307617,39.9367942810059
109.865005493164,74.7550048828125,194.214996337891,92.5849990844727,232.040008544922,84.1000061035156,45.2299995422363
98.0003280639648,76.2897567749023,170.090560913086,126.72135925293,126.060722351074,106.841987609863,62.1290473937988
124.088150024414,121.667434692383,99.9990386962891,173.247695922852,215.120071411133,79.9226760864258,45.6294326782227
78.4963989257812,79.6861343383789,111.855331420898,81.2453536987305,175.678970336914,120.089653015137,86.7156295776367
149.200012207031,129.761108398438,69.6277770996094,234.194442749023,109.283332824707,64.3277740478516,17.2722206115723
132.399993896484,74.4761123657227,162.814453125,99.9472198486328,155.188888549805,111.281112670898,64.0244445800781
112.382781982422,74.1413879394531,105.38249206543,115.637771606445,175.808334350586,98.2980499267578,74.6336135864258
92.8138885498047,91.9808349609375,150.151107788086,101.855285644531,128.563613891602,114.953048706055,90.4905548095703
122.622406005859,93.3281936645508,131.254791259766,106.62085723877,187.181289672852,107.463218688965,63.301212310791
118.25569152832,91.0720748901367,119.895004272461,137.61653137207,169.946105957031,135.349731445312,83.9898529052734
113.11890411377,81.478759765625,153.75260925293,91.6406021118164,155.726608276367,95.8544769287109,69.9889144897461
97.9981002807617,73.4346084594727,145.050323486328,84.0785751342773,172.428100585938,94.0507888793945,58.3809547424316
132.850006103516,106.790000915527,111.199996948242,168.940002441406,158.100006103516,75.9599990844727,55.5099983215332
89.3341064453125,68.1129989624023,101.69799041748,198.195877075195,211.993774414062,113.085327148438,55.0912246704102
60.982234954834,73.9014511108398,82.5494689941406,62.4412002563477,163.67936706543,89.5882263183594,81.7502746582031
128.939270019531,123.852165222168,87.4755020141602,165.18180847168,213.03742980957,81.4997406005859,48.5193252563477
71.5244445800781,79.5529632568359,127.304077148438,60.0211067199707,149.740005493164,103.171112060547,95.3877792358398
77.42578125,88.9213409423828,109.530883789062,92.4748916625977,163.294891357422,117.849998474121,86.623779296875
100.10221862793,83.1213912963867,136.924163818359,80.7594528198242,165.003601074219,91.1544494628906,67.3372192382812
149.912536621094,129.89030456543,136.984344482422,188.768646240234,162.051605224609,67.5716171264648,34.0364151000977
94.6833343505859,83.2333374023438,49.8055572509766,145.061111450195,246.866668701172,83.2888946533203,82.272216796875
133.623901367188,161.236145019531,99.2413024902344,230.63883972168,123.722793579102,89.3745346069336,25.4224472045898
136.864852905273,74.8227767944336,149.222351074219,117.127212524414,180.294311523438,137.563262939453,66.561279296875
135.412857055664,80.6432418823242,113.124557495117,169.856369018555,189.563278198242,107.126724243164,64.6791229248047
69.6500015258789,108.930000305176,126.23999786377,78.4100036621094,207.179992675781,95.9599990844727,122.26000213623
129.638519287109,94.9874038696289,98.0692520141602,144.279251098633,190.41926574707,73.5003662109375,82.2759323120117
87.3191680908203,86.0440292358398,138.426803588867,95.4897232055664,114.050003051758,116.567909240723,79.3250122070312
131.851181030273,81.3326568603516,108.773399353027,115.915489196777,145.971374511719,112.852180480957,68.6518478393555
131.449996948242,102.790000915527,145.740005493164,183.720001220703,117.669998168945,73.2699966430664,89.0500030517578
85.9089965820312,87.1720809936523,127.057250976562,166.575057983398,155.771713256836,92.6860961914062,47.3925704956055
106.878379821777,69.4612121582031,98.4692916870117,84.0111083984375,162.100006103516,68.2436370849609,88.912727355957
88.9645309448242,62.5556755065918,116.056541442871,170.565292358398,182.67399597168,102.502784729004,46.31884765625
89.5074920654297,102.003883361816,165.513885498047,61.4663925170898,152.89111328125,111.438613891602,83.323616027832
105.472778320312,180.1064453125,56.3420448303223,141.411560058594,143.325439453125,169.698287963867,50.9761390686035
48.2139205932617,104.191307067871,169.006271362305,140.129669189453,144.903625488281,196.464202880859,41.9487762451172
48.390308380127,102.02611541748,208.240844726562,149.045806884766,169.849197387695,251.955520629883,56.5734558105469
88.592414855957,126.76692199707,55.679443359375,159.883026123047,120.543441772461,161.943283081055,50.446460723877
67.5890426635742,110.236267089844,169.896987915039,186.680816650391,201.237869262695,106.402488708496,71.569450378418
38.9099044799805,129.019485473633,164.032470703125,178.508728027344,156.020599365234,256.951904296875,57.5826568603516
144.120910644531,142.972991943359,50.5054550170898,92.2757415771484,105.82625579834,175.017211914062,68.11962890625
163.053375244141,140.628280639648,85.0008544921875,104.632949829102,89.4771957397461,225.563903808594,87.1346588134766
36.8827781677246,113.269439697266,171.087219238281,195.135009765625,223.801116943359,247.895553588867,63.6894416809082
68.8714904785156,108.923065185547,151.643798828125,184.259948730469,218.178329467773,101.694694519043,76.2759857177734
117.004760742188,132.911773681641,44.2844047546387,130.923919677734,113.839218139648,145.082443237305,57.031005859375
85.1981811523438,129.904800415039,54.488452911377,178.996597290039,140.139755249023,138.565658569336,28.3814716339111
52.6130104064941,103.774543762207,173.100479125977,151.832107543945,137.578002929688,185.932662963867,46.1839408874512
58.2776794433594,118.53010559082,70.2339401245117,225.324340820312,189.524993896484,66.5320205688477,39.4257583618164
153.612564086914,167.697280883789,125.466781616211,116.687652587891,54.8593673706055,172.062530517578,71.9843063354492
57.6898307800293,118.996154785156,212.370315551758,178.021850585938,116.397888183594,157.239944458008,52.826904296875
43.4645462036133,116.424194335938,154.923919677734,180.208801269531,166.644729614258,233.601318359375,51.1331558227539
40.3794364929199,102.17456817627,203.275497436523,195.2392578125,208.59733581543,312.538269042969,66.8068695068359
160.532333374023,181.798187255859,71.1777801513672,148.527786254883,210.300323486328,120.467483520508,51.4493942260742
93.2675857543945,163.252532958984,45.6610298156738,140.706146240234,151.277435302734,162.728805541992,33.581226348877
52.4614372253418,127.351959228516,96.6750259399414,142.908843994141,172.330383300781,211.817260742188,27.9654350280762
57.4832954406738,107.945350646973,154.621612548828,119.833587646484,190.057830810547,192.976715087891,37.5738830566406
144.347564697266,121.213729858398,30.242130279541,129.299209594727,140.392700195312,164.359313964844,47.2398834228516
51.4375915527344,113.760932922363,46.354076385498,199.04426574707,204.143905639648,61.656665802002,39.8188896179199
42.5412673950195,108.72193145752,170.74560546875,239.586059570312,246.995101928711,281.881072998047,73.3893280029297
63.2930030822754,101.796630859375,35.5766983032227,127.200736999512,101.974342346191,187.775695800781,53.4548835754395
131.402252197266,123.783920288086,48.4031448364258,116.142807006836,110.499824523926,135.573394775391,59.2275276184082
53.0222206115723,111.388885498047,45,194.422225952148,205.5,45.5555572509766,50.3888893127441
63.3175392150879,108.711822509766,180.679382324219,168.665283203125,154.157684326172,136.366973876953,62.8049468994141
60.4348793029785,104.460868835449,60.8651542663574,198.6552734375,188.983871459961,66.1480331420898,49.3195381164551
71.9759902954102,116.076385498047,78.7964706420898,156.362823486328,99.285041809082,227.458450317383,83.0168304443359
52.5785217285156,129.604064941406,105.902954101562,194.96516418457,213.837768554688,63.2618522644043,41.299259185791
93.3558044433594,110.329544067383,39.3535346984863,165.241668701172,123.971466064453,147.241912841797,27.0547981262207
62.3959693908691,86.668586730957,40.6301956176758,198.267303466797,165.788711547852,78.6175079345703,44.1233596801758
61.5706520080566,93.0540237426758,129.107528686523,122.002433776855,206.063095092773,182.531616210938,31.533239364624
42.6667938232422,116.716941833496,153.96208190918,218.316253662109,197.582290649414,274.747985839844,84.3027420043945
152.777252197266,130.373382568359,31.8062038421631,109.97501373291,112.091590881348,123.250244140625,33.2400588989258
151.439056396484,172.857833862305,58.7719841003418,263.243499755859,145.355285644531,119.936569213867,55.3836402893066
53.6862487792969,108.220001220703,147.596389770508,160.449722290039,204.327224731445,62.9322204589844,64.9415283203125
127.379661560059,146.884841918945,102.870140075684,95.2690277099609,75.7923278808594,223.019454956055,62.5475387573242
154.35986328125,164.417831420898,65.4571685791016,194.814636230469,208.831253051758,105.564849853516,46.7732620239258
124.33048248291,124.608695983887,53.3666458129883,140.675857543945,84.3977737426758,241.189361572266,72.4042587280273
137.227310180664,161.476089477539,75.6511001586914,58.8977851867676,95.2160034179688,151.248123168945,54.4620361328125
86.60546875,103.742172241211,91.8043365478516,190.327682495117,201.220275878906,195.938552856445,25.2976093292236
56.1758346557617,96.9800643920898,87.6680526733398,147.541625976562,191.673934936523,141.145431518555,43.1867752075195
102.211448669434,128.037033081055,50.2390556335449,172.426940917969,197.043090820312,109.687538146973,35.843433380127
118.829330444336,114.193618774414,58.7001457214355,142.924346923828,119.59098815918,161.811431884766,61.2658081054688
121.842544555664,154.190582275391,43.7913475036621,139.94596862793,132.901504516602,166.032363891602,54.6807022094727
47.1053237915039,84.372932434082,152.839111328125,103.052803039551,178.458084106445,172.922302246094,35.7962303161621
78.1611175537109,111.294448852539,72.6833343505859,200.605560302734,128.666656494141,147.977783203125,27.6944427490234
50.4710578918457,106.039039611816,127.451538085938,216.156234741211,149.230850219727,244.482238769531,101.279571533203
36.5609703063965,107.079498291016,160.214904785156,238.251770019531,261.124389648438,279.761138916016,70.5588989257812
38.328685760498,116.933403015137,159.443313598633,233.968902587891,169.841278076172,253.698043823242,92.6999359130859
49.6598510742188,151.203979492188,108.415321350098,134.72380065918,132.998825073242,230.403244018555,42.8576545715332
166.632705688477,180.188430786133,15.7404890060425,140.393112182617,191.95458984375,228.682876586914,54.1740760803223
174.030578613281,144.515380859375,23.1869812011719,117.24324798584,193.130661010742,244.733032226562,50.1282615661621
139.994445800781,119.061111450195,45.0833358764648,126.97777557373,100.400001525879,155.433334350586,59.1833343505859
146.899993896484,124.088890075684,53.5999984741211,122.02222442627,178.622222900391,132.077774047852,27.1888885498047
153.594528198242,178.096771240234,26.4016170501709,92.4044952392578,111.846862792969,104.270156860352,43.9414100646973
117.917938232422,173.562622070312,72.5020217895508,174.817916870117,179.497482299805,152.133331298828,46.5540428161621
81.0999984741211,151.655548095703,80.3111114501953,138.533340454102,231.488891601562,147.188888549805,46.4555549621582
163.399627685547,153.854034423828,29.4189643859863,113.444839477539,174.748626708984,149.824234008789,52.181022644043
168.969696044922,92.7631378173828,58.6262626647949,87.4565658569336,148.283843994141,60.9585876464844,49.0636367797852
121.668960571289,170.239181518555,66.2294082641602,129.97639465332,164.842483520508,171.86100769043,73.3816146850586
88.4204559326172,156.590911865234,109.568183898926,121.181816101074,112.431816101074,54.2272720336914,32.1363639831543
100.883331298828,126.766662597656,55.5833358764648,196.949996948242,102.866668701172,27.4722213745117,6.78333377838135
84.3272705078125,193.459091186523,146.626937866211,414.724945068359,148.744277954102,49.3749198913574,22.5432643890381
126.646141052246,147.222229003906,106.297309875488,314.503021240234,125.912117004395,82.7693557739258,16.561616897583
84.3333358764648,175.121215820312,148.83837890625,157.101013183594,98.5252532958984,47.6868705749512,43.1515159606934
102.864814758301,149.064804077148,71.9203720092773,136.242599487305,179.770370483398,38.8037071228027,14.5703706741333
107.841171264648,155.140762329102,78.1179809570312,158.465270996094,173.406280517578,31.48828125,13.3993682861328
90.7111129760742,206.777770996094,110.422225952148,177.988891601562,137.966659545898,43.7888870239258,25.1666660308838
79.8811874389648,219.966415405273,82.4197006225586,367.560089111328,154.592544555664,53.0135116577148,16.8486099243164
121.222221374512,153.811111450195,67.2333297729492,196.199996948242,137.755554199219,68.4333343505859,29.6333332061768
95.6875,186.25,105.675003051758,252.949996948242,125.324996948242,69.3000030517578,24.0125007629395
101.188888549805,141.21110534668,74.8666687011719,266.088897705078,110.466667175293,53.5222206115723,29.1666660308838
69.0331344604492,285.597351074219,101.095962524414,339.25048828125,145.851303100586,74.3555526733398,14.2812118530273
81.9468688964844,239.225860595703,140.563232421875,403.048675537109,138.967269897461,36.7791938781738,20.2167663574219
89.4855575561523,186.814453125,87.5899963378906,416.438903808594,160.065551757812,42.1805572509766,16.9394454956055
139.379409790039,153.618286132812,69.6555099487305,274.819091796875,103.477416992188,90.6537933349609,33.8629302978516
63.3707084655762,254.955047607422,89.3368682861328,342.866668701172,149.995452880859,50.9191932678223,14.8550510406494
90.8919219970703,181.37727355957,68.3272705078125,230.946960449219,170.842422485352,95.8560638427734,32.0257568359375
78.6222229003906,165.533340454102,103.766670227051,166.266662597656,113.688888549805,61.9888877868652,17.466667175293
87.0505065917969,80.1919174194336,177.121215820312,98.3434371948242,331.141418457031,73.6060638427734,0
97.4527740478516,91.5990905761719,124.336212158203,85.1135864257812,242.00505065918,63.6355056762695,16.1504039764404
82.3131332397461,99.282829284668,114.191917419434,91.2626266479492,256.494964599609,68.3333358764648,25.3939399719238
233.91162109375,75.0260925292969,128.958084106445,132.12727355957,213.104049682617,17.9961261749268,0.513468027114868
114.671379089355,94.8545455932617,126.529296875,86.584846496582,235.876770019531,44.8956184387207,12.052188873291
303.042541503906,74.970458984375,135.829925537109,162.711120605469,231.101257324219,13.1190662384033,2.48547983169556
245.570877075195,97.5525207519531,160.765121459961,163.165451049805,235.530731201172,30.3291358947754,5.53836107254028
279.156555175781,114.111114501953,151.631317138672,195.904037475586,244.222213745117,29.1919193267822,5.33838367462158
152.999496459961,62.0621185302734,138.771209716797,85.1489868164062,216.39697265625,26.8464641571045,11.778787612915
240.697326660156,84.184944152832,143.501174926758,149.825881958008,223.09309387207,26.5486259460449,2.06305575370789
79.2040023803711,82.9688873291016,20.9426670074463,99.2308883666992,147.453552246094,82.7806625366211,98.9708938598633
76.7600021362305,77.3499984741211,88.1100006103516,128.339996337891,131.970001220703,94.5899963378906,104.449996948242
60.6740531921387,43.8943061828613,63.5053596496582,75.8964080810547,149.558731079102,68.8122177124023,80.0825424194336
73.8399963378906,75.6999969482422,23.6700000762939,89.6900024414062,140.850006103516,86.9899978637695,95.0999984741211
71.1887741088867,89.9607772827148,54.4537010192871,118.150329589844,121.50952911377,97.9614944458008,98.3101577758789
67.2567138671875,74.7717895507812,41.2762603759766,89.4784088134766,118.496162414551,103.926719665527,98.2513122558594
65.9300003051758,64.5299987792969,59.6599998474121,93.2799987792969,157.339996337891,58.6399993896484,79.3899993896484
63.2293395996094,55.2201232910156,55.8116416931152,83.9018630981445,139.23616027832,69.2544326782227,84.1947402954102
59.098014831543,53.2936515808105,48.5083198547363,104.707633972168,148.296417236328,64.2387924194336,76.6726989746094
47.2070732116699,57.7222213745117,80.6641387939453,228.510101318359,165.489898681641,107.563125610352,60.1287879943848
67.7559127807617,37.0085716247559,20.5140228271484,206.628753662109,99.1860198974609,63.9200553894043,81.7147216796875
69.6779327392578,116.720352172852,124.542556762695,192.533538818359,173.289932250977,227.975555419922,113.873176574707
77.5780868530273,145.516525268555,118.472457885742,168.420440673828,197.861236572266,166.676620483398,93.372444152832
85.3261032104492,81.2067337036133,113.062957763672,132.466995239258,233.553039550781,113.186698913574,73.7851791381836
52.1616706848145,69.8365325927734,78.083122253418,183.61848449707,186.626510620117,102.721626281738,68.5666351318359
69.9626770019531,54.01708984375,64.5075225830078,165.292282104492,95.7900466918945,90.9682540893555,67.8125610351562
85.6508560180664,148.445755004883,97.1371612548828,182.919342041016,125.638565063477,146.655838012695,84.3099212646484
49.7066383361816,60.476188659668,127.778205871582,162.711685180664,199.884689331055,168.662063598633,70.9454498291016
45.7151527404785,106.150375366211,152.147888183594,185.913116455078,233.852798461914,228.296615600586,99.463249206543
65.0063171386719,105.066253662109,100.746788024902,201.560089111328,124.028251647949,219.868591308594,125.678657531738
44.0673408508301,122.141082763672,163.506057739258,185.576766967773,189.355895996094,284.650848388672,82.5784530639648
46.7664413452148,110.059417724609,129.682266235352,238.874328613281,161.306701660156,249.412628173828,115.695571899414
47.4127807617188,85.5175399780273,136.390106201172,148.382843017578,257.318389892578,217.889999389648,79.9818572998047
29.7666664123535,94.9777755737305,174.633331298828,162,218.155548095703,346.5,68.2888870239258
95.9525833129883,155.174697875977,125.023468017578,165.026992797852,66.1518936157227,149.966461181641,84.7458648681641
47.0472564697266,109.355644226074,108.211273193359,176.129409790039,198.250137329102,127.098968505859,68.0191421508789
57.7507133483887,41.5613822937012,52.0546646118164,172.052124023438,181.426910400391,97.8698959350586,76.7022933959961
59.6110572814941,101.387115478516,135.379196166992,173.916854858398,198.959762573242,216.507797241211,85.4836120605469
73.1669845581055,85.9324569702148,63.6732406616211,136.30290222168,152.770843505859,111.589210510254,60.8335800170898
89.6219024658203,140.27653503418,101.611305236816,198.599838256836,89.2802124023438,176.772308349609,106.95036315918
86.7146682739258,111.623435974121,142.907348632812,148.301239013672,249.781478881836,119.931625366211,80.3748245239258
50.5,62.2708320617676,75.125,241.36457824707,154.11457824707,85.84375,60.8854179382324
45.4323768615723,132.104751586914,154.125457763672,200.204330444336,154.495956420898,253.961151123047,104.896461486816
84.8049087524414,124.946022033691,81.8303298950195,124.527961730957,108.306831359863,132.490570068359,64.9646301269531
72.588996887207,123.071632385254,149.19775390625,152.561904907227,213.653137207031,168.712844848633,91.7557601928711
103.337219238281,152.1435546875,123.544807434082,95.9006805419922,68.9949417114258,181.461410522461,64.7582397460938
41.4644241333008,117.159141540527,168.503829956055,164.141525268555,168.563751220703,220.859832763672,74.9538726806641
67.7945938110352,42.3769302368164,60.3859024047852,185.667694091797,104.149696350098,95.7141571044922,77.5134811401367
43.051830291748,68.2114028930664,47.5631065368652,214.56184387207,124.605010986328,70.2394409179688,76.1462707519531
63.4076385498047,116.316596984863,86.5597381591797,149.807159423828,199.430328369141,122.979316711426,65.5065536499023
56.6765327453613,119.162155151367,115.129112243652,162.131317138672,237.223266601562,128.21516418457,71.3819732666016
48.4090881347656,88.5400619506836,129.800003051758,181.951858520508,229.75959777832,227.555557250977,82.0262680053711
100.065338134766,118.468544006348,93.6446762084961,91.0530319213867,62.5692329406738,203.664474487305,60.0024223327637
74.1079177856445,111.355728149414,140.872634887695,145.187469482422,217.60285949707,127.485862731934,87.8950347900391
41.4396743774414,78.282096862793,121.65062713623,194.228408813477,134.914306640625,135.36279296875,68.6702499389648
47.5240135192871,103.29866027832,114.66625213623,221.309555053711,246.830169677734,258.208374023438,94.4719467163086
56.6025924682617,50.779914855957,34.3224067687988,222.764190673828,105.033851623535,53.7368049621582,84.8441162109375
52.316722869873,65.4850234985352,51.3338394165039,215.373748779297,142.69221496582,86.3738098144531,79.0817947387695
54.6970138549805,33.2453498840332,39.7256889343262,176.096832275391,79.8515701293945,57.3431739807129,92.9177703857422
50.0709571838379,101.47827911377,145.670959472656,136.022476196289,233.550262451172,199.129547119141,74.1472244262695
53.6777038574219,100.680236816406,105.164306640625,221.245223999023,231.305313110352,307.199249267578,92.0647201538086
88.3919677734375,161.525329589844,127.034469604492,216.525421142578,164.043075561523,176.949554443359,109.740264892578
35.8333358764648,105.025253295898,168.464645385742,158.308074951172,166.99494934082,219.085861206055,71.4292907714844
62.8342208862305,67.1012191772461,75.5142364501953,135.132064819336,173.608383178711,104.99462890625,60.5580177307129
162.824798583984,101.282958984375,71.4789733886719,172.499603271484,141.85514831543,13.0903997421265,28.7977161407471
142.291152954102,51.713508605957,116.773612976074,115.287368774414,117.763885498047,14.4352264404297,5.05909061431885
159.072219848633,55.5055541992188,115.127777099609,88.8333358764648,172.466674804688,14.4555559158325,4.67222213745117
144.273727416992,49.1803970336914,101.210502624512,152.124923706055,117.136497497559,16.3251876831055,20.1888236999512
146.824996948242,61.7125015258789,82.7125015258789,79.0625,133.625,18.9750003814697,1.8125
167.580642700195,111.415824890137,58.4183540344238,106.003540039062,92.4514389038086,13.9166650772095,35.5233192443848
147.748916625977,57.6613273620605,114.330444335938,92.0699844360352,146.158432006836,12.3759021759033,5.0053391456604
168.192428588867,74.0671234130859,95.0360565185547,175.664428710938,133.435043334961,10.0322732925415,21.4121208190918
143.402770996094,93.3855209350586,58.6488227844238,120.206230163574,107.468597412109,21.3672561645508,35.8175926208496
151.42951965332,76.1891174316406,121.174377441406,139.848907470703,162.510757446289,8.80126476287842,8.26035594940186
181.596466064453,33.6277770996094,112.013130187988,117.672729492188,145.696960449219,25.7030296325684,5.28232288360596
88.2313766479492,112.061790466309,46.5368804931641,222.3583984375,190.814163208008,117.086334228516,29.5512809753418
117.716720581055,211.13850402832,105.195411682129,158.129974365234,70.1156311035156,150.343734741211,129.26985168457
160.609527587891,200.036865234375,103.090354919434,146.597839355469,249.802337646484,153.119674682617,41.990608215332
127.811386108398,215.788208007812,99.9613342285156,120.695335388184,65.2279357910156,154.718597412109,97.1143188476562
93.6686935424805,174.123336791992,45.900806427002,98.0937423706055,168.946578979492,66.9888916015625,30.4986896514893
95.2666702270508,160.355560302734,50.8222236633301,230.155548095703,160.344451904297,147.633331298828,66.4333343505859
83.1566696166992,147.927780151367,45.3529319763184,249.736877441406,226.058685302734,109.047172546387,59.522216796875
99.9551315307617,167.656326293945,45.1451034545898,194.599807739258,156.800857543945,39.351261138916,10.7166204452515
72.0051116943359,109.781555175781,70.1655502319336,210.936676025391,228.478439331055,114.585548400879,41.271110534668
115.753089904785,111.839508056641,53.0740737915039,150.790130615234,175.308639526367,174.185180664062,44.5185203552246
151.593597412109,132.402954101562,64.5199813842773,119.152481079102,192.129760742188,127.948616027832,61.039119720459
78.0872268676758,149.340972900391,39.5241661071777,214.861526489258,175.743194580078,135.538330078125,69.8198547363281
88.8555603027344,114.940277099609,29.8286113739014,245.1552734375,146.864990234375,94.9472198486328,13.344165802002
167.630004882812,279.019989013672,24.0200004577637,220.100006103516,204.460006713867,175.830001831055,59.3400001525879
81.9599990844727,104.944999694824,50.0400009155273,239.059997558594,171.559997558594,102.270004272461,20.1399993896484
67.9827499389648,138.223007202148,59.5199317932129,243.691497802734,208.685684204102,108.103691101074,68.0500793457031
109.23999786377,108.230003356934,17.6499996185303,248.770004272461,124.069999694824,106.470001220703,38.5
157.141616821289,113.170249938965,20.4521389007568,65.2531967163086,131.866180419922,69.8430023193359,8.557053565979
145.905990600586,175.570266723633,66.5110473632812,106.662101745605,69.625114440918,75.3237762451172,35.6792182922363
138.967132568359,138.877105712891,57.842716217041,122.800186157227,60.0201301574707,67.4030303955078,22.9846591949463
204.440689086914,86.5547943115234,32.6186370849609,102.22811126709,38.8933448791504,51.118480682373,6.98725414276123
177.179672241211,124.265655517578,38.8754043579102,125.684432983398,118.887413024902,176.996887207031,33.4334869384766
153.699829101562,179.864273071289,56.7793998718262,95.0731506347656,117.083213806152,127.639030456543,47.7244529724121
155.647399902344,187.51188659668,69.6838455200195,128.07551574707,222.684921264648,98.0711212158203,41.6675033569336
144.800170898438,151.863525390625,64.560905456543,53.1250915527344,79.6448593139648,131.547805786133,56.4931640625
122.659088134766,100.306816101074,78.7840881347656,65.9431838989258,37.9659080505371,65.8295440673828,15.9659090042114
116.251663208008,145.609954833984,14.3603239059448,76.5773468017578,89.2504119873047,83.6567535400391,30.5254154205322
153.465377807617,139.970321655273,106.593139648438,107.173950195312,101.266181945801,190.681777954102,44.9968452453613
154.799621582031,128.486206054688,83.56396484375,106.18962097168,120.697952270508,170.454299926758,40.9486656188965
146.726547241211,145.796173095703,86.9826583862305,50.9536247253418,130.381240844727,91.0157089233398,56.6291275024414
177.817459106445,140.200759887695,152.568740844727,108.333518981934,133.129196166992,145.178771972656,29.2011566162109
111.331497192383,184.94758605957,11.2676582336426,78.1027069091797,93.5337066650391,63.4334602355957,62.7308044433594
178.789749145508,104.598976135254,29.6247253417969,67.3611526489258,90.03369140625,83.1561050415039,2.75233578681946
173.050506591797,127.393936157227,81.1616134643555,77.8282852172852,56.858585357666,39.0707054138184,4.45454549789429
121.482093811035,158.576858520508,45.2682189941406,80.6538467407227,139.274047851562,65.5275726318359,34.6782760620117
168.644287109375,127.812187194824,12.667272567749,135.644805908203,44.5512733459473,67.1154251098633,10.2961015701294
114.971084594727,170.902069091797,17.4847373962402,110.282585144043,57.783073425293,104.544525146484,33.450325012207
192.969390869141,118.864898681641,63.8869895935059,80.9886322021484,48.7755699157715,53.7597846984863,2.19318175315857
158.866241455078,197.114776611328,61.1858749389648,101.203552246094,26.1696453094482,82.0814361572266,37.777416229248
188.795700073242,115.16512298584,20.4925098419189,141.256805419922,24.2296562194824,78.0410232543945,8.94227027893066
100.845802307129,157.233581542969,17.1207885742188,77.6228179931641,139.772399902344,61.7674903869629,46.2629852294922
145.049499511719,148.924697875977,24.8929309844971,99.3319625854492,196.205871582031,80.0377349853516,31.3174495697021
193.126098632812,87.4528045654297,22.8570919036865,69.2280654907227,58.7134208679199,52.3744926452637,6.20171737670898
126.306816101074,96.8068161010742,51.3863639831543,81.988639831543,19.6136360168457,13.3409090042114,59.3636360168457
139.218444824219,144.472518920898,61.4142799377441,52.4184074401855,50.8243522644043,157.42268371582,44.6516876220703
126.795372009277,185.905609130859,53.9567108154297,125.1064453125,149.37287902832,83.0187072753906,49.6217880249023
138.767578125,141.798828125,58.02490234375,96.3532562255859,89.8416976928711,79.1144180297852,42.0796279907227
134.671310424805,155.383438110352,15.8050146102905,81.9270172119141,65.8016052246094,92.8659591674805,25.8551254272461
157.0693359375,148.157440185547,28.8606071472168,115.144737243652,219.745025634766,95.3378067016602,34.4617576599121
128.153137207031,154.515899658203,19.016134262085,76.1621932983398,138.039443969727,82.8471145629883,19.6837825775146
157.94792175293,196.886795043945,43.9792900085449,140.69938659668,212.442581176758,101.720252990723,44.885856628418
161.861358642578,139.266418457031,29.2561874389648,91.4385070800781,163.247970581055,87.1755065917969,35.8920440673828
220.484405517578,104.815635681152,58.7877807617188,74.5369873046875,40.1208152770996,44.1702079772949,3.40547823905945
133.521911621094,148.611312866211,51.0588455200195,71.3725433349609,67.4224243164062,83.1968612670898,48.5888328552246
154.267868041992,125.363227844238,54.6674270629883,111.343643188477,75.9507675170898,111.211959838867,45.4982986450195
137.564712524414,153.480331420898,18.0441627502441,75.9158096313477,99.8738479614258,105.669219970703,65.7191467285156
160.006713867188,124.991279602051,21.4371871948242,109.535987854004,172.393951416016,133.579605102539,49.4331436157227
112.56266784668,181.077667236328,30.247049331665,88.8803100585938,129.544311523438,64.3643951416016,62.4893493652344
163.426864624023,177.285949707031,128.357879638672,105.599472045898,156.626022338867,103.839431762695,32.5593910217285
120.963088989258,185.048614501953,20.4786357879639,95.2460479736328,117.128219604492,100.425216674805,60.7417526245117
142.271850585938,126.756385803223,87.6328735351562,77.490104675293,105.3935546875,139.622253417969,49.4465637207031
119.791007995605,190.414688110352,10.4674415588379,79.5959396362305,148.041854858398,56.6872673034668,52.788459777832
185.621780395508,127.402000427246,68.7333526611328,117.444450378418,151.640762329102,130.292770385742,30.2390251159668
131.272308349609,141.545501708984,76.0399551391602,40.8596572875977,129.392684936523,71.609619140625,58.1698875427246
108.11759185791,181.322326660156,13.0011749267578,96.1065979003906,71.4479217529297,105.184631347656,62.4382629394531
118.579544067383,144.590911865234,146.602279663086,192.75,118.625,316.375,237.045455932617
62.2186012268066,94.0884552001953,89.1278991699219,120.149307250977,73.4779434204102,79.6226119995117,34.1067924499512
51.4279632568359,70.5915145874023,109.578460693359,73.6552047729492,43.8123359680176,78.9541091918945,52.0466918945312
71.5015716552734,75.0444183349609,52.5161094665527,133.502029418945,65.5376434326172,109.4169921875,53.4588928222656
56.8524322509766,59.0940818786621,76.6271591186523,141.472869873047,83.8341674804688,64.3058090209961,14.8683032989502
94.5074005126953,53.7410049438477,40.5025978088379,151.468643188477,70.5140380859375,55.5490875244141,14.1298093795776
54.9516830444336,89.9449691772461,100.112380981445,175.817581176758,86.0463562011719,80.5431671142578,35.3005638122559
63.4150772094727,82.1604537963867,110.520217895508,167.847640991211,94.0929183959961,101.503578186035,27.1786956787109
72.4634094238281,95.2052841186523,137.563919067383,232.944030761719,82.7341156005859,148.276672363281,30.5217914581299
65.880012512207,83.2591018676758,101.1171875,194.294708251953,83.1140060424805,104.096488952637,16.1915817260742
72.3678665161133,70.2680206298828,54.4505233764648,100.502586364746,108.627349853516,60.2654418945312,53.086742401123
72.5466003417969,42.7422981262207,38.0075721740723,135.353469848633,106.035934448242,75.8899536132812,67.9264984130859
70.026481628418,47.0115928649902,50.0416107177734,130.182357788086,114.99308013916,50.9800987243652,62.5432777404785
68.048210144043,98.0056762695312,88.207145690918,153.005172729492,92.1742706298828,111.30891418457,36.6458778381348
67.7712326049805,95.2216186523438,122.046569824219,236.491333007812,90.3511199951172,112.631881713867,27.7967376708984
87.2851028442383,57.9228744506836,83.5139083862305,88.4323654174805,34.5821876525879,108.814582824707,50.5157699584961
69.8751602172852,49.8556900024414,48.4893760681152,114.484550476074,67.4276504516602,57.8928604125977,13.1711406707764
77.1875839233398,85.3001480102539,124.779502868652,32.4012985229492,116.390037536621,89.7070770263672,79.5109710693359
63.7994155883789,70.7645416259766,73.3140106201172,34.8557777404785,134.854934692383,93.8359069824219,90.937385559082
75.0194778442383,90.0825347900391,86.0978317260742,81.8961029052734,163.752227783203,108.68701171875,68.5220794677734
95.1623764038086,108.906059265137,69.2613677978516,114.896713256836,163.343185424805,132.491912841797,74.0063171386719
109.446708679199,114.595710754395,64.1945648193359,110.99267578125,151.626007080078,84.1776504516602,55.983081817627
104.07112121582,97.5027770996094,81.4452514648438,42.0683059692383,101.083969116211,87.7513732910156,88.6457672119141
76.4845886230469,62.0327224731445,81.2598342895508,67.6594543457031,165.282135009766,65.5802917480469,74.6406707763672
83.7456741333008,74.8448181152344,106.650970458984,54.0434417724609,106.140769958496,113.775749206543,76.7620468139648
111.177780151367,81.0888900756836,103.366668701172,79.6111145019531,99.2222213745117,70,62.6777763366699
98.2250061035156,109.745712280273,51.185604095459,106.639144897461,120.745964050293,94.9608612060547,67.6565628051758
73.0389862060547,81.8926544189453,73.1077117919922,95.9287033081055,122.779113769531,103.31925201416,81.3369369506836
104.515151977539,96.4224700927734,75.1686859130859,105.256820678711,173.782073974609,110.417167663574,68.2790374755859
90.7301635742188,90.4411697387695,113.058204650879,28.4457015991211,89.5611724853516,82.690803527832,75.2014389038086
77.0312347412109,86.4485168457031,113.411460876465,42.8830223083496,128.227615356445,84.2503662109375,91.3067321777344
79.2825546264648,72.3589935302734,79.8707733154297,70.7502593994141,95.1542892456055,113.211990356445,69.4109344482422
122.98161315918,136.500213623047,73.3430328369141,124.148902893066,163.307281494141,63.4872665405273,48.3549423217773
109.638885498047,96.8388900756836,68.1611175537109,64.0111083984375,88.783332824707,91.7055511474609,78.0666656494141
64.825080871582,82.8974075317383,57.029125213623,45.324779510498,139.763320922852,87.7961654663086,87.8650817871094
80.6941299438477,104.374633789062,74.3883209228516,118.857315063477,132.042617797852,127.176399230957,79.4243698120117
74.3101043701172,78.0697860717773,112.193481445312,58.2297515869141,117.809646606445,104.451240539551,83.4838409423828
57.8235206604004,66.2741928100586,68.246467590332,41.8426818847656,155.545318603516,78.0084075927734,85.5624923706055
74.2992401123047,80.8727264404297,77.3055572509766,38.2224769592285,138.780044555664,77.3300552368164,63.2131309509277
88.5477752685547,91.5044403076172,99.6061096191406,102.957778930664,131.448883056641,82.6644439697266,61.0366668701172
84.2591247558594,73.4237518310547,48.8554840087891,71.7558898925781,107.34561920166,123.803863525391,76.4865341186523
77.7887344360352,77.6084747314453,109.112678527832,46.4585990905762,115.803970336914,117.517280578613,91.6035308837891
82.9101943969727,112.59300994873,64.4053268432617,93.7093734741211,99.2165298461914,94.773551940918,71.2248840332031
105.537879943848,84.2671661376953,84.9267730712891,105.834342956543,135.653030395508,81.9419174194336,77.272216796875
89.90380859375,85.2220611572266,149.344863891602,43.8816871643066,86.7988586425781,80.3764495849609,82.5424423217773
103.534851074219,93.8259887695312,57.4125900268555,71.2682952880859,86.6717834472656,115.518539428711,69.3092346191406
102.816757202148,98.9626693725586,63.1740760803223,53.4910469055176,92.330078125,96.0598754882812,75.0989837646484
60.7761878967285,68.0454559326172,55.2670974731445,37.5608329772949,125.740379333496,85.4393844604492,92.4244766235352
71.3315200805664,93.1072769165039,114.720504760742,85.406364440918,149.851318359375,102.990310668945,84.1947479248047
69.8496475219727,80.9430160522461,80.003791809082,35.6841011047363,137.526306152344,103.723014831543,87.1968078613281
92.4949493408203,86.5353546142578,53.7777786254883,72.6060638427734,76.3232345581055,107.202018737793,98.5454559326172
69.0869903564453,78.1413345336914,109.922645568848,77.4326934814453,102.072891235352,105.721572875977,76.4827880859375
93.7392883300781,79.9018478393555,50.6256561279297,55.5113563537598,94.1462020874023,147.369964599609,63.651912689209
94.1213607788086,85.7741928100586,95.689697265625,36.3832740783691,98.9391860961914,81.896614074707,83.4142837524414
118.720001220703,75.370002746582,60.7000007629395,127.660003662109,52.5999984741211,62.060001373291,120.209999084473
146.022216796875,163.722229003906,75.5666656494141,168.28889465332,159.277770996094,125.566665649414,123.900001525879
77.2670440673828,133.903411865234,86.2443161010742,130.931823730469,94.9318237304688,89.3125,28.8352279663086
102.75,99.2727279663086,63.7613639831543,100.295455932617,94.5568161010742,129.761367797852,19.5227279663086
136.195037841797,131.438781738281,40.5451965332031,26.9488639831543,89.7850341796875,95.3345184326172,24.5058403015137
117.570892333984,87.5705718994141,50.4208679199219,46.870906829834,104.989433288574,50.6324882507324,34.2591934204102
66.2008819580078,87.1088256835938,93.808967590332,153.049591064453,145.944671630859,91.8179016113281,64.0139846801758
100.769485473633,61.4126853942871,51.9839019775391,113.751312255859,81.950553894043,28.8710765838623,56.6430053710938
147.714462280273,108.833686828613,40.1800270080566,30.8148136138916,95.5119552612305,95.1346054077148,21.5378437042236
152.349838256836,185.557968139648,40.4364852905273,58.6026153564453,68.9616851806641,88.4207458496094,36.5949935913086
127.8720703125,136.94514465332,53.6271057128906,51.6279716491699,70.0383834838867,167.159469604492,55.0897331237793
71.2792663574219,73.9833908081055,51.0744857788086,130.365188598633,155.737808227539,95.260986328125,71.3174057006836
102.337295532227,78.7815017700195,66.4416809082031,51.0862464904785,50.5527153015137,47.1570663452148,22.7229785919189
70.9275360107422,45.9322052001953,32.9583206176758,160.211761474609,161.582458496094,63.5473480224609,93.9513244628906
67.3288192749023,84.3029708862305,34.5110282897949,125.775993347168,131.020568847656,80.0236663818359,67.6516342163086
119.146087646484,84.2031478881836,51.3402328491211,34.4949607849121,61.8406982421875,53.6948890686035,23.0683994293213
119.953536987305,167.871231079102,46.1006164550781,47.304500579834,79.7202377319336,129.218414306641,55.7676887512207
77.2700805664062,95.8379058837891,41.8706550598145,87.4870071411133,123.923454284668,81.2917404174805,60.7106170654297
75.5467224121094,133.292785644531,81.3011093139648,74.9218292236328,120.55158996582,84.5288391113281,63.8151473999023
109.188812255859,137.716156005859,50.988525390625,41.8580474853516,72.4858703613281,192.355697631836,59.5484886169434
88.2665100097656,155.247207641602,67.0651931762695,57.6476020812988,66.8995742797852,117.226898193359,52.9316024780273
102.150779724121,126.402809143066,71.3353729248047,74.6347045898438,57.3350639343262,176.232467651367,73.2181091308594
77.186897277832,117.919883728027,93.2306289672852,111.374450683594,126.457656860352,85.2085342407227,67.6568908691406
143.103210449219,63.5200004577637,57.2387428283691,34.9855842590332,67.8901519775391,63.0576591491699,17.9023571014404
69.6476593017578,33.7837600708008,28.7336959838867,164.150436401367,108.902214050293,60.4581451416016,83.8418350219727
122.5205078125,121.880493164062,55.0986137390137,56.4566764831543,107.315895080566,60.9996147155762,59.4967155456543
85.4472274780273,70.7421722412109,38.4429969787598,67.9366912841797,86.4180374145508,42.1846733093262,32.7457275390625
102.497802734375,137.552154541016,42.1008110046387,39.7392349243164,75.1355438232422,171.508911132812,49.9243202209473
132.968826293945,136.409072875977,76.8933792114258,49.5326728820801,86.1079025268555,132.582122802734,54.4450874328613
125.721504211426,147.91096496582,42.2861747741699,53.7981910705566,72.8757400512695,171.771865844727,45.1304931640625
111.031112670898,143.402008056641,97.7462615966797,87.0654525756836,139.445037841797,32.6076736450195,18.5155544281006
150.66667175293,162.622222900391,71.033332824707,99.3444442749023,109.755554199219,24.966667175293,30.4444446563721
105.673416137695,133.162811279297,80.8555908203125,87.8052215576172,149.258911132812,35.6169700622559,15.2566738128662
114.254402160645,152.846176147461,112.282676696777,96.7135620117188,138.539688110352,26.4673881530762,24.5923500061035
122.443603515625,148.42155456543,90.0429382324219,88.7397384643555,154.741073608398,39.080638885498,26.9298000335693
103.858589172363,43.1313133239746,97.4646453857422,136.535354614258,163.141418457031,41.5252532958984,13.2121210098267
106.378883361816,142.874893188477,85.8133392333984,105.724655151367,169.220428466797,37.1177749633789,19.9631118774414
73.2259216308594,221.851852416992,77.022216796875,347.15185546875,142.21110534668,62.2407417297363,14.7518510818481
149.751388549805,173.125030517578,75.9465484619141,101.006423950195,139.359771728516,33.158447265625,33.3451499938965
70.4555587768555,50.3111114501953,149.622222900391,144.433334350586,135.466659545898,69.1444473266602,28.6333332061768
102.902954101562,129.680786132812,81.2799682617188,89.2342910766602,166.291839599609,35.2621955871582,17.9720458984375
91.4300003051758,163.759994506836,129.690002441406,34.1300010681152,198.639999389648,99.6500015258789,15.6099996566772
213.789993286133,193.139999389648,96.3099975585938,48.5999984741211,199.270004272461,55.3699989318848,15.2399997711182
78.8708343505859,47.8799247741699,49.078784942627,27.9564380645752,103.783714294434,43.7393951416016,11.5496215820312
44.9892921447754,81.3092880249023,38.6323204040527,23.6977767944336,107.412521362305,58.0418167114258,15.0701017379761
37.8520622253418,67.6993637084961,63.345085144043,21.9861888885498,119.461906433105,91.6868209838867,9.58238124847412
109.655555725098,154.177780151367,112.933334350586,28.2888889312744,255.255554199219,130.66667175293,12.0111112594604
136.980621337891,207.915176391602,216.826049804688,23.2112007141113,231.266021728516,195.197113037109,9.49897766113281
70.4491119384766,56.5018920898438,36.2237396240234,34.5520210266113,99.9775238037109,28.850378036499,12.1135101318359
48.3444023132324,139.442459106445,112.954833984375,3.56380915641785,132.696166992188,90.6619338989258,6.35696935653687
154.353530883789,140.929290771484,74.3939361572266,13.5252523422241,201.454544067383,68.8383865356445,13.5555553436279
151.830337524414,156.677124023438,118.76570892334,64.4816360473633,212.507720947266,105.08731842041,11.8391342163086
62.6818199157715,86.5404052734375,124.116165161133,136.853546142578,157.277770996094,144.252532958984,52.5202026367188
43.6822204589844,96.6238403320312,123.810707092285,149.017974853516,152.721405029297,196.241607666016,99.4995956420898
45.8328247070312,87.1810607910156,131.890655517578,146.465667724609,154.947463989258,175.753021240234,111.694442749023
43.0643119812012,96.4276123046875,129.102020263672,107.780815124512,129.389907836914,213.97575378418,89.4548721313477
38.3394470214844,108.29638671875,107.756118774414,102.134719848633,116.366394042969,182.374176025391,84.7761077880859
40.7903709411621,116.812225341797,116.362586975098,109.646301269531,117.015190124512,205.946304321289,87.8833312988281
33.8383827209473,109.868690490723,149.747482299805,207.777770996094,170.797973632812,124.424240112305,67.080810546875
50.0876579284668,106.950141906738,153.970657348633,156.918975830078,126.09935760498,109.572242736816,77.0660552978516
51.3636360168457,68.0363616943359,107.954544067383,145.136367797852,68.8272705078125,136.909088134766,80.8727264404297
64.4747467041016,88.0101013183594,120.050506591797,137.575759887695,154.727279663086,128.474746704102,51.0303039550781
69.5999984741211,63.5699996948242,136.570007324219,124.639999389648,77.8600006103516,127.349998474121,69.5899963378906
41.7777786254883,79.9444427490234,148.611114501953,124.14444732666,116.133331298828,181.133331298828,60.0777778625488
55.4931106567383,84.9571075439453,108.49666595459,157.692230224609,172.949325561523,98.4973373413086,90.9715576171875
70.614143371582,52.6650199890137,147.929183959961,118.004516601562,75.3947448730469,123.078315734863,69.5395584106445
49.7516632080078,76.212776184082,101.47777557373,123.058891296387,57.831111907959,145.174987792969,85.8050003051758
61.1717185974121,50.7777786254883,131.303024291992,142.030303955078,170.101013183594,186.424240112305,68.9292907714844
34.9090919494629,99.3838348388672,156.919189453125,196.66667175293,183.575759887695,344.959594726562,69.5252532958984
63.9700012207031,87.6600036621094,92.8300018310547,151.639999389648,118.720001220703,74.4100036621094,89.7399978637695
120.920455932617,146.386367797852,211.477279663086,137.318176269531,87.3181838989258,91.25,62.1818199157715
125.6875,121.363639831543,194.193176269531,100.386367797852,152.545455932617,147.494323730469,68.6704559326172
103.630676269531,118.829544067383,221.204544067383,149.022735595703,185.181823730469,153.806823730469,73.4772796630859
175.265182495117,125.073997497559,80.0447158813477,52.0761108398438,103.887344360352,17.8461227416992,127.102584838867
166.78645324707,127.807334899902,189.522888183594,223.457794189453,37.4942245483398,5.51844453811646,165.621551513672
195.210006713867,145.309997558594,71.9100036621094,62.060001373291,108.029998779297,18.8799991607666,113.889999389648
168.255081176758,106.186882019043,114.455909729004,184.489517211914,53.6026763916016,6.65277719497681,200.563949584961
157.296020507812,125.036468505859,102.751091003418,264.106475830078,54.6347618103027,12.0502147674561,119.219612121582
156.645278930664,134.827911376953,52.0495147705078,77.7172622680664,80.9915618896484,28.0328483581543,128.975799560547
188.188674926758,149.588165283203,60.0137710571289,119.448249816895,46.5309410095215,16.3557567596436,116.267707824707
225.282241821289,143.969512939453,69.761100769043,97.4109573364258,35.3973007202148,23.6876182556152,138.242065429688
230.655578613281,118.78401184082,80.1756820678711,89.4739761352539,47.5751914978027,34.0317535400391,76.6303939819336
165.760803222656,111.320098876953,110.804595947266,209.903854370117,47.9033813476562,5.6057071685791,229.456344604492
138.819091796875,82.663932800293,39.8808097839355,74.909797668457,81.5172805786133,15.4384851455688,112.255958557129
190.268417358398,162.039352416992,58.976016998291,98.904899597168,22.3647232055664,11.5692586898804,134.446472167969
197.950012207031,170.996734619141,95.5913619995117,90.9046173095703,19.2674350738525,7.65461540222168,140.247344970703
219.951110839844,184.784881591797,81.3123626708984,96.4447250366211,32.1909713745117,18.1650009155273,137.326812744141
289.5,77.4555587768555,97.3333358764648,99.2777786254883,35.033332824707,24.7555561065674,125.577774047852
156.380004882812,121.319999694824,42.189998626709,187.580001831055,73.3899993896484,6.69999980926514,131.440002441406
313.468444824219,96.0176849365234,74.1704559326172,65.1010131835938,61.2671737670898,32.3138885498047,82.2628784179688
224.18505859375,130.929489135742,85.3010635375977,73.8856353759766,52.5671043395996,12.0105466842651,82.4175491333008
168.320007324219,112.887329101562,122.986228942871,147.079986572266,65.1384429931641,18.6026649475098,166.396438598633
162.103897094727,91.1443023681641,47.5601387023926,94.4963836669922,119.479301452637,10.3184719085693,136.380828857422
162.33967590332,94.6933670043945,45.8348693847656,133.335922241211,71.5569839477539,18.8903179168701,132.37580871582
141.666442871094,141.345626831055,167.679641723633,88.9638748168945,116.841278076172,55.7480812072754,126.603691101074
229.703582763672,160.011596679688,83.9793853759766,93.4450607299805,42.8493804931641,26.5888900756836,151.894821166992
258.941101074219,87.3577728271484,101.214447021484,82.2716674804688,29.1133346557617,14.9966659545898,126.016662597656
140.83332824707,131.022216796875,152.755554199219,276.577789306641,75.8555526733398,3.14444446563721,129.633331298828
155.117782592773,106.218193054199,119.911247253418,181.778472900391,55.3595848083496,10.9877786636353,225.117218017578
130.384994506836,109.782165527344,125.437118530273,176.368927001953,79.5801696777344,29.5886688232422,150.269683837891
169.600128173828,120.575912475586,99.2746276855469,225.865386962891,33.7690582275391,5.03912019729614,209.83576965332
145.352645874023,102.582588195801,129.311706542969,122.956153869629,76.1529922485352,22.3251438140869,122.049613952637
164.200256347656,149.019317626953,41.0007705688477,102.816246032715,64.3239288330078,14.5156402587891,136.604263305664
235,134.588897705078,71.6055526733398,85.5555572509766,31.8055572509766,17.1222229003906,92.0833282470703
188.433319091797,89.2138900756836,79.2469482421875,126.388053894043,40.4324989318848,10.8844442367554,136.247787475586
166.058044433594,117.690063476562,42.3345146179199,130.49919128418,90.5396423339844,7.8403148651123,126.756385803223
122.440475463867,70.7458190917969,77.8850708007812,70.7625122070312,99.1958999633789,24.2320404052734,89.8906860351562
150.644165039062,75.8415222167969,58.4638862609863,136.143463134766,55.5905532836914,71.9862442016602,149.011657714844
254.674987792969,124.260559082031,61.6511116027832,59.9238891601562,60.9355545043945,11.9333324432373,73.4394454956055
208.048202514648,156.612457275391,76.2056579589844,114.543319702148,51.3716697692871,21.0201072692871,128.101348876953
199.940002441406,101.166664123535,76.8233337402344,144.280014038086,43.1833343505859,7.48000001907349,136.943344116211
148.756790161133,128.416229248047,38.0525894165039,85.1309356689453,72.5663833618164,23.0489597320557,142.350646972656
213.933334350586,101.400001525879,93.6555557250977,146.800003051758,36.1666679382324,4.43333339691162,190.100006103516
301.065002441406,108.936111450195,66.2038879394531,76.9555511474609,68.5038909912109,14.9899997711182,68.4261169433594
185.998275756836,140.618194580078,61.817813873291,110.747337341309,46.6755981445312,8.32556915283203,119.929069519043
184.440979003906,93.6733322143555,101.455429077148,127.411605834961,47.6881484985352,11.3809881210327,157.117767333984
140.803497314453,135.722244262695,134.587585449219,250.794387817383,58.4495239257812,5.07764291763306,128.300918579102
158.609237670898,78.3432464599609,52.7433319091797,121.091400146484,80.6123123168945,23.2866668701172,105.221473693848
156.189437866211,104.84546661377,51.7155456542969,157.17626953125,67.4169082641602,16.9541263580322,137.10905456543
301.491333007812,81.7808837890625,67.9769287109375,77.6658554077148,41.8163566589355,25.5019550323486,109.01342010498
175.817138671875,131.13249206543,109.45694732666,213.641036987305,39.3872261047363,14.2025918960571,154.050933837891
170.726028442383,79.0966644287109,94.2689056396484,77.5843048095703,53.9168395996094,23.3067283630371,114.339431762695
124.870124816895,212.063598632812,151.572738647461,141.439865112305,68.5362167358398,56.4916343688965,74.6017456054688
124.14714050293,203.988830566406,138.677261352539,122.671691894531,77.8374481201172,56.0119247436523,67.4907913208008
179.215438842773,187.585861206055,132.036392211914,177.582931518555,49.8936080932617,14.6609239578247,119.535499572754
122.861526489258,170.363143920898,203.793563842773,168.843276977539,90.1639099121094,46.2300567626953,93.6437454223633
132.459991455078,172.625,215.725006103516,205.229995727539,102.129997253418,43.8400001525879,92.6500015258789
143.861099243164,210.45849609375,159.093002319336,205.084503173828,52.754207611084,31.6563453674316,110.574523925781
129.41960144043,179.416259765625,89.3978881835938,143.754974365234,18.9342555999756,26.9832820892334,111.307754516602
140.215103149414,197.642517089844,215.763488769531,146.605316162109,39.2384376525879,51.9502105712891,99.874267578125
247.166656494141,155.388885498047,106.783332824707,204.022216796875,33.1888885498047,68.9388885498047,113.466667175293
105.371109008789,206.929443359375,154.337219238281,219.646667480469,54.179443359375,58.7972221374512,99.211669921875
112.982215881348,152.440567016602,145.267486572266,163.061401367188,82.7508316040039,64.5288848876953,109.656661987305
154.92805480957,206.544158935547,152.561950683594,193.238067626953,37.3783340454102,50.6383323669434,107.561943054199
114.777160644531,207.815277099609,151.936584472656,224.679443359375,44.2010078430176,29.1566200256348,94.8879547119141
185.471939086914,165.174575805664,144.310699462891,168.122222900391,41.6334762573242,17.8556938171387,114.287925720215
105.199928283691,206.942474365234,190.085174560547,219.482055664062,37.895149230957,58.433967590332,84.5235595703125
140.243179321289,199.72380065918,194.838104248047,204.408233642578,78.8274612426758,47.4587326049805,87.2820663452148
152.470001220703,228.860000610352,162.399993896484,101.540000915527,39.5800018310547,79.620002746582,115.720001220703
148.796997070312,118.933776855469,122.441673278809,137.504348754883,92.4932174682617,37.9786682128906,141.813568115234
106.276809692383,203.474868774414,157.958755493164,119.325073242188,51.3606910705566,42.3463363647461,90.4278030395508
169.958999633789,165.859634399414,90.2001266479492,102.150184631348,25.0762405395508,28.1690883636475,119.193344116211
102.362968444824,133.56852722168,69.3551864624023,160.78630065918,69.4366683959961,58.3274078369141,91.1100082397461
105.845115661621,133.633331298828,80.8639984130859,196.088226318359,72.6737823486328,57.2037773132324,108.458450317383
129.266662597656,187.35139465332,182.071395874023,186.52360534668,80.1958312988281,43.924446105957,88.8675003051758
141.428344726562,190.491119384766,117.483383178711,189.657775878906,52.4912109375,69.4142456054688,107.967681884766
128.733337402344,100.444442749023,81.8388900756836,178.894439697266,53.1611099243164,27.3222236633301,166.938888549805
310.936370849609,100.794044494629,78.0731811523438,106.552757263184,68.1844024658203,41.0556678771973,84.8521881103516
100.535568237305,206.256652832031,148.124786376953,241.938659667969,54.2611618041992,57.5274658203125,113.887084960938
112.563484191895,160.729904174805,167.392669677734,177.467514038086,55.4803886413574,57.3354873657227,124.765426635742
94.9400024414062,125.639999389648,56.0400009155273,162.660003662109,84.7399978637695,56.2400016784668,126.870002746582
154.920364379883,149.983703613281,78.8633346557617,117.666664123535,34.8377799987793,25.5933322906494,145.253707885742
146.663192749023,210.094589233398,163.844299316406,166.767211914062,58.51611328125,53.3213882446289,93.5123596191406
138.943771362305,182.634689331055,136.468017578125,155.621887207031,75.6542129516602,71.8198623657227,123.538047790527
177.809997558594,166.770004272461,115.75,107.849998474121,23.9799995422363,11,128.800003051758
175.481231689453,180.256973266602,129.606872558594,95.4043502807617,110.421279907227,51.6470527648926,102.997734069824
92.8606109619141,211.007476806641,206.234771728516,179.904449462891,50.1248474121094,65.2785873413086,81.5286865234375
145.008224487305,137.321762084961,167.929183959961,137.5078125,87.7731552124023,38.0140724182129,107.548583984375
124.895004272461,201.337219238281,180.114166259766,164.415557861328,73.0280609130859,53.5911102294922,77.138053894043
95.3843460083008,150.69856262207,66.2592239379883,73.2787933349609,165.204284667969,63.8366737365723,143.139068603516
120.601455688477,79.7057342529297,139.678787231445,130.271850585938,39.3550758361816,27.5770778656006,160.877624511719
110.34211730957,87.8283386230469,173.187103271484,100.150344848633,55.1318130493164,67.2081146240234,140.750640869141
114.209701538086,111.018508911133,54.4134826660156,49.0735855102539,112.708389282227,67.3840942382812,144.674499511719
143.437469482422,110.532241821289,88.8813400268555,165.373458862305,51.0429725646973,38.0130844116211,101.190299987793
122.114471435547,109.986640930176,104.608940124512,81.9468612670898,87.8707733154297,48.6226043701172,165.316497802734
95.5471649169922,108.117782592773,74.3523101806641,27.6287536621094,156.167465209961,81.2532196044922,122.412719726562
94.0767059326172,107.173202514648,82.9438781738281,21.2239398956299,173.190338134766,80.7898635864258,99.6299896240234
142.562774658203,91.9355621337891,158.2177734375,168.319442749023,37.3505554199219,34.156665802002,140.623901367188
155.663375854492,102.294784545898,119.093002319336,173.675033569336,59.3177032470703,37.0048217773438,92.087890625
93.8361434936523,141.749816894531,61.8201370239258,84.6327133178711,199.932113647461,115.648178100586,145.149307250977
111.265464782715,121.052680969238,70.1587066650391,52.3602714538574,103.450073242188,75.053581237793,140.881683349609
120.715614318848,77.7089233398438,181.151596069336,166.296829223633,40.1684837341309,20.6267948150635,163.692276000977
141.31005859375,61.1452560424805,44.7050514221191,113.469299316406,45.7452545166016,94.2353515625,108.684143066406
88.6585845947266,119.70255279541,120.165901184082,16.3776340484619,228.90348815918,86.8332824707031,101.055000305176
126.722267150879,86.2397232055664,146.733108520508,217.225540161133,79.4549865722656,15.0481977462769,151.668243408203
118.413047790527,94.3486099243164,174.329437255859,191.489242553711,33.0669174194336,34.0223503112793,157.259292602539
128.015899658203,104.86442565918,139.524169921875,157.784164428711,58.6204986572266,55.0128135681152,155.126022338867
127.959693908691,116.974746704102,141.030914306641,96.971923828125,88.6368713378906,43.6377792358398,179.489807128906
106.720191955566,150.463272094727,65.0201110839844,70.2118759155273,148.342910766602,61.4805564880371,147.465560913086
111.308448791504,99.2666625976562,104.105995178223,30.9040203094482,105.376159667969,56.7398109436035,145.606170654297
113.583610534668,103.448539733887,127.123832702637,55.0042533874512,105.512718200684,56.8722114562988,140.916763305664
122.634941101074,143.439315795898,98.0404434204102,69.5914916992188,121.232490539551,101.196098327637,160.622619628906
140.995559692383,78.413703918457,45.35888671875,100.700187683105,51.2024116516113,101.321105957031,110.137214660645
137.056060791016,108.990905761719,123.050498962402,128.796173095703,55.0380210876465,44.5919876098633,178.859527587891
102.445457458496,92.3680114746094,69.4375762939453,19.7000007629395,128.248825073242,50.316764831543,129.133941650391
92.4738159179688,126.230659484863,53.4594116210938,72.5766754150391,193.951202392578,87.3941040039062,127.523666381836
141.322219848633,86.5666656494141,32.3111114501953,26.7555561065674,48.0888900756836,92.0222244262695,131.755554199219
143.270446777344,108.673851013184,130.28791809082,159.566665649414,57.1058311462402,18.2820568084717,116.553421020508
118.189811706543,99.2017364501953,45.6379661560059,42.661262512207,73.3067932128906,46.0733375549316,109.402656555176
88.1640930175781,95.4155731201172,84.9262619018555,41.7155990600586,163.73974609375,57.6683349609375,124.498275756836
135.463333129883,74.913703918457,67.4663009643555,127.153709411621,51.4862976074219,96.38037109375,118.436302185059
92.1674194335938,111.083839416504,69.8638916015625,36.4724731445312,117.106819152832,85.9790420532227,139.096969604492
128.59440612793,84.0488204956055,54.5454902648926,24.0871257781982,68.9712219238281,57.3374404907227,109.918670654297
109.398727416992,112.244483947754,80.4716262817383,45.309684753418,113.714584350586,35.9696464538574,135.287734985352
131.601577758789,107.022254943848,108.767364501953,139.311126708984,72.2399597167969,59.0557136535645,171.579437255859
101.506286621094,135.786911010742,78.3413772583008,63.8128547668457,188.39616394043,97.6281127929688,130.453079223633
108.071113586426,128.190795898438,124.538063049316,62.0292930603027,108.025520324707,60.5554885864258,183.469223022461
123.148056030273,100.842361450195,112.98388671875,174.809722900391,32.367359161377,60.2301406860352,105.301239013672
99.8879241943359,98.683464050293,116.144142150879,25.1983661651611,147.724700927734,89.4567337036133,118.105995178223
117.152725219727,99.1691589355469,138.803756713867,94.6378326416016,88.8243789672852,50.3476104736328,192.896636962891
82.1855392456055,97.0085678100586,77.0983963012695,19.1358089447021,206.338287353516,72.0112762451172,107.830085754395
104.260673522949,107.301620483398,66.4870376586914,22.9295272827148,161.51789855957,93.4790496826172,133.584899902344
115.443656921387,125.875770568848,93.7742767333984,71.0715408325195,107.123870849609,83.9200744628906,149.990386962891
124.523101806641,90.8845062255859,65.5655822753906,63.4461822509766,102.559303283691,34.0980110168457,119.433990478516
131.817855834961,104.543098449707,130.35319519043,38.0296325683594,79.4845199584961,52.537036895752,154.492599487305
98.9354095458984,121.423721313477,47.8232498168945,71.0022735595703,155.11003112793,79.2870941162109,132.090606689453
101.444679260254,142.763809204102,83.878532409668,64.2928466796875,154.901382446289,85.9153594970703,154.712249755859
121.88639831543,87.7061309814453,93.5525970458984,72.5562286376953,84.1045837402344,27.809154510498,160.071472167969
146.53889465332,100.338882446289,71.5500030517578,29.7888889312744,100.577774047852,58.3499984741211,114.088882446289
98.8827743530273,93.3127822875977,91.7562484741211,76.682014465332,103.840530395508,58.9786720275879,138.212738037109
148.92919921875,110.863037109375,140.619079589844,113.682693481445,52.7160034179688,34.2338943481445,183.279006958008
129.533538818359,102.066802978516,93.7444534301758,108.655876159668,91.6694183349609,63.3476066589355,164.638931274414
112.377861022949,93.9338073730469,108.78067779541,26.8303909301758,106.989219665527,46.0484008789062,135.371292114258
169.065872192383,131.647842407227,138.24299621582,56.2295799255371,163.871047973633,38.2389640808105,99.5236892700195
161.460205078125,88.8192291259766,89.6402053833008,32.372013092041,101.05184173584,42.1379013061523,120.916885375977
142.027770996094,130.438888549805,90.1277770996094,18.466667175293,94.3222198486328,55.5166664123535,60.4111099243164
179.488891601562,126.911109924316,75.5,35.3222236633301,105.866668701172,99.2888870239258,50.1555557250977
128.198196411133,123.979232788086,79.0998382568359,47.0118179321289,42.0798416137695,64.0212631225586,134.885711669922
168.956558227539,95.7661590576172,82.3833312988281,46.8297996520996,62.7734870910645,56.2886390686035,65.9250030517578
214.66667175293,162.83332824707,141.744445800781,214.300003051758,195.533340454102,57.9777793884277,111.511108398438
145.478042602539,105.500221252441,66.9881820678711,33.7909126281738,52.6967697143555,47.0070915222168,128.227935791016
189.728790283203,108.396469116211,60.7343444824219,37.1808090209961,83.9757537841797,94.2393951416016,42.9323234558105
151.962188720703,134.368041992188,114.105422973633,26.4699878692627,121.447273254395,70.3055191040039,97.4580383300781
84.0568161010742,156.477279663086,122.613639831543,109.931816101074,81.2045440673828,68.9659118652344,133.954544067383
187.627777099609,123.533332824707,168.266662597656,55.8722229003906,105.461112976074,22.2888889312744,90.9000015258789
131.233489990234,129.857238769531,155.374572753906,91.8180160522461,210.512283325195,65.1053848266602,201.263809204102
105.046119689941,131.947479248047,81.956901550293,96.3582458496094,106.419532775879,101.502021789551,163.241073608398
89.3434371948242,150.83837890625,120.373741149902,237.222229003906,89.7777786254883,66.2222213745117,127.343437194824
184.477783203125,137.105545043945,107.244438171387,109.62963104248,117.75,20.9833335876465,94.5796279907227
176.689483642578,132.186721801758,120.156112670898,105.267166137695,137.770156860352,28.6266422271729,100.616539001465
70.3666687011719,154.144439697266,151.777770996094,103.011108398438,110.577774047852,98.1999969482422,158.011108398438
140.620697021484,132.281692504883,152.042434692383,103.463638305664,325.148864746094,92.6584548950195,124.450386047363
143.655548095703,223.266662597656,117.655555725098,109.800003051758,90.6333312988281,129.877777099609,180.111114501953
86.8874969482422,104.574996948242,117.75,103.862503051758,114.137496948242,135.212493896484,148.449996948242
158.33332824707,129.522216796875,128.866668701172,93.7777786254883,74.6444473266602,147.022216796875,129.544448852539
144.579193115234,179.409088134766,167.316162109375,112.452125549316,265.717590332031,118.205665588379,110.040000915527
155.449295043945,141.836959838867,159.179397583008,96.2331314086914,308.291320800781,78.1911087036133,187.976165771484
117.386108398438,127.912216186523,157.735565185547,74.8649978637695,133.95166015625,69.1677780151367,197.245559692383
195.609100341797,119.162307739258,84.8364715576172,62.559253692627,96.0037155151367,68.1642456054688,119.631652832031
132.492431640625,201.973739624023,173.064147949219,104.321716308594,257.025268554688,115.412628173828,127.745452880859
114.094955444336,131.229293823242,151.077270507812,101.392929077148,127.355049133301,119.714645385742,181.400512695312
92.4111099243164,137.5,157.522216796875,98.9777755737305,126.711112976074,74.7444458007812,174.522216796875
258.818176269531,136.101013183594,221.525253295898,149.121215820312,271.363647460938,0,65.3333358764648
206.405456542969,141.870147705078,185.399230957031,106.099899291992,234.466766357422,16.2777271270752,56.100456237793
196.575759887695,144.626266479492,194.202026367188,118.828285217285,283.989898681641,19.7575759887695,57.0404052734375
186.356063842773,119.565650939941,178.613632202148,95.2415771484375,232.618347167969,21.2466335296631,68.240234375
201.599655151367,147.897644042969,167.305725097656,107.569358825684,198.14208984375,13.0952863693237,55.9232330322266
228.025634765625,127.679916381836,198.245330810547,133.774490356445,217.434585571289,19.3353538513184,62.9409065246582
171.81672668457,119.044326782227,213.144012451172,123.516998291016,256.468414306641,18.8683624267578,65.1107330322266
188.510101318359,139.989898681641,227.095947265625,123.313125610352,236.1767578125,19.7020206451416,66.83837890625
202.648986816406,165.886352539062,195.285339355469,136.040405273438,198.754043579102,15.0080814361572,58.3808059692383
179.301177978516,127.14168548584,199.357559204102,104.401763916016,225.268600463867,19.2046699523926,72.4044952392578
163.603546142578,45.1780014038086,146.320220947266,63.7897758483887,39.7600021362305,14.1193332672119,194.252227783203
126.919998168945,116.669998168945,69.4000015258789,122.559997558594,73.9599990844727,57.4300003051758,95.9199981689453
167.378845214844,78.1291885375977,169.802597045898,71.4200744628906,62.7615509033203,34.20263671875,87.4836196899414
162.410003662109,46.1599998474121,300.149993896484,58.3400001525879,42.5400009155273,15.3000001907349,195.270004272461
103.093360900879,110.271492004395,75.7263259887695,81.5518951416016,60.1585998535156,37.9376258850098,82.7533798217773
84.1976776123047,129.562377929688,80.5644454956055,85.6039581298828,65.7185363769531,32.7324485778809,71.8928756713867
175.410003662109,47.1500015258789,181.149993896484,44.310001373291,77.4400024414062,16.8999996185303,123.930000305176
154.293762207031,81.0886306762695,148.738540649414,81.8446350097656,78.6848297119141,28.1059799194336,85.878059387207
167.781677246094,60.1160583496094,168.011611938477,53.2781753540039,64.8048095703125,21.4598484039307,102.883781433105
112.41667175293,89.6767654418945,87.2601013183594,98.6414108276367,160.398986816406,103.967178344727,126.085861206055
66.2815628051758,69.0672760009766,107.82642364502,45.5177230834961,174.062515258789,126.93473815918,45.6224899291992
106.318031311035,92.008903503418,107.106369018555,127.166206359863,122.149375915527,66.5804061889648,134.515884399414
117.725486755371,120.479598999023,82.2220001220703,75.8140716552734,187.421905517578,72.1991958618164,141.901275634766
118.168006896973,119.697135925293,92.0899047851562,94.8141403198242,166.53923034668,59.0658264160156,136.388549804688
67.9394378662109,88.914680480957,80.0325088500977,50.304931640625,260.514678955078,112.187278747559,63.3616828918457
46.3496856689453,37.5337677001953,82.0467834472656,50.629337310791,75.0703125,103.599319458008,33.0094947814941
101.998611450195,119.00227355957,97.7419509887695,68.161735534668,176.355590820312,68.6121520996094,141.586608886719
142.986862182617,151.146606445312,89.5363616943359,132.736358642578,142.086578369141,54.6630554199219,112.087585449219
119.672470092773,109.938255310059,121.848152160645,108.913795471191,92.8175735473633,60.6490249633789,115.298583984375
89.308464050293,79.9926071166992,119.523651123047,106.227699279785,89.1605072021484,54.1304740905762,128.696914672852
126.082489013672,105.787208557129,142.995956420898,92.7979736328125,61.7057228088379,51.149829864502,175.529296875
109.832824707031,93.0254211425781,122.282997131348,120.212738037109,92.1404495239258,72.1408996582031,140.255264282227
117.680656433105,137.267837524414,102.884696960449,129.32292175293,122.48592376709,53.3225898742676,114.440361022949
126.633331298828,117.97777557373,121.711112976074,91.033332824707,41,25.0777778625488,208.244445800781
87.5904312133789,117.583030700684,119.244575500488,30.0273628234863,188.258682250977,77.2435760498047,119.136901855469
100.489044189453,79.0623626708984,96.9390563964844,59.86767578125,272.443450927734,90.3066940307617,99.8438034057617
64.0858001708984,91.8572387695312,69.9430999755859,38.303596496582,201.647872924805,113.972015380859,55.4296722412109
125.02912902832,108.985908508301,99.7610321044922,124.060600280762,164.559631347656,56.8024139404297,114.46800994873
93.9902191162109,120.161109924316,72.0222244262695,78.9636993408203,195.61979675293,67.9775848388672,81.1077728271484
82.5784225463867,91.7986907958984,111.04695892334,58.552173614502,123.14289855957,69.6636962890625,120.145118713379
126.871604919434,112.142066955566,80.4187393188477,83.4541168212891,189.650177001953,63.3743057250977,147.950469970703
103.979164123535,90.75,80.78125,114.114585876465,177.51042175293,106.708335876465,103.8125
123.201721191406,99.5738754272461,134.397827148438,128.233856201172,79.5320281982422,80.4499969482422,151.353240966797
98.1131439208984,113.32527923584,109.72859954834,75.5811233520508,176.905044555664,69.8697967529297,117.845481872559
122.324249267578,120.236686706543,82.1061859130859,88.1290435791016,202.173309326172,67.2037887573242,126.043823242188
95.5277328491211,96.2699584960938,118.627288818359,27.3397006988525,175.200622558594,73.558235168457,129.820098876953
139.819519042969,138.51301574707,170.316360473633,103.905838012695,101.83837890625,52.8319854736328,126.762069702148
69.5395965576172,56.4234390258789,118.281227111816,76.68359375,156.834182739258,119.641395568848,41.6449699401855
78.0626831054688,85.0033645629883,116.856628417969,59.2457656860352,206.850296020508,109.841743469238,59.5208625793457
109.138298034668,99.5045623779297,83.8326568603516,75.0356063842773,224.571060180664,62.7186851501465,128.60237121582
111.952972412109,83.7459487915039,88.3881301879883,61.0006675720215,290.733306884766,69.2588806152344,124.045471191406
120.52725982666,128.060256958008,99.1599349975586,131.404037475586,144.70573425293,49.9360237121582,110.662292480469
78.2260131835938,74.7490539550781,91.8732070922852,25.7261180877686,156.1845703125,75.8439559936523,106.656463623047
124.704032897949,113.44856262207,85.5110244750977,82.398063659668,196.042861938477,60.0494117736816,128.698059082031
93.583381652832,91.2620849609375,93.8306198120117,55.6511611938477,196.812347412109,105.659538269043,88.3330688476562
108.12525177002,116.770195007324,113.140647888184,119.329048156738,112.652412414551,59.7998390197754,117.450225830078
72.2002334594727,80.9057998657227,108.084609985352,45.2881011962891,201.120208740234,122.594802856445,50.6082000732422
77.6875457763672,88.3646392822266,89.6567687988281,50.4269027709961,217.28678894043,115.716041564941,59.9479446411133
64.5976638793945,58.1938552856445,120.171699523926,37.73046875,140.012756347656,130.758499145508,38.9484100341797
140.207580566406,155.932586669922,155.404037475586,153.812637329102,128.634841918945,43.7959594726562,109.497222900391
101.173377990723,104.886100769043,113.039115905762,136.61833190918,118.078475952148,57.806713104248,122.90843963623
103.47615814209,105.901741027832,84.8098297119141,81.8101272583008,124.490341186523,78.7439117431641,124.34806060791
155.33837890625,172.888885498047,211.550506591797,111.075759887695,99.1060638427734,38.9747467041016,127.196975708008
72.4512557983398,96.1689605712891,64.7740783691406,59.7935905456543,233.486373901367,93.3672943115234,69.8339004516602
175.836730957031,151.466506958008,132.703994750977,58.5964241027832,227.547439575195,36.0964164733887,46.3564338684082
232.693572998047,130.196350097656,174.320083618164,117.901390075684,220.748336791992,59.1747436523438,43.6781578063965
186.794448852539,124.861106872559,153.149993896484,82.1166687011719,234.800003051758,29.716667175293,59.5722198486328
168.96240234375,100.641807556152,155.099197387695,85.7249908447266,214.035690307617,41.6010131835938,32.2949485778809
154.9375,131.75,211.037506103516,58.0999984741211,177.100006103516,24.3875007629395,73.9250030517578
159.747207641602,172.389389038086,132.283660888672,61.2951164245605,239.321899414062,59.6424255371094,51.180721282959
220.385864257812,130.152954101562,165.776626586914,103.553672790527,221.255996704102,44.8432884216309,52.3422813415527
185.538543701172,111.854187011719,134.103393554688,88.7477798461914,222.868621826172,42.9441413879395,39.9168663024902
156.194534301758,132.816299438477,126.639984130859,51.1961326599121,219.51676940918,48.5409965515137,38.9145622253418
174.431625366211,100.833694458008,150.111038208008,102.57935333252,264.675964355469,38.428825378418,47.9492874145508
262.124267578125,179.865142822266,233.635864257812,74.3292922973633,199.665649414062,42.2176742553711,49.1904067993164
215.384475708008,159.516693115234,124.623413085938,109.554130554199,76.673210144043,16.3392467498779,101.682327270508
371.212219238281,206.131134033203,156.988296508789,92.5703964233398,203.484100341797,56.9926223754883,121.686622619629
175.74137878418,85.8317413330078,111.145812988281,71.6387710571289,148.642669677734,37.6434326171875,107.909561157227
356.638580322266,221.925750732422,142.380737304688,68.8765411376953,248.424072265625,42.3043518066406,110.004348754883
201.044860839844,141.989288330078,115.756965637207,77.6661529541016,92.9980850219727,10.2447471618652,56.2735328674316
204.466659545898,118.777778625488,110.188888549805,178.522216796875,258.344451904297,57.966667175293,128.611114501953
185.195053100586,94.2918167114258,167.917892456055,153.685455322266,190.448089599609,26.267578125,117.978073120117
217.280334472656,156.901870727539,98.0618896484375,91.4704513549805,71.1213455200195,13.1836185455322,91.5876388549805
201.31510925293,128.703567504883,165.638000488281,72.9702301025391,90.6379928588867,10.1857776641846,101.765777587891
245.41975402832,196.037033081055,112.456787109375,91.1481475830078,186.592590332031,19.2098770141602,170.58024597168
155.872283935547,77.6507034301758,181.839096069336,98.2543869018555,77.63232421875,44.5164680480957,129.101913452148
222.611389160156,100.793472290039,155.525543212891,110.273880004883,240.364028930664,39.7081985473633,129.351943969727
224.300003051758,168.887222290039,113.49666595459,128.103332519531,57.5530586242676,15.7386112213135,111.269439697266
194.479995727539,133.110000610352,137.600006103516,82.4499969482422,229.899993896484,56.9799995422363,104.440002441406
201.324996948242,161.559997558594,136.174987792969,106.449996948242,63.6800003051758,10.7799997329712,93.8849945068359
194.898544311523,98.0904769897461,240.627548217773,84.8842010498047,119.066261291504,21.749137878418,118.009544372559
219.289993286133,142.399993896484,109.849998474121,66.1399993896484,56.1399993896484,11.7700004577637,51.1399993896484
109.669403076172,178.221008300781,44.6453971862793,114.663436889648,98.8273620605469,80.0774230957031,132.001983642578
152.487777709961,103.650573730469,19.1352710723877,73.8086624145508,176.183670043945,82.2730178833008,147.05729675293
130.59098815918,99.1409149169922,22.6766681671143,56.5081901550293,146.897567749023,82.640007019043,106.18189239502
83.4636306762695,137.280944824219,43.2283668518066,93.7078247070312,133.089385986328,74.1493759155273,76.3616790771484
113.331214904785,133.033966064453,85.3855056762695,85.4924697875977,190.67756652832,98.619873046875,110.720321655273
118.229759216309,136.629104614258,90.344367980957,88.3591918945312,171.224655151367,80.3144760131836,118.368064880371
97.4222259521484,163.884368896484,152.513671875,88.4504470825195,88.5657272338867,65.6816482543945,183.635406494141
141.547637939453,107.534156799316,28.5583152770996,37.0591735839844,176.195220947266,90.9005279541016,123.400077819824
72.136360168457,107.761360168457,31.8295459747314,55.0909080505371,63.8068199157715,50.1136360168457,25.0909099578857
107.39030456543,154.212539672852,43.4964752197266,73.8866424560547,92.0974273681641,75.8800659179688,111.443946838379
113.090347290039,132.268051147461,80.1566009521484,80.4368057250977,158.288421630859,79.6009979248047,98.774169921875
113.088600158691,119.365036010742,71.4352951049805,49.6083793640137,196.814422607422,76.7258911132812,101.94255065918
119.09130859375,109.099822998047,35.4924697875977,37.4790306091309,202.133605957031,82.7130813598633,116.759521484375
101.269515991211,137.952072143555,91.3452911376953,79.6390533447266,147.459487915039,91.4864654541016,112.348045349121
85.9318618774414,150.833480834961,55.5061225891113,64.1551132202148,91.7523345947266,68.1765289306641,101.538993835449
100.986610412598,174.091934204102,68.3539657592773,149.508682250977,61.4914817810059,66.668327331543,100.320709228516
105.020202636719,138.202026367188,21.5151519775391,106.818183898926,100.75757598877,73.9696960449219,44.343433380127
101.869361877441,129.437408447266,95.9207992553711,74.2477188110352,82.8971176147461,98.1774063110352,136.731491088867
88.2740936279297,163.419998168945,56.1198883056641,98.0520401000977,174.477752685547,83.5068130493164,103.113868713379
89.2335357666016,153.980926513672,59.1899337768555,101.763557434082,163.983764648438,74.3654479980469,95.1206970214844
101.059661865234,149.063140869141,40.8544845581055,124.702018737793,90.6171112060547,64.8156509399414,62.0132598876953
108.481864929199,114.213844299316,5.8988995552063,108.814125061035,160.336837768555,86.6202239990234,135.492340087891
93.3453140258789,134.630081176758,68.1293640136719,50.0590057373047,159.844528198242,88.2182159423828,77.931266784668
96.0392150878906,170.338226318359,57.2901725769043,46.2120933532715,76.9301605224609,83.9106674194336,97.0997009277344
111.624801635742,112.058403015137,109.175582885742,79.7013778686523,89.699089050293,66.417350769043,166.689529418945
98.3983459472656,172.110900878906,41.1170539855957,131.044586181641,89.4026107788086,64.2309722900391,85.3937835693359
65.9659118652344,107.397727966309,14.4886360168457,57.1818199157715,74.5227279663086,65.25,38.4431800842285
138.781555175781,103.754936218262,23.5306377410889,38.35791015625,194.889541625977,96.2120895385742,142.78010559082
94.6769943237305,163.911407470703,141.780395507812,109.948860168457,101.774627685547,89.5987396240234,120.759872436523
114.702613830566,102.616050720215,42.851016998291,57.0517768859863,153.177124023438,79.984130859375,95.3211898803711
96.9522399902344,130.038208007812,61.2565689086914,64.5757446289062,175.017700195312,74.2986450195312,98.6616592407227
124.576545715332,94.0472564697266,98.2628402709961,64.4409103393555,76.8230133056641,45.1480484008789,166.232192993164
93.3546142578125,154.901779174805,76.1832809448242,80.6974105834961,80.2123794555664,64.9225692749023,88.8559646606445
112.490921020508,130.38005065918,124.935707092285,95.8376846313477,91.5350875854492,53.76025390625,165.144607543945
123.75,107.499618530273,78.0518951416016,50.2750015258789,50.5146522521973,59.1217193603516,181.647094726562
94.1329803466797,133.427658081055,27.9910011291504,127.144515991211,101.253868103027,69.101936340332,64.4949798583984
124.600952148438,112.152954101562,26.352014541626,41.5280151367188,213.781295776367,91.8021011352539,122.245994567871
127.174346923828,121.247451782227,42.8585586547852,82.61181640625,176.503265380859,73.8202743530273,110.669486999512
113.577598571777,139.042251586914,79.8945846557617,78.0724334716797,213.127227783203,62.4204139709473,105.66805267334
146.697250366211,81.8327865600586,94.1622543334961,36.85693359375,63.5639152526855,50.3751182556152,142.61735534668
89.0532379150391,160.588577270508,74.181396484375,57.0439682006836,82.5335006713867,62.8179512023926,98.9325408935547
105.583854675293,162.471145629883,92.6750564575195,74.7185974121094,115.465789794922,97.6040878295898,130.714797973633
92.0141372680664,143.575881958008,109.7470703125,128.776092529297,130.348587036133,59.9652938842773,112.410850524902
100.989936828613,122.673400878906,54.5908813476562,46.1788330078125,180.328826904297,79.0992584228516,90.118034362793
81.2619247436523,163.804214477539,36.679141998291,61.2613677978516,75.627799987793,67.5733032226562,76.196159362793
100.80793762207,147.241088867188,81.4966506958008,94.1004867553711,136.505569458008,114.194679260254,112.21484375
121.403137207031,118.260459899902,38.3157043457031,34.233039855957,219.774490356445,84.6539306640625,101.68628692627
87.9533843994141,137.872650146484,74.6294097900391,114.835403442383,149.013397216797,61.5075874328613,105.923751831055
120.659088134766,186.375,134.045455932617,164.818176269531,239.636367797852,87.0909118652344,61.9204559326172
41.7567291259766,34.4506568908691,60.526912689209,32.1159400939941,77.83056640625,119.096572875977,6.81500482559204
16.080171585083,19.1456470489502,69.3910064697266,23.8598804473877,51.7436485290527,62.8830299377441,0.719983696937561
39.7882118225098,29.3476829528809,85.0051498413086,46.4214324951172,56.4376411437988,120.602767944336,16.6246604919434
35.1730308532715,17.832010269165,91.3611907958984,18.2925758361816,71.6742782592773,49.2733955383301,0.810350477695465
19.7734470367432,20.866268157959,57.7993125915527,59.9656829833984,116.678596496582,52.2320938110352,3.32148361206055
45.3240127563477,32.1386947631836,172.560470581055,25.0533676147461,30.8552799224854,136.194534301758,6.68500995635986
37.921947479248,35.7631797790527,116.309959411621,28.1296253204346,59.5037727355957,84.8606872558594,3.45754504203796
10.5235042572021,34.5954170227051,69.3748016357422,54.0557708740234,19.3717613220215,98.2314300537109,10.2022466659546
16.6342506408691,24.9344387054443,83.7792587280273,28.3771152496338,49.226261138916,60.7986793518066,2.92728281021118
51.991626739502,44.3777961730957,64.9574279785156,29.4250297546387,97.715446472168,86.459358215332,15.1055698394775
65.1013565063477,40.8070373535156,89.808235168457,48.6820983886719,120.459350585938,112.606971740723,34.1523551940918
50.6765480041504,44.2278671264648,83.5285339355469,32.5902519226074,113.988822937012,100.8583984375,20.8636779785156
46.0315361022949,46.2817420959473,141.312255859375,58.8159217834473,53.9296379089355,93.5685958862305,3.16370248794556
20.4968585968018,34.0691070556641,112.214157104492,37.1438903808594,35.5478744506836,106.276344299316,7.21091318130493
23.2238311767578,24.9393825531006,40.4780921936035,15.1546039581299,57.2325859069824,79.7484588623047,1.83236229419708
22.6866493225098,15.879677772522,90.8561782836914,21.8043308258057,99.4253311157227,59.0204772949219,0.713377773761749
97.3972625732422,198.640548706055,142.322067260742,205.297698974609,56.6307373046875,38.267822265625,77.7826766967773
93.9836807250977,198.849227905273,173.266387939453,198.399017333984,63.943920135498,31.8652305603027,80.9001541137695
117.39119720459,133.054702758789,130.65007019043,164.85368347168,86.3823928833008,60.8594551086426,106.776054382324
120.28157043457,163.959075927734,150.43359375,180.719451904297,90.7358627319336,79.3265075683594,149.316421508789
136.322479248047,100.968307495117,183.204788208008,134.169815063477,75.5448226928711,70.5968475341797,122.946594238281
91.5382461547852,166.986480712891,122.258499145508,159.834014892578,43.2636260986328,49.5394058227539,98.0544738769531
94.4149398803711,185.606658935547,153.367340087891,147.217620849609,38.6050987243652,43.5215454101562,84.4440078735352
106.025749206543,147.734573364258,133.98876953125,129.951126098633,53.4384078979492,66.8389663696289,61.6835479736328
114.377777099609,131.522216796875,106.577774047852,282.688903808594,54.0111122131348,55.1333351135254,91.7333297729492
124.102142333984,108.466163635254,179.277526855469,180.219314575195,70.0165405273438,73.9814453125,142.817047119141
105.659652709961,115.45166015625,96.2336578369141,106.727638244629,60.0499877929688,54.4984359741211,77.6523208618164
118.425498962402,133.092926025391,202.536117553711,123.432579040527,81.2686920166016,53.2934341430664,125.242919921875
101.452293395996,167.705184936523,131.416046142578,190.937240600586,57.8860816955566,59.2327499389648,75.4215621948242
100.909507751465,158.799301147461,163.746032714844,200.470153808594,43.917652130127,50.9894218444824,78.6145629882812
97.9330062866211,157.478042602539,141.953414916992,132.721420288086,54.5108070373535,63.140983581543,67.09912109375
162.531524658203,114.574142456055,191.00080871582,119.510093688965,53.4670715332031,89.8448486328125,128.958984375
117.594444274902,140.861114501953,99.6166687011719,151.355560302734,48.3555564880371,34.8944435119629,119.127777099609
108.377784729004,150.381973266602,179.771179199219,168.042358398438,72.9538345336914,40.5612106323242,92.4791564941406
119.120452880859,149.588958740234,132.573486328125,233.884399414062,92.2537841796875,71.4254379272461,133.342407226562
91.4678573608398,136.611389160156,148.829849243164,194.725982666016,46.2145080566406,43.2226829528809,98.743896484375
90.9283065795898,217.466079711914,159.913711547852,159.54231262207,39.5508079528809,42.813648223877,79.4961471557617
107.293441772461,174.769439697266,157.251007080078,149.847229003906,73.8840942382812,52.7209587097168,104.894195556641
120.723335266113,167.70832824707,168.797225952148,148.289993286133,59.3655548095703,67.7200012207031,121.99333190918
95.1203002929688,120.79566192627,98.4465637207031,107.665649414062,56.1735801696777,55.3596687316895,85.054931640625
103.083763122559,194.095428466797,148.163726806641,164.55339050293,67.7395172119141,60.5988121032715,64.2050628662109
119.611846923828,94.6974334716797,136.078430175781,218.850936889648,55.6971473693848,65.5860443115234,121.430763244629
116.348991394043,185.318176269531,166.222717285156,148.734848022461,77.4949493408203,66.5580825805664,105.974243164062
107.797973632812,190.117736816406,135.516143798828,170.024566650391,71.9171600341797,49.3648109436035,81.0430221557617
101.163108825684,156.242492675781,116.40291595459,170.20573425293,64.8760528564453,34.2496299743652,91.0335388183594
105.890617370605,170.368804931641,100.114318847656,176.792297363281,56.2962112426758,52.0527420043945,96.0302124023438
102.401336669922,167.392883300781,180.106170654297,181.467575073242,83.9908065795898,38.8431854248047,101.618942260742
99.9037322998047,115.166549682617,126.152420043945,157.108581542969,77.5490875244141,48.8825225830078,104.923843383789
107.915748596191,213.67106628418,142.785568237305,157.224044799805,55.9368896484375,51.7944450378418,67.1579284667969
99.7373733520508,161.323226928711,116.262626647949,120.535354614258,25.8989906311035,28.6262626647949,85.2727279663086
122.740249633789,126.088134765625,88.2738418579102,120.631332397461,60.7334365844727,71.6689071655273,72.9692687988281
87.0340194702148,155.747329711914,136.809844970703,159.569946289062,52.9168281555176,53.0166664123535,87.8749923706055
92.6313323974609,172.340530395508,126.282981872559,198.068405151367,42.5642242431641,57.4441146850586,87.5182952880859
135.960006713867,85.0500030517578,49.2900009155273,86.0299987792969,99.0500030517578,60.9300003051758,130.149993896484
163.122222900391,105.188888549805,55.5111122131348,36.6222229003906,100.155555725098,72.3333358764648,117.722221374512
95.7102279663086,100.721588134766,102.664772033691,104.721588134766,203.369323730469,71.2386322021484,75.9204559326172
74.6818161010742,136.477279663086,134.113632202148,137.159088134766,268.965911865234,81.9772720336914,97
68.2916946411133,53.0064544677734,24.2427768707275,46.844108581543,109.553764343262,106.807006835938,31.2338027954102
45.7528190612793,45.1839790344238,76.2727127075195,106.764259338379,99.0505065917969,126.149726867676,38.0901069641113
59.2378692626953,99.298583984375,53.0328903198242,121.917610168457,132.123397827148,124.85782623291,62.3432540893555
37.9480361938477,37.1375198364258,82.3048934936523,51.5033721923828,70.5776901245117,82.331413269043,23.0125217437744
83.7750396728516,50.2794609069824,25.5763492584229,39.0586051940918,125.04402923584,105.210296630859,22.166597366333
84.1917724609375,78.3134307861328,24.7171669006348,37.0710487365723,132.56559753418,104.991218566895,60.221305847168
125.793487548828,100.602508544922,50.5292701721191,34.6462554931641,146.587966918945,88.5950546264648,115.569465637207
61.902416229248,98.4968490600586,78.6168975830078,85.0376052856445,163.217636108398,116.601455688477,63.3865394592285
28.6259269714355,21.7009887695312,76.4962387084961,76.0815200805664,84.8833541870117,72.4464645385742,22.4802188873291
66.9241333007812,75.5201721191406,91.6561050415039,54.2816734313965,170.634887695312,121.159027099609,50.0027389526367
51.8070297241211,76.5214080810547,87.246940612793,91.616813659668,114.598320007324,129.354675292969,66.6348037719727
29.0620193481445,28.0022296905518,83.1784591674805,69.4765090942383,66.6846084594727,96.1418991088867,25.1317462921143
90.1542434692383,75.182373046875,72.2906265258789,35.4805870056152,121.489860534668,69.2932052612305,79.4343185424805
58.517765045166,79.4570922851562,59.5131950378418,141.659729003906,112.601127624512,125.426193237305,63.1525955200195
70.2775192260742,87.3416366577148,53.3531265258789,71.3704528808594,108.737327575684,108.327613830566,68.6123123168945
107.379051208496,84.9246139526367,90.7409439086914,28.3801937103271,172.317733764648,83.0358047485352,108.030517578125
85.375862121582,82.2987213134766,67.516716003418,57.2379150390625,143.995895385742,73.4064102172852,70.4913330078125
84.5389862060547,79.0162811279297,81.1336898803711,31.4692096710205,150.979263305664,71.5608139038086,95.1641159057617
74.1668930053711,92.617073059082,62.9698677062988,66.2038955688477,131.56819152832,91.4008483886719,77.503532409668
36.7034950256348,20.2656784057617,87.2754592895508,80.0821838378906,149.170120239258,68.1156311035156,22.0779666900635
56.6669158935547,51.7733726501465,97.748779296875,45.7339096069336,136.197616577148,124.73210144043,38.143440246582
62.0487365722656,53.4640121459961,38.7708206176758,112.071029663086,124.485977172852,105.956199645996,40.6976356506348
33.0639343261719,32.0109672546387,104.089416503906,61.2353897094727,79.8976287841797,103.156921386719,30.5261421203613
105.941795349121,80.1545639038086,101.266593933105,31.9214935302734,166.339935302734,65.709098815918,103.318199157715
111.430351257324,119.023368835449,52.8988914489746,32.3038444519043,169.850997924805,98.3729400634766,119.012535095215
134.399368286133,83.0265808105469,64.467658996582,29.1152400970459,132.827224731445,80.6467208862305,114.445289611816
123.751914978027,122.160606384277,79.4499053955078,108.051315307617,245.087478637695,24.3470706939697,91.6179809570312
148.611114501953,107.711112976074,100.300003051758,159.111114501953,240.444442749023,26.8999996185303,104.47777557373
141.643692016602,130.485336303711,111.545783996582,135.744277954102,195.837005615234,23.4223136901855,103.400993347168
140.754837036133,127.180809020996,83.1506500244141,112.754981994629,252.143890380859,34.8678207397461,92.5820999145508
140.736190795898,129.553695678711,109.521209716797,127.495796203613,174.005386352539,25.5414123535156,91.0639724731445
170.33332824707,189.363632202148,170.808074951172,174.636367797852,214.353530883789,91.363639831543,172.323226928711
164.680221557617,116.655113220215,103.195556640625,123.74666595459,138.578674316406,24.9255561828613,94.9208908081055
146.429626464844,129.959274291992,153.199996948242,100.259254455566,341.54443359375,72.1592636108398,116.462959289551
161.996520996094,127.992248535156,112.486427307129,140.586151123047,194.667602539062,26.2430305480957,101.391632080078
223.33332824707,162.855560302734,123.922225952148,187.199996948242,155.388885498047,100.422225952148,148.755554199219
150.138290405273,116.308738708496,113.263664245605,146.00666809082,167.030258178711,27.6940155029297,89.2320175170898
99.7900009155273,123.669998168945,144.960006713867,46.5200004577637,389.549987792969,25.4599990844727,43.9700012207031
83.629997253418,87.8300018310547,147.580001831055,33.0400009155273,530.159973144531,59.8899993896484,57.810001373291
118.147346496582,41.080680847168,30.7867431640625,66.9954528808594,82.389778137207,92.5609741210938,106.19734954834
39.7868690490723,24.1383838653564,95.5171737670898,75.1177749633789,121.417579650879,112.975143432617,16.807071685791
43.0182571411133,16.7088871002197,80.9420623779297,92.5639724731445,133.517471313477,103.712867736816,26.549840927124
126.866668701172,102.011108398438,220.366668701172,44.2999992370605,432.833343505859,58.2444458007812,35.8333320617676
113.618537902832,95.5075378417969,199.720581054688,35.5796585083008,460.876251220703,33.9463424682617,27.1992168426514
120.319564819336,45.2672996520996,21.1002540588379,65.0925445556641,87.7404022216797,98.3049240112305,96.2930603027344
45.4164657592773,107.055610656738,101.725952148438,14.6717042922974,176.44255065918,70.2440567016602,39.4296836853027
82.8686904907227,106.111114501953,114.191917419434,37.3838386535645,401.393951416016,167.747482299805,35.3333320617676
115.131187438965,96.2018661499023,137.93522644043,35.284797668457,532.369995117188,52.2647895812988,62.5260543823242
147.818176269531,131.202026367188,160.16162109375,71.3888854980469,104.75252532959,38.6969680786133,121.171722412109
160.215545654297,80.9046478271484,184.382629394531,140.387878417969,63.8442459106445,25.2614154815674,93.6707153320312
153.300262451172,87.7325744628906,181.223236083984,172.567932128906,65.4669189453125,17.4755058288574,93.9492416381836
158.951843261719,96.7683486938477,175.686874389648,123.436363220215,97.6262588500977,53.5010070800781,102.91650390625
167.252777099609,85.6016693115234,167.928894042969,102.916656494141,89.8011016845703,73.4533386230469,86.2566680908203
168.794067382812,86.4103698730469,186.092971801758,116.917030334473,81.1811141967773,55.2040748596191,91.0622253417969
138.121215820312,95.6868667602539,140.565658569336,234.060607910156,30.1919193267822,30.7070713043213,129.434341430664
127.288627624512,111.931831359863,154.84228515625,220.47004699707,65.6096038818359,11.4562644958496,142.792663574219
146.072723388672,74.4727249145508,170.218185424805,81.2909088134766,108.772727966309,46.7000007629395,92.0272750854492
148.030303955078,127.040405273438,165.909088134766,63.1313133239746,98.5858612060547,39.3333320617676,113.909088134766
131.229995727539,60.4000015258789,145.229995727539,113.959999084473,116.730003356934,32.4799995422363,89.0100021362305
137.844451904297,100.85555267334,183.477783203125,78.1444473266602,95.8444442749023,68.3555526733398,117.088890075684
161.316665649414,131.771331787109,163.755111694336,218.767120361328,76.6199951171875,7.93355560302734,141.739105224609
126.149658203125,63.8578491210938,176.234329223633,108.709098815918,122.906364440918,34.7930641174316,89.293098449707
145.485000610352,64.5661163330078,133.692779541016,88.0205535888672,116.768333435059,43.2555541992188,85.853889465332
110.292930603027,174.868682861328,113.272727966309,69.1616134643555,141.242431640625,44.1313133239746,110.787879943848
139.868682861328,133.868682861328,175.535354614258,237.060607910156,39.5959587097168,61.9494934082031,153.050506591797
159.119995117188,138.880004882812,152.410003662109,211.919998168945,49.3499984741211,5.57999992370605,152.220001220703
151.488632202148,171.318176269531,117.977272033691,218.238632202148,201.159088134766,38.2613639831543,237.727279663086
114.448867797852,180.681823730469,139.744323730469,178.607955932617,219.090911865234,67.8181838989258,37.2215919494629
128.840911865234,172.772735595703,110.965911865234,172.721588134766,214.397735595703,78.1079559326172,27.0227279663086
27.3927268981934,62.6863479614258,76.2511978149414,114.893920898438,173.786590576172,136.972427368164,144.010528564453
45.1764450073242,152.225997924805,251.442901611328,66.1651077270508,159.457550048828,206.697998046875,139.634674072266
41.9500007629395,74.4300003051758,73.9400024414062,132.100006103516,160.559997558594,129.419998168945,126.830001831055
30.6985855102539,136.260726928711,165.935897827148,113.905242919922,139.851715087891,95.923583984375,99.3054504394531
34.1740264892578,132.529998779297,240.313491821289,85.2475357055664,207.119369506836,182.95915222168,149.501327514648
58.0468444824219,90.7158203125,182.408325195312,110.217208862305,102.395973205566,125.184928894043,87.0973892211914
68.6111221313477,82.9745254516602,209.539978027344,151.723083496094,126.071853637695,64.3116455078125,78.4059143066406
77.680793762207,66.9654006958008,219.356811523438,111.853019714355,160.439682006836,217.7880859375,85.06396484375
80.2847900390625,77.4076690673828,170.820907592773,84.7768325805664,162.337966918945,152.04216003418,73.9728775024414
31.7600517272949,171.138229370117,212.592758178711,61.4609603881836,116.592765808105,94.1248016357422,119.647026062012
59.7565574645996,76.4278717041016,132.104141235352,104.595756530762,77.7113037109375,84.8760604858398,147.275955200195
81.1480560302734,88.2575988769531,204.092666625977,115.256202697754,72.9146347045898,128.911865234375,74.5737991333008
122.179740905762,114.031951904297,177.99853515625,91.4574432373047,99.8557281494141,164.546844482422,102.57795715332
89.5773620605469,53.4830551147461,214.431793212891,160.625823974609,147.977081298828,134.884155273438,79.2154235839844
88.5777740478516,124.97777557373,115.366668701172,73.5222244262695,97.1555557250977,241.899993896484,79.8888854980469
32.939998626709,58.1699981689453,91.0599975585938,90.0299987792969,143.559997558594,141,137.089996337891
118.707824707031,160.367172241211,155.848236083984,42.3558120727539,39.7873764038086,186.570709228516,113.41869354248
60.4442863464355,131.046951293945,89.4270706176758,95.6446380615234,158.171844482422,39.4104232788086,93.5050811767578
44.8940010070801,87.2104415893555,147.893997192383,60.4020004272461,129.666900634766,75.6815567016602,113.017990112305
27.0137481689453,57.8731956481934,122.491943359375,72.4501342773438,171.024719238281,166.74040222168,175.675155639648
27.496524810791,77.2271118164062,108.474189758301,47.4716377258301,138.485824584961,158.752899169922,147.047454833984
53.0137557983398,57.1516494750977,141.803970336914,62.8469581604004,95.522590637207,87.6263275146484,122.550888061523
84.9609909057617,76.7745666503906,217.553833007812,127.148765563965,159.831237792969,187.213821411133,108.832229614258
75.0427780151367,95.9716644287109,132.558334350586,61.1294441223145,113.922775268555,264.357238769531,76.3055572509766
38.9222221374512,116.755554199219,200.088882446289,98.3222198486328,185.122222900391,284.422210693359,149.088882446289
40.3762512207031,204.797241210938,209.710845947266,55.0687522888184,130.211242675781,103.369445800781,132.273483276367
48.2180023193359,60.2458305358887,126.799942016602,62.7464408874512,96.8754959106445,83.4625625610352,108.204345703125
28.8684253692627,160.542556762695,221.953277587891,89.5542297363281,135.94660949707,103.752021789551,115.105529785156
46.7388496398926,72.731071472168,184.076080322266,73.6272201538086,95.300422668457,72.2615280151367,126.502403259277
63.3040161132812,66.7806091308594,169.735290527344,137.945983886719,85.2125625610352,105.376670837402,95.564697265625
74.2833404541016,69.4888916015625,222.477783203125,96.0555572509766,177.555557250977,183.911102294922,78.4555511474609
37.4916648864746,139.110260009766,163.699722290039,68.6902770996094,92.8861083984375,91.9047241210938,98.7972259521484
37.0767364501953,65.5992889404297,111.186096191406,78.3725967407227,184.212814331055,164.954559326172,150.78190612793
49.2935523986816,61.0661430358887,134.597900390625,69.747184753418,88.2293548583984,70.623649597168,151.489639282227
30.3187484741211,82.215690612793,127.47639465332,40.1920852661133,185.560836791992,143.051666259766,121.109710693359
78.7833404541016,121.789443969727,124.177780151367,125.317779541016,151.216674804688,175.067779541016,76.7638854980469
69.6805419921875,90.2790908813477,155.37760925293,132.967010498047,137.601104736328,59.3657417297363,79.1763916015625
36.0133361816406,106.903343200684,115.75333404541,61.7466621398926,114.900001525879,128.793334960938,123.583335876465
61.6041564941406,66.3819122314453,144.581146240234,119.19596862793,70.1810455322266,100.651466369629,92.9918594360352
37.7888870239258,158.28889465332,181.744445800781,70.5111083984375,91.6111145019531,102.833335876465,103.255554199219
89.2677764892578,142.514999389648,150.060546875,128.591110229492,141.392211914062,180.25,79.0261077880859
67.9178771972656,91.880729675293,147.925323486328,139.588241577148,140.569274902344,87.5789794921875,98.2029724121094
30.2718544006348,119.205688476562,128.80778503418,78.8868026733398,113.023452758789,143.019134521484,88.8962936401367
36.4122924804688,134.715484619141,235.907241821289,87.846305847168,209.330856323242,210.302627563477,146.243896484375
51.1942596435547,103.800926208496,112.212608337402,84.2038803100586,137.180648803711,64.5711059570312,140.057968139648
28.6733360290527,64.4872970581055,106.251342773438,66.957145690918,153.848892211914,152.311264038086,129.761978149414
94.958740234375,147.392318725586,141.705657958984,51.2954750061035,61.6956787109375,235.075988769531,100.03352355957
29.426851272583,146.077590942383,182.992691040039,94.7782363891602,182.843338012695,151.193893432617,132.895095825195
40.9520988464355,89.7479705810547,135.668716430664,52.5462455749512,96.6531295776367,72.1106262207031,110.375
72.0921478271484,82.7058792114258,192.25407409668,110.915008544922,173.451293945312,59.5096893310547,106.988410949707
69.8184509277344,95.0244293212891,166.837905883789,95.142204284668,184.471313476562,42.9302139282227,90.1278533935547
102.657028198242,62.8665504455566,157.045211791992,69.5275344848633,141.19450378418,200.878768920898,81.364372253418
67.4909133911133,92.2661666870117,164.558227539062,99.093620300293,171.248275756836,96.7869644165039,132.804306030273
70.8399963378906,85.3950042724609,140.385009765625,142.489990234375,208.050003051758,108.540000915527,130.205001831055
84.6365814208984,57.2473068237305,135.524215698242,87.7807846069336,147.45475769043,151.29069519043,100.528564453125
82.8766860961914,72.9797515869141,189.769439697266,76.3656158447266,75.4004974365234,193.31884765625,95.8580322265625
95.9458923339844,33.8676109313965,150.771011352539,148.956649780273,153.233810424805,170.357543945312,95.5108871459961
97.0611114501953,118.550003051758,202.877777099609,109.483337402344,44.3666687011719,242.861114501953,82.0111083984375
120.812774658203,71.0411071777344,146.030548095703,136.766662597656,138.416107177734,159.612777709961,84.3655548095703
75.2541656494141,92.3502807617188,109.876663208008,84.1811065673828,142.448608398438,57.9844436645508,129.074722290039
98.6175003051758,42.1888885498047,140.838607788086,106.154441833496,135.222778320312,140.092224121094,74.5558319091797
116.880439758301,71.4715423583984,158.435791015625,170.20964050293,163.819046020508,192.449417114258,97.5691070556641
122.878196716309,58.6143035888672,175.463073730469,81.9543075561523,144.494445800781,187.792343139648,93.1901397705078
109.336296081543,63.8786544799805,169.945449829102,137.630218505859,154.18586730957,176.774002075195,89.5161972045898
77.887939453125,63.2753982543945,169.625091552734,166.478256225586,214.529190063477,111.612854003906,115.63809967041
117.839996337891,102.379997253418,167.789993286133,85.8199996948242,98.6100006103516,158.809997558594,83.5899963378906
53.3121109008789,85.8215484619141,140.169769287109,46.9052200317383,116.079551696777,67.699333190918,119.133666992188
107.515502929688,66.1249084472656,138.680099487305,113.367111206055,137.048416137695,118.982818603516,101.755409240723
84.9797515869141,90.907356262207,206.488021850586,73.1728363037109,68.5904998779297,223.324081420898,99.5615615844727
78.8025894165039,136.45703125,80.0544509887695,94.5155563354492,155.062591552734,53.8559265136719,123.077415466309
77.8666687011719,139.584884643555,82.5833282470703,97.9264450073242,147.390655517578,52.5028915405273,141.415786743164
70.850830078125,77.5908355712891,157.021392822266,150.721939086914,200.215560913086,80.1588897705078,123.858337402344
106.772979736328,113.318229675293,201.083038330078,79.4443969726562,118.025856018066,169.321655273438,93.9684829711914
47.3222198486328,114.944442749023,91.4888916015625,59,125.199996948242,76.716667175293,120.655555725098
102.217842102051,169.77799987793,169.18798828125,69.6334457397461,38.6254730224609,196.862197875977,94.151741027832
131.624145507812,76.4515991210938,154.285354614258,138.908798217773,146.93798828125,142.969665527344,85.1341781616211
129.576812744141,81.3380126953125,183.658279418945,120.464492797852,97.1586456298828,147.519668579102,91.5258560180664
78.8000030517578,163.600006103516,86.2300033569336,119.790000915527,132.229995727539,46.0299987792969,165.759994506836
93.0781478881836,97.4759292602539,200.30110168457,88.1462936401367,109.713706970215,217.467407226562,107.669624328613
93.0241622924805,47.2204170227051,161.827087402344,137.837219238281,167.611251831055,137.617782592773,91.9588928222656
138.403030395508,111.365661621094,113.260597229004,108.965324401855,102.544456481934,186.675415039062,76.7835083007812
121.860000610352,103,180.509994506836,87.1600036621094,101.379997253418,195.139999389648,111.209999084473
66.5674438476562,102.037727355957,167.284027099609,78.4941635131836,106.849014282227,106.609451293945,122.618225097656
116.882019042969,69.8727264404297,149.050918579102,154.992523193359,161.695159912109,222.413940429688,97.63818359375
63.9803009033203,92.6133117675781,167.3271484375,63.5673027038574,140.14875793457,65.6421203613281,141.405838012695
68.6127777099609,97.9111099243164,125.016662597656,126.230560302734,235.740005493164,44.3469467163086,110.998062133789
42.5476608276367,112.755241394043,268.019195556641,23.9586486816406,191.845336914062,165.603607177734,105.544639587402
36.2893257141113,131.137557983398,215.583786010742,86.3989639282227,242.4443359375,287.889404296875,134.541854858398
64.7520751953125,126.680480957031,209.095092773438,80.4818344116211,322.830627441406,300.109161376953,116.738693237305
64.4729766845703,109.020309448242,273.895446777344,47.5421752929688,277.025054931641,150.373931884766,90.7899475097656
24.8964862823486,110.11075592041,160.202850341797,52.8656234741211,245.884399414062,175.394256591797,182.396209716797
104.574127197266,172.277725219727,294.733245849609,111.655426025391,191.182876586914,254.044921875,112.539138793945
71.8066940307617,109.385269165039,241.74674987793,56.6518936157227,133.127349853516,203.444610595703,65.8471755981445
73.0175247192383,123.960540771484,274.614318847656,69.7111892700195,118.347686767578,283.362243652344,55.7688369750977
70.3955535888672,220.580001831055,189.797210693359,90.1977767944336,185.982223510742,313.982238769531,149.391662597656
26.252857208252,115.127426147461,175.202560424805,51.9826278686523,245.391525268555,160.789703369141,184.140396118164
39.9867401123047,87.4052047729492,240.95735168457,55.6053314208984,226.041717529297,143.654174804688,71.0414733886719
38.0283737182617,121.186058044434,272.708221435547,19.1600894927979,154.33837890625,170.822387695312,87.0222244262695
40.7264633178711,144.236251831055,190.959777832031,94.8061447143555,240.238159179688,278.226348876953,156.445007324219
23.2541427612305,86.5804595947266,133.969192504883,37.3705558776855,204.506561279297,132.18798828125,122.846969604492
80.76416015625,147.743072509766,324.079315185547,79.1464920043945,155.902526855469,264.837585449219,62.3019218444824
46.7760276794434,138.987716674805,176.883361816406,89.6075057983398,255.054733276367,225.525039672852,182.763488769531
52.6910514831543,165.043487548828,221.329864501953,87.8211059570312,244.1279296875,300.128967285156,132.381423950195
87.3573226928711,180.938064575195,264.244049072266,86.3271102905273,233.487152099609,267.082305908203,112.067420959473
14.8870716094971,96.2299041748047,190.993850708008,87.6216201782227,128.432327270508,195.957275390625,135.837158203125
47.0006713867188,119.262298583984,266.217834472656,21.3673400878906,164.73258972168,164.287872314453,105.673156738281
73.6571197509766,135.632522583008,264.266998291016,56.6397972106934,246.98681640625,211.323196411133,114.433403015137
60.5439376831055,112.551811218262,209.85905456543,80.7800903320312,248.198547363281,234.788772583008,108.947135925293
20.7015151977539,105.81388092041,266.909729003906,44.0675392150879,241.14501953125,157.586944580078,69.0135726928711
17.0490741729736,109.529632568359,133.63037109375,45.3446311950684,179.60481262207,143.382034301758,128.2392578125
94.9388885498047,195.910766601562,254.102951049805,89.8627777099609,198.328353881836,228.749633789062,123.94278717041
86.833610534668,145.218292236328,253.493942260742,62.4279441833496,221.44189453125,193.12922668457,91.2398681640625
43.43017578125,104.904884338379,197.227981567383,57.9993476867676,189.641937255859,150.590103149414,63.857852935791
13.7666664123535,127.733329772949,143.477783203125,62.5555572509766,158.222229003906,160.100006103516,137.677780151367
27.1877517700195,137.21549987793,165.989059448242,82.3755264282227,254.923522949219,204.849182128906,162.716888427734
15.1147480010986,111.621635437012,179.748428344727,82.8727264404297,186.750457763672,177.473175048828,152.086807250977
90.9771499633789,151.967224121094,243.497863769531,92.6811981201172,142.904510498047,240.623931884766,81.4474029541016
23.2618503570557,116.867034912109,140.00666809082,45.8477783203125,187.878890991211,151.805923461914,132.890365600586
25.174243927002,124.895706176758,203.60302734375,16.9633827209473,147.408828735352,177.620956420898,89.8153991699219
15.5268402099609,94.6987075805664,200.966751098633,57.5460586547852,153.239608764648,180.725662231445,144.02507019043
35.9983787536621,101.109664916992,257.48193359375,76.2433090209961,226.053726196289,232.911102294922,100.610717773438
99.9511947631836,191.115768432617,233.584762573242,87.01318359375,152.52604675293,223.944000244141,113.061935424805
32.290657043457,120.243995666504,213.574508666992,55.6525993347168,181.658294677734,141.900772094727,67.0138626098633
15.1185178756714,92.1573181152344,195.57878112793,69.8946228027344,178.37744140625,178.009094238281,124.181930541992
22.1306953430176,112.103889465332,168.834182739258,53.5491676330566,201.933197021484,167.706817626953,154.412628173828
101.677223205566,126.442428588867,305.684875488281,67.4605026245117,137.124954223633,267.863067626953,62.5100898742676
16.5749492645264,104.946128845215,163.228286743164,64.2014083862305,136.024307250977,173.775833129883,139.299118041992
107.466468811035,155.145004272461,271.714477539062,93.5636444091797,155.772720336914,273.621704101562,71.7254867553711
55.4337844848633,91.1408386230469,237.58984375,59.9361000061035,129.981338500977,178.1181640625,81.9993667602539
38.11279296875,119.412757873535,399.577575683594,20.8678112030029,170.005676269531,240.819030761719,85.3752136230469
20.4841556549072,120.216781616211,196.491119384766,81.9056625366211,220.602478027344,222.075241088867,136.173980712891
27.6255893707275,128.05419921875,174.292602539062,30.6996631622314,213.752197265625,156.304382324219,164.663299560547
49.404598236084,95.5460968017578,213.341506958008,58.9157791137695,232.589324951172,152.222595214844,69.9194488525391
35.3833694458008,93.2071075439453,266.988220214844,29.5678596496582,226.656341552734,150.303359985352,85.0391082763672
31.3486194610596,118.675201416016,175.070251464844,62.9382476806641,251.061813354492,246.021148681641,119.21110534668
24.4055557250977,102.366668701172,235.672225952148,12.25,114.511108398438,196.850006103516,132.594436645508
94.7843627929688,153.473693847656,282.062805175781,121.514785766602,115.853096008301,243.605010986328,83.7558288574219
87.5863342285156,217.751510620117,253.801651000977,88.0982131958008,196.777816772461,259.194946289062,125.567237854004
109.975143432617,180.252380371094,270.464172363281,110.148895263672,142.652801513672,232.532943725586,106.70027923584
99.4215469360352,157.483795166016,231.564712524414,61.2411994934082,210.098831176758,222.56950378418,101.035102844238
28.6598491668701,103.535179138184,151.195022583008,51.2934837341309,136.166061401367,76.3660507202148,177.075942993164
20.6285915374756,86.5604019165039,140.244659423828,52.7519340515137,193.121917724609,132.613739013672,172.12353515625
56.033332824707,134.122222900391,153.53889465332,146.149993896484,57,81.272216796875,200.027770996094
43.1333351135254,137.71110534668,158.766662597656,168.28889465332,121.988891601562,171.355560302734,262.277770996094
25.5560626983643,102.578796386719,156.553268432617,55.1670227050781,113.648376464844,203.146118164062,146.180023193359
39.0361099243164,121.657325744629,76.2421722412109,135.997711181641,123.051010131836,79.4320678710938,210.793426513672
35.3333320617676,110.188888549805,74.7222213745117,52.533332824707,139.177780151367,107.688888549805,369.255554199219
29.1674652099609,87.2286682128906,114.250129699707,42.8307647705078,161.360870361328,156.101303100586,157.095642089844
41.099494934082,115.282829284668,162.415649414062,148.898483276367,112.289901733398,172.077774047852,205.774230957031
58.9339904785156,122.281829833984,150.312316894531,135.547302246094,72.4715042114258,88.2362823486328,189.392379760742
107.943183898926,145.136367797852,131.340911865234,221.215911865234,154.511367797852,367.261352539062,117.693183898926
173.327774047852,229.066665649414,144.883331298828,20.1055564880371,65.7722244262695,188.894439697266,152.577774047852
106.185691833496,184.405883789062,136.993438720703,75.6988296508789,104.864471435547,150.335510253906,119.074745178223
104.421546936035,207.964660644531,194.335342407227,64.5218811035156,61.8740730285645,173.125595092773,124.974754333496
117.929290771484,140.535354614258,108.838386535645,210.151519775391,122.454544067383,361.48486328125,105.878784179688
138.037033081055,187.753707885742,81.7296295166016,42.2999992370605,86.7370376586914,192.661117553711,136.253707885742
138.774505615234,182.730072021484,76.9548492431641,48.0414428710938,68.7454528808594,184.966644287109,135.001998901367
114.47777557373,206.255554199219,154.144439697266,147.377777099609,109.588890075684,274.299987792969,111.511108398438
113.512496948242,175.978271484375,120.608589172363,75.338005065918,152.804916381836,149.266403198242,138.922225952148
84.4777755737305,126.922225952148,169.399993896484,109.544441223145,140.544448852539,213.811111450195,119.833335876465
115.8125,188.425003051758,200.149993896484,125.6875,127.212501525879,194.850006103516,75.6875
108.044441223145,146.633331298828,141.433334350586,159.022216796875,126.677780151367,247.233337402344,100.633331298828
122.174758911133,174.025451660156,125.88020324707,102.705459594727,122.335754394531,146.156158447266,135.962020874023
112.582015991211,201.015350341797,130.460205078125,79.7505035400391,202.737579345703,157.466461181641,154.889099121094
141.309448242188,175.393341064453,170.923889160156,77.4366683959961,57.0638885498047,164.908889770508,107.632781982422
125.661033630371,191.888748168945,186.430541992188,47.5470123291016,36.4688491821289,185.849822998047,117.229187011719
117.085357666016,167.222717285156,117.664138793945,99.2434387207031,119.149993896484,160.401519775391,128.196975708008
128.026763916016,172.728790283203,213.312118530273,126.217681884766,166.365661621094,202.229293823242,126.979797363281
114.744445800781,206.455551147461,139.78889465332,161.888885498047,173.488891601562,257.888885498047,136.522216796875
120.808082580566,28.8383846282959,75.9797973632812,93.8888854980469,91.1919174194336,141.424240112305,118.808082580566
132.134399414062,72.3087921142578,63.5583801269531,75.290153503418,92.2989959716797,145.535308837891,135.315963745117
157.878784179688,75.636360168457,59.3636360168457,81.3131332397461,81.5151519775391,163.171722412109,117.545455932617
125.080810546875,80.6040420532227,124.513130187988,92.2633056640625,110.03148651123,94.433837890625,170.111953735352
132.454544067383,77.1922607421875,55.7205390930176,81.5427627563477,114.16162109375,168.719863891602,151.212112426758
126.096336364746,93.8419189453125,102.03409576416,110.279289245605,99.2709503173828,117.886489868164,119.00732421875
116.572334289551,67.8556442260742,122.009941101074,74.0542526245117,115.727958679199,102.756439208984,183.881240844727
114.424240112305,83.7121276855469,81.282829284668,89.6262664794922,103.595962524414,102.984848022461,187.015151977539
162.788391113281,91.9222259521484,53.863639831543,137.962615966797,122.121215820312,174.397476196289,121.478790283203
121.135581970215,68.2771377563477,117.926124572754,73.4456024169922,99.0255661010742,95.4093933105469,190.936080932617
78.4753341674805,95.2337799072266,113.714881896973,37.6786651611328,171.681762695312,99.728889465332,84.1668853759766
95.25,187.240005493164,83.5500030517578,74.1999969482422,142.380004882812,70.5999984741211,119.910003662109
118.633430480957,64.2336730957031,38.771354675293,46.2324981689453,183.314575195312,59.5539588928223,84.1514053344727
83.4000015258789,123.099998474121,90.6100006103516,34.3499984741211,202.949996948242,96.1600036621094,93.25
99.3369445800781,173.097640991211,70.9797134399414,48.9012908935547,106.084037780762,72.0152740478516,110.465026855469
92.3682098388672,161.442169189453,64.4843902587891,60.1976737976074,80.8512344360352,84.0830612182617,103.532447814941
90.0199966430664,73.7399978637695,57.4199981689453,44.060001373291,173.740005493164,87.5299987792969,75.7900009155273
120.778511047363,73.5695724487305,53.9464454650879,54.1226539611816,156.783676147461,69.7500228881836,74.0803833007812
91.0735855102539,76.6324768066406,43.7263603210449,41.622802734375,177.161834716797,77.3693084716797,73.5787353515625
39.9090881347656,43.0075759887695,101.474746704102,116.560607910156,169.901519775391,76.5656585693359,109.888885498047
30.4466037750244,33.2871475219727,132.908157348633,165.255142211914,57.3407707214355,57.8362503051758,78.8126831054688
82.3978576660156,130.417724609375,274.941375732422,117.065269470215,120.276473999023,209.508758544922,76.7600250244141
71.2362213134766,110.930679321289,287.623779296875,129.627716064453,100.252006530762,171.927886962891,73.0989685058594
55.3782806396484,107.011451721191,165.240249633789,102.857414245605,59.1863594055176,133.376754760742,75.7191848754883
48.9211921691895,34.3517417907715,212.818374633789,141.067657470703,83.8764572143555,120.915748596191,88.7754364013672
14.6592998504639,42.8334465026855,135.63232421875,105.702674865723,68.1095809936523,65.5488433837891,72.9048309326172
73.8133087158203,134.558364868164,261.425476074219,117.856552124023,124.990684509277,178.676620483398,71.9479370117188
52.8324661254883,119.030151367188,140.532333374023,87.3782119750977,88.6272735595703,177.902877807617,91.958869934082
77.2863388061523,173.181137084961,172.088577270508,97.8529968261719,96.0815582275391,190.441299438477,97.1283416748047
73.0265731811523,148.012771606445,243.360107421875,118.156494140625,98.9035949707031,194.415863037109,78.7729263305664
97.5996704101562,189.26496887207,236.623580932617,82.9841766357422,155.766662597656,189.177108764648,119.117851257324
92.8306427001953,163.038543701172,224.309387207031,109.166900634766,106.610382080078,205.710739135742,91.6834411621094
67.9670944213867,141.015518188477,159.686248779297,71.7037506103516,81.0302734375,204.455535888672,107.677864074707
95.7333297729492,248.688888549805,224.877777099609,97.7555541992188,258.166656494141,188.066665649414,122.866668701172
82.1899871826172,156.395111083984,275.493377685547,82.7953872680664,158.80632019043,199.483413696289,65.4065933227539
46.7592010498047,47.2436485290527,185.841430664062,172.788604736328,73.3828277587891,120.814849853516,89.4509353637695
42.5900726318359,25.5359268188477,160.085144042969,111.979904174805,96.1094360351562,84.9895706176758,77.5525894165039
65.1757507324219,106.424049377441,196.267028808594,104.721466064453,97.9206237792969,197.044082641602,73.4393997192383
61.9116821289062,83.2825775146484,224.402709960938,196.232177734375,90.0405883789062,190.693481445312,77.0030364990234
84.8934478759766,164.850463867188,260.815185546875,107.433029174805,149.627151489258,186.626770019531,70.8647689819336
61.7219200134277,76.6567153930664,186.500259399414,107.41780090332,67.7718887329102,133.811462402344,78.7687072753906
33.2083320617676,41.4583320617676,130.73957824707,104.520835876465,141.48957824707,80.8020858764648,112.34375
96.6802062988281,187.430450439453,201.136184692383,97.0438385009766,122.335159301758,186.180450439453,102.961608886719
63.1685371398926,94.5549240112305,287.839508056641,164.792114257812,130.883941650391,175.504638671875,74.3095169067383
68.233512878418,96.9735107421875,251.765655517578,122.996879577637,73.4793701171875,185.044219970703,75.6615829467773
69.7743072509766,110.043212890625,299.561798095703,101.131660461426,165.15412902832,185.889373779297,70.3290100097656
85.4948425292969,158.706405639648,186.617492675781,78.0453414916992,93.37890625,200.475769042969,104.808074951172
16.5045967102051,27.8822479248047,152.08642578125,121.189956665039,53.0252265930176,52.8708000183105,67.6275787353516
22.6846523284912,38.5424461364746,175.056686401367,127.185470581055,90.9155044555664,67.0373229980469,79.6624298095703
56.2135772705078,92.2681198120117,240.93376159668,193.194488525391,81.452751159668,173.980545043945,69.4174499511719
58.5083389282227,71.6906890869141,234.619537353516,178.490386962891,68.9160385131836,163.366424560547,78.0565719604492
66.6956253051758,118.271705627441,152.106399536133,100.120872497559,104.275085449219,193.317504882812,84.3255920410156
72.1918182373047,97.423713684082,289.876678466797,91.2512741088867,149.558715820312,162.933502197266,71.9853744506836
56.8420867919922,88.6252593994141,202.257400512695,122.866416931152,72.9654083251953,164.414474487305,80.5134658813477
31.4048748016357,37.1736602783203,160.180908203125,139.084548950195,81.5651779174805,82.1690826416016,96.0983963012695
82.3020401000977,157.514617919922,182.120620727539,93.5605545043945,119.820236206055,199.680160522461,91.0441207885742
25.8402462005615,40.3327560424805,152.054260253906,155.947174072266,86.6369781494141,57.6309509277344,72.6454315185547
33.0870208740234,34.6320838928223,168.455718994141,147.261627197266,100.946731567383,71.5989074707031,82.8977584838867
18.7128162384033,42.3509674072266,143.465255737305,161.448623657227,49.506778717041,53.6277656555176,71.4508514404297
75.8775253295898,125.029037475586,196.74772644043,80.0828247070312,84.6775207519531,202.484344482422,106.483840942383
79.3480224609375,137.797973632812,200.144088745117,103.486175537109,110.850028991699,225.334136962891,83.0974578857422
83.3463592529297,146.971450805664,294.961944580078,109.514091491699,144.303985595703,176.946990966797,72.5592422485352
88.1414184570312,166.893936157227,177.540405273438,74.3484878540039,98.5151519775391,192.691925048828,119.75252532959
62.2205200195312,55.2549209594727,217.985321044922,154.698532104492,88.6637420654297,160.019683837891,78.9172134399414
169.885650634766,90.8566741943359,107.529479980469,93.733772277832,158.342987060547,127.494888305664,129.883316040039
136.114273071289,66.0010070800781,78.7624969482422,70.2620010375977,128.965667724609,167.982452392578,133.18913269043
129.766662597656,78.75,114.616668701172,88.5666656494141,151.816665649414,126.477783203125,163.266662597656
137.538162231445,113.844375610352,99.2003326416016,71.9970321655273,141.568557739258,215.784225463867,109.23274230957
176.25,103.162498474121,45,117.574996948242,52.4500007629395,169.012496948242,58.9749984741211
194.737197875977,114.711791992188,125.67626953125,89.8188552856445,99.3755874633789,163.373901367188,127.282997131348
133.420196533203,71.6145706176758,101.847770690918,79.5121231079102,140.874313354492,154.079803466797,148.908660888672
144.711898803711,94.7357559204102,115.538131713867,84.7176284790039,147.785369873047,174.420913696289,119.914291381836
169.059432983398,129.89436340332,117.493522644043,65.2358551025391,96.605224609375,206.70085144043,114.117340087891
139.207305908203,79.4273071289062,109.764518737793,89.2528076171875,168.685287475586,135.135223388672,140.146118164062
142.305053710938,109.910598754883,75.6287841796875,157.239898681641,92.598991394043,131.636352539062,109.180809020996
20.9421997070312,87.1061935424805,99.4735336303711,54.297191619873,154.899475097656,84.46484375,163.234069824219
44.5692100524902,119.929832458496,61.4842720031738,62.4730606079102,192.316314697266,68.4470672607422,86.4308395385742
26.8748474121094,111.189956665039,103.104347229004,43.2590293884277,190.087982177734,63.0693130493164,246.075759887695
52.9284248352051,102.202194213867,73.5517578125,75.5630569458008,198.27978515625,61.8303070068359,99.203369140625
132.91242980957,176.560119628906,65.7624206542969,10.3441400527954,189.478179931641,132.925765991211,150.730712890625
42.3555564880371,105.5,98.5,91.0444412231445,125.311111450195,52.7111129760742,138.977783203125
23.8791923522949,67.3014221191406,78.8115158081055,63.394947052002,155.008285522461,39.6239395141602,133.798477172852
145.370132446289,166.279403686523,126.124809265137,34.7758941650391,106.665550231934,168.135467529297,123.395904541016
20.5086669921875,75.4380035400391,84.5406646728516,70.028450012207,160.485336303711,116.67488861084,182.624877929688
27.4691352844238,117.950614929199,144.308639526367,52.5308647155762,91.0617294311523,56.7654304504395,202.246917724609
25.0756187438965,82.0595397949219,113.836364746094,38.3528633117676,181.1552734375,124.723045349121,185.921691894531
28.7729167938232,112.450561523438,133.592651367188,80.5445785522461,97.7430572509766,115.040550231934,88.7402801513672
26.3575000762939,97.8163833618164,82.7938919067383,59.5669479370117,141.133880615234,74.6080551147461,134.842224121094
29.2900009155273,124.199996948242,118.430000305176,52.25,164.139999389648,35.8899993896484,256.100006103516
19.125,93.2200012207031,97.0250015258789,45.7900009155273,161.410003662109,121.854995727539,167.410003662109
14.3947353363037,60.507381439209,54.3763771057129,83.8175811767578,161.374206542969,70.5247344970703,105.621757507324
43.810001373291,144.350006103516,145.720001220703,33.1699981689453,130.100006103516,47.9199981689453,100.849998474121
27.8239078521729,89.6535949707031,163.558349609375,54.953254699707,134.130081176758,124.031158447266,95.9707107543945
64.9017868041992,80.9267730712891,214.20002746582,154.038116455078,75.4842224121094,67.0913772583008,86.4197387695312
28.2058353424072,82.5484848022461,242.227340698242,93.4322052001953,82.4529800415039,87.401611328125,81.9738922119141
40.1137237548828,162.034912109375,135.217361450195,103.629173278809,86.5043106079102,44.9153213500977,76.9541778564453
34.0861129760742,142.199615478516,242.570892333984,60.9424476623535,132.010757446289,153.897979736328,63.6189613342285
17.5655822753906,64.2486953735352,238.55126953125,65.4282684326172,109.364448547363,120.410140991211,72.2643814086914
11.226619720459,61.8984527587891,189.199295043945,79.5645904541016,133.804946899414,170.629272460938,108.14900970459
72.9200592041016,81.1452026367188,331.798706054688,123.407287597656,73.084342956543,63.0139961242676,78.9073791503906
35.1590919494629,124.909088134766,73.0568161010742,122.147727966309,30.0340900421143,17.6704540252686,55.6363639831543
23.9740581512451,70.1410293579102,172.95231628418,76.2603302001953,128.310409545898,143.242431640625,103.104049682617
21.490385055542,78.2051086425781,301.783996582031,90.5680389404297,99.7389221191406,115.098388671875,71.7268981933594
26.1813259124756,90.4277496337891,336.335906982422,68.4618148803711,114.463539123535,114.330688476562,58.7344169616699
58.9452781677246,72.4703216552734,324.303253173828,83.3841018676758,90.054573059082,110.187377929688,72.5000610351562
14.5972948074341,86.3922805786133,259.125457763672,65.5616912841797,112.767822265625,137.710372924805,58.1538467407227
20.7374439239502,63.7021713256836,159.864288330078,64.5373687744141,100.670913696289,153.015777587891,102.641525268555
30.9091548919678,82.5478286743164,128.840438842773,90.80712890625,133.040496826172,112.64624786377,96.6881484985352
29.2020206451416,116.343437194824,128.65657043457,109.515151977539,66.0202026367188,87.5555572509766,79.3131332397461
20.9203052520752,114.587097167969,177.198974609375,71.2492141723633,115.69197845459,176.216751098633,130.291000366211
32.973762512207,147.740661621094,129.976150512695,78.499626159668,119.422515869141,57.8003425598145,85.4097061157227
22.6418190002441,115.806625366211,155.371032714844,98.2871322631836,107.916717529297,95.1460723876953,93.1249313354492
36.1568832397461,97.3481674194336,119.434341430664,98.7481002807617,123.976013183594,99.9971618652344,87.4315032958984
74.1885833740234,88.1783981323242,173.671463012695,152.564849853516,85.6470108032227,85.3591384887695,75.2611846923828
33.3548545837402,127.913055419922,162.214218139648,119.124145507812,111.407135009766,46.3042106628418,80.4668273925781
25.8374557495117,93.0047760009766,187.051574707031,93.6379623413086,104.594879150391,174.789733886719,120.944343566895
22.4397621154785,122.394134521484,144.484390258789,65.4886093139648,128.793655395508,163.352233886719,149.26823425293
39.6250228881836,105.573608398438,130.701385498047,104.503051757812,109.812156677246,87.7342681884766,91.4627380371094
41,191.625,126.488639831543,170.920455932617,50.2045440673828,23.8636360168457,60.5340919494629
80.1200332641602,80.7743301391602,270.499145507812,167.545333862305,77.2541809082031,55.1239852905273,83.9557495117188
15.6868143081665,69.6127014160156,205.957702636719,68.0756988525391,109.14030456543,184.903076171875,95.1377105712891
34.7332000732422,71.2512893676758,247.980239868164,110.668045043945,59.8783416748047,78.9662170410156,82.9130630493164
24.0340785980225,116.400871276855,196.953948974609,96.3923797607422,124.255386352539,73.7687759399414,87.6235275268555
23.4526672363281,119.39631652832,137.014785766602,55.9891090393066,150.734481811523,167.727340698242,153.286209106445
23.0252990722656,75.7990112304688,174.66325378418,58.0318222045898,119.701393127441,149.158920288086,118.50862121582
15.3715648651123,72.7576293945312,153.832427978516,57.1245002746582,127.163879394531,165.701263427734,133.495208740234
27.2650241851807,124.361480712891,136.820449829102,62.995964050293,163.068313598633,160.275634765625,159.3125
38.1136016845703,116.774444580078,145.967590332031,96.1212844848633,112.411865234375,83.1457138061523,88.5151672363281
56.4559707641602,71.3336334228516,250.442947387695,141.228210449219,65.264892578125,49.6457252502441,85.3163299560547
20.518196105957,86.161750793457,272.440887451172,95.4211196899414,89.4847564697266,97.7293853759766,79.9053192138672
19.9241333007812,101.323776245117,237.765075683594,74.4591445922852,110.756927490234,87.0350189208984,83.0715484619141
22.5460071563721,90.0628128051758,123.503471374512,52.514965057373,187.118362426758,159.068862915039,161.578979492188
19.1266670227051,68.9113235473633,168.56591796875,78.2427139282227,103.756286621094,178.509399414062,96.7299346923828
12.9899940490723,70.6640548706055,223.301986694336,83.9827575683594,103.539169311523,163.852661132812,67.6127624511719
16.0460529327393,68.8918304443359,228.857543945312,54.2097282409668,109.800437927246,137.712127685547,82.506965637207
36.6034202575684,64.2758026123047,276.501159667969,107.2021484375,80.2687911987305,87.125114440918,77.8390502929688
25.6773853302002,72.0006484985352,151.434234619141,68.4113616943359,104.859199523926,161.072952270508,120.066612243652
14.2632913589478,113.244483947754,206.184265136719,58.5743560791016,142.822402954102,166.733749389648,64.0332336425781
50.5535354614258,63.213508605957,285.969268798828,83.9291076660156,75.2444152832031,72.264533996582,75.2202453613281
18.0901374816895,87.1587524414062,221.84114074707,71.954963684082,108.961990356445,100.986747741699,86.1746215820312
132.102279663086,144.613632202148,214.977279663086,217.465911865234,140.806823730469,214.943176269531,51.2272720336914
12.3963441848755,65.3323211669922,116.310317993164,141.681121826172,99.4050827026367,46.511344909668,72.8147506713867
1.17358815670013,38.5384178161621,155.29443359375,54.8627395629883,29.0815753936768,29.9778537750244,42.2691955566406
16.3197269439697,31.1999187469482,115.972633361816,97.7290573120117,120.968627929688,71.1020126342773,84.1863098144531
0.664103746414185,46.5008316040039,115.807289123535,53.9713096618652,8.75330638885498,19.1320266723633,44.8127479553223
23.239595413208,82.0924911499023,110.723541259766,79.0829849243164,39.4123420715332,67.4348907470703,38.3035545349121
12.1481056213379,48.1369857788086,115.279815673828,72.9888763427734,40.8972930908203,47.0802383422852,84.3442077636719
7.60644245147705,59.6054458618164,105.400550842285,68.1792678833008,15.0346822738647,41.0881652832031,60.4881248474121
4.14090442657471,58.403133392334,72.478271484375,60.3364448547363,26.0974864959717,44.5593757629395,65.5120315551758
0.943592667579651,55.9983825683594,90.3915634155273,45.0699996948242,21.4261245727539,29.2338466644287,45.5547332763672
13.2091941833496,39.1892433166504,117.356475830078,134.929138183594,49.1246795654297,53.034839630127,71.6048889160156
17.3741760253906,24.5205669403076,126.637817382812,136.783325195312,76.9643783569336,51.4800415039062,67.1006622314453
13.7509431838989,28.3451652526855,104.75341796875,171.144454956055,47.001407623291,57.5138168334961,69.7598419189453
23.3836879730225,47.0496101379395,99.0467376708984,70.9602355957031,103.564102172852,57.4838562011719,86.6035003662109
5.39473438262939,58.4173240661621,88.0697479248047,64.2459487915039,22.5002670288086,45.2382049560547,71.1779251098633
2.75769710540771,49.9601669311523,153.941497802734,38.5854187011719,26.1813831329346,30.8784103393555,35.9611549377441
0.16399572789669,49.3968544006348,117.285385131836,55.2714157104492,12.8357830047607,30.1040573120117,39.8330154418945
91.1246795654297,66.2497787475586,176.477066040039,89.84228515625,108.305488586426,85.0187606811523,118.607353210449
105.991256713867,71.0209274291992,140.008819580078,87.0390167236328,110.015037536621,111.017723083496,105.489135742188
120.529289245605,96.2103881835938,157.441543579102,70.762336730957,115.334053039551,171.422225952148,70.2633514404297
144.449249267578,107.618690490723,167.297973632812,116.557319641113,136.435089111328,172.278533935547,65.9522705078125
127.643051147461,99.0430526733398,158.112884521484,117.353164672852,122.786743164062,159.549758911133,79.9330749511719
108.762084960938,104.566551208496,126.239418029785,73.0654907226562,89.7783508300781,98.3992233276367,120.299034118652
118.186111450195,89.4744415283203,119.350242614746,133.133865356445,120.05859375,163.109771728516,78.0478591918945
73.1914138793945,136.256942749023,119.245574951172,65.8537902832031,140.629135131836,40.8508758544922,85.2198181152344
150.588882446289,128.966659545898,173.322219848633,85.1333312988281,104.877777099609,169.899993896484,99.533332824707
133.853790283203,126.967041015625,166.343048095703,119.19229888916,127.964767456055,155.420440673828,72.0472259521484
84.4872894287109,169.432220458984,102.680908203125,60.371654510498,147.777099609375,56.6593551635742,92.8336715698242
137.506820678711,100.726264953613,179.739898681641,115.29167175293,120.40657043457,145.491149902344,70.1972198486328
91.3955764770508,84.2907409667969,142.057144165039,80.0667953491211,111.039985656738,58.9184722900391,115.257957458496
100.381530761719,88.5986557006836,141.618881225586,96.2447738647461,103.352668762207,93.2568435668945,105.731330871582
70.9240417480469,128.507705688477,135.424911499023,54.9799270629883,151.350784301758,54.3574905395508,87.3395614624023
129.028076171875,104.844039916992,173.254745483398,131.097381591797,113.857376098633,162.18180847168,76.3355560302734
100.722221374512,106.794448852539,113.644439697266,59.9000015258789,128.361114501953,107.100006103516,114.116668701172
112.509254455566,79.2791213989258,127.047302246094,94.6902694702148,105.622825622559,130.081985473633,77.4438095092773
128.896392822266,127.355934143066,168.738632202148,101.96036529541,141.357955932617,188.355804443359,72.8293533325195
110.426536560059,88.3438034057617,140.574096679688,78.5880661010742,90.1362686157227,96.9611587524414,101.133247375488
99.9413757324219,74.6686630249023,132.008239746094,105.45378112793,110.952766418457,105.405937194824,110.426170349121
118.855560302734,109.629043579102,98.158332824707,116.210098266602,132.234085083008,153.556564331055,77.8143997192383
135.840545654297,106.693328857422,119.858337402344,106.847229003906,115.982223510742,203.090545654297,74.8094482421875
87.1548538208008,126.645896911621,170.912414550781,23.9804611206055,112.54647064209,68.7870864868164,98.1889038085938
74.8259201049805,111.410385131836,161.992645263672,81.2054824829102,163.007461547852,49.0720863342285,92.7328262329102
151.193588256836,120.627365112305,203.246734619141,102.308639526367,132.646728515625,143.568405151367,76.7626266479492
144.762634277344,97.3550567626953,142.665649414062,139.024749755859,109.430297851562,218.766159057617,80.6833343505859
70.4041213989258,82.4374237060547,157.242691040039,74.3360595703125,141.707855224609,66.2539138793945,119.928703308105
99.7596740722656,120.590423583984,143.167327880859,35.2131423950195,147.622573852539,76.0090255737305,105.631317138672
95.5416717529297,104.043006896973,138.792144775391,52.368522644043,117.48804473877,82.2227020263672,115.400917053223
115.934494018555,85.8317413330078,116.792297363281,92.3361434936523,114.677871704102,137.844528198242,76.6792602539062
108.306564331055,88.5526275634766,198.151000976562,73.3232345581055,91.8003082275391,135.713439941406,76.5239410400391
69.1858444213867,76.6234664916992,194.416198730469,98.8386306762695,147.229690551758,65.1498718261719,102.865119934082
152.65657043457,118.969696044922,115.575759887695,74.1313095092773,94.5050506591797,179.858581542969,107.080810546875
83.2076416015625,171.29768371582,95.6236419677734,79.1936798095703,146.969604492188,47.4179000854492,98.3714752197266
87.3057327270508,137.918151855469,176.559051513672,39.3743667602539,129.282989501953,55.820686340332,103.156730651855
97.0765838623047,92.8377151489258,120.451835632324,75.0612411499023,98.2936477661133,81.4010314941406,112.758201599121
60.9199981689453,86.129997253418,152.270004272461,45.2900009155273,132.820007324219,71.8600006103516,170.619995117188
60.6333351135254,93.3111114501953,162.988891601562,109.800003051758,88.6111145019531,69.9555587768555,198.71110534668
97.2443237304688,141.732955932617,120.823860168457,220.755676269531,343.511352539062,176.164764404297,70.75
131.897720336914,144.25,144.840911865234,336.897735595703,355.488647460938,165.420455932617,73.5568161010742
67.5442886352539,37.0526924133301,147.325103759766,56.469539642334,59.0018539428711,88.855827331543,57.6013488769531
57.3379249572754,36.337574005127,104.055763244629,69.4459686279297,59.7937202453613,76.3301696777344,58.6483764648438
55.3366355895996,34.0294456481934,170.61506652832,177.330429077148,98.280876159668,122.675201416016,63.1894950866699
19.5741195678711,26.5946998596191,71.2781295776367,114.548477172852,38.5835266113281,67.3028793334961,67.0597457885742
56.7274475097656,52.5457649230957,148.722640991211,74.8085708618164,65.0867004394531,84.9121017456055,60.724536895752
59.0950889587402,55.3109970092773,170.125549316406,124.439971923828,81.210563659668,127.275688171387,65.864990234375
72.9725799560547,84.7740478515625,313.817596435547,87.6686782836914,86.4448852539062,119.429740905762,79.5074310302734
72.7368927001953,35.5582618713379,147.093734741211,96.6937561035156,79.7389144897461,104.573318481445,61.3141784667969
33.517765045166,28.0776481628418,103.286102294922,119.388305664062,33.6131324768066,93.0236511230469,52.1394004821777
38.4216156005859,43.7299575805664,111.528289794922,105.514419555664,49.4272918701172,70.6620330810547,70.8491287231445
39.460865020752,41.7440452575684,122.292533874512,88.8388366699219,100.54322052002,78.8168640136719,50.907283782959
46.2038116455078,40.0273170471191,138.843933105469,100.171600341797,53.2157783508301,79.7674026489258,64.3443756103516
90.6074523925781,51.3041648864746,243.270477294922,70.1692733764648,89.8899307250977,179.355484008789,65.0406875610352
48.0146751403809,38.9736022949219,119.463752746582,86.4070434570312,99.2209091186523,75.3904037475586,53.1001434326172
74.5244827270508,53.5541305541992,177.789459228516,93.6479644775391,83.1739883422852,133.413238525391,59.4676132202148
78.8339309692383,85.3269653320312,268.783142089844,76.4434585571289,153.499145507812,186.249557495117,79.5562057495117
78.0425033569336,49.5779304504395,217.464309692383,67.0652160644531,123.210479736328,152.754425048828,63.9672584533691
97.8253402709961,66.2542724609375,273.359252929688,74.3863830566406,126.666748046875,176.442352294922,68.4043197631836
71.2808532714844,54.2363510131836,248.293365478516,110.876487731934,91.3329315185547,161.809478759766,64.2966079711914
46.3605880737305,63.612060546875,139.657836914062,76.8966751098633,19.2796726226807,106.411407470703,39.9913749694824
23.6944980621338,52.9968528747559,108.547569274902,166.121520996094,40.1548004150391,57.8856582641602,80.7531661987305
62.9251327514648,28.7622489929199,139.290420532227,56.9613571166992,63.1099433898926,74.2008209228516,62.1829109191895
28.298469543457,32.6930313110352,75.2281341552734,94.6105422973633,46.0738830566406,69.0822067260742,59.0169258117676
83.0078430175781,68.6361923217773,258.978271484375,67.0490570068359,126.600685119629,169.926712036133,70.9175415039062
62.1860122680664,89.7735977172852,279.475128173828,66.6761474609375,119.44841003418,155.07470703125,84.3690567016602
85.5032272338867,76.8274688720703,291.839050292969,108.675300598145,88.522346496582,131.747161865234,76.7770462036133
151.395156860352,141.371505737305,106.696762084961,131.297164916992,92.2193984985352,243.628692626953,151.209701538086
170.78889465332,104.433334350586,139.777770996094,78.6999969482422,63.2222213745117,203.577774047852,125.755554199219
146.054779052734,183.454940795898,96.0270309448242,84.4938812255859,71.3280868530273,240.650955200195,148.740127563477
149.922088623047,117.346321105957,101.007934570312,84.0606079101562,99.4382400512695,224.835479736328,139.00505065918
158.824569702148,151.394271850586,91.5867004394531,48.6156578063965,114.175254821777,186.476760864258,144.719863891602
210.111114501953,108.373741149902,156.555557250977,43.1818199157715,89.1717147827148,184.373733520508,75.5151519775391
130.288436889648,195.088882446289,85.3926620483398,56.3382186889648,73.2020034790039,191.535766601562,131.835342407227
125.640739440918,177.511108398438,95.1222229003906,80.640739440918,132.659255981445,140.170364379883,117.14444732666
158.764984130859,126.983863830566,115.796920776367,62.5982437133789,92.9220428466797,197.566375732422,168.449432373047
144.71110534668,111.933334350586,153.16667175293,115.466667175293,139.16667175293,211.988891601562,64.1555557250977
137.473861694336,188.009719848633,95.3947219848633,56.9063377380371,60.7958831787109,211.293716430664,134.528106689453
26.6800003051758,58.9799995422363,177.529998779297,109.839996337891,31.4500007629395,522.049987792969,181.169998168945
53.7900009155273,33.7400016784668,160,76.879997253418,45.0299987792969,195.490005493164,226.830001831055
26.537878036499,65.1340942382812,72.6598510742188,12.3344697952271,66.327278137207,3.92727279663086,108.933326721191
3.05777788162231,36.6975784301758,72.9971771240234,25.4393939971924,51.5446472167969,117.779602050781,124.021018981934
10.9931745529175,29.1704750061035,46.1223831176758,25.2409515380859,75.6057205200195,84.9622268676758,93.3195266723633
36.2555541992188,51.0666656494141,172.633331298828,94.7777786254883,54.7333335876465,308.788879394531,165.244445800781
26.2213363647461,47.6846542358398,185.627456665039,52.7976531982422,77.4905776977539,382.945068359375,239.150177001953
24.8071975708008,77.2914123535156,85.6953277587891,14.5654048919678,45.2896461486816,18.2123737335205,76.5392608642578
7.62249660491943,25.9829444885254,269.367279052734,87.0723114013672,61.9662895202637,325.212921142578,122.699928283691
32.2424240112305,94.3838348388672,264.626251220703,159.959594726562,2.78787875175476,288.848480224609,123.636360168457
54.340705871582,59.7179756164551,175.650466918945,66.9260559082031,60.7604103088379,260.220458984375,161.801010131836
64.4747467041016,75.9393920898438,141.535354614258,44.4595947265625,113.520202636719,181.66162109375,145.454559326172
74.062629699707,205.592926025391,147.908279418945,79.6442413330078,257.585266113281,151.914138793945,128.063430786133
65.1047973632812,213.046722412109,175.926010131836,76.0303039550781,275.203552246094,166.889129638672,124.347724914551
90.6289596557617,187.943435668945,115.836364746094,103.220207214355,311.63232421875,127.258247375488,132.375747680664
101.851104736328,204.768051147461,80.9933319091797,94.6252822875977,261.997497558594,130.020278930664,127.564720153809
106.939628601074,222.404830932617,92.3907470703125,98.2440719604492,282.605194091797,140.090744018555,129.955184936523
52.3838386535645,209.565658569336,154.959594726562,85.0909118652344,227.363632202148,248.474746704102,188.575759887695
37.5232315063477,136.346084594727,177.154037475586,103.450927734375,229.06787109375,263.61474609375,172.50163269043
85.0090942382812,121.254547119141,89.7818145751953,103.354545593262,177.990905761719,83.6727294921875,111.772727966309
61.7474746704102,71.717170715332,144.353530883789,46.3838386535645,111.818183898926,177.151519775391,147.606063842773
112.639999389648,102.699996948242,120.139999389648,75.5899963378906,138.419998168945,128.070007324219,148.979995727539
114.744445800781,136.655548095703,125.900001525879,79.2111129760742,127.966667175293,127.722221374512,128.233337402344
48.0086669921875,140.703338623047,227.47509765625,72.8188934326172,199.88801574707,234.313766479492,123.808212280273
117.009056091309,92.2432327270508,108.336364746094,63.1277122497559,134.647735595703,114.72110748291,152.084457397461
83.3722229003906,124.467224121094,63.2122230529785,84.0149993896484,190.890563964844,80.3594436645508,123.183334350586
34.9090919494629,78.6565628051758,98.8181838989258,66.1818161010742,128.555557250977,134.454544067383,102.848487854004
118.191917419434,229.888885498047,163.272720336914,62.8080825805664,284.535339355469,235.555557250977,136.16162109375
50.7000007629395,139.169998168945,256.410003662109,56.939998626709,146.130004882812,207.210006713867,128.970001220703
