EVI1,EVI2,EVI3,EVI4,EVI5,EVI6,EVI7,EVI8,EVI9,EVI10,EVI11,EVI12,EVI13
0.324199181464249,0.342903018329388,0.334962737006859,0.381516014152468,0.375675228113062,0.532214472594717,0.527695460463271,0.646794703625666,0.606091411111326,0.525468598856364,0.497650258856719,0.406829492260516,0.365270758788742
0.208959394332949,0.250295783180168,0.273129643108516,0.37812521376946,0.470994207022832,0.564464402602312,0.585324227653432,0.618736905569279,0.534386326047353,0.409635497921435,0.315147618912076,0.243826734160594,0.211014761241339
0.162301088161302,0.200656995099503,0.247509290995858,0.288901940912307,0.403251110177896,0.585854300269914,0.66315105133694,0.662395168574495,0.675651036824718,0.585800058965107,0.48652085799879,0.274430542341884,0.229612219574041
0.206522551612378,0.260410459112389,0.295665673084392,0.32613288967835,0.573276485851403,0.550238813557662,0.580377597707316,0.621327863791946,0.561535847779731,0.415347180264636,0.330661475018423,0.256262993852805,0.225302680847617
0.161246664716297,0.186783074230953,0.220364707792057,0.257841047183901,0.467523620588706,0.634410648128007,0.700336681112187,0.724489285963523,0.688937574304304,0.486337838586753,0.367479354996202,0.216690102632456,0.195545675725221
0.16993012031545,0.206791320697116,0.2493235653779,0.292684078686281,0.468508245965815,0.664773766567621,0.719614464304551,0.719928858026042,0.695427416277718,0.568692554652015,0.500222456683828,0.277416657263085,0.233399448855248
0.18048131315031,0.203121660835012,0.23187632473685,0.459945463338706,0.640205723301255,0.675479351171725,0.682025128421498,0.688874735480114,0.554145611548708,0.323186880436695,0.239890057741479,0.202236946963114,0.180987800392072
0.157385145019095,0.179305109201218,0.197638947706846,0.308672875161839,0.594411098615205,0.672585192222257,0.738921264405486,0.717851637364782,0.643941308844247,0.413259991928778,0.259150981120546,0.195521219813171,0.174039398223825
0.17166612759532,0.206651454926076,0.238289649918044,0.404575181941812,0.606158025393525,0.683213250471203,0.68156216020224,0.710072964345326,0.616689971178759,0.335874674791707,0.257115930784496,0.194856924110044,0.170721728854178
0.250305656492653,0.285843077293727,0.300923211439608,0.380242901186698,0.40246594576949,0.58331540889753,0.579282643505897,0.625142741086423,0.591133125360406,0.391654672974122,0.351611609805567,0.264231418623152,0.216435908115849
0.308441221166993,0.345208273606801,0.309433861678737,0.328384347352856,0.404829485379069,0.480014892992857,0.525214192195519,0.585356512487517,0.58201736060549,0.475477928632836,0.406814703699467,0.320020186122226,0.253751470210243
0.15198237095514,0.181881846517027,0.207539725230596,0.231362470449902,0.385657442417855,0.562261056818728,0.667458862654616,0.66523192739314,0.674734934005881,0.62183004027327,0.441048564681129,0.226850773990473,0.196658456013841
0.166046596950061,0.183789804887886,0.213188251036081,0.327064681493825,0.596728051652575,0.669070645771121,0.710773719551524,0.71150952199969,0.660187335070909,0.389291991706797,0.263249707459114,0.193710439454287,0.17454772493507
0.168851797025991,0.202182326629159,0.215036958437506,0.324228282323789,0.641185325422395,0.680337352707042,0.692918265949603,0.714511685937557,0.640419505817934,0.348595058499306,0.250231183512698,0.194033329951157,0.173806254448508
0.172546513729921,0.205106787795355,0.20720051010096,0.29230690268861,0.567433464310568,0.661686949118181,0.707428409426348,0.701895373178659,0.636891499756782,0.465937583119238,0.274676165476855,0.183006542374697,0.170301898400704
0.233046679400238,0.283424726811896,0.300475063808152,0.398650999136116,0.390965562143594,0.590331718874073,0.58618613727901,0.651044889280934,0.609054383488608,0.417716814561614,0.346769164609847,0.254708969984026,0.217587824203654
0.148241885685542,0.171739847362689,0.184747336160946,0.266220887444063,0.458405423802803,0.542464303631454,0.6548640515384,0.667223755635824,0.635244630277329,0.523508310142693,0.309366927039134,0.201773688369846,0.174516953158473
0.324616399765016,0.368387826013565,0.383613480806351,0.421259393548957,0.397186859750745,0.564142275571822,0.587580634307872,0.643509892606747,0.614539949226387,0.483839276790622,0.406118293952941,0.303144869565963,0.24915004267693
0.183703165370136,0.218533524114225,0.26345170082101,0.416921631366803,0.514685406375144,0.64099987458397,0.677145691368826,0.698411407673174,0.637226589410519,0.420280270396729,0.322726449560049,0.227092696491865,0.204402473413152
0.141166467331779,0.188842949392816,0.241744081686555,0.398443081931016,0.395243595512692,0.65751525204696,0.642836530305286,0.641389266108122,0.54469962228705,0.389597977797824,0.285595937571108,0.249856833527527,0.200400013231736
0.24899863569385,0.27978075481456,0.330575038621946,0.433035762026401,0.6005785987765,0.610319037362299,0.62241332975735,0.641193134486009,0.577514323479243,0.378611532175034,0.314673492936416,0.257474996018024,0.223834707561707
0.14773072080021,0.184086362897252,0.192377537793835,0.287453324665939,0.475833786193413,0.543554772715189,0.624353558261997,0.642819149273475,0.65842062316819,0.521529808553017,0.313467096792542,0.201868510230111,0.180734646565972
0.192098711864956,0.222495335890388,0.236511978280164,0.360849749410435,0.527523951908631,0.60539562127419,0.639496294784353,0.682060850667899,0.602910393147411,0.44390363771293,0.30015651298204,0.221036240085659,0.19547942040088
0.184746370831459,0.222621993765828,0.25658681121186,0.407271979050288,0.586587796037173,0.678618270154075,0.700928968874403,0.711570607789211,0.654701300517583,0.453873994373446,0.361769701102819,0.236893522410776,0.21912858634097
0.169600847023578,0.198108496193093,0.228894628464941,0.280331887988628,0.475442769092157,0.648824157422866,0.679259264429742,0.715851453258589,0.685817693524688,0.459690560619389,0.349580176361231,0.218765959912887,0.206079033442288
0.148181809136829,0.178793411758863,0.192836234026444,0.267262467826332,0.423749614982555,0.496277615577153,0.625096005305105,0.609373275648668,0.583812405006052,0.499561427480478,0.308443398528831,0.216858832526316,0.178842993458112
0.202389299228159,0.260637771786767,0.269185155961414,0.375817261101159,0.42877119517603,0.591997877928605,0.569636918097372,0.625864584536001,0.572863595134589,0.448775396195193,0.378993219550436,0.242476388894325,0.206452538386037
0.290404355272283,0.319440269304081,0.326543459292147,0.384613235562684,0.367264089836193,0.538876115904749,0.595811113504676,0.638194529874231,0.604728276032198,0.459651141138759,0.373673283521474,0.277316841131469,0.227385315404471
0.171869891187928,0.211607504799958,0.257306049782739,0.28899735640013,0.393024523540613,0.545539667998333,0.602590900615136,0.609136261972422,0.634436760181855,0.598968263752588,0.452497305876854,0.273714685439563,0.227189033557232
0.158241403233566,0.192904100985901,0.205101909758483,0.273074798185924,0.370982595349915,0.439364287194761,0.593231849130331,0.578535421076573,0.5988961147735,0.523221954654672,0.321631499795826,0.229094586776581,0.193390425667588
0.179729705636077,0.219053546988328,0.26210829034283,0.384266147757883,0.431594670100498,0.63193917308367,0.688552607328548,0.717324658589081,0.669660320308817,0.480136769065159,0.367178351520656,0.235576559405578,0.216435930129609
0.153651688366692,0.187332579135179,0.199579677586913,0.249501992866195,0.41956659941804,0.529036221412578,0.643081426028372,0.683830013841665,0.683468006920622,0.556060141811818,0.370203360682304,0.209303358723765,0.187194625965795
0.150357643135836,0.172862843672174,0.199386854916254,0.226276988367029,0.412905621598149,0.561965165375948,0.661627682652506,0.680867377452844,0.666663889797515,0.535906407954778,0.395048793028771,0.213180273234944,0.189614766162408
0.147050380605638,0.171302041853865,0.183250789979779,0.272250964779674,0.448624568725335,0.553689798182507,0.661112121260723,0.683209291087004,0.668862866963409,0.528813868446186,0.311145193236713,0.198060098402393,0.173175564229322
0.17212930094451,0.189851533809295,0.222587828110532,0.34110653987711,0.596939649758143,0.669647617670633,0.663454733156391,0.677427412506885,0.634879640457105,0.355317800917078,0.261305918220522,0.195296075906504,0.177918338331916
0.167430938228396,0.185679801880407,0.208217784216337,0.345232827024926,0.655036846016585,0.723183790495459,0.725246913582352,0.736188562095277,0.597644552469654,0.320800596062216,0.234643386606171,0.18629643652481,0.16790605860733
0.202442775327833,0.25064812850123,0.286609193616274,0.438384650413482,0.565721805752904,0.567383133616949,0.602006031924377,0.644125440718096,0.592503410188782,0.371692265047195,0.297612715819027,0.239410376498209,0.199501989940939
0.280067168688851,0.307143959280378,0.291736576249102,0.309700913218873,0.469192781598402,0.549140349025591,0.559271925536163,0.607649214941865,0.604740768605704,0.454888803310792,0.379698079127117,0.290242277117362,0.211697459296767
0.247969411753853,0.273840421289476,0.284952544214468,0.302617890272001,0.355680739131391,0.52367943410771,0.533732506424755,0.614612712735601,0.587921348393625,0.424689831497137,0.368164727862173,0.279495778367475,0.218924945390123
0.152480598277469,0.177235773280878,0.201082509179714,0.284487475615562,0.473997683864237,0.60295207677704,0.678985730520936,0.726236194855553,0.733263746980364,0.619488234433256,0.408620489980127,0.210722273749518,0.18408468366704
0.187112985212889,0.213138061442003,0.2556825594424,0.433928349833216,0.563395274713235,0.633207941329114,0.648567669388613,0.671738562933885,0.605998578871462,0.399255821335091,0.296080052357736,0.213527128023286,0.19603368431394
0.166138206245878,0.192673742263054,0.256729045674192,0.27997889474084,0.418983318969363,0.581088908324306,0.624890983354315,0.606398448713743,0.605014413289428,0.519800057363623,0.402179134426279,0.247081082617712,0.217178114842618
0.160082440602525,0.180946391908192,0.205726980754296,0.300015998886785,0.51014609828194,0.603758409111698,0.686394673619982,0.702017546274359,0.691539177009555,0.546301465822557,0.333373869155785,0.20600676621811,0.181550231699323
0.177280703618104,0.214533724982503,0.253907410721151,0.331796018716139,0.43190672511124,0.667409644355097,0.70132609433042,0.714593207400337,0.659602756716275,0.455231160904316,0.363229169358425,0.228029340880273,0.214784661467129
0.398925570601924,0.406606333799732,0.41993400589402,0.3979065694338,0.394366803419475,0.367429397722442,0.466715154208641,0.600579507434569,0.582970537278058,0.539086794990157,0.464066366386205,0.351604870982772,0.225230665391145
0.185936807296784,0.2257633624069,0.239882203779796,0.377739319793753,0.53784585025691,0.570165075716283,0.637626656577479,0.687717536510751,0.620640844224071,0.353619131425044,0.286201515746616,0.210004606208389,0.184353759198598
0.185518903006364,0.217991357296256,0.275766583059305,0.467305243334154,0.618239554415484,0.651408070018947,0.649691447352517,0.669500491892428,0.553096693674758,0.331334649008068,0.25598868084401,0.217147935318129,0.18398293682434
0.167381444405997,0.195717003289045,0.20534399774903,0.323510619688162,0.646072718163029,0.717441354118294,0.730138178830973,0.762510558778634,0.643851215504627,0.300128690172493,0.228746931006077,0.197079822948989,0.165012408556955
0.165544762110315,0.202647712677677,0.241297281881428,0.280604612619197,0.447084150146063,0.63806705535975,0.70142148648512,0.690695141097458,0.655440401039912,0.550780515065055,0.453636989085329,0.254873170515469,0.217581039518057
0.176656111895819,0.217996254805754,0.256466141840814,0.39506026430499,0.53275092035406,0.646051972039665,0.669481884359544,0.702725955169261,0.65310176552438,0.487810910468114,0.332548444214034,0.21778637683005,0.200505077045579
0.298759998397249,0.348808914704566,0.347020463413169,0.376656944414075,0.349581134858716,0.480250627856697,0.501620390492261,0.57317829621533,0.588005048419823,0.489079529330363,0.406069149344313,0.329558739199619,0.250927040279556
0.156660053826087,0.179423001654791,0.206824042055453,0.337778158109991,0.658628529215018,0.734497013308182,0.756137451401138,0.755956505852842,0.649094714494439,0.327048438428786,0.235975212869924,0.189028816835306,0.170694018478861
0.181469687335006,0.21537554399538,0.261252063041963,0.440219982196362,0.563114419979882,0.546160204227831,0.527094254380482,0.535845340129051,0.424554097984671,0.307489075178175,0.255207682340764,0.228911408604484,0.191050773944001
0.317770253101063,0.312186154508424,0.327173369732199,0.343112582581888,0.336044610385062,0.317458998334432,0.408574124898632,0.47911220367096,0.488190459913102,0.465586383536671,0.400948497961392,0.311093606100071,0.218230869697453
0.233611326048073,0.279325593711879,0.297358025731029,0.386381322224099,0.409895403388133,0.561377342334162,0.554664646825382,0.598045845466902,0.581874116167767,0.448029309853492,0.34962340564697,0.260974753730908,0.220058390085787
0.182261888744729,0.217439931023094,0.266740977201069,0.298165152954954,0.540773108429556,0.681479602457308,0.67018318550494,0.672653761994238,0.674756152830952,0.459416513250833,0.378469955502399,0.250668378211295,0.224850683704572
0.178880523473333,0.206754199058745,0.235928530742223,0.438952605826131,0.634558502109131,0.678323525179061,0.677330504086737,0.710605263021392,0.573786719158326,0.31543994965488,0.235990233775826,0.195651769047367,0.173675145342048
0.178579157349323,0.214564958878828,0.220748519970943,0.338363735999603,0.54835390811412,0.638701778694662,0.677448925261049,0.724322463626891,0.627279283417741,0.334790227203191,0.261802594442418,0.199302376551611,0.1800629819347
0.328698523213764,0.329656385763176,0.292486995886478,0.315488407344843,0.364310913513526,0.430449198106517,0.524886827042843,0.595850684624319,0.604558139064088,0.488692349964461,0.412334544338746,0.301332637818871,0.219434759868208
0.175360185085677,0.227195205498866,0.27762070583568,0.323099012102407,0.439173078330753,0.617276271988012,0.673527142912787,0.680706205579234,0.640206875995555,0.561504346946245,0.48482977135572,0.297046702103839,0.248724677568297
0.179172284378318,0.203024436447595,0.240420294630565,0.345677420774914,0.523084460703458,0.606032190407033,0.604351906598134,0.634433197480302,0.651762853250151,0.443006452682951,0.309602083529168,0.215391717976612,0.189502327000889
0.155008514604099,0.180010648580435,0.188758351831325,0.267059565258589,0.499831036316605,0.582929706476784,0.686243246262723,0.689029012638137,0.648934559041055,0.528308478054323,0.333608701125458,0.211019867176225,0.173858468013389
0.180317970436411,0.215159558007343,0.254132432516923,0.434076723270095,0.565258902440106,0.677373220900884,0.712091605983952,0.718622940946194,0.654075028494827,0.440127135874737,0.345404936233374,0.227491213484596,0.209962167128626
0.297680812217356,0.342809034076164,0.337794710688642,0.368760874827786,0.349886542682343,0.481522932773117,0.477346104050042,0.580719515928824,0.587153627615737,0.484282940105032,0.417815239735563,0.334447726129696,0.235281597926753
0.237499255062817,0.277416382343853,0.27916435459584,0.37676660834998,0.361227909422768,0.541882661611435,0.575572793573316,0.612708026326545,0.569176628061159,0.460576797153051,0.339983593945143,0.271884426781897,0.217265692793552
0.166576433455145,0.195190861025411,0.235937410458174,0.287975824340914,0.494730901407535,0.630905481980782,0.681985757776954,0.685887240522179,0.643307655780972,0.439545535535333,0.365382991356447,0.228501963681133,0.2040652177824
0.171330618900674,0.216311597867012,0.265861417813699,0.318282098665989,0.438679115576259,0.630543647838977,0.679528480460072,0.678559155064762,0.652596499915048,0.538677806866894,0.456708994989076,0.274813590143806,0.234590570576217
0.160707416442176,0.178584334658607,0.194751907420181,0.316744151720147,0.491557077629843,0.595719405625855,0.703209431488286,0.721647818556853,0.712361825473118,0.572533590301005,0.351884912736609,0.202105954769202,0.177968281218553
0.171171863074209,0.225084985992259,0.258220956272485,0.296765099319879,0.314430626404245,0.328131276111337,0.457169855282209,0.50041696530028,0.563701419260271,0.50942873092571,0.353444591351692,0.263654284264949,0.210281607972874
0.179941116736658,0.218737154640905,0.24515415053646,0.298431155313053,0.338474784095379,0.349667174112458,0.488656715800085,0.537687210241138,0.577447154902525,0.530470813990078,0.383659876037215,0.249394976423839,0.209380264539135
0.150333487710332,0.173133801059351,0.179971139349732,0.249137845781249,0.391524155757383,0.517558829221955,0.676856398175974,0.67507352779243,0.625788466226029,0.487070161768403,0.306651460275186,0.205474363063636,0.172836068533162
0.174451952248322,0.224396701986341,0.254435361149627,0.28429136446472,0.302140690607785,0.30892737566959,0.448479028010044,0.508914006626096,0.584253574173754,0.508930366467385,0.363450797421162,0.300071361812883,0.196568322536045
0.168408477314829,0.211113066678595,0.220033998184429,0.261064385986378,0.365977471606077,0.502172602248236,0.698329656879475,0.649607968132582,0.669841323281228,0.519480956925207,0.32501350213881,0.213233522911932,0.184816864392337
0.166597687202972,0.206648956047348,0.240091145524884,0.295277150650559,0.4470196746257,0.522977039902861,0.659349613126939,0.66545033003431,0.617427902117027,0.520814350855068,0.290244518288824,0.226074335729165,0.187436598351871
0.15745071176563,0.195404696306026,0.207302407255046,0.257281731573678,0.412765817140789,0.456933594306232,0.682044795263635,0.64891882964724,0.627276032864855,0.521013106167543,0.28397937960003,0.224942038840451,0.183249785042811
0.167161504579934,0.211310493578993,0.227754317956122,0.254545703485557,0.375112600501173,0.44401472345863,0.611679490207425,0.666464654406277,0.687332084874962,0.582124727252,0.338492672203136,0.232576719250088,0.184862960656395
0.238823517150634,0.282017886925076,0.273884290623024,0.409827708615364,0.445606909821891,0.632348301635284,0.656638933670191,0.628045450752467,0.587277436737629,0.439476215408817,0.346390417510158,0.241980251165618,0.211842022666089
0.201659171341956,0.247178538389857,0.257481784777998,0.352560527545801,0.377851851732221,0.638078970367758,0.693548919793822,0.709612543835426,0.696623974122867,0.476525819436542,0.365485968878549,0.228071729817472,0.203959676387559
0.18209024535379,0.23716841877636,0.270384249680548,0.301770527435989,0.343267213518736,0.379131198071478,0.510992532856095,0.544753540152686,0.611618914020311,0.523827108780265,0.367164034461636,0.256736220904872,0.206732081153594
0.291994053573136,0.344287548946346,0.332298321727608,0.434390929712839,0.418600945779774,0.590462123424706,0.609769434169524,0.639622540596436,0.604085209527087,0.4638914792249,0.379613903172126,0.265170535633194,0.238624958975629
0.231580315679276,0.310154690519353,0.347849291586381,0.401511229798885,0.464187932003379,0.524914832474993,0.663173504575741,0.609069792226147,0.637943779648466,0.534207480265153,0.419872032800272,0.340401035403384,0.285100799048177
0.17974831128572,0.210661277853669,0.242684074806997,0.316110429873263,0.35499485130545,0.54189184946138,0.724270550174873,0.724712659836145,0.71839355629182,0.513370390015697,0.440094215357946,0.215676813342022,0.19123321756038
0.168510775001163,0.201209011803006,0.200932233920036,0.263611696890878,0.426018139102073,0.458044863881584,0.672509393988177,0.638699956865142,0.606636659796484,0.484941472533484,0.275387243537275,0.235110794757349,0.185092715929449
0.204515023886867,0.253663915865645,0.256554155440532,0.395585849971648,0.400613734543042,0.567481993871825,0.620425025987223,0.653032467048073,0.598132350072884,0.486291467371192,0.386361635346994,0.235308045495707,0.190587681072252
0.177130530250998,0.235085125007846,0.24971453123464,0.268292286325979,0.360626026087252,0.41783969171177,0.623221338686544,0.629382145292504,0.659329353347053,0.539161103204453,0.333413055926555,0.220731533390282,0.188644510023478
0.191068247271759,0.23281110861435,0.251017384639949,0.316825735474525,0.366693522174928,0.516581073121968,0.672226319876934,0.699781736398271,0.666886134389855,0.483626881313545,0.378451486790277,0.227753435452799,0.20761916338884
0.203242534112507,0.256226686016076,0.267884206710872,0.324761251956779,0.398359693299437,0.566785680359646,0.700954449631194,0.66137461191575,0.663430067869325,0.497373131151889,0.341301664984362,0.231476662184124,0.211870203808261
0.178923793365595,0.217306021931504,0.251153570802385,0.294991103057622,0.363830497884733,0.489112053789547,0.607962120431827,0.69207910921649,0.67601093118992,0.523057317705596,0.415586242808537,0.21418180505404,0.193147922678654
0.165940440227199,0.215346720168717,0.225398057211474,0.266079703131496,0.40082813022162,0.434749270902428,0.623159802690867,0.618657780455144,0.649709713804696,0.51839010036948,0.283531242029553,0.205451369151635,0.192247892750191
0.240186239422607,0.321062115131325,0.330030086732267,0.43789636832445,0.415808899361342,0.64220661279829,0.620682586589569,0.659170731664467,0.641370131008797,0.459260321623923,0.377774469362001,0.28273628738483,0.227862535483753
0.159020029407564,0.196184655768841,0.210041136554223,0.273463638696453,0.325935386537869,0.375994055365404,0.550745277046875,0.540052888126544,0.536809707789396,0.498535801326194,0.354561283412796,0.264035792544363,0.207762144168007
0.169974708346999,0.232162708138976,0.269562839375803,0.289246894502642,0.336837329550349,0.353577465709569,0.485141148175619,0.549938108744573,0.594768166971608,0.486028671238201,0.332003279615894,0.240169165374893,0.194943651258172
0.220496772164293,0.261974414981684,0.267341871953185,0.380786664916212,0.432228738250133,0.585611063280292,0.596675175991059,0.619688786766916,0.558301523554861,0.457806507966768,0.367121811341073,0.241691564851172,0.201399639158115
0.172233871798657,0.210294588710188,0.233002875338872,0.301761206475462,0.421310425326592,0.527586165360419,0.677592366110897,0.627142098023918,0.638120717868769,0.490023673012796,0.291555715361926,0.249504237970345,0.193575230191965
0.182296563340872,0.203344717580933,0.223575914223305,0.29836520603284,0.40401626576018,0.442063683298831,0.665432524674135,0.626516015458564,0.607161104363544,0.541770555590359,0.333073643702904,0.269293614552839,0.225423075339011
0.291701513577455,0.409217666548779,0.473559774470155,0.526484032040843,0.519524916110278,0.532215541394882,0.627350855949363,0.573974601499573,0.573236713687684,0.519718279880794,0.456595879522888,0.422516007914074,0.370864851006545
0.177741304136258,0.234036756505059,0.245705980070615,0.280875417252946,0.387655318839237,0.43617507749543,0.602809668416351,0.614873545610969,0.656350278995233,0.544607238358398,0.338486125861969,0.246637717899041,0.198355939790586
0.173943537949108,0.22023332645879,0.246743100090194,0.319328745043417,0.374966135935941,0.507120745748547,0.658164697323437,0.624828748569629,0.632967040086285,0.527775624836728,0.317704625139335,0.269430595283991,0.218783394653472
0.176392256725161,0.246173416042213,0.273274909330649,0.304726608780309,0.356198505776085,0.372250646178274,0.565586215440482,0.598212890743544,0.641236682904264,0.524130561233243,0.327980441423669,0.237573836435623,0.213806401343925
0.156202550536832,0.193261660462782,0.213165998583286,0.27951834525263,0.328880063723681,0.414570751046429,0.58404278692502,0.588957279730854,0.597014421994255,0.540540162947005,0.361873947372553,0.252211784665505,0.193550390647354
0.290429770472326,0.328297733797251,0.315777413166578,0.428915694707496,0.419619461924702,0.639595841651627,0.703309061703317,0.691942980157531,0.679249329025498,0.433646101570828,0.344911030844626,0.264410103334495,0.231609835197734
0.150118619160776,0.182771227512375,0.184784395019155,0.258743191238266,0.419914382494492,0.487539774931469,0.731970735237992,0.694554320265783,0.674055951293894,0.575724348013713,0.308228632351529,0.236427151122222,0.188582034413377
0.218110905749683,0.264637446386612,0.296364855315545,0.385951367465198,0.371595244720108,0.536671456907791,0.589213554614544,0.628790507663119,0.557293909151234,0.475321557306103,0.346563573792933,0.26044779067729,0.207535449514414
0.160775602824028,0.195331414003418,0.210756406837475,0.275467743395207,0.351332801983397,0.415663402409497,0.595920778496394,0.558492412319191,0.538721969640628,0.468362703214062,0.305958879740564,0.254088282744163,0.198129226875216
0.168362659655173,0.222585944196491,0.25364280195565,0.258913306943566,0.307667905223114,0.368520924206787,0.534541461784527,0.6008040029272,0.639578751790561,0.497679442432905,0.400413191637745,0.230426455946525,0.189356188111986
0.180786857514209,0.218979880574746,0.23022056302084,0.308526800884084,0.359521930228741,0.57424873116862,0.71037373520898,0.749975595152326,0.720882075655219,0.523247941923176,0.380849887289199,0.203252212800808,0.185086136784996
0.193594298673048,0.231301833457897,0.24140937871697,0.329110699504586,0.377520246971374,0.608396476729561,0.692366941600784,0.690363904977927,0.674178316435428,0.442574804122399,0.333368331056719,0.213069321380674,0.195550540777677
0.196184289633478,0.221681263104077,0.257135863251231,0.311629225352401,0.432779474881301,0.513369677788013,0.651173691001529,0.57995483291373,0.604909595532719,0.491170546372253,0.312539894279105,0.264972653265304,0.206885434120148
0.21541198406508,0.284004201797921,0.272128418310697,0.402997625980553,0.517790974089157,0.61938644705865,0.603938095266652,0.627796419720694,0.560746306962713,0.481574416544976,0.392903333097362,0.250945862674963,0.212791892717435
0.17382554776215,0.216373957300056,0.216143871193367,0.287834511739253,0.371399200504128,0.562746540857669,0.742680291831835,0.741724816183507,0.747557597155696,0.550324754090516,0.398218368887587,0.213568125642797,0.18565738127734
0.158765179488342,0.200810562719916,0.17777105694739,0.234961125626697,0.536920899945596,0.597873940819551,0.667963360852008,0.681147920896348,0.628783934006606,0.455425396609777,0.275789354387257,0.157118070554691,0.159976045764798
0.179908127899137,0.239708938709876,0.257480211709708,0.320537509075302,0.438183756902862,0.459353237163955,0.628270125910126,0.63265145734817,0.641480972845404,0.48983771251991,0.320789952891881,0.258067176180637,0.21421570791655
0.153426628250941,0.176894272913856,0.184028044091079,0.257697215970973,0.499605646391811,0.594943117228341,0.738547981681776,0.725922945919399,0.661231875057757,0.528389107892313,0.326540437728036,0.208467270129188,0.170960203990073
0.239410657362919,0.291514927879255,0.288741748327674,0.335637176049231,0.376603362129625,0.438021538244554,0.594713024117604,0.575057840995374,0.49414992958083,0.405156652453538,0.331594489830833,0.23921055905223,0.208719618053177
0.201299815743535,0.264870252347988,0.304047210154926,0.31307364211527,0.378840066138108,0.437463567214381,0.600677206045329,0.632443435861288,0.640610856701944,0.480029804468998,0.424152597470122,0.278804821576839,0.218322180649899
0.155233094557646,0.186861569563059,0.199261431231992,0.262581244202122,0.384526469531627,0.446326549822788,0.60551005520724,0.592968268513365,0.551033797496262,0.459253896801405,0.289849459977986,0.234512911998057,0.178407393376891
0.173906790015501,0.230209763085963,0.254454022317115,0.297867202111549,0.36831865537874,0.385264077613767,0.545558214271844,0.593070952127603,0.625862455322746,0.525346281603881,0.346374414648157,0.271214319442446,0.203874964442331
0.197507195548998,0.243633158657217,0.330960771267424,0.345262325975652,0.363827621075841,0.549771293785046,0.57591618326128,0.674757776974524,0.644581185293954,0.587105394460029,0.50875669915639,0.33365466367852,0.279101419390044
0.183379918294026,0.246661277722809,0.320283819925283,0.338824257511247,0.356527053725686,0.476493215196241,0.534484060142679,0.647868276547721,0.648794376108695,0.57302054967259,0.500771711973477,0.344946075023627,0.273086304224054
0.17668187370766,0.207061718599989,0.309936712127178,0.308696438507177,0.369221852006087,0.588850311914227,0.719404594439381,0.701548444817214,0.660820353932357,0.650850721217154,0.517396378195985,0.31334085922886,0.260294950424812
0.159223660013087,0.192699335318537,0.252040861747602,0.263331611618019,0.313682500747399,0.625371136413223,0.632368228338086,0.75176944386403,0.693761141615256,0.631757443731342,0.449996915841835,0.272157979613614,0.238359521408727
0.16580779058158,0.178794259818927,0.23056057849591,0.232524844922964,0.439433318314547,0.594751572269589,0.673219064649935,0.73884643183002,0.732384635517832,0.586781046344801,0.412759841435167,0.228711802293407,0.209963206004263
0.164739859520278,0.180029637760279,0.244727726434797,0.245914842422602,0.437844792918903,0.595459264266989,0.673408017737381,0.713928916294181,0.67770323559364,0.54131830035544,0.38768282000598,0.233911410720373,0.213642031956112
0.135606671163835,0.165077774348508,0.189020440099365,0.204017532094252,0.398757981324575,0.635132368919117,0.661111594049313,0.724361997257551,0.676239135530733,0.547051750656891,0.36837325465624,0.195375858593651,0.187409968544729
0.158359350830227,0.177405247470854,0.256191121764418,0.257183851764209,0.42643575440423,0.620077010690067,0.684828743208957,0.722472535599683,0.660676538865592,0.557515729910607,0.413296457020739,0.246532876493936,0.221065029533222
0.161791429863663,0.176858034049222,0.254785901387413,0.258800408483808,0.420971844546938,0.58922330939752,0.679234496915273,0.696836235549881,0.65935438107347,0.58097460881532,0.414527322679429,0.247496256713943,0.221250424249813
0.131462936718254,0.166268634856378,0.192086648869501,0.220969178675752,0.38452814359466,0.539863304209857,0.65725404795787,0.72978508364488,0.685034885108469,0.60857949257466,0.325164932753892,0.221792530213712,0.201675337994622
0.160158833882328,0.176030496389521,0.23871222870263,0.257485696319909,0.403408779051093,0.614402234566539,0.700151664618196,0.743378921675408,0.687057626656764,0.573649293141762,0.436250755191291,0.230353439723756,0.218059045474687
0.124673530733165,0.152345977619305,0.17054602907577,0.179164261368387,0.349677025704741,0.583332197608682,0.606895949995134,0.725559711798974,0.689586002292278,0.615916463955572,0.369975240710133,0.217932229708596,0.192733574357647
0.148430177907215,0.17183576749484,0.197104007579192,0.207727262804996,0.346365408529412,0.599331056280263,0.656325020856369,0.763880880142331,0.701642132156089,0.620476884307313,0.393805107034793,0.23202706482429,0.209658118150739
0.173174439413672,0.222329432464052,0.289760606257565,0.304522195403209,0.340435172415999,0.514171105216767,0.594039213778042,0.711823751481755,0.681495690688717,0.616406697819011,0.503381083057908,0.311719939108985,0.25608679725494
0.175355526460572,0.206610100717098,0.244519895653256,0.241451925077465,0.444068009720234,0.589285142601197,0.66947648669114,0.710494390166284,0.720948736375859,0.561524196740295,0.426136797439744,0.235312928145372,0.213804816159836
0.139606719590537,0.162826131004949,0.218843365619108,0.263378351114613,0.3101410978456,0.566419096494605,0.680197715990467,0.743975254694708,0.693391685104687,0.601041531599743,0.453882363251572,0.212694277599494,0.204986372750521
0.145730887264284,0.188417966391592,0.222481898385829,0.248781817968399,0.42697229409021,0.592492167341131,0.705504385180291,0.763803933740575,0.695924567767814,0.617039541633781,0.338871390231618,0.243843829155897,0.21293936391693
0.158660550287437,0.177411989433557,0.264052384757452,0.261112507264553,0.354832664561463,0.630567117740032,0.696405085396455,0.730935875636776,0.660956950417247,0.580860894271768,0.420754143735998,0.248226415375293,0.222976758391845
0.14222314459183,0.164046960773632,0.194694464287359,0.234995318574656,0.396369718102106,0.612304927605766,0.68790578025842,0.730756610331105,0.690281165043294,0.590959177684512,0.325000429370175,0.225025576398643,0.205361208508862
0.166548758790478,0.190879368566627,0.266692235317126,0.271171485685531,0.34886794549995,0.607113418265777,0.740572807230657,0.715868689207641,0.670259529205738,0.629559273487136,0.486348205430693,0.282577871352992,0.251767379281176
0.171977865611694,0.207125793615386,0.245631782457766,0.256090569195761,0.427220973466273,0.549873274786973,0.638493991562542,0.675044408448364,0.691681403996355,0.553515841254925,0.462408209440986,0.248614795945919,0.223167179481469
0.156774029135179,0.193583761223699,0.225273735043045,0.24163905003335,0.352638934928586,0.665357388436709,0.683052599952162,0.737246560257694,0.694392892243352,0.624118130626113,0.461540203774069,0.26565484286098,0.234110437259132
0.157638024048042,0.178423545857788,0.231501458041316,0.235699279499396,0.362006312990777,0.581711704087384,0.60865530015317,0.692218525530275,0.640382735434675,0.524901067699286,0.372160803897036,0.216011232719905,0.201620328117787
0.163908184637949,0.185047099469958,0.257664266383014,0.259698856443627,0.450730817363743,0.609267877292813,0.697224940523647,0.688098945373996,0.652625128281695,0.578119352719071,0.412453106098024,0.253152670387209,0.2285810837523
0.171776739409651,0.203337728831155,0.213426467313407,0.2387225690264,0.40773143987161,0.633623184244984,0.679502312581153,0.704543106000509,0.633701535142594,0.463657492460043,0.307242678413166,0.202351012646861,0.191696060857727
0.142581843188016,0.159747092637829,0.188419464358153,0.233318935780192,0.356775388527283,0.632355517077851,0.660595257973471,0.724181230915212,0.665375986773749,0.579081627493156,0.298894192676181,0.221495991088135,0.205283764122942
0.182369796638733,0.238691726698787,0.294211228860948,0.306136058505471,0.47214318413247,0.611349213707901,0.6808337324377,0.677125990108339,0.659820225354843,0.568716255176614,0.473563743263146,0.308973790151815,0.270529133254709
0.130937242316948,0.146614847820075,0.177040162852407,0.249949770039698,0.330373885892532,0.619100337313773,0.663055451330202,0.714885247439151,0.650434361824648,0.587906005229129,0.323237003994034,0.216487815352948,0.199651796481132
0.157075055880146,0.171453765072311,0.242221031638316,0.236355756394037,0.374720841422251,0.555092905174553,0.673908963594853,0.717536641854642,0.677547945747251,0.587179850647431,0.43044191446013,0.241287449084415,0.215148902522816
0.157812836345711,0.177611850374419,0.248762229531174,0.275927755092496,0.327111487494345,0.614023928358161,0.679837945796232,0.725303683630498,0.662767494644792,0.563804998199624,0.437120896408809,0.232415133508408,0.215248055230488
0.144586381814065,0.162896029708825,0.199711528368069,0.234354347059418,0.365534803427914,0.583873838449969,0.697281995490426,0.756874376241623,0.70280424074777,0.584534924503965,0.446011708355948,0.209088914821026,0.200667749558752
0.148117692430972,0.189226736244861,0.218706717724503,0.273758228953812,0.336026351499841,0.566385243293593,0.558205354716315,0.657908462274319,0.662554224266042,0.578308870300591,0.468919366050068,0.298478984103091,0.216417263407333
0.142005798095052,0.171404996961703,0.203389297594753,0.206928273682038,0.363170059091131,0.613639968582338,0.60267978202826,0.715111871335927,0.670073673819154,0.580784798159273,0.367687988546594,0.208251484987239,0.202677495520123
0.154852752559733,0.169298163434427,0.214117679128597,0.200359237100919,0.405133030770998,0.602362835667552,0.707518520528174,0.771385669384264,0.722989149217686,0.614412850630555,0.451230809748113,0.214662855895898,0.202264124114523
0.19393576155722,0.218703832528683,0.298435096600657,0.31618139192476,0.362845037892935,0.579844006327097,0.583255394531509,0.691228440416465,0.646959914008602,0.576525911818414,0.4342594646164,0.291702785982803,0.257795182583418
0.123871455271768,0.146334436540847,0.170049488889033,0.206194035963721,0.420860073089035,0.63890560095648,0.693424038989444,0.746436939310736,0.68844573420314,0.5760246823717,0.377785794874717,0.198513506240242,0.188468211649544
0.11659032905523,0.143739818152507,0.162584941674796,0.206297471794534,0.31215203646378,0.560197486777314,0.685046093305564,0.756214998056974,0.692629738837253,0.624120776565379,0.469520711840114,0.200642596644194,0.187016186775233
0.157928357351511,0.17671105130998,0.228799721466186,0.239595079417292,0.441982751640454,0.647354546446787,0.714984522638577,0.747285134695488,0.682918507310777,0.568254920205785,0.440631529152075,0.225177579228237,0.212617945230245
0.156398485384562,0.194773436538382,0.230371338555766,0.270615816579687,0.352142045762779,0.578220591599641,0.624792327335866,0.676974932700644,0.649690378332549,0.582559095587936,0.435489767853938,0.25065823317857,0.226060479986059
0.191537390643827,0.220746739584097,0.259909329411129,0.290495978914357,0.464619188157185,0.615554922008447,0.6534044602481,0.684097487085985,0.640213960500246,0.471085880049744,0.352068066803955,0.23175794666855,0.21449582177433
0.159502462721346,0.17645126939633,0.255709295424432,0.265674758822898,0.376085043180175,0.565484196306033,0.675258900285313,0.726956280284949,0.685981888317568,0.605958790201985,0.464622986253767,0.258540194433007,0.231165321694611
0.123565620818711,0.153577175389565,0.174448983647665,0.230655012659694,0.363554928876623,0.532724806261161,0.659725473522857,0.722208191710442,0.666143212837727,0.589927188010509,0.314816135793238,0.207842045785009,0.189737146361881
0.154674011344018,0.188252005108325,0.220652312385647,0.233786703318483,0.405180995530551,0.594307044527506,0.672741839836976,0.739314817633418,0.709710845053166,0.650971814157167,0.504079348043274,0.280744142241127,0.228843946284826
0.19355176743731,0.226594313658914,0.303245953746408,0.314934375265953,0.502192384245198,0.60923072374396,0.680680543824081,0.695885888804966,0.677214292602345,0.541273577164525,0.427046300049323,0.287444221608775,0.259796381609527
0.199606760022929,0.264657052009822,0.336244693121775,0.358458077209858,0.475749577237951,0.583761458151956,0.640381080823495,0.646103291041575,0.641463315725331,0.553401173966986,0.460688182253067,0.320427157657091,0.273456105682998
0.193146813735775,0.21938429328916,0.280014410511569,0.295953832372777,0.48948549698717,0.629157822309004,0.697538685003052,0.721424116961492,0.665420202123159,0.552863641422167,0.39601502017664,0.260974063011421,0.247655934265955
0.184602062907438,0.210193857077872,0.269419070904689,0.277513566092384,0.411431995363911,0.543510365616534,0.584819967668884,0.639618709973631,0.651869715311395,0.495503630006312,0.399773488258196,0.267039549831657,0.228732876165201
0.190217897201334,0.225013192622692,0.283214490739078,0.279245340450093,0.480632637610771,0.623516506333081,0.684671442461123,0.711927647736352,0.701695430953277,0.554384163992755,0.429526911370141,0.264058262944816,0.239822050050976
0.171378513455962,0.202493831567513,0.258813737508488,0.261429528519806,0.447508860659624,0.573324756069166,0.654507029842683,0.670172681037165,0.675754638204804,0.544846740670416,0.428636179227851,0.249504734120612,0.22462850543808
0.198276219877328,0.230720940376101,0.31424205118952,0.329674936748417,0.525557663532475,0.610669989578289,0.667767737932546,0.698183189765829,0.668439631601924,0.52693775864118,0.408438674064755,0.282527518355209,0.253057934315166
0.121508214174595,0.14245066254538,0.162874979540836,0.223469278702404,0.322654432407241,0.593916204623185,0.690998544989808,0.747918469589303,0.679749271677209,0.605677437928467,0.38319978488004,0.198297528787499,0.185723712625245
0.20028470582936,0.242162086933304,0.27194313891554,0.319286733308089,0.409221486733378,0.556944218624804,0.598523504243024,0.62840590111446,0.603364653009596,0.445122235996299,0.352098718578455,0.247725151993326,0.213047886913822
0.176008207211272,0.195034123906962,0.271715936693865,0.282982196070796,0.446978994366346,0.57592536213517,0.626211878593937,0.687741163923664,0.696795014442164,0.589000003351532,0.416596995640687,0.254109699225112,0.224811574128103
0.182276420656562,0.21647539248926,0.252325686800976,0.264820623987245,0.467904273207639,0.63161286506654,0.663104610239591,0.69327287330179,0.659244342065419,0.472981179147107,0.376988047904649,0.227128569840174,0.210680783877011
0.162408872889709,0.183008908915156,0.191091342107048,0.232076820207137,0.41573812659308,0.524207608798559,0.687006859703226,0.741908116377177,0.677104537417281,0.57768038569625,0.313474876610648,0.222055480608965,0.20069291042184
0.209283420208988,0.248847825888331,0.341022670390544,0.349802605066007,0.382232268983671,0.538993338186986,0.568076122463557,0.668346383140461,0.643628541491372,0.57963313058297,0.492757081591485,0.325870945610925,0.273008874242564
0.187515463082945,0.216329953094761,0.295866639623318,0.318217378519403,0.558054581512399,0.624349471722399,0.691720253287702,0.706472633752481,0.650879420923218,0.491770120674748,0.362363265372386,0.262901030599522,0.243295606136547
0.19190844291765,0.222028736285802,0.291811567063752,0.305216456583641,0.498647238160673,0.621218740801513,0.690136686076901,0.718494957151197,0.654728712956605,0.51564672723841,0.390665086130238,0.260419761854038,0.248090596421
0.174374535531514,0.195315653956682,0.251671617471607,0.269443062413033,0.450615015928718,0.616930387953362,0.705573722245091,0.73778811236896,0.679135135989439,0.552724425869079,0.414490703457197,0.239283889584905,0.229140212331405
0.162096964534153,0.17219302394192,0.236748307495996,0.252755627055989,0.341574294132291,0.57341833128374,0.686653963291525,0.743277342811676,0.68105320248461,0.602714441272995,0.455514081824391,0.237452779278661,0.215658233169417
0.130829883168007,0.172445433206799,0.207597932198492,0.232341091736166,0.369183098226151,0.638542999651854,0.641084776539032,0.690223515397735,0.670968220355409,0.578787216022444,0.440091494199547,0.227018913723258,0.21055569495967
0.174844451700602,0.221681981647002,0.272015988552722,0.299716098960308,0.34231581648236,0.535685320865734,0.562879448354563,0.707195999785257,0.702635955713404,0.623287649428162,0.504755907878735,0.329312862256974,0.24497551594044
0.183851265855688,0.22480419556682,0.272183908186875,0.273387811727437,0.478405080044358,0.608816070693346,0.653946891902438,0.681700951211107,0.677991960479588,0.47903174120219,0.378519383148531,0.238548632355552,0.221401193886175
0.147304737434672,0.159059822787355,0.17536190528643,0.212469342582157,0.393723548333727,0.552698116846652,0.704089675592159,0.775142476598415,0.704035081269998,0.607986811191434,0.26759538008251,0.208862460082438,0.191381492711901
0.138847431020858,0.153350688202121,0.16437979654794,0.200350425945666,0.35934036018593,0.471679193100548,0.687373016054605,0.771740268733485,0.704702327448387,0.594100000192653,0.293936968232784,0.200919033458585,0.186707348098432
0.175263782299719,0.230544363667212,0.269639871546725,0.309740922316403,0.353680621005608,0.514533704969564,0.522028988897156,0.669774346918509,0.662592997245738,0.582399671719733,0.499015906756988,0.344013109150791,0.247499809323867
0.131938990285391,0.146092017272875,0.174122861888205,0.251842440785322,0.301528620989727,0.572894849614413,0.678272116280618,0.734663899578936,0.66931315404895,0.592389887613922,0.306632382107756,0.217532070777365,0.1991466712132
0.158316464398614,0.182311076266989,0.207369387296485,0.247692514611227,0.437013687455247,0.684650490737998,0.725466169576725,0.756383880037517,0.701785056730117,0.582974706401046,0.296612904712678,0.219647862186451,0.209869977451448
0.116615301348322,0.138564235093393,0.152295375523098,0.189158240359052,0.336245647345357,0.537879240350664,0.654863793987379,0.740824420588728,0.695556867006369,0.611261944368997,0.291541432010534,0.199128376806061,0.184965696993318
0.17266034229907,0.196067921736108,0.253547384755281,0.26317421186205,0.42999964855049,0.59541522001158,0.61374360438498,0.686459143931038,0.629137848063832,0.558652629347819,0.364874430108172,0.232397760019844,0.220630875711029
0.185459345362047,0.216976881673853,0.27340138977851,0.288121010257908,0.509621696824606,0.609830439631873,0.716398171979376,0.721085288758789,0.692701927800837,0.544595227905718,0.400764292862281,0.263059179061691,0.246057919976117
0.230697575487108,0.285659368554821,0.359266282644485,0.370156379093867,0.385922656315941,0.459488436331051,0.494004044530074,0.592050609240392,0.58360779067403,0.536095556275649,0.479952132028037,0.38047264186044,0.296710888665892
0.141719343784868,0.169185966733172,0.198091649238532,0.204316964634449,0.378270868420644,0.54045360823744,0.652047486486339,0.746251278109969,0.697744358699912,0.625774620045636,0.399607153691917,0.227436411310501,0.205443923030826
0.177197638385084,0.209898862358595,0.249420423040788,0.261171587178424,0.487290169039098,0.617063184417674,0.679185934970031,0.698768595307251,0.705641970139493,0.496961013203407,0.402824598274146,0.230549358979217,0.21532642271057
0.149482238020996,0.183514169936524,0.214751178302356,0.241736420405657,0.329807567933813,0.634127983836094,0.681493565972525,0.767121568754302,0.713650959852316,0.643625849823982,0.450476010780123,0.249519292059852,0.221141633900083
0.162823829928771,0.176895180947981,0.192765666528683,0.234756795579777,0.445996526339972,0.610528341730096,0.706716755785281,0.761560418092156,0.676849874289094,0.573305705388108,0.35337206997765,0.216425600837915,0.191531185146272
0.160796146594534,0.180135913985762,0.216581804530931,0.236894105091984,0.426409590861327,0.622120627834582,0.652246508989038,0.727992076427552,0.66146374662544,0.559669718789039,0.356116816072745,0.210935461346036,0.202324869222281
0.175746841392677,0.197630814966974,0.261825409568214,0.26322687692514,0.461361898171487,0.600840869605743,0.692286631931144,0.73375033138475,0.704181922092988,0.569787912653382,0.423699851737867,0.256628195523109,0.232164652521161
0.221800739545281,0.257256967449516,0.364208862672933,0.369152374172398,0.437775268687406,0.524504375871793,0.554346423486486,0.593961833356651,0.577032897204865,0.530521381835879,0.419252022035514,0.313963436514608,0.278407858142259
0.199450124118281,0.233114009926039,0.308797627376178,0.313284600632677,0.503525307797474,0.636740804294959,0.668209508594456,0.698883779039495,0.673925533578434,0.522499027185077,0.418512218606782,0.272997103799172,0.247044916005615
0.124263972487221,0.150030045644291,0.176318565303464,0.21050773616855,0.369478181069372,0.573286380502707,0.637403261342129,0.71321108594606,0.676285095512997,0.590051063287593,0.368551943242544,0.215526287149339,0.191035634755894
0.122105377188262,0.145903413429262,0.170970216479312,0.226567630660195,0.36479988676864,0.656548185402748,0.68558832027074,0.740568032315202,0.671076679578811,0.598959327182832,0.43777730830105,0.215991387063893,0.198314513415052
0.17591803339348,0.207791341566632,0.309692142973525,0.322852218527285,0.398391218237674,0.603562229432578,0.696791394751545,0.697185047134242,0.646274836230166,0.57397403425774,0.481968330770157,0.312158964462068,0.263834481033694
0.14801020266572,0.190918820694213,0.225251581091865,0.251547667182972,0.401718788111096,0.628396075558741,0.657539854076323,0.690620596075597,0.667205098305864,0.585760511052693,0.41809181295516,0.257789655535055,0.219286959036946
0.131366898355694,0.159404297028338,0.216054387064874,0.245422904630906,0.338704660671275,0.544815601936219,0.668800552090833,0.744713688789732,0.68830352455651,0.606121440580174,0.393875921977232,0.219557608558806,0.206418610014058
0.123679463696663,0.142518148257875,0.165763734434402,0.2075784581042,0.338267316102283,0.548736918295026,0.664773338704421,0.737527828860044,0.676004673477965,0.589007637618087,0.397963033653355,0.198657194063657,0.186382928408191
0.232428767346257,0.281735048980251,0.337755821948061,0.349059042461892,0.374046192773286,0.442005461348783,0.473157261931749,0.528669375145638,0.523287477135907,0.452854749663903,0.409311566922197,0.34703672047342,0.247972937741084
0.184351907104767,0.226087011458736,0.266196814878257,0.300493090778959,0.338428375842779,0.480491015776063,0.537604230657658,0.622671924464036,0.639035977793413,0.510005426178891,0.437402596433179,0.309508840453537,0.226710889012614
0.19824721585134,0.253362657059339,0.297635340290115,0.327808671018151,0.333393334057346,0.431488112485596,0.466383836192231,0.546824181725089,0.523340890152914,0.462763261032955,0.359572122954044,0.286182137468169,0.218677966336669
0.37014408352905,0.398309528206365,0.453092904469329,0.318367767172628,0.297630047396401,0.308866099069262,0.333141109605079,0.327484114554707,0.379842612139135,0.342522292965988,0.308202706620222,0.241195740025799,0.208551158129672
0.301785863944235,0.351897145566433,0.403773263335966,0.397223071924302,0.379376144309895,0.411826470488579,0.391293557830889,0.450425254290078,0.504798957561692,0.504781607515271,0.532494677559195,0.491361016570781,0.328707701084112
0.219269045666803,0.264763739801428,0.312818647781475,0.344409936877932,0.360452359589326,0.480915173476477,0.51092632399607,0.574861491301969,0.555302121337321,0.434071528009128,0.342639369795838,0.268980219811773,0.230951518989527
0.345491424251577,0.371549432293293,0.359164795628651,0.285308654037893,0.271623618166922,0.303199344764774,0.329577574897305,0.368520600136734,0.358218454912771,0.317533793203319,0.291181010351752,0.254348210043552,0.229332937688142
0.430677213338441,0.502753822497934,0.537003137092285,0.595102971736629,0.555407322676659,0.640090680323782,0.65468136873852,0.600302885885031,0.552753693905526,0.479141669729446,0.419967254602619,0.398228056685572,0.392920049910616
0.424293005105627,0.477816849051969,0.438330334872798,0.446191221669852,0.461434908774927,0.511215880828372,0.545436794241987,0.684563186348279,0.618198418147856,0.520460669084679,0.431829027232168,0.282199823534939,0.21365458223626
0.234103442873676,0.276919321141665,0.258065253311271,0.344306844389997,0.420463684660132,0.591768492927351,0.705959100260992,0.683508209643638,0.610349703968936,0.447345010796534,0.339156847634727,0.21193783821628,0.189742030643266
0.352959910904995,0.418378101146552,0.380375536182837,0.489808320126161,0.498824926656067,0.555331393731905,0.598381687340345,0.643264404789557,0.556779384109453,0.476629536923631,0.40298378304691,0.302831600565469,0.243551561938245
0.495346370893712,0.638269096218802,0.579779399673272,0.554218286513169,0.572542493933819,0.600438660395517,0.597029878116033,0.563273724462469,0.601002278310077,0.482158390304082,0.441100891219082,0.491838710825134,0.417479634476454
0.423269922025373,0.45802355760031,0.444823261008876,0.438151076964676,0.438531749151592,0.491769909182559,0.562160089814881,0.611779996677663,0.566465236785412,0.485216679994971,0.420918599294921,0.29989886700033,0.216885347258291
0.400406683988334,0.539173294962779,0.476961769804918,0.537374174690518,0.500211503768894,0.555025922506484,0.659637816920966,0.600265699489505,0.647812304418811,0.469558201645031,0.384365874419175,0.336750588930025,0.29761533900695
0.368861600258297,0.467960322805875,0.375323475237208,0.418906886037356,0.410111874123009,0.599933118873345,0.661570096953949,0.642584805558424,0.602663297141352,0.499842170944548,0.425219980143589,0.287602109304359,0.28451400519247
0.398818724817226,0.435804869019132,0.417934440900909,0.438312414271888,0.452447143382797,0.511767990511097,0.570374747723587,0.605937221841201,0.532423996604295,0.46411610269877,0.381099908812401,0.275832018780559,0.225743683433066
0.396523148887375,0.452852851424605,0.41836534943703,0.419670228474117,0.458205877322184,0.526547870038102,0.563001327621306,0.667356831408849,0.597673755224817,0.484410720546876,0.408737471899742,0.279439983686485,0.211160826485215
0.408045871176684,0.491234088236905,0.458079762190271,0.473870441063421,0.486404942662457,0.521504634575344,0.552455881610119,0.620840938740961,0.590093436110083,0.530347889377444,0.450073406320612,0.286119332036933,0.24672585095146
0.265634406380832,0.30006122042704,0.291322650804836,0.411836248156673,0.441586675423132,0.574630027448952,0.627573697469043,0.66417921937424,0.521834205216478,0.426226838566177,0.323259672891286,0.254662554624953,0.204429762201445
0.376980262982196,0.422892182588017,0.405631971520926,0.512117400161735,0.494205743027756,0.528288553720428,0.581833429809565,0.612689954253853,0.478424561959603,0.445840745624624,0.366077016939134,0.289078145984933,0.232799650270207
0.474699750235688,0.620676203298579,0.56234061727526,0.550468532109281,0.548215990841402,0.611635463693753,0.628244100815072,0.578218789297356,0.576861275577557,0.511655386188628,0.4443895036787,0.457201822763695,0.38128820233644
0.198162635281105,0.222617773759531,0.245644243110144,0.380672135797682,0.46000180985517,0.485550766565276,0.45118108038772,0.428491985984707,0.333330188889608,0.277561699746908,0.229959264132922,0.195155875903161,0.161546207063447
0.223971817442429,0.256795551825763,0.346709666461147,0.363038025494976,0.395669299039625,0.511207486536612,0.485186210461959,0.442346901753173,0.381695282987139,0.289594926746765,0.244117346664182,0.19279824548678,0.178143273592588
0.26165940476795,0.301432038041477,0.376438537095943,0.472512983927606,0.525248813308307,0.604758901381699,0.553616772350318,0.495862529292911,0.38664745168966,0.298489948757925,0.243854182665524,0.200960523774577,0.192274182392851
0.164569675029095,0.205868383668732,0.292787867399824,0.375245913485782,0.457358351208679,0.582537203768724,0.666589807626372,0.553244234392585,0.423973722850806,0.279924559608459,0.196389171969455,0.152634797581395,0.140727340013496
0.309210424419989,0.348053524793003,0.423485374139014,0.457916723401549,0.471868948623082,0.525576739813399,0.503528601783295,0.453213755945053,0.398125943716019,0.339910557664116,0.298090998660487,0.247465668045629,0.219786189745146
0.220327466186851,0.285944282845003,0.36499966372936,0.433919639928823,0.486895054020774,0.556654170511772,0.608223598202839,0.504718540151202,0.405753979540564,0.304021983268745,0.238879429563545,0.195447391907021,0.186103544042131
0.261070492109795,0.295325239983371,0.401697048098219,0.477744714394251,0.465661930185601,0.548291703205812,0.601249981944913,0.488727080498955,0.393442054343833,0.316818233435953,0.26659415967692,0.210111795558275,0.187939622610216
0.307564964039012,0.338595203461084,0.389336837054831,0.461265755021321,0.456333367519649,0.582667560569281,0.618230145812291,0.512327907201254,0.443556694510856,0.329435382792367,0.277109227692822,0.221269454514629,0.204146346378812
0.248139203422313,0.279390619675295,0.419331327825594,0.452675811342976,0.522638479244999,0.594745792911571,0.506088875360431,0.413042864646592,0.337422990031464,0.282802818847036,0.226197350108618,0.195158196654077,0.188389644405873
0.316718206639364,0.370608554192683,0.441435104549883,0.484818077540706,0.467886207923345,0.57215118796136,0.600518726760598,0.483710692017738,0.409525824057334,0.324317590662839,0.280628562432209,0.23118681504841,0.211346897531386
0.138020528163735,0.183317546001469,0.25166192295412,0.297350355567028,0.343308616134753,0.501173645391279,0.620443396391174,0.628092912878534,0.637317768695054,0.586931632098579,0.504382647301592,0.247371422629788,0.219862654988814
0.169050531373178,0.229669224075236,0.313440722253659,0.368129368096893,0.360917290368505,0.472047154879479,0.570568202009419,0.605863210759489,0.630356829579814,0.505932079431226,0.379539463818448,0.232263029851404,0.247905334145493
0.156303217653161,0.179571566561703,0.249836469709191,0.325657416282434,0.375016034832428,0.4795339884452,0.509577478950175,0.60461874195161,0.629314011968699,0.514723937220198,0.476498587284931,0.323828449635133,0.250315615736196
0.147235505285674,0.198922607153472,0.283037642147222,0.338654904406899,0.367224026851739,0.476278804293479,0.634097707979565,0.661974830208328,0.666497931701681,0.63475379067789,0.578414152709754,0.297949771736551,0.272881491324855
0.150256870242754,0.200971859194197,0.275926190985484,0.331362696628453,0.403199323584084,0.479310496751029,0.574689483609368,0.628156882571917,0.634189358821603,0.509490828611909,0.3885170991411,0.234769823874549,0.225934746896604
0.178772298339238,0.221316683422351,0.325323025403541,0.374717229406742,0.414264069928088,0.454757075516788,0.53122134373696,0.566259395201162,0.553652882127238,0.468899484579222,0.376356987962938,0.287512593418074,0.247066264618881
0.13565090268217,0.137662800431299,0.19950219708094,0.258012929944042,0.411133499212692,0.525992553292212,0.61313646267206,0.645194282669342,0.711151992239242,0.574535245889654,0.456736415480863,0.264407099842795,0.196644314540455
0.162824499831422,0.180486866690225,0.272274822796136,0.306736140148857,0.391420133443074,0.498405075008976,0.568718928886059,0.651063235583596,0.672865823348212,0.577123751760324,0.516939715948672,0.340606335234465,0.247078772285624
0.15214357498926,0.162732476325721,0.232750947769069,0.280910115593632,0.37081493453758,0.491420999514495,0.542889932004234,0.633966894138031,0.683033246528912,0.573374857450501,0.482495775823344,0.288973986773754,0.209712620500642
0.161866314008984,0.180948277846306,0.266189608254891,0.340812004661122,0.443535134023971,0.477031480308322,0.601956095649069,0.618913682472983,0.603576251034763,0.504903497876822,0.412426787736499,0.309897317561101,0.280661088346844
0.115621033926375,0.12976962720036,0.144725416370959,0.198396410826454,0.31575762836257,0.516792731599228,0.519398617576752,0.577230207544285,0.570496441930339,0.47454217577594,0.270587455825712,0.201638086983255,0.177057245843491
0.12564937106029,0.140319569343123,0.178117218027257,0.23489138958698,0.440313995542226,0.538669672825835,0.677000146880651,0.735672723121222,0.648291147844142,0.569793575246538,0.407291501509927,0.198987358819355,0.176621626288975
0.128755874118142,0.149727373245224,0.197637646538296,0.240837746744438,0.425429113860127,0.52012332713218,0.644577137020818,0.663897038772499,0.605088476981738,0.530790083559144,0.286401591012488,0.197977064773537,0.185751674073153
0.143303082929707,0.171587359461008,0.230631413139873,0.311698354983756,0.422961411796143,0.582272160845242,0.670773450583311,0.648379006272274,0.619433552359617,0.528619527393824,0.438426317778959,0.282096227930772,0.234519217542061
0.115933942297847,0.131841681802925,0.171395655000866,0.19393800239728,0.335865566393688,0.456452314724207,0.649588787447019,0.671285478738945,0.649315612406815,0.555611665327571,0.319343582447284,0.219089922888662,0.17770742998391
0.125333173996017,0.136968358189165,0.173461985972216,0.218080683642794,0.370668798299257,0.460926526769094,0.569451818628254,0.564068158607803,0.545936417182388,0.438911620939649,0.306593356011988,0.245523245505124,0.18375266896913
0.127298381722432,0.147266247969118,0.173241586139307,0.215590301592246,0.341677692714482,0.461835576677754,0.637585718882304,0.710404746447138,0.659396997441809,0.578966452082764,0.313830078593971,0.206094713475763,0.194818631842151
0.165252501888224,0.188738450922068,0.245306528803831,0.303681625855062,0.448839651767522,0.619853525853747,0.618857889045762,0.628933684513167,0.587742179324544,0.512837375352375,0.430538372417449,0.264662772380729,0.233834649270483
0.143251058420893,0.155969761204005,0.220422052819868,0.253516184222281,0.373876083616276,0.615132450619723,0.694972386919196,0.755043966610451,0.690241150581819,0.616778153398029,0.471838122295068,0.227978280602093,0.201915035107529
0.122250562119764,0.138976301154795,0.162109671218518,0.215316248906238,0.358434578248592,0.677390661069715,0.708019883916587,0.75754917248989,0.676904804610726,0.604969493137979,0.404761525572684,0.206399087399587,0.187862181683289
0.183140545719,0.199703211161622,0.285416600409401,0.295143053994821,0.356616836261061,0.555241883867168,0.67851186341147,0.709624821958136,0.669570760641374,0.583904256685204,0.48969898243211,0.28010285442006,0.243457916174583
0.126623595447589,0.154062354680791,0.202532817225154,0.244091788300073,0.381864627516226,0.590387927977701,0.653818623760235,0.715436778265563,0.654414935384332,0.59446734112579,0.43306762523187,0.232391801732777,0.207167440180956
0.167728751589733,0.184828936415793,0.277938646523139,0.295924794563201,0.39962830693573,0.636945845955829,0.689653841530731,0.728299604573661,0.650102027373087,0.580152263665973,0.450439147879471,0.269183485588639,0.241897381280791
0.125395777516942,0.140512249913361,0.161223856263429,0.20408135118747,0.332082450513956,0.578030798438495,0.664684236848193,0.731823134161307,0.671300839223236,0.599133621633673,0.282908746431285,0.203313824017727,0.181438059949128
0.115080580301177,0.130676709590524,0.190069727980675,0.225551288544897,0.361136985721922,0.448127108664358,0.621401885774711,0.631095788621004,0.607930556071802,0.508311062650243,0.318299590311984,0.237945775352495,0.195131120687755
0.131873791933617,0.148936800689367,0.18063915053453,0.246572840808866,0.35168082593646,0.49525772098901,0.58919647778894,0.64141163542237,0.630310498493788,0.539600743044934,0.309385208475604,0.221246073476506,0.190240687732745
0.14066564075786,0.165140093491946,0.220532489692582,0.288788030634509,0.436383961572592,0.559542592025955,0.637883087394527,0.688832566494685,0.608089233996586,0.542678549807934,0.441653300550421,0.256255237648623,0.216679777993656
0.130828769630766,0.153985219500696,0.185651421421638,0.245520396721973,0.377399890390744,0.448933050514081,0.632093748995568,0.668145223082881,0.657790040139923,0.557650871064316,0.307176626435346,0.212527748768864,0.184372693743757
0.122989717819403,0.136734623654915,0.158714984211095,0.207047985978026,0.366935803225097,0.594532873063106,0.68568567985635,0.743041652255411,0.657459957566426,0.577036792977589,0.285408213004606,0.192216762377742,0.171931528884145
0.122616186881633,0.144191871503974,0.194170496662348,0.251966132561122,0.384628975495758,0.511791760253957,0.65064520512132,0.643707188022796,0.611641387882028,0.508574065221795,0.339588759812227,0.230284660797744,0.203607117019544
0.167928579485982,0.184059197120934,0.235606410733711,0.301044611338066,0.422142371958268,0.472007918537696,0.612849861596888,0.603245681404815,0.568544112219912,0.435983975421843,0.337315259050887,0.279271898294052,0.254890451311649
0.144594429516373,0.161399892648114,0.220407187921675,0.232854382507114,0.330653792199978,0.535712925606946,0.676952400910908,0.742132950789217,0.693777562311887,0.612462631557695,0.449450546248156,0.229246723281817,0.208626556698615
0.129541634175668,0.155100982548393,0.179421132294534,0.225190157945696,0.365256100196615,0.432806122714756,0.625434554100669,0.693252166373373,0.678845259449874,0.57813390735261,0.325544923444699,0.215948325561218,0.202577227113163
0.11919529695821,0.136968432679658,0.20069273850268,0.234682452553758,0.415440528774282,0.531461548522917,0.67613803856886,0.703345210837696,0.63803899451014,0.564162906911081,0.371200502038311,0.200287858241697,0.177925804469697
0.130247888127066,0.151924018742144,0.172206683493841,0.202646126892783,0.358112650721441,0.450069521682763,0.633123470899028,0.733562093838217,0.68433025936999,0.590010220559589,0.311177673805745,0.215479503621542,0.193469021368479
0.176796439481419,0.205702154576067,0.309611257815945,0.326895274853122,0.38888025940433,0.595690254506076,0.659409217667155,0.700013674136317,0.649276699123012,0.579731406174536,0.465523958967213,0.295120802202984,0.255103523972111
0.121916605274708,0.134483975088124,0.178933250650536,0.213257627515341,0.332396887404722,0.527655719452258,0.541663982270589,0.543198295894518,0.523535394350285,0.416055523312342,0.28470171242719,0.226684534875708,0.193659809504301
0.129618679850722,0.14538680796727,0.20802814949579,0.244962310109575,0.371356697643617,0.549104402910569,0.564169475896806,0.574494446858603,0.570913042165716,0.45963167443172,0.324491682978172,0.246263255535062,0.219308577717121
0.122429408732098,0.136701718500977,0.166763036061555,0.195710061703918,0.404568935119476,0.471196819494274,0.656588830733698,0.682461105459074,0.647114100245454,0.547321906437801,0.290728707824583,0.186079751283764,0.17658449873502
0.109354213022882,0.123423981212933,0.16310592382267,0.19372812221828,0.370265956771054,0.476783267755242,0.679510158507801,0.692105324435237,0.645774663448739,0.537854935709671,0.293484901457578,0.195357267004247,0.168439610944181
0.149936028224976,0.182295748265089,0.263957145881407,0.308654822937158,0.475737379263848,0.651239541797088,0.653964258707807,0.700891875097645,0.620467632075888,0.56377586296051,0.470689209587121,0.282673564048363,0.248388984564445
0.153236939359844,0.176484645177252,0.180293862200417,0.221997205163365,0.36242179547656,0.446360075870492,0.666182476461788,0.721610361732854,0.696134186688941,0.59034225520882,0.330068780070251,0.228193504050248,0.200838594950392
0.11432058918774,0.133158318872398,0.181723548754946,0.219783798350708,0.406563877936904,0.512881568908542,0.676510532914421,0.695618173442452,0.640280665854199,0.557072006350003,0.351398925321372,0.196652689292612,0.177469828200467
0.140985240080594,0.163231761817021,0.250899945421138,0.305572224594267,0.424670974278817,0.521743492041923,0.607826442092087,0.606749472390034,0.598453960528688,0.465247848488647,0.376198156837254,0.298037336573852,0.262444234828095
0.140417448139776,0.161966127768126,0.228417059906735,0.273181265668946,0.420405407752878,0.608175092951533,0.66543368465212,0.723984415931975,0.655129682162505,0.597385544750483,0.476053580752751,0.255104778857302,0.218519398186695
0.112324367272323,0.126388723307087,0.158975952908056,0.195799179052363,0.308984402756791,0.583031512931169,0.605026129551314,0.628884136111777,0.626729961588727,0.50448804176622,0.291317923747401,0.207649414365745,0.179371768662601
0.123225818966193,0.138736832115924,0.18311355983279,0.219537284633549,0.350529148503638,0.49903138630245,0.606675050261918,0.627817826293733,0.621737444208809,0.527686055748919,0.316886295776553,0.230465630541126,0.191728593779894
0.114364675447736,0.121924922031726,0.141418966893207,0.171046837151033,0.290122419161762,0.571659983195929,0.576187834793981,0.64182576726599,0.628555544120919,0.484848031786689,0.251927951931088,0.17905585551513,0.153188843868322
0.127355594473935,0.146611292260318,0.188516582471395,0.235459312727244,0.377212979892667,0.615813415358231,0.676817284316362,0.731999926813589,0.655674722532718,0.590734511330124,0.450788441039136,0.224751867318218,0.197909868094742
0.125994583575965,0.140606379416499,0.169957079899353,0.203098077710854,0.404717629836392,0.522288659193772,0.671058463289079,0.737269620554879,0.649160875016417,0.56727056966948,0.280680576745283,0.178157829173703,0.173814301901305
0.126766157839734,0.143039003399223,0.178507729216934,0.226068700115826,0.382005003542441,0.470181578286562,0.644702505664393,0.679433085022976,0.669633365399084,0.572156429184287,0.308413875575776,0.206179800288942,0.186719911763043
0.182009691858758,0.222197124894309,0.29174301193683,0.352863217890672,0.447971636355499,0.570547985216353,0.599103248985625,0.544546888339595,0.459326502005133,0.320670184877629,0.237903370149423,0.189503231088845,0.151395124033172
0.189930867143338,0.266296509922338,0.364757865318696,0.453141342477776,0.528845370955526,0.538092891397815,0.621831767410737,0.477901717055456,0.380887672040533,0.30874931702822,0.237080976787129,0.193116628864271,0.173709243713787
0.181339165224155,0.227311019683673,0.340395856639641,0.422211662024727,0.456671623994476,0.539968546163734,0.625559497381257,0.512025352554299,0.404237761967181,0.312856336337827,0.236624139992746,0.185183422114253,0.163424905367284
0.212104945516438,0.263616217560214,0.352708253934503,0.421091596463085,0.488980965834326,0.564483402037574,0.579495637463751,0.488958992638669,0.40568164853895,0.348174798882758,0.256850124741012,0.223500504789313,0.18261253581949
0.229509752740284,0.296993039787227,0.26248413400128,0.379334288581693,0.447738879601388,0.50728557578215,0.610803057523451,0.511080653847988,0.423951330161093,0.354608873313939,0.312993788351903,0.207631831825105,0.173759066891435
0.244426766206073,0.291637636947016,0.319847355529,0.342841280989717,0.418825921090479,0.478048248500714,0.531507528214772,0.524950139840893,0.49803414359514,0.438680651684178,0.354296721595023,0.276160694222005,0.212523229520752
0.170550211469408,0.260464206208115,0.427333091075353,0.549777224673977,0.576924110349377,0.609858688419626,0.641544194771062,0.479702783732389,0.367327626695171,0.259648201448833,0.207367793844805,0.17528562662725,0.160313142008617
0.190314603078711,0.243934639044433,0.316350403977487,0.411599478850106,0.478362616263219,0.56664465939375,0.590593032097015,0.48849625956997,0.39196891374445,0.306488960353553,0.229859843080574,0.195056100917207,0.162854241746187
0.201955754344884,0.275411581376983,0.33781501756917,0.411530380827287,0.492035198294582,0.571418197529944,0.57029734135759,0.52116701755046,0.443851220117544,0.368038224489185,0.280132369627129,0.236220591497487,0.191480470556082
0.176966106336176,0.242877264396976,0.350455377398441,0.438259514304962,0.523529075066715,0.578123972057653,0.611080835776235,0.500102173800541,0.397454517650165,0.283766855088118,0.221967920422205,0.177176321457662,0.157629992051317
0.237547908325158,0.282277697161557,0.327959763592194,0.372864885157006,0.434097952673128,0.495746228465109,0.589646926627847,0.473805177108419,0.402712566507477,0.349076102654028,0.274146544004513,0.231014724202039,0.20172922838312
0.235429338199704,0.294395667248543,0.299709003028204,0.314023226514679,0.328253991468751,0.428066724393415,0.419959812684755,0.467462319466977,0.469268618947256,0.41940698703785,0.35887286232804,0.302644023644933,0.222927718642847
0.407419013512435,0.452892809119148,0.48074541637405,0.417980141998226,0.422982682596364,0.466948334660448,0.458053994839334,0.483817942681906,0.496884215931744,0.470495368712252,0.47745481353596,0.403911521486493,0.309423190394491
0.442569023200461,0.485183544998149,0.520168095599475,0.462139443792245,0.435235327671872,0.459720233333841,0.454214960547128,0.473165413022294,0.519513349501017,0.519065497232041,0.503996050340599,0.458789431641249,0.356482127456389
0.250053481843779,0.270057732732089,0.239765632051704,0.296995098961878,0.332651634808862,0.500673120962261,0.575136796258116,0.632796340133795,0.622946239368814,0.529742454302451,0.418556662130189,0.27880287954673,0.192931241740124
0.267838191551341,0.339069328415767,0.412119951688499,0.426447997498887,0.421458916498348,0.497009838985832,0.456508054572711,0.497787857640906,0.541045658361356,0.544101183479848,0.508554557967379,0.453385291618111,0.323980495396445
0.249500334716015,0.290504366213637,0.307614080765986,0.32751061062499,0.366686462294012,0.49556518252619,0.502272281048285,0.589491455239595,0.592946328770493,0.505395075456273,0.457030248335845,0.341483665876623,0.242247868484024
0.468799601518257,0.509447312316191,0.562979248383681,0.57747633080507,0.522613236622372,0.592919424150574,0.515983214263388,0.533327088899209,0.536100327807421,0.536253253093546,0.468776636025536,0.383882988457934,0.314587504860986
0.204136213082454,0.267367919166184,0.328967441572794,0.354788158801096,0.390964082316668,0.470583126334703,0.486457809673143,0.583924549650675,0.583702690451366,0.518602662597206,0.477554766271312,0.390491615488233,0.279613709286105
0.328905082717438,0.390852466353751,0.427509882298079,0.420925095946016,0.439413653932259,0.512292775139373,0.46620703307932,0.496906540868997,0.481503973070654,0.486401539288633,0.42850921230687,0.368569009812626,0.281951996097186
0.257758255407211,0.310571212464567,0.384681219461553,0.438344891515362,0.432611881694187,0.498866130354992,0.514130879810449,0.564509289431574,0.563043656203156,0.491822075122605,0.482573992449045,0.395527914237976,0.282701977571841
0.277038053918159,0.260111440680137,0.291935557343508,0.317689826839029,0.37709544964217,0.513003890138269,0.521609958153101,0.595097905741158,0.573815483713621,0.479123573352337,0.413626073055759,0.308653337306271,0.228448958616819
0.168713197517217,0.208472723778853,0.222852410040709,0.262381185069216,0.381915566321128,0.472150124418371,0.4712101451356,0.510497155332565,0.467877799506563,0.41642298769766,0.354453634322179,0.253590937928141,0.165350050298688
0.162130172639373,0.18822683930872,0.198152624210473,0.25758925393757,0.364695400282661,0.531669187131715,0.637202207228788,0.647904471822308,0.650042263044805,0.503176374827112,0.38151167372438,0.233492533982695,0.200556709594191
0.181813005992447,0.214293446088649,0.241192970064895,0.269161790082625,0.392643317925928,0.621267460323698,0.628441474919349,0.628448208352344,0.628813544763004,0.534934349223661,0.367196647829819,0.264590404601069,0.223849350583468
0.163111280548521,0.198619070543946,0.231975119833465,0.248393369844909,0.371917945840732,0.576225378128861,0.632222011018196,0.645757460768126,0.64849749795652,0.558663629714845,0.381413983993253,0.268461528888985,0.22707890243313
0.16418375026718,0.214884212037225,0.239013025735137,0.285249085680299,0.400894420590343,0.522868403955634,0.555198378331073,0.561449576975523,0.590948872764774,0.543976418187124,0.331100700139134,0.28428143134839,0.220415552468794
0.150311337973054,0.185112887337325,0.215703219212378,0.244477412357015,0.384937613860135,0.60406083902366,0.628148496292194,0.691999510996784,0.67922614916444,0.602976034617639,0.475993536450909,0.22534071113575,0.216331919946088
0.169766870756176,0.216578490419497,0.248287257413954,0.279017094130989,0.370478122550715,0.518788005825575,0.609418934354072,0.648723218777605,0.647152628343234,0.594128848948787,0.424445019743025,0.270226881842963,0.226242903451967
0.168953463509295,0.203346070919171,0.240170138768489,0.276147479352293,0.342054521133629,0.588764222462396,0.569433718594107,0.679326598420031,0.67139862011715,0.616591635678379,0.481475238159863,0.339704401321601,0.229019939644326
0.181505374591306,0.218297851223998,0.247340143099888,0.276833257275607,0.445913299984523,0.609417372825189,0.66098469191661,0.651440541307354,0.630638881376756,0.54253641566302,0.344035892656543,0.235187578909111,0.235580501820837
0.162170225657089,0.204174346945916,0.212872196925834,0.271212059930918,0.355316932200482,0.523440309225196,0.621318996868944,0.628965424945913,0.625487913797948,0.485668383227251,0.333677338842085,0.241589871220188,0.211462678211311
0.171592548902303,0.208183613701991,0.231346023906677,0.269444052600395,0.339142921791764,0.567233568275497,0.638710139272426,0.668535340046711,0.664783976040219,0.602307796384681,0.430502171503348,0.264788647953352,0.222963555344566
0.1637338737201,0.208766321252464,0.232057794458388,0.260201610266109,0.383847696129095,0.602668554941158,0.669073205456763,0.696267842320968,0.685900919451409,0.619570549718675,0.43436466066421,0.243624003203795,0.226300293104012
0.149871643921983,0.178379441049043,0.203230851984971,0.232551455745737,0.340955928152304,0.600178042815903,0.620534943064574,0.687954714444394,0.677661940626706,0.614887665578801,0.483965377522509,0.230597914016701,0.201003604669297
0.149061790891857,0.183905945974267,0.191123966774817,0.252413271094438,0.345914441907731,0.527841171311522,0.632319611646288,0.666878852993578,0.661090248643414,0.540247282462175,0.340510240998595,0.241169128416808,0.205590913199151
0.175085880987604,0.223232228359152,0.251305711693989,0.291268088862909,0.333190993725268,0.461931913918415,0.521903322740364,0.599839313391674,0.570361177216777,0.498910030384508,0.412800073064636,0.315291579984918,0.229299693865019
0.166856263024125,0.206532005901277,0.230926804798588,0.284224184171952,0.37464825333253,0.535325367448886,0.587614418329754,0.590737043500219,0.592288145204569,0.476504620391756,0.336763551509204,0.264952610454978,0.223598534539904
0.154691899618764,0.187851370210778,0.197638875092808,0.246371147487991,0.330273088073605,0.560312010801075,0.662009625358668,0.677858833188484,0.668315009412016,0.547634790767556,0.391678492887201,0.256357317937678,0.228235353228688
0.186201880193961,0.219507738718952,0.256741830503281,0.282615190478535,0.39374370557673,0.567539132240257,0.595887729048854,0.577732064909094,0.598253754533678,0.501835220594356,0.364837092482849,0.297351221188753,0.237731430053995
0.17037537779302,0.216256709504743,0.246119993017574,0.280884239402665,0.352057341154749,0.474301369848522,0.573229843078473,0.613430598240873,0.587423231200688,0.48589972899032,0.345594930524736,0.26210924409952,0.212914473976093
0.174251051673204,0.1834753252538,0.200509144901944,0.257307333219739,0.349998669511563,0.49986643038605,0.607208427835753,0.620917417266163,0.644055239198527,0.513757565806954,0.342665866426298,0.25245196914558,0.191711993116898
0.180745221474593,0.243223378936885,0.26868028760781,0.294180584719002,0.443519768097543,0.636247791547617,0.643480918330459,0.68913114853176,0.635550717154335,0.543766418181818,0.423856029025611,0.265040968100627,0.267415590386454
0.182015053937332,0.230784970063204,0.278996999698239,0.307083477164367,0.355723179833236,0.498538366118242,0.525295924901108,0.578433017131673,0.572283866727334,0.531779501477239,0.434067876154088,0.354012053035999,0.247527960034389
0.162410440546895,0.205201345422074,0.231013728038582,0.262968368888022,0.379825891349372,0.607443024099065,0.674473501194881,0.661496567900837,0.662028535055749,0.577994684005146,0.37933540618363,0.241131827409758,0.221665143269863
0.182723313340889,0.216851437486886,0.257543396393247,0.293184396325327,0.378245271291051,0.521602655508671,0.574324740495413,0.595663755059368,0.605846495043946,0.503318522072905,0.348004975641665,0.262594662149785,0.241768270363941
0.16874172362236,0.209414976191906,0.241833155342476,0.287342477201279,0.346290146110017,0.495627250694405,0.520872426265003,0.627771299122537,0.629689018569317,0.531880722351258,0.451642056329727,0.311760957338277,0.233670346593316
0.174756857713918,0.215911972133793,0.24524739991952,0.278792238981063,0.330914136030653,0.503133294291494,0.501204089742978,0.620867218106795,0.615478418672993,0.564099038836573,0.476487145772701,0.35868953604911,0.24488311385911
0.195972693701767,0.254211344427029,0.30680383174857,0.351393171686721,0.365898573916256,0.472572305626174,0.477243064174453,0.516044818605164,0.497353370658452,0.423615581707646,0.37823085509865,0.28940570050734,0.232445597198639
0.153641407993387,0.174485572567743,0.188073386762429,0.232400944026806,0.382960891136416,0.538794015000956,0.655237083173811,0.651600627051748,0.667182988584322,0.571566599120807,0.347208824193108,0.240325741968506,0.186538065813376
0.181402259164784,0.212962751054196,0.247873177389461,0.267501477773092,0.402628256256777,0.65751019513838,0.64896314754397,0.653665458624599,0.636016300895271,0.547733016959918,0.388068111373422,0.24192048221201,0.225318862482875
0.15671526834228,0.193471499399936,0.216450412861638,0.249917588223742,0.375118000423127,0.576661003592883,0.654098168664881,0.665885110420725,0.663094264449363,0.576157532646494,0.361994222971237,0.230399619128018,0.208525600850395
0.169818527488783,0.203687271484427,0.22239836699094,0.271306835359243,0.334175153186322,0.527742101791914,0.648864374285182,0.670154548345408,0.662845712552788,0.58240398237726,0.364348102344071,0.25793993842027,0.216812335306092
0.182869885570114,0.225800305086639,0.267271961508374,0.295536616648719,0.345440201781916,0.45996475890543,0.518901941222209,0.601655890528393,0.623117424393457,0.506853020941657,0.443519564104303,0.284182880599102,0.221891985968144
0.180699566229234,0.215723954159931,0.236128154835959,0.282385676641518,0.354452498340036,0.479526674098017,0.57412274200454,0.588182831061447,0.569408037636596,0.491626996883565,0.367887706683092,0.268937226680018,0.216051619065576
0.164335700506436,0.207328257060575,0.238130638870048,0.265773238528486,0.340157084736421,0.585032361511753,0.580092332530814,0.649844599136118,0.643490375517532,0.598442587249432,0.493835409077568,0.304821390551469,0.22651405950518
0.168183929900743,0.212236047556576,0.242118705241662,0.280139578296873,0.353170978799044,0.499764262082368,0.587406369948457,0.619953888093199,0.608456437872707,0.5468751490294,0.387706624405272,0.285042158170675,0.230737785930728
0.161945456654339,0.206847353598857,0.226941275024443,0.284786780224681,0.375830766601314,0.504094420456673,0.590849131284925,0.603351443316447,0.596997762587109,0.492001030737476,0.336613997126939,0.246393978100707,0.207897493761105
0.159635394564662,0.196312261577437,0.226314232127916,0.248834644912777,0.376650060694914,0.663849198114106,0.717095117121998,0.712085743073595,0.69158703656858,0.603760458342552,0.412502297427488,0.23216839332074,0.222582157547571
0.154384087131817,0.184996220891585,0.192324296632,0.242845010948643,0.337109094505237,0.541221201762903,0.665478005792927,0.687479987139207,0.680833997183408,0.594164341030312,0.427708631341085,0.288055305979186,0.226275458356834
0.25763685520899,0.283587885153978,0.277482217806329,0.337002319965711,0.378067313088485,0.533916706901486,0.638530980598057,0.60796550465848,0.657310008508238,0.511870987337731,0.516246930230601,0.358348329267772,0.206688883255902
0.121669896144215,0.137611829854289,0.152078027635623,0.213513178583875,0.303212392503374,0.507375867741673,0.53437267204804,0.520097798009312,0.501347325032993,0.419329580527799,0.272696493034954,0.225617337203962,0.177166573282705
0.123393052847134,0.137365382077712,0.160727222494662,0.250308271697233,0.32794387080326,0.465379670141841,0.55677884144223,0.485132759849137,0.367309090335788,0.30382892684499,0.25801044356761,0.231867350677966,0.210075082153315
0.113486386635495,0.124067701353693,0.15075501111709,0.190561604351779,0.3050984093754,0.432638567264885,0.553958319737492,0.565401532818449,0.56018130360561,0.459532265618056,0.271295748655289,0.203882026696653,0.161343492699798
0.148410718632809,0.187159342376223,0.205428397990555,0.286064482633205,0.377102611104065,0.415119398876732,0.513995200347377,0.447036681323347,0.406465171483102,0.326382204101181,0.250939855946828,0.23178148009137,0.187930292695976
0.110883516183102,0.12823155126347,0.140941857229239,0.23259414840205,0.396277617079451,0.472491049610474,0.562937701486122,0.496289483356962,0.424939558976303,0.347929287838832,0.259690246093265,0.229205704626435,0.170295280015038
0.116199088530249,0.129401029161266,0.146428875247478,0.211954131953898,0.385586773133631,0.475086051391109,0.519431875107641,0.458689663951377,0.377241545201651,0.321327865391496,0.24892255991172,0.217116362803698,0.182948996982365
0.0951061368008668,0.117066879382782,0.13592953021061,0.222642491711214,0.441044989912409,0.513020235817877,0.612372125496959,0.507784533063964,0.41478563232239,0.318375092357831,0.258838829399415,0.255601662048008,0.16411330680848
0.0982476160329842,0.115524948504941,0.118006856224258,0.171251296159347,0.357489779180504,0.468664644596006,0.551885763771319,0.462701699791841,0.338442872383256,0.266263467850686,0.216704260923039,0.204120989202934,0.158526317863935
0.132925778687674,0.155622693972377,0.161316813691457,0.230387731108905,0.316986426133484,0.54884883083974,0.532289855889324,0.529299057361676,0.498893584966112,0.41561832426965,0.298498922848314,0.257039789976509,0.199127139420012
0.128374505263591,0.142887656289426,0.157700860340213,0.192220429589942,0.303099692295509,0.527555756643016,0.536406274771382,0.573751398590917,0.556021353453723,0.433295860261341,0.273876221042022,0.206368878809613,0.167748613079148
0.130480885980345,0.153065122170511,0.158413357501757,0.201619918339893,0.282397761854342,0.538268703077231,0.506509932893507,0.538617046412893,0.506915224544012,0.40580753603635,0.273480811390555,0.243668340266298,0.191652052536204
0.116276063903682,0.128829482245707,0.146233715413147,0.220031808431254,0.332490151854844,0.466294202380806,0.599133564004512,0.560287845562549,0.484669343650702,0.386454216481163,0.24771101408412,0.208321119972247,0.166588765857077
0.104069841274924,0.124058526988889,0.139462821925964,0.226308352624521,0.425659707300249,0.505634678396357,0.561260959034453,0.473336863894885,0.383448226387386,0.305825533335719,0.266827436242771,0.259917694666123,0.173958919548486
0.125530519987945,0.138812818654182,0.162937119781723,0.275065948760816,0.419573637031716,0.466025661609669,0.537146482818529,0.448581540483162,0.320409982433984,0.272428917197305,0.24886166412538,0.233349195372918,0.204869175826177
0.128197426299158,0.147166616224451,0.153979992924451,0.224320492110345,0.369154307786887,0.452995906153539,0.545682716933208,0.435195008260004,0.37166152717192,0.306392134098213,0.232143770340486,0.208285446674111,0.183212959421526
0.178941596964564,0.215211040644271,0.240130732761885,0.289116192245274,0.363190043899729,0.427559166843155,0.516153608491407,0.566284362949274,0.589417037425916,0.467098126026747,0.370684834188536,0.249421397437123,0.194863555052176
0.178777973233215,0.233211658568213,0.25785678994119,0.28922446723772,0.369297381655348,0.460839761769972,0.573758544005534,0.616615921846327,0.614372718864364,0.432626499327334,0.3649970563751,0.234440936631716,0.199025735026405
0.176889671672317,0.222259580018938,0.273667625404794,0.291344928590043,0.399272422823924,0.593935992695533,0.710079361369946,0.701415348945736,0.650218035616309,0.468436848224263,0.346809826530668,0.248629632244648,0.194951420342359
0.197667228507697,0.244329453142689,0.273058066082697,0.28466525472192,0.441816046806493,0.57411264281086,0.68287783594014,0.69783633480368,0.658189766920011,0.498522766497789,0.362539830319255,0.253621921511446,0.20156538868087
0.193825685132568,0.233008468850278,0.267587582544602,0.306584808152322,0.444324258530916,0.540570431993522,0.652204967667613,0.700919933091573,0.717318209562608,0.511299658899296,0.365737994496376,0.209375547520423,0.187798962353375
0.169843477081324,0.219480282789262,0.266283763426702,0.330074393895017,0.448904515629021,0.547110620356163,0.618130323789307,0.662882777602979,0.636890319281116,0.55486958885081,0.354882412286686,0.240784961083587,0.220943963147751
0.173582960765972,0.233253699197493,0.256075123697549,0.287575301552122,0.361641098598773,0.506177493673451,0.669115175813324,0.686280377104415,0.663004585569893,0.431812229264311,0.335899485883385,0.228956876799797,0.18836202038267
0.170093966229438,0.211002982539797,0.254660993889377,0.30388778166384,0.332883928596875,0.358155904514824,0.459896608480703,0.482503632646795,0.537127798883312,0.500190749094804,0.404425779646254,0.247290503075109,0.21105698772495
0.214141295875794,0.270055917044361,0.348171852863036,0.381092930210026,0.419621794135324,0.594372842406298,0.613826335343526,0.672002752487729,0.611669277402381,0.472968126601722,0.344829014898847,0.24863560466674,0.246185325514161
0.18189772601639,0.219296744808883,0.244012283283297,0.268473423546787,0.39595631417567,0.556896278061786,0.650460837169053,0.696463935841329,0.677479912598215,0.51481201859369,0.358943335077252,0.196512361008349,0.200767163668055
0.154315520926573,0.203759337812499,0.249787258825581,0.303919595233709,0.384188363486348,0.510356048112857,0.612407232694157,0.617645450070265,0.63850656659722,0.496521384146521,0.380608832164476,0.227211112817807,0.214620120481894
0.188767788909134,0.230882302743933,0.253417592370877,0.276056033636484,0.466033540946787,0.571926702757577,0.66466556112277,0.725499687737774,0.703467977325191,0.528823909583169,0.385792133453311,0.224658479824659,0.186740634982536
0.177492132471824,0.218541864517789,0.243290119190831,0.300540284282996,0.412011673877832,0.457541838913753,0.552498988191355,0.587374886664372,0.600749205335513,0.452927971590565,0.359481286223307,0.234055432684179,0.188256722001964
0.162097234573251,0.206530297629175,0.242248472622939,0.284593838425931,0.361894015901444,0.464005252507608,0.547201846951451,0.589837022104496,0.601706159323931,0.458793426623094,0.369336792104298,0.234789690999592,0.187188495794769
0.165141778347557,0.207126683109503,0.248353781090041,0.295371904035883,0.409384064168899,0.476856605733421,0.53439290982381,0.571739317201733,0.624971900737127,0.482428193724605,0.311243003227004,0.198641450350235,0.174228875635836
0.235156959811917,0.296473149682907,0.355835945041099,0.368760897605718,0.479544916215117,0.549835429775073,0.651420710804604,0.665207873172136,0.698553075680189,0.549491463968631,0.441520750472461,0.277075685687715,0.260827541780295
0.164843455110486,0.212035133546216,0.248533382091296,0.301639147306977,0.420432608815664,0.531804135506226,0.57590731406138,0.630582273133105,0.628714221236113,0.507992957856512,0.40385981145688,0.249321121836453,0.229182567085698
0.171605278024792,0.224180618802396,0.257936677436003,0.283386125089059,0.367692440486618,0.520837319200908,0.610442999398574,0.635336412051269,0.608343388857506,0.446851987287688,0.401641564932739,0.253084904084747,0.199599693740921
0.180703068312379,0.222449288424086,0.24742853581486,0.26640421131896,0.379226235516151,0.525048863100028,0.64155598798866,0.672460238424552,0.62651019836414,0.5143678506344,0.319729644757659,0.20825229679642,0.199685601354365
0.160599671061688,0.204651908449528,0.257456842246227,0.289944157081813,0.418444950385304,0.51442304955405,0.60154724282446,0.632465359634599,0.611073610470438,0.522281096110871,0.357067020553538,0.247845927497177,0.203524511852023
0.180458047954732,0.250723539053866,0.255254408526084,0.271451783047933,0.386523511126872,0.450242500971367,0.573762677588475,0.617785457916307,0.605551288349926,0.424936139864443,0.297293885256601,0.239296215068477,0.196964288876411
0.172024762564874,0.226569187964363,0.256648823322526,0.278497443421075,0.389359613760932,0.546007647575389,0.703732887547946,0.727981321333597,0.694007676967392,0.491482278143955,0.361957468960411,0.234892315248243,0.196308659425847
0.18741028525312,0.236065727395371,0.249196169821441,0.294363721764128,0.367849472995936,0.471908285081807,0.646501920054767,0.666025799508963,0.663800111099203,0.486492807581696,0.381385371028114,0.219952096833509,0.193999255595817
0.165594903231974,0.213196087704999,0.256579612172518,0.291993950576878,0.338955510789656,0.379287067320534,0.457730607797962,0.481072092421309,0.541863408606604,0.497760450692094,0.449003553642711,0.260689110050082,0.223809457240223
0.171787152153886,0.207353029760555,0.241572110372326,0.298385821634232,0.330981978456668,0.333191001039924,0.454415408370727,0.4831448769029,0.520194066419142,0.468207291478293,0.335936712137483,0.222762606884611,0.180245475039331
0.20488924759347,0.252729689326161,0.297585071236753,0.329708028851399,0.383165933896839,0.586693192924943,0.657338822834458,0.696969842440205,0.62953917806514,0.483010066220341,0.339394062862295,0.225138608275189,0.226121852914283
0.176809703265274,0.219318685348867,0.21615779699525,0.268648990371842,0.351881873476517,0.482884238773976,0.675345660776731,0.705360470087169,0.691799985301159,0.511369065387037,0.397172271637348,0.204085990990493,0.180556763418696
0.18219693184649,0.220027012493961,0.249878649489706,0.306875159630985,0.373929860002794,0.4209668987097,0.485181229384553,0.538400599031954,0.57867589177004,0.455163502183924,0.297966808846632,0.212302866681409,0.182217598607679
0.181981352590657,0.221859902700297,0.25788921402063,0.300491959855409,0.444125898674025,0.50754666782637,0.553281991646632,0.57390888890666,0.600763792018755,0.49456790988113,0.428170888718623,0.275922630300592,0.217932781188978
0.176070248906359,0.220729812909335,0.25552094622583,0.300447563196827,0.435505904001424,0.507791239137925,0.567857771134949,0.611330254984569,0.623921488215388,0.509839627569923,0.389307625143088,0.253187869793201,0.211615088663074
0.187575430640516,0.2462155276057,0.274246784124985,0.290630041556079,0.360617397184765,0.446487060403362,0.583825284170648,0.625209296300631,0.61109973612884,0.444970808851271,0.396125078102879,0.24811195790956,0.20883385403518
0.182110346216647,0.227778046888178,0.301613687557393,0.313964796125888,0.38801834000453,0.488808559410192,0.589465614210297,0.612979999895899,0.613480229713125,0.564899362311534,0.414940442500187,0.288096051543328,0.221848407535771
0.162505283673848,0.189262535333256,0.207165664528057,0.246823344002545,0.298632383594007,0.319524141263776,0.451760054475651,0.529021776472606,0.552715804826213,0.477931964091329,0.294899063597457,0.225270215816638,0.173497630442085
0.428531072335151,0.404765906658429,0.492386027122882,0.513827557881215,0.552120434971573,0.55333667536946,0.568854808672241,0.603991563423998,0.543593361762352,0.495514923522194,0.486106663990337,0.419782426541243,0.405139818419552
0.173882844332791,0.217948124889794,0.28162753918493,0.33437049825859,0.372776381219954,0.464404709312744,0.550395830999665,0.558595042908532,0.611771360119306,0.537067749067455,0.418516412289785,0.232009711836917,0.213138879103454
0.165977460267142,0.214265798295281,0.249601690067113,0.291236235880149,0.402933605423375,0.447705417541165,0.503258975318799,0.534278357474589,0.586132474363036,0.460263645082767,0.364557665153418,0.223708762597724,0.195890764352791
0.161696313131471,0.206126876690709,0.246832513963719,0.325539223988892,0.444036681785052,0.528963708446859,0.603914444812325,0.649433501206713,0.626775383628533,0.482261491279337,0.346132766394977,0.237685196099962,0.187972043719882
0.33970545271002,0.365587283387043,0.373834547493985,0.352750775512686,0.305232583616675,0.329105492955825,0.345852360465015,0.346924034196889,0.282285190136737,0.273888572139304,0.262734006591903,0.235095846213048,0.215258575866007
0.37038910661424,0.385878985635289,0.349533699523009,0.255749721387494,0.269978332175971,0.277107554648818,0.304681681930091,0.363242055285155,0.30504305179044,0.296212214878196,0.268521073265463,0.254531924955168,0.22698075592434
0.29340543077988,0.408927636162274,0.381452523702189,0.34705316960355,0.546400815987118,0.658192831570088,0.627184518753178,0.631533155759886,0.551505629078763,0.41972537981653,0.377662577114628,0.378506151529768,0.358324285283029
0.274552116266449,0.377307219290073,0.388024363847554,0.350714437189989,0.537245294382511,0.639437980472653,0.6104921242833,0.603020132070197,0.558920806290281,0.471273088834515,0.423803096569329,0.363948095445062,0.325727350665906
0.16413924970677,0.196849064518728,0.228628093326776,0.259818062144763,0.307121608995304,0.43864825365713,0.475775197273009,0.503905709045518,0.530035563282303,0.476326881382907,0.362996813271767,0.307816674052532,0.22840989816211
0.151761846747766,0.185401936765948,0.220172998525094,0.288493489598681,0.377028928794641,0.549947893269637,0.575777353990637,0.605982893530802,0.606526931290341,0.520994699170441,0.356210509213821,0.286054436020022,0.2241954595515
0.147093602379002,0.169654423332346,0.165764746129564,0.217192133635807,0.286383740821804,0.477867701441064,0.540294510315593,0.569926922020584,0.592880182161019,0.49703356840388,0.333987077818975,0.274021911530698,0.214563022544979
0.170795752530328,0.221190958645706,0.258674241219075,0.29454643605544,0.351245904568632,0.451132908487368,0.473894395236345,0.463789042422334,0.485727669990328,0.437374576080251,0.351377590118878,0.308202603926978,0.26299775422827
0.172873280440608,0.234559627911828,0.283918627100573,0.308432323127663,0.36163325351218,0.502939688570046,0.484362397273678,0.495125150460995,0.483951459923766,0.422156007576821,0.322403750285467,0.273784990441864,0.248007796380766
0.159321402493361,0.192234710386785,0.22606627521289,0.279115262269439,0.406439840631007,0.599997195579663,0.651470369672285,0.649530534348222,0.633433905475505,0.525609446250867,0.292483641309498,0.21651636058749,0.198536606830738
0.152935063382615,0.178131649996278,0.202499511116612,0.246907116970198,0.307334283852904,0.386820777505604,0.469968850021273,0.50294724623435,0.555417876453556,0.476525286018088,0.351607064646357,0.259889369577466,0.21479305581212
0.151900877286085,0.184371134847973,0.225276312418208,0.316035301453707,0.42957286906852,0.578280304779322,0.541689170880456,0.562570207001347,0.557393098906928,0.485035470402778,0.331697245786322,0.275517200263471,0.225927055862993
0.144881034572248,0.169942326459911,0.195371459679122,0.230998614017762,0.342491362630527,0.532329277044882,0.568612267076835,0.630744092974066,0.624610043395203,0.527405935315147,0.34218125324142,0.279019758346203,0.21498841653713
0.161540709768266,0.192962612032696,0.227526450982578,0.268399158176124,0.313339422947043,0.384764146453929,0.476227717293638,0.510545469771641,0.528612030782746,0.467912015745399,0.339628340985564,0.264818382850508,0.225506642279853
0.175439838644188,0.218387985837757,0.247305503287348,0.264618008415685,0.354208660624592,0.501419384431305,0.567219634131886,0.615752682146102,0.581016981471034,0.493960572683493,0.323565017959195,0.251583105885586,0.221170542974454
0.147271961790373,0.174558639640327,0.198330424220743,0.231125195918385,0.325790643288155,0.517875472087041,0.570951637730707,0.628191794139492,0.629730352661472,0.533274970683159,0.33703108632479,0.259532200239418,0.209965503527251
0.157616820608023,0.180646138780816,0.204792591214823,0.261945618848113,0.389774318386961,0.611226135320212,0.653255639453604,0.675934754173664,0.644261593723829,0.553695430451092,0.325140083630398,0.232178247687652,0.201996722132886
0.154686844166692,0.196379202820746,0.221970577018931,0.244139128571649,0.371205934961474,0.520382061203381,0.59462763737948,0.619304815997256,0.618298679698097,0.512639175439079,0.298139941932446,0.237330809667844,0.206903900561197
0.162867750279603,0.206339599935454,0.234426735082248,0.27923216787057,0.373713057254579,0.54673911952257,0.6330940641678,0.657338896716458,0.638998421171027,0.556484582723776,0.343663807610597,0.268185935617373,0.22778660420134
0.150312789971173,0.185584867585625,0.201849753552572,0.262276471928012,0.334538577307644,0.555911689381869,0.644849961282983,0.675551865675229,0.670024057663268,0.570518903078065,0.349843783803288,0.264044663695327,0.218897060777539
0.149382552952728,0.184237825687028,0.202361103167769,0.256481641211892,0.328193080665407,0.401397584885389,0.450651246159296,0.424536903837613,0.426327035683933,0.37860422949003,0.315044054071882,0.245544002861533,0.208511986306452
0.143082472212418,0.166749827301068,0.196701586142659,0.25125131949612,0.361463154435486,0.568088533194539,0.520015300067677,0.564417056410245,0.543173266248902,0.453063040336397,0.298674864896007,0.248043393142998,0.203438151130846
0.18463668684475,0.226394006857996,0.267202483476487,0.293910244170949,0.368556534238321,0.469721010900649,0.466210388427286,0.473836751261831,0.486285566155421,0.441417515752043,0.349516726537707,0.317421224170288,0.256891346982486
0.15032823880287,0.173780549956842,0.192145872659348,0.240512242093034,0.301790933517412,0.461178895145755,0.520358619447998,0.558475824402817,0.592098333184183,0.510943633749531,0.346944544690708,0.281272957765923,0.216255900540441
0.160116356578345,0.194302187518799,0.223342768448512,0.260036541756737,0.407441877688153,0.597602946149516,0.64067105511105,0.653382572240786,0.609128269999273,0.507518439477783,0.302781760773884,0.234370380119536,0.21722754615168
0.156251874115617,0.180244535642961,0.206612357083076,0.260032763949227,0.416272303537483,0.609665773488154,0.658472876147425,0.682154234711482,0.639958908346229,0.541051777319738,0.330146268235018,0.208415091051414,0.194238730498774
0.32419068363133,0.366639713478564,0.328996675144468,0.366464010407859,0.44765509726479,0.409144284007782,0.578549490547664,0.610467307478426,0.603395816089198,0.514657544164584,0.423795549545816,0.281825095277517,0.23119183449702
0.325858824769411,0.398245500089976,0.364910070444646,0.381017578771714,0.475734812492877,0.476795225237295,0.52544753019885,0.605123033127932,0.582406587155906,0.525895173709834,0.434928571634738,0.30177416857034,0.240016909107564
0.337164500208406,0.40986532738083,0.377881635198545,0.416288857707348,0.446024720144732,0.444062963321492,0.534659073841752,0.567389933775289,0.568053871627191,0.508746869493675,0.41917672033274,0.285570502027126,0.240166438425473
0.321001904013396,0.372261057742035,0.340876219702667,0.350724176748947,0.453668177271731,0.426078281388419,0.630268972684014,0.615816987816462,0.620232108317402,0.55545471595713,0.474484831492225,0.325181171532934,0.239063575502665
0.297215273105957,0.366312209158698,0.33901499319188,0.370615248010406,0.441890020711057,0.439291924790029,0.59538333630045,0.60519886972963,0.595365481996294,0.540256065086713,0.449169661217994,0.306373757849958,0.240222732425671
0.379014633529669,0.471817974836826,0.451209956974378,0.539718685408902,0.514255485196968,0.540012742974058,0.647730386274729,0.518727114074088,0.496262867776358,0.484450100763132,0.49671495411036,0.458831368993442,0.314954515619476
0.312190048144696,0.357702587885496,0.318139271332012,0.409245902232993,0.455271569823355,0.539884494097336,0.593585772528668,0.644119243106004,0.604893214834753,0.467646857309523,0.386259668403012,0.244270845995041,0.231883521281339
0.42382474459198,0.476717663626487,0.470044636273687,0.460584313951988,0.474105482686122,0.545069294720506,0.58445994797802,0.609523290025382,0.560602574976282,0.49958600030498,0.419221914324529,0.333257669506714,0.252958951704201
0.320938339918268,0.372661775688307,0.337686693720456,0.360380971079599,0.450091752910479,0.436999489845865,0.570619469712377,0.62540341589642,0.613043817139658,0.53654022385421,0.453607825552641,0.298700136988832,0.235810899043643
0.344505343191606,0.427911194064346,0.382723495481567,0.456331401580769,0.490455402444149,0.596149477929498,0.582723246222731,0.588517175832933,0.560074309095279,0.464317959620459,0.369484516958462,0.282029531547051,0.250809097645976
0.356622952454548,0.345458357117239,0.464689700808265,0.470190697898508,0.52139242025312,0.508774017565784,0.461877842848251,0.361212150671194,0.320322557332871,0.400165187880081,0.380246344314837,0.314864037592574,0.257421923403715
0.205629176646794,0.246945822477107,0.407452089091576,0.428651978672854,0.4423839443984,0.535473660155817,0.577385177576043,0.582290501220681,0.574920140457351,0.55531279750146,0.504397466196028,0.415795256884167,0.339502143982799
0.18443012771454,0.254455408106873,0.344419019053285,0.361920095539992,0.462850155360754,0.610093458140829,0.635149688510875,0.646055240755162,0.599139033621347,0.534523939189755,0.485720600835104,0.345881889047824,0.29635406222758
0.153610834119468,0.193403880726422,0.27692452474888,0.357472316182091,0.458266807437589,0.633474404831217,0.645527686913456,0.642128126338677,0.613491660962836,0.533399745671572,0.478524741176886,0.313127839170927,0.267563908674565
0.151472291368012,0.200344469842965,0.283959929771484,0.340601784129481,0.472839940102907,0.599409789556493,0.663220919647067,0.652006978620494,0.615146288946316,0.539418519737896,0.479111641411856,0.342162497419538,0.274126405502532
0.192636192487502,0.261963451711316,0.329584966146202,0.359160133171391,0.467995350490457,0.616861088632566,0.681840943339255,0.663686181109854,0.613794198196524,0.547693591949691,0.47434583312297,0.324425754087929,0.285073961072111
0.162915217783673,0.234385674792715,0.373874076854989,0.488006899424454,0.475852392112831,0.531427151971872,0.554757205381812,0.560042857237905,0.581579463760556,0.55929793748819,0.574824119788785,0.470331026834983,0.362512518316681
0.195544920670292,0.237118752050965,0.414253424548598,0.423124863787985,0.432734670064328,0.549513952840637,0.624916827484356,0.648718038409622,0.606820740538836,0.578441236491918,0.526067271206994,0.421653288093166,0.337016973181724
0.164536918278783,0.213945394730198,0.314991758843519,0.374543958922105,0.505239083032315,0.54084636355713,0.639138128229617,0.618715576691562,0.622521364597243,0.560539490159978,0.501869519571217,0.404662106481202,0.307462368994583
0.162528809447959,0.208672359809792,0.260554248396607,0.312457759656059,0.404624338326661,0.585824842036799,0.672435667365815,0.670681074405413,0.623381714834584,0.537343742211429,0.449292300642807,0.267598591254317,0.228462216490564
0.152812244612257,0.236549597992653,0.321942669764814,0.423686580417218,0.455314512294536,0.502363314701715,0.548892729895379,0.561694530823174,0.589836488096136,0.557004321332274,0.533911712328062,0.425467758825519,0.334727965214199
0.162709597860089,0.178204867148723,0.225227104612345,0.266955504554313,0.316039408905523,0.550874777493827,0.717970116378502,0.736034319719627,0.680476779465699,0.550641658999679,0.46048950354494,0.251013750147951,0.243401110828523
0.204409986895371,0.253714933652078,0.290570356606896,0.32649288199087,0.388755487821098,0.500631906469948,0.535772465470713,0.530533404597469,0.500907970645287,0.437056963736036,0.333289165663956,0.249622101576172,0.181313778939323
0.250587744132609,0.266779973178721,0.276073585575632,0.285138262585277,0.398091711793845,0.616168193438265,0.684282908796606,0.675494096552198,0.689307629856534,0.542208042495019,0.518034048879215,0.276652780832343,0.197819776970425
0.327266906796386,0.381440143496344,0.429971132507911,0.449417117501703,0.432175114170198,0.509016032977501,0.64514793649251,0.617410283756546,0.684356242864863,0.585110490243032,0.575576794589392,0.423153489561467,0.283961849083839
0.224031190454272,0.257977686255323,0.260057927054047,0.308351127769048,0.365648705130406,0.461762763473172,0.482067240892633,0.484764710593134,0.489916429861467,0.416029588141229,0.316265162013919,0.231731703518006,0.176101620922197
0.164805915751569,0.203996763439905,0.296286309607979,0.348160648833236,0.392384945461583,0.546667773994599,0.640437341960893,0.62921729504948,0.638711573719289,0.535137472139969,0.432633948343321,0.26828890458768,0.22326276377598
0.154446766945646,0.217361845449751,0.313747335600989,0.401355345486936,0.49034125380816,0.551749695746153,0.607147097740883,0.535700001044781,0.572075534466101,0.526263261080468,0.495632321896476,0.400173124316289,0.313025608666969
0.4216151447332,0.406528863968809,0.388741331672858,0.252154207859824,0.235488244633637,0.257685660873862,0.265756411142366,0.266981137207473,0.259710828596787,0.224043218723089,0.205457042415764,0.212263805531103,0.242412700800816
0.16154601851362,0.194793402831611,0.199627580852037,0.303941486884883,0.567791334160338,0.65750945261703,0.699515535101395,0.718956419686364,0.644921058451781,0.342600867224797,0.254497163987424,0.184827082766819,0.16431044292332
0.200666023322054,0.277526768404565,0.290849368512702,0.385964166137519,0.42167905013249,0.545641257840756,0.569337399551602,0.648349496123643,0.598662335917727,0.504248627367369,0.421933990419561,0.25699314390084,0.213894001952413
0.192477782037667,0.234979166048351,0.247513664928233,0.359438949465672,0.38222017687014,0.572936589553051,0.617411626476462,0.686553201690169,0.643939141280627,0.383372959957831,0.317660819622305,0.216390663592812,0.190549520365994
0.226856830050264,0.267911201767921,0.277159533140148,0.351027474947622,0.376060739316309,0.516336957045511,0.565896110365345,0.644992816762826,0.613766395105331,0.402199435303753,0.335461501485339,0.247296664208001,0.208473928805538
0.181825429456013,0.20263637920753,0.238227513891224,0.43080741878963,0.641236338047932,0.706513945391661,0.668773298801766,0.678251548166816,0.581009888043624,0.315001065692137,0.250772602719632,0.202507804550504,0.188911484495324
0.227891550657213,0.286671019842105,0.29149703197254,0.369169090765612,0.35218808086878,0.485360289381592,0.527623588706277,0.561204991839575,0.567042691639069,0.459689774840866,0.375481834077334,0.31736132146746,0.22773470202907
0.172388870770765,0.22564737312878,0.247272763415432,0.32321910406827,0.384767494873991,0.446244740299887,0.630684924331959,0.567027207477947,0.63511628970121,0.564696604009708,0.385696113279092,0.252660270137903,0.225895036322814
0.237898040094794,0.282218203583045,0.284669317854854,0.397451209862745,0.416322659626666,0.644009078944746,0.615561432614195,0.634250094320401,0.629124839409505,0.422166743106959,0.330116298817677,0.228656371735217,0.203738314780232
0.201966089155847,0.250525369606491,0.311414333946533,0.388750679230404,0.399123777746458,0.409019846019767,0.525679295133575,0.526054410398898,0.549094431338977,0.513619296927845,0.398733191674018,0.282414364205346,0.258054971585887
0.150034927300211,0.191723304411238,0.199581066282207,0.237089620334703,0.355170614733692,0.381766946635467,0.553563250556303,0.572361013895786,0.61420672840302,0.509656713942099,0.295125188252479,0.2307128474518,0.168237365799499
0.215560195747103,0.269183709126893,0.252682221885213,0.358239311499051,0.487442629320919,0.631136234750637,0.622416806022574,0.609909515758687,0.557959422278908,0.449013789223127,0.349913904721799,0.230038710009959,0.204168947163177
0.1692907143617,0.215686412942088,0.266751326462963,0.328000331108482,0.334315750212023,0.335129079431435,0.498362946894728,0.515981833036446,0.565494230120864,0.504626048248979,0.351537534779797,0.275721800370362,0.203462878577391
0.183333117753329,0.227603317665973,0.238891487354575,0.285992035128885,0.453060148293769,0.528031049216808,0.699689997737529,0.67219351903762,0.641881735132492,0.509061524332217,0.31099063222262,0.219584769265487,0.195256286391575
0.259326457256137,0.312425236484355,0.286111618636273,0.38036096877071,0.385705746864453,0.539964981155335,0.692126140786091,0.663979750752425,0.594980424057829,0.468456651779696,0.368487408841993,0.237316491495991,0.199941585314355
0.178554024950958,0.205103621754218,0.239182324671539,0.337832088528549,0.461790459092509,0.487622282859866,0.61634569018652,0.563577672874757,0.539033746960781,0.474352356504093,0.314127426337999,0.276135509790841,0.238680059257134
0.162622529852027,0.207070099975894,0.224912605573391,0.272911132134707,0.317286456319062,0.339063199429737,0.474879323300908,0.508916790851668,0.558315417549707,0.485551008360698,0.318804926385259,0.253634919090821,0.18954052295899
0.253603947983968,0.295430046642648,0.393904290010801,0.403441884523416,0.448930966236246,0.529359025317022,0.567376418306756,0.591322693141034,0.589647282702425,0.492183429031689,0.416451618041882,0.328584727855684,0.28580450355183
0.197698365530352,0.252500653404365,0.339296004773757,0.350831219173667,0.36451300961727,0.470177511223357,0.524050473217194,0.63330635674162,0.621146058293132,0.566833447205006,0.50464609982812,0.361195925277839,0.292136625501154
0.183753191621196,0.201915835024709,0.279741565710456,0.295875007649145,0.46939475968604,0.580133403944838,0.621843416051998,0.641069802794294,0.623503783391673,0.509685527539397,0.381179517047523,0.256947497312657,0.224945192068299
0.218219609554154,0.276518847459423,0.329010272018197,0.323537532408674,0.34329082940558,0.386280401295032,0.437806114858059,0.556342348911978,0.574346602309408,0.506921981288372,0.424381648937221,0.290840356400147,0.240995476796413
0.235523428533231,0.277992153440071,0.315822545818692,0.33102253261777,0.33733693054343,0.361991197696718,0.420047450707738,0.484497990398799,0.499252915762606,0.423689377917915,0.329057918806589,0.270193606449133,0.230875085026707
0.20732159567608,0.267737264735855,0.300142452375213,0.319903035262384,0.355528882999233,0.439974731081153,0.504588533192711,0.54024608677391,0.544559244993919,0.457695001333296,0.329169187926097,0.259791068223498,0.223572738433004
0.356810064105307,0.381958866935214,0.373549920191981,0.279758956480759,0.262964805946497,0.319915021492539,0.346728722630816,0.370098728343481,0.391755980658537,0.339337737119578,0.321201283225424,0.269553506392239,0.236074492917581
0.346131318419428,0.445626341408994,0.411286467106579,0.472303199822731,0.47575148184535,0.571758489757442,0.569538595013397,0.640493463773057,0.559008670594586,0.486817188279445,0.402051311987623,0.274124051236675,0.24565716234585
0.361728593055838,0.444008196641313,0.407046094077326,0.468276512006358,0.495780656249086,0.589211751003382,0.585421551080927,0.653793852285235,0.585666998022599,0.510342726939473,0.428569154738132,0.27731280398866,0.233760832340212
0.262838632119388,0.306687124420082,0.371423451837374,0.448196549015431,0.470439553339563,0.505765397107469,0.415244452963522,0.373182802033625,0.381709482747737,0.444735332515892,0.394542108194806,0.346830450964755,0.279853279893114
0.29690117827632,0.300418597886237,0.34879663754719,0.453052592541839,0.506776254203308,0.533328427525139,0.505250839627977,0.408380398154253,0.369293933346251,0.423363553206779,0.359126451955361,0.293422417452021,0.242960073250135
0.266835247713254,0.295557416869252,0.346534489467081,0.405007769550357,0.489026644029248,0.502890508380453,0.431237071305202,0.400116905111477,0.400382397713954,0.44655025899971,0.400500905618848,0.351499046099618,0.290952467996387
0.302007965780713,0.321764564302507,0.353021804021002,0.448370053912291,0.485146292567174,0.491134435914235,0.416854279081719,0.395160676331039,0.41972999998748,0.481445278445994,0.430397159585053,0.382073153036803,0.31307994083492
0.175347588295861,0.182542213082372,0.263549143731406,0.315943716953198,0.361995954485797,0.490594514772672,0.513322175377922,0.564411666618234,0.590703551391641,0.505634907985665,0.435346854032696,0.237356465639917,0.218863114745849
0.166561158923025,0.242689677372764,0.336513005655411,0.365980229309876,0.425711454869508,0.555776507258419,0.645785013790336,0.60276856571949,0.625336125183061,0.547532553761463,0.443635628304289,0.293389811954187,0.258445734421065
0.0868430251040517,0.102689789666613,0.124141667308901,0.225379326570206,0.454576187391529,0.54130705537275,0.589087692349714,0.485340946471081,0.398335540486424,0.32481614617444,0.249358440700301,0.230115244658415,0.145773708955175
0.105416519744668,0.117042582105549,0.161360627077559,0.238137866346906,0.44216167864036,0.517393926382603,0.552123181510637,0.467882337360067,0.420115810745202,0.352260976216597,0.267961892086045,0.245864014750681,0.167541388625349
0.111579333580327,0.118592466330675,0.180106802034936,0.245793396317049,0.429506046260222,0.514490519478077,0.586372609014732,0.514208872896828,0.442463675117408,0.356771466381987,0.276553227071775,0.232938506437623,0.15341485749804
0.130662168963296,0.140212792017039,0.22980295373256,0.288421570895513,0.442307553465943,0.527706665033722,0.551741508002394,0.522746581018426,0.452026128559212,0.355423871996695,0.262547150386467,0.226855154972366,0.183491061272429
0.126693467512753,0.137122823174171,0.19340180049478,0.257870040089109,0.423967222588819,0.505590532732171,0.530840647632361,0.48298345868761,0.439002043638392,0.371028966479082,0.295134086377495,0.254633347909618,0.217220507862654
0.112250484122567,0.122747027426839,0.150010797025217,0.207750543343825,0.351156801446507,0.542448576504336,0.565320350363443,0.557034504718804,0.540693398197197,0.403468216524145,0.26478727022641,0.195997749028346,0.155482547309925
0.243691139992376,0.230539577448823,0.275271463802753,0.296025450247282,0.334814189529846,0.459399607945823,0.468495757995008,0.562739174271188,0.557689534166199,0.465566270528758,0.418167285786223,0.300779434702653,0.217120570271152
0.253164030861662,0.287988050460531,0.340668994791909,0.353911812935613,0.367048238658547,0.438273944651259,0.475739680268575,0.501255951623383,0.518379086383336,0.450835644718937,0.409336202776645,0.335494547419078,0.245124192321703
0.22833927229541,0.221140057096289,0.190058815944982,0.250442175681296,0.279590310995485,0.383679973318514,0.508279084535292,0.576214790750125,0.591930737786937,0.522055850335668,0.429815776744344,0.269793717559815,0.179538473674967
0.212811824033648,0.236284750071418,0.196872050901105,0.237473700076182,0.271303089741906,0.386850118534122,0.488968776647371,0.563728192534863,0.635233278393913,0.56598366366376,0.448138860424436,0.264617991278239,0.168740093299869
0.246999656162225,0.237001121111275,0.228881710772895,0.308417117937491,0.281149200932987,0.492098884714366,0.588344843385438,0.637571675005339,0.598941551316853,0.514992213815924,0.419617623602437,0.271939319785559,0.180022647572576
0.174162400447573,0.244823039439611,0.280910023756318,0.308604611278961,0.394044413433833,0.609698751505374,0.627302212159402,0.641253056691563,0.663467844634226,0.599440575453725,0.420478676189607,0.31651728575568,0.25791268616631
0.166733400370394,0.227021305824812,0.268332552933097,0.297459391287273,0.355620135401124,0.579377349116939,0.566481740847873,0.600461476193763,0.588749602928982,0.548407698822152,0.439777941427742,0.288110277640103,0.244041488586314
0.176004782662514,0.227398214288865,0.249228494343878,0.289672003627473,0.377597925272205,0.445186060762615,0.516941880357921,0.496834057768415,0.519469311129584,0.399762480951823,0.306643792352493,0.225441597414899,0.201844086643144
0.122055716379303,0.140932615211474,0.151099727390843,0.214733108926163,0.358660610264784,0.44463407917672,0.53766007733123,0.44478746103827,0.363643754487937,0.302972831726295,0.259305078659384,0.248208092407953,0.206177354464945
0.103609497377341,0.125271657296044,0.134966176329026,0.187022911529923,0.390704941579615,0.573392229357105,0.6265417728621,0.548080346670342,0.334008106807189,0.244664009070716,0.208403942824752,0.193434511212323,0.150407847158359
0.14150701081808,0.164951491291364,0.176740333278892,0.222981906121303,0.276981729810906,0.403247799071793,0.487997604751464,0.498387687036091,0.515496873848933,0.435397278364904,0.31875203280143,0.267247809839602,0.207641141296627
0.126398025594275,0.142991839721395,0.164064942548141,0.236289112958249,0.35882798886562,0.468168579380968,0.532180914821761,0.489188223798527,0.440856911441238,0.385741540057915,0.280628415267826,0.24238979021221,0.195956502776692
0.13012153809986,0.151777252224674,0.161294055240913,0.210070619342951,0.266108950886123,0.461063785961798,0.539120973105193,0.551536825293485,0.555871072175333,0.447359115795476,0.292306301531255,0.239701174836429,0.187089566705878
0.143870596106961,0.158674396995075,0.191258506307845,0.286572044655697,0.376663963808397,0.433420852297146,0.49970131463666,0.428439115729751,0.371717372707066,0.320390893570159,0.297464751501845,0.273435959573853,0.229100268385983
0.12479078148634,0.136077521173052,0.156303333233432,0.229210926254535,0.347884509527128,0.447225509295567,0.522936396132569,0.430926545280654,0.346869115536151,0.282971610788661,0.254300621335821,0.248988136472756,0.210467381831537
0.118902130030961,0.136358016905596,0.16175972448511,0.220082751729767,0.332114184064282,0.476136297767438,0.570621301476231,0.472166448671166,0.327169275777087,0.271786063359627,0.253812563350267,0.230205205668096,0.212769014401999
0.118796781873733,0.12981115932531,0.152803262108175,0.209703630044227,0.35522782330628,0.491573663321974,0.569674674342648,0.490242413190123,0.365087804512989,0.272689401598043,0.2382187647458,0.231477402367857,0.198189619877912
0.127481067636548,0.15303024782435,0.162142081340768,0.245643813786245,0.304469450007689,0.407011803914333,0.508663528420137,0.480367799775965,0.463230689927288,0.371172630122535,0.258216316738514,0.220541025332274,0.179912389451042
0.109576431676955,0.126725620773172,0.136570836937099,0.184658589366382,0.324852568358391,0.491668563930546,0.577852814048614,0.522621025788403,0.394785476182911,0.274950258828772,0.219523059337034,0.213423049095514,0.174396734211337
0.104936815372626,0.116099155290304,0.155405927809952,0.231333010790018,0.365291925234411,0.457747203899208,0.60352948400705,0.568732328443035,0.514045916428441,0.409136416127079,0.249088104514455,0.201358336896285,0.145962452003545
0.16419082868453,0.212159054660747,0.281112352897316,0.251908635920135,0.362200265796333,0.450751139625991,0.571358656765238,0.582916295669782,0.593578976766994,0.616904217454697,0.398236049347506,0.272100328200718,0.226132782313125
0.145534057521843,0.169620690244496,0.200788707843312,0.259980941012759,0.374192750063788,0.508486447086829,0.501463853193761,0.532438189004169,0.529135683354114,0.45124742083176,0.319300656804987,0.275252104146151,0.20900024147583
0.131395102205236,0.153297636547279,0.172704109319681,0.230343507538156,0.327416653235352,0.468614804135639,0.472664384204853,0.48338934398692,0.493977588008496,0.410866969324479,0.290090278691708,0.246608120394352,0.194151776690149
0.148482188476852,0.19026402240811,0.205868713098355,0.261721269123332,0.335711685535235,0.538601428452292,0.485602867582763,0.521325303530004,0.505597363942608,0.431447051132554,0.315092717201354,0.282866326458224,0.21430161561332
0.14680394630451,0.208741839408787,0.304141355047193,0.370158732196317,0.453203253777057,0.536086734801352,0.578092966650896,0.576037614583405,0.565554007133473,0.490546200004406,0.413923462457304,0.339749770442585,0.280769871138596
0.285446694698542,0.310631013572609,0.364828443240331,0.362321243464535,0.452050193411161,0.445374778019683,0.484331125380327,0.504288549218676,0.547583871218321,0.48768080041952,0.430978412728676,0.385770686848835,0.309524041970869
0.219448940446558,0.249812929478952,0.27779525293892,0.314756199169873,0.518106938755574,0.598454437411761,0.693264699800797,0.72823146380501,0.665708994587137,0.510383130982745,0.342469512076206,0.247734269568232,0.237804558802519
0.184433875044269,0.209176445716525,0.251885009890235,0.295195042884257,0.446366377502529,0.541164911352396,0.676485795758407,0.723258143039421,0.70354812164886,0.581741486510993,0.350199094354868,0.223548602066561,0.217134400266726
0.218082325839446,0.255360778849395,0.302872374177736,0.351262252958317,0.53720526133125,0.661486004608485,0.713656916511244,0.693347084932211,0.638259965378217,0.41622681847963,0.312972705264783,0.267960763383111,0.256292419922363
0.179001736910836,0.183303180329531,0.21941352869332,0.278907441749996,0.538514689881409,0.641858607141807,0.736361205457964,0.713111909584234,0.715661585629335,0.52316982201888,0.281817435832463,0.203125368782716,0.20159257655253
0.17333910234144,0.200431647338775,0.25131999443231,0.294252833049395,0.517303520783913,0.657467228585678,0.769627470065031,0.710189064400043,0.698292821681243,0.600111801961834,0.406787520847626,0.267420732283012,0.224475395445184
0.198915478676958,0.202314634611951,0.230025375496408,0.27613240795604,0.484451456152962,0.663608245548543,0.770727013705921,0.772188722509612,0.656111794902662,0.397713988977882,0.250730561178485,0.201371205260167,0.209459112258097
0.173073024227961,0.196426004678264,0.191889819837811,0.264863263876929,0.447304931812778,0.594752092133421,0.797233498645589,0.757341362916524,0.741174794560855,0.628664177799757,0.311848874531854,0.18243869929402,0.171727171524642
0.188720941958453,0.216387446403786,0.242247058623006,0.361642252451215,0.515187495276144,0.630981153274909,0.748730917101816,0.763090049039465,0.696058348327922,0.524563371772745,0.300235898545159,0.211553852691527,0.193332469937831
0.24788379366087,0.314826333470048,0.328230271567598,0.347590051337132,0.334204313838541,0.452428063825433,0.577350055786043,0.772360126982911,0.699194065376626,0.640602512242332,0.429506141482674,0.276731066399932,0.236277050267068
0.288333078394966,0.341218189994099,0.321703220178414,0.385092205082574,0.398358018315826,0.494047942136157,0.599359045177504,0.702029808419975,0.628407494343075,0.519473678604222,0.418168884832107,0.289581770831588,0.257412179169069
0.174204160762275,0.174526216196505,0.208450778851833,0.257651394628981,0.449238813092516,0.569404929999009,0.71134759497447,0.732663757974434,0.722822155545024,0.643009104759611,0.321228802134766,0.187535104441792,0.205759207838429
0.184372245418808,0.21184657637245,0.207435978034721,0.277350986276666,0.419956701803948,0.585329138508243,0.794425645935443,0.747150037352725,0.70747680966285,0.582083859709425,0.297324340996194,0.201060311180199,0.18798405506221
0.183361668812472,0.218767044384645,0.228817935688919,0.296782412853344,0.416719272194874,0.556100277504911,0.780109440667022,0.751607780402781,0.736317521392745,0.607582173416561,0.425948704772908,0.198685181528643,0.181396258570497
0.183970611871113,0.220515359769781,0.224005784553185,0.290492477038448,0.394401086486646,0.567319723793171,0.772129181958595,0.784455313913147,0.724898165221594,0.654537686828126,0.394215701265204,0.200309107474898,0.18402670256092
0.235412603840806,0.292801893793806,0.323511722112631,0.36438302810654,0.376642996878549,0.506661980000707,0.644102329279543,0.761355647265052,0.704202499728689,0.592908327710473,0.430844555113036,0.263343768553614,0.24271352892856
0.164271397998219,0.193444634061829,0.17587108741661,0.258166932024993,0.392272630418708,0.544523711456139,0.747921967780318,0.753422926507565,0.735386341861429,0.640052830914929,0.288293516752788,0.171485094850526,0.175203788027875
0.315438930606853,0.408924214029322,0.402778568792351,0.40314409570694,0.382481163883204,0.484085836410502,0.530283361005771,0.662553630590446,0.680404962968833,0.561729179525391,0.468622024440783,0.333463622570044,0.281674898052216
0.204685375443572,0.217730235135285,0.247723453040797,0.28937610822339,0.491722248472275,0.634291439227153,0.78123564213053,0.761962478142553,0.683113617548473,0.564839360260488,0.322636738396255,0.242631587762251,0.206021703058532
0.20701682206833,0.237906059507073,0.247031805032605,0.338190319519743,0.380298345359896,0.583420811462508,0.649701261741961,0.696052165254811,0.620781377754851,0.498588225106361,0.386357217142456,0.233789020396747,0.240113538596168
0.243296040859804,0.275009245054557,0.326448992613979,0.41216620514207,0.544091708609733,0.609366885977974,0.709735647004192,0.723404461586954,0.661438148941898,0.505234332840229,0.327850663629132,0.262616909935325,0.25793147642221
0.162844340287989,0.171974145694805,0.192485210315893,0.219333275587959,0.453221457362141,0.563231003230867,0.733145444101268,0.719057837075261,0.709696754357662,0.554290964771241,0.237531956477159,0.171915413351293,0.194569402887609
0.215210128699793,0.24074848162853,0.255049669911967,0.28516678733858,0.538192296017666,0.636876960955807,0.724170412984332,0.763464260965435,0.701924026330629,0.653267443958071,0.293411602956177,0.232206004902036,0.215867868782441
0.205983896590008,0.224135861024184,0.261443414721914,0.330737047903317,0.512073208574025,0.683056034223621,0.761346931698469,0.759479524135452,0.705177827582679,0.592132563932533,0.32733172849409,0.268183426669596,0.234956137244065
0.188664889838174,0.198954494061109,0.23006951704636,0.283624843488002,0.487115649352881,0.63434005093195,0.748052071082752,0.730071545340214,0.725547417349677,0.612230883274467,0.308728608166115,0.250472914361056,0.209928254263341
0.163752633045324,0.19882974561629,0.190430945200304,0.263683032137765,0.402457555807014,0.526879624296176,0.765333905555905,0.715829768659626,0.722871058032566,0.617483356922023,0.272475962680762,0.183017749473722,0.176644967072954
0.222763428318368,0.282394343260211,0.303954864840228,0.321905730397647,0.323533790078594,0.497083754877,0.589393410256808,0.76318619437788,0.700789672798835,0.62546834506203,0.499690814287679,0.284104650109994,0.227961646763803
0.309951795178279,0.36579205504582,0.353364245913936,0.357090015702349,0.327851329110582,0.40729954439999,0.476609480798621,0.626554562310873,0.689894488042204,0.588924963616565,0.494045784770316,0.318496377777318,0.261322798926769
0.195726187326307,0.220702948593053,0.255896681878147,0.312642714518631,0.434676042924947,0.534226333022644,0.648170073254633,0.684568240481712,0.66481267527755,0.627228107351021,0.33611518509291,0.226056234410477,0.249177489365904
0.175721471611716,0.22178841796243,0.204351662855128,0.245969048898197,0.419109692867556,0.542289863106138,0.758174138971083,0.712413104155957,0.680521542880702,0.599205489355984,0.254921771647178,0.181878173792479,0.187453510055644
0.19967802860215,0.218044349095601,0.255719317985576,0.306776710987678,0.480839995051922,0.640403119705962,0.774003362590528,0.743193380488227,0.712613743258214,0.6201174520352,0.329929842590223,0.272476217355201,0.226801663317017
0.172917403838848,0.17037533154003,0.198804764401539,0.264900439425513,0.469156081456957,0.602419113465732,0.738425922787358,0.734499126800767,0.719518135178842,0.559807212977275,0.241806784078162,0.181345721721846,0.199956704516591
0.166869248956536,0.163937584448812,0.187804621436193,0.24818863024829,0.496663174567961,0.613506717528391,0.73565212847372,0.72141088034586,0.70783034706159,0.608523956225814,0.297495709429655,0.188370753324875,0.187624887985095
0.163844690811685,0.179975927184097,0.178435681527315,0.252978495542615,0.431361892990497,0.54736748223291,0.727272001761113,0.745121002809452,0.709065937738475,0.595103051386379,0.228207606867332,0.168747277953215,0.185335294090937
0.195441573604987,0.204946790268642,0.221196622925198,0.274341535866762,0.48009678817872,0.630963761857779,0.772406717754507,0.749591116313681,0.67727977302555,0.528011235169935,0.275354052863566,0.224165629165109,0.198571943979504
0.185816790873543,0.208641100498586,0.206644689971606,0.311250693207537,0.476991926243622,0.583067559130866,0.764013413910386,0.742339167513422,0.704947795696643,0.547114675650329,0.317303623267664,0.193049428956731,0.181460430075362
0.217341975405189,0.246361445668816,0.301478327448941,0.400571589172568,0.55661638520888,0.644450392514579,0.725379010914934,0.772146329074697,0.675019378814829,0.479821799871055,0.298468674573217,0.234226535349428,0.225529766877567
0.251692426905789,0.284730952482057,0.290463971401562,0.396308251035895,0.445578301597578,0.556636896699158,0.653752279014095,0.692824146697702,0.602808894496442,0.513388626450839,0.379447643146437,0.255041872326548,0.241874527944714
0.246429762005057,0.298966635737836,0.288971283361768,0.316488621059979,0.305994842160294,0.418316239655478,0.541148296058086,0.731294713219999,0.694725048281161,0.590922126596049,0.446328923449197,0.268799279507711,0.225309912717149
0.171067225913794,0.169179404655689,0.20558874888336,0.278792579531605,0.523852474993177,0.662273999573927,0.791086089251068,0.778035990413908,0.73180805464052,0.517485939310535,0.255063667493298,0.189227828504518,0.184639076376308
0.20645052207801,0.205756561534299,0.239284650991666,0.297591384717573,0.523962212822222,0.690841058275157,0.766822795801385,0.765567573009409,0.690601427582989,0.605722845668407,0.292220642891431,0.230280585625178,0.216036171224568
0.205649212501326,0.211912391938951,0.262162730627259,0.321563050025639,0.466710246709745,0.568620745994768,0.649857794362479,0.676836577565349,0.648517574862509,0.468946463791582,0.314770076461967,0.221131824709837,0.215941411727468
0.181752189168561,0.2039973145822,0.196510750865048,0.264642035603732,0.453618284717825,0.57950214416192,0.776157185000137,0.768973950599275,0.722027182541438,0.586614182900465,0.275067864556196,0.192547017852979,0.190365756763422
0.188370825703074,0.213352602441401,0.248812475627768,0.308299708806156,0.47892713445621,0.676145515070588,0.762825143795419,0.734308776551045,0.683332865742062,0.634154954336034,0.323843696589736,0.269720039596761,0.223028428377147
0.333498107887389,0.380141905157133,0.39684631562042,0.431488432553245,0.438350391671903,0.532442232079344,0.567794999444118,0.62294007368596,0.605820644768212,0.512273048730149,0.447236665012949,0.321048521920807,0.275357128631325
0.20568773726695,0.220704486653358,0.243433974538833,0.341546460884103,0.481408157160853,0.609024351642712,0.709490193104378,0.768812624198168,0.682908855002534,0.532633399953216,0.313870582028127,0.212536941567525,0.209581973750596
0.206575977808165,0.220006573450413,0.257605238778534,0.306918619180638,0.527727994416932,0.676101950423681,0.762560052009363,0.772806863426257,0.686296071885265,0.402211850817088,0.261726782957202,0.214720663778495,0.212165197541006
0.182148076158197,0.214684058194656,0.215948429319828,0.291953212619155,0.418856763021748,0.509799536766452,0.740964840650652,0.788263632483415,0.743388051323961,0.583903999474326,0.393646838564861,0.188583593156222,0.180045272447746
0.185675578166139,0.198968386327535,0.245975782682101,0.290085516521692,0.480092280722175,0.619727105404826,0.747229341680523,0.718608634519804,0.701361478114397,0.608767075694475,0.367587540609885,0.247718607913677,0.211034089092774
0.201320267001944,0.213653300090956,0.252252271229058,0.331293569428887,0.503396831056409,0.633799228781592,0.760919808743798,0.722471577116274,0.682485974682925,0.625097135509096,0.276006679035706,0.219000575677037,0.215600707291499
0.315738403730881,0.381625777970613,0.374008908088905,0.429191519999297,0.357120768527672,0.48016757058841,0.501433078720796,0.698361695499409,0.66956053301516,0.591311454710787,0.509371063777807,0.308482930673748,0.265030043733625
0.176800671870837,0.19995095122741,0.197784818456205,0.276477581442514,0.442540234376342,0.583150385886253,0.803857904767584,0.758544560726556,0.735763306218446,0.601826882481739,0.312690162134816,0.181265139990899,0.171409703282766
0.175119685701329,0.199824139727272,0.244086286396804,0.320965545840751,0.55170775909344,0.64582602532409,0.709018761114488,0.719191484202213,0.581029664534024,0.344019948909178,0.25119346979185,0.212329295997181,0.205004976538332
0.25670744276187,0.305064406572522,0.296629533132057,0.380300786234067,0.369892379275197,0.472354568163343,0.53025578772558,0.608234687715234,0.573235767150066,0.47346392707254,0.411101778884467,0.275944509292422,0.231283372743475
0.263592152182759,0.321634930194253,0.329814466891346,0.351574439355339,0.32929134930315,0.462759829132564,0.589231823426584,0.746855716489907,0.689756795664186,0.586174289425232,0.455398791943821,0.280929595829225,0.241077395014152
0.198616003092541,0.232497427774497,0.269423413554852,0.324206387319248,0.486519312588433,0.622307608578824,0.692247220485035,0.673443314596341,0.682174138233812,0.55595383736335,0.324938611263378,0.281913078858208,0.234087254390142
0.200073931218012,0.204416283363231,0.235351330143885,0.317010855104289,0.543513085556666,0.639851967146549,0.756278727413456,0.775515675191324,0.687345157183783,0.435325253582547,0.251193473828517,0.212996722981825,0.198855716436069
0.196327688255559,0.233615668741922,0.240522287595844,0.317378155517422,0.42617180488935,0.544515353842937,0.719431515659964,0.783668236565231,0.709997127671418,0.547335149631941,0.370016214387823,0.207374278718714,0.196027057326994
0.286661938648775,0.296940952055809,0.291032582683744,0.40464397684515,0.433803858893133,0.609264684047664,0.639882049900023,0.695256275530622,0.617183498988426,0.486717081759634,0.378738743394945,0.269939296073373,0.260212815166146
0.189707012231401,0.225281430982588,0.28258720241779,0.324576565606441,0.491294726441739,0.625382388520693,0.752480905601598,0.708350667760726,0.711552998021429,0.568071647783101,0.393900733711864,0.299067354393033,0.247267614176722
0.203249175307426,0.200825824048764,0.233965579146704,0.279161678982448,0.455078388821166,0.597141957226188,0.750155567526936,0.718761699469693,0.663948134595509,0.499893254806443,0.276798905651201,0.219803719758232,0.209707631655104
0.168434172810005,0.194379613165291,0.190001968978081,0.258111342020389,0.428054883357942,0.546874605938563,0.776844230528462,0.763853745630646,0.741400195806582,0.686636789284715,0.389681650029812,0.193549394638774,0.171676478996193
0.201175527858945,0.210241626745903,0.245880454104629,0.332530490966143,0.487445787497596,0.662713633938675,0.761913866626501,0.763151998552871,0.700613519078082,0.615868704259877,0.333022460888859,0.26711151295192,0.220857899363015
0.301346357046406,0.358431932127539,0.337473056152358,0.369115445024314,0.365075313479166,0.492005667659514,0.559423020792192,0.705393975484899,0.66365704093295,0.551558214509854,0.468656622774325,0.293452243293328,0.24357816445495
0.268067720950227,0.311564102226767,0.301811606419349,0.349460441236452,0.334475354103026,0.442595149389271,0.556147761483949,0.693187570927858,0.661264905402835,0.528775916947256,0.46436159201052,0.279177782939326,0.260369587972193
0.182805842641769,0.196140045949072,0.237579064769036,0.285851211632757,0.484667141224563,0.619662588287086,0.706030043420546,0.666882917734944,0.664975208974993,0.503231881034911,0.30029024706049,0.234768925503937,0.207051873304818
0.202785513857889,0.2231533252174,0.27595690819454,0.321140676671878,0.459125892627118,0.578341136181088,0.73058737120683,0.718111226856377,0.694929047977853,0.608450516503907,0.363524250007754,0.253913075212099,0.228290982368503
0.183004270704621,0.173338721074521,0.196217321613673,0.299392848089474,0.505710975840569,0.606148519779458,0.776048336348688,0.767965893370211,0.725187640326954,0.592453272722242,0.240559000642079,0.179682495422392,0.177567502964781
0.197751348265582,0.229939125078211,0.272243690664945,0.281413264596547,0.350229375136016,0.43902808813447,0.548131753557935,0.655486839857147,0.631683984277171,0.620568712964832,0.49270743289799,0.271382857855506,0.243833777964185
0.198385900196931,0.22712145544267,0.250063710677463,0.269990684720081,0.315051729647109,0.427395109854157,0.525206564617641,0.631364115705432,0.611324773411889,0.610517188457262,0.416558965591356,0.260777429103921,0.245751294007815
0.173722087720228,0.198120932437289,0.179926365179413,0.25783447258038,0.377447078656924,0.521168056395314,0.793564780369356,0.755459763531111,0.724359185994174,0.679885147703658,0.298943586540298,0.184891199808831,0.172995583221425
0.189435226056468,0.222206854336522,0.268383402158573,0.277187143432114,0.366086490803282,0.443444737562496,0.52248775844547,0.702407034151869,0.706723388114763,0.635874500123254,0.485810687514384,0.250241260983512,0.231031108420571
0.188295233355005,0.222478003622633,0.239105472899591,0.283420826904008,0.363340507203489,0.508858244224607,0.76219901215398,0.735938893621345,0.72328600696335,0.611665734485731,0.3477073569627,0.215769336713939,0.189384328831733
0.194624594814798,0.231729348254656,0.241596657152363,0.299641706591998,0.419735842673593,0.541536916740128,0.779925037326931,0.723283821350938,0.714829908678064,0.590564577804467,0.371683462835358,0.22442133610503,0.201988621372842
0.186392154407202,0.211777357557279,0.231368847842769,0.267021605008655,0.364252271583537,0.492022654376716,0.768976104131642,0.740738152044662,0.738806873631616,0.64542900739447,0.400075176444115,0.210039363297679,0.202701424313407
0.190428593217621,0.220103293822026,0.234284882572873,0.261808638469719,0.339984313402056,0.445999290761231,0.750393258537285,0.7321272305008,0.737366127245891,0.635807406603348,0.349441160707276,0.21120357330265,0.188044572099971
0.265445452598349,0.287445503632533,0.293213541265461,0.338408880830371,0.348011378586408,0.530299458975136,0.677299802504183,0.718895220191254,0.63520626146232,0.544215806727045,0.394285291877552,0.25827288732023,0.255275159551815
0.240777618132168,0.266377843901314,0.300602766246225,0.29022061946125,0.317553032484112,0.482230644150339,0.634485300899891,0.763038867061449,0.691924070197847,0.690194674412317,0.530780227685383,0.277782220830864,0.249151433675472
0.198662160689463,0.239366835114208,0.275487631498975,0.283801192387729,0.403859880127007,0.52812917248364,0.619136104335075,0.689397224485761,0.680955092118567,0.607142698580743,0.48705266705148,0.252313650878527,0.250838012656855
0.352236410010204,0.367246490556062,0.349515096977762,0.38210409474377,0.362385166564653,0.472450257418324,0.633945612479476,0.699427674020928,0.675601644289218,0.566039022941567,0.447222207859876,0.283192302391602,0.275550591478725
0.276878324937702,0.329306669130241,0.333221407503434,0.353778895726946,0.369358812898515,0.428856871666256,0.596801828656236,0.622511670233155,0.62329314694548,0.615648770956604,0.50744522617326,0.345735152004902,0.368131661682903
0.204049992358983,0.235994260236779,0.255878752225278,0.276067547484041,0.355879445514964,0.541880421237388,0.776768140206796,0.754730432631075,0.693056749206453,0.621137404285834,0.412605585615482,0.24246578186384,0.226871581469286
0.171669857023004,0.203491860011404,0.197933936939059,0.210146138530778,0.383172305082299,0.451808821551128,0.68520850016867,0.708941978522717,0.688426837984707,0.6186487048551,0.443912098876757,0.207607952944792,0.194721079110676
0.257480220433921,0.269413268570161,0.256508119846771,0.329351484536528,0.331627142487594,0.505890706877115,0.598775858787145,0.699123517930162,0.655261377551245,0.503869430532445,0.409232481191378,0.232727031782574,0.22139068924975
0.196311078971991,0.231915037245295,0.24624816548283,0.260211665914384,0.349350180873269,0.426526216529497,0.719394613164298,0.715278414000204,0.715262870482729,0.607319660854152,0.380105736529061,0.224859205503566,0.210530415894455
0.221656428362078,0.258438140384389,0.286161566982612,0.283586738480714,0.33154476501886,0.436809921654566,0.611093174397752,0.718097179269918,0.669534099721613,0.603109900130338,0.486280845041026,0.249258208018998,0.248339551900466
0.230734520393821,0.269850079143818,0.287588387687369,0.32942340993772,0.383854866627373,0.561623521399386,0.763080717828093,0.736991247821477,0.677256326342528,0.620341773044455,0.353875424384809,0.26015126561935,0.234515577809277
0.20265625490015,0.242686284179144,0.268419865920405,0.288045551175826,0.311517758216685,0.466780195931418,0.658882659938711,0.721186126802602,0.698997561918013,0.621262659195159,0.47590184556456,0.246493474358316,0.235981493094734
0.18775147581702,0.214506677034753,0.244257816623101,0.259087615075101,0.365440403522217,0.489626336279098,0.743707459693604,0.714445590600583,0.721393626875189,0.594931118619032,0.363768360640445,0.223824471221255,0.227754860414048
0.292522369274056,0.335941003159159,0.365975769875101,0.342035312760792,0.347568590206243,0.434332372087953,0.636246773706662,0.743417875412578,0.698354579191307,0.666616883063336,0.537298792356077,0.273980905679323,0.26635126862171
0.188107026564039,0.229404546149541,0.213738008450769,0.268597235520042,0.38814461358876,0.543187415579603,0.739452149938992,0.716678529382361,0.677721309316489,0.606776626786014,0.389514493235815,0.208049827541425,0.202220797491518
0.193588350882371,0.227915629215062,0.275013366420541,0.274284505958011,0.35849626675476,0.474934158995689,0.598513138058756,0.653912509391986,0.661149268695074,0.594007615657511,0.489062874999742,0.256665970413382,0.237554876570693
0.242279774834321,0.275761071986409,0.277765456591675,0.333398313328211,0.332007056021537,0.459814504492917,0.628654615513576,0.73276973142657,0.648538590299556,0.538866052497969,0.432293323975659,0.254083885247527,0.235694654003466
0.188898114332438,0.223765840919883,0.240474388974478,0.259710168447349,0.327445368995642,0.424322192397032,0.656961501709181,0.672528784579593,0.646579435504914,0.618273822981569,0.488088394877079,0.240081573807764,0.242775549769095
0.20567488165915,0.243105158793329,0.236467334828643,0.260810573806876,0.3641962398399,0.44465092353463,0.638424412910824,0.64682184771411,0.593860761770056,0.568148985110755,0.407329727692422,0.236359950111137,0.232793573730065
0.336996485467544,0.428342893221055,0.444966771192766,0.461421240337394,0.449966646531511,0.471413774156846,0.558162422519486,0.549144284887216,0.57618286517629,0.60180567900859,0.515513757957423,0.453253961774064,0.48267150577853
0.198264228068614,0.232556191956903,0.253458961757387,0.273735969547919,0.37280254834037,0.501985007955333,0.653122710179371,0.703531876501602,0.69669107339726,0.587547633206763,0.442799156172602,0.23704106384741,0.24351864144783
0.204226932515016,0.245108887426125,0.256502612743934,0.278326826068396,0.356341530015875,0.468537599122415,0.718194098094395,0.708948906597233,0.67438528210714,0.682472309826378,0.466545715710233,0.243079657388161,0.238997934817252
0.207007870905568,0.250556578899737,0.291750146818312,0.294144861742391,0.344901379597606,0.435388448017962,0.653757406788272,0.674022313287867,0.681667210336137,0.603715847215823,0.482066326316979,0.259160252661957,0.267239331482383
0.175245342883535,0.218293578523223,0.222142819373218,0.251134462847679,0.388508763955731,0.594280108803622,0.76651222874013,0.743017993472999,0.694032268047756,0.684389857241906,0.302350513229148,0.199920159620028,0.185102417974369
0.368483933652568,0.37146050229895,0.353381617167439,0.382708267421266,0.358761062971605,0.690618130662247,0.679149858518787,0.758763927327044,0.67153580744434,0.604681289079309,0.45993142591704,0.296534843888581,0.323139221664384
0.173748355977982,0.192647967831836,0.180089357584486,0.245373081055659,0.304585384353673,0.434655527742491,0.652782260658271,0.699792281173082,0.661979035907017,0.597355277448442,0.428569961685281,0.194354800957535,0.180976874740096
0.260539359929775,0.301578572761594,0.289474979237518,0.352380138509941,0.331748839446631,0.466686805793267,0.572176541395056,0.652713947343166,0.64663191243823,0.510052978457524,0.446000770475065,0.261017450397331,0.248024686112558
0.173595016052403,0.212542432913547,0.213175786780318,0.257697870723867,0.377677234907347,0.456566542840008,0.679802415315883,0.689916316269751,0.636935374820407,0.563100235604619,0.400338093902767,0.217704813666387,0.19610182939214
0.191701688373011,0.225878443700531,0.255441563900936,0.254864885200171,0.332874055068949,0.489345915940788,0.657994271353544,0.66858451375278,0.676833311767215,0.567329360139959,0.414639576413468,0.224769681482967,0.226938610187595
0.208094607226095,0.237703796218582,0.25703408621798,0.271165920239625,0.310680594892414,0.529464205603382,0.687380397226775,0.762682201281408,0.677267284339338,0.636415573620924,0.430180275257359,0.22885379662202,0.221905385849912
0.23435593880674,0.258303986780295,0.279443461690858,0.275939579625528,0.310921088902324,0.489742376174633,0.639938048663649,0.74283963503403,0.662263014464545,0.630335287473997,0.475738009752675,0.245086604136777,0.228749722880821
0.197908828511093,0.243884635557981,0.259795499367259,0.288753463667626,0.339804058901959,0.433504057417808,0.635830146371582,0.641902662275734,0.643928788261866,0.58635668207631,0.455382391923672,0.247649345332381,0.253693151655042
0.234873850765327,0.277805162360639,0.301520192043382,0.372933422401264,0.348768975491413,0.451496369896736,0.640860983991688,0.708618457432315,0.624351346722436,0.56472900709153,0.454287454668119,0.261676592690436,0.237124497158917
0.199699509214696,0.22327216409928,0.232768553196066,0.265807464325877,0.316100220980547,0.525896520215801,0.709222653710632,0.745090096992607,0.708138760010072,0.649053258525804,0.474163880447675,0.22488086620888,0.218764763794739
0.186288097131013,0.214684817591441,0.194101798435299,0.271312364950824,0.369531697294646,0.591883505751984,0.81601359612898,0.792147944773448,0.65647263710484,0.594283479525379,0.304448605235526,0.179920289420104,0.170363017607996
0.216795024720475,0.267414164268755,0.301933525728478,0.305235787073345,0.345604971007564,0.424642342101935,0.592595873877595,0.686448895955343,0.662005737470305,0.680072896534835,0.542227313129264,0.271975680784103,0.269551802372121
0.173618008040249,0.196578259304983,0.175488858950193,0.272027593904746,0.414390271193972,0.571474241864071,0.80862224215323,0.75909886385072,0.739195602854045,0.667803939879122,0.319587557475785,0.180783297183272,0.166935477052629
0.279503886570965,0.312332372852785,0.27967858352075,0.351855421778477,0.317870681173449,0.436579965339594,0.48338060728748,0.555085024559939,0.581420335318873,0.440067776434489,0.398765423301133,0.280442503617613,0.266595101258345
0.234034905667331,0.279203273896312,0.311300358857194,0.317921263010287,0.364738134745199,0.472234635347135,0.660620319507874,0.632114140429487,0.685424982267004,0.577568520873713,0.409336341563396,0.283231733326874,0.271265863204745
0.176922986043688,0.210751638582451,0.200799937543154,0.231719395414887,0.429736069391012,0.53147942350953,0.767535970266563,0.707596923467207,0.678277450945143,0.581721503786718,0.360638613531139,0.19483508322109,0.182561817180938
0.193384235698104,0.243104337435406,0.283377965056597,0.2908158413466,0.313961840737225,0.392260296930442,0.517889163911072,0.630179923417102,0.653476254990402,0.704122286174089,0.521423838811734,0.270194196364159,0.240010518235822
0.217745068046649,0.277883077937486,0.348301999702804,0.364674663675651,0.406466365061104,0.521620242453506,0.680343163938833,0.72049732622215,0.651428755483069,0.613721522771593,0.448030280271433,0.32340868287063,0.257076169608138
0.218956279138875,0.274197523283976,0.340162640980575,0.355469140145179,0.403045472315163,0.573417910920262,0.676473765430479,0.662127132413612,0.666047577640832,0.586933496469996,0.436958715637747,0.310411713755514,0.25199429240161
0.200776471030596,0.277395073365048,0.310064468067766,0.349895250904629,0.470056175208411,0.614143057258055,0.723919297036107,0.717863026183125,0.664824513293875,0.625277826612957,0.423533358013211,0.276029833601301,0.24689636754198
0.184034558321359,0.225300736741391,0.265876462822083,0.286303905516142,0.342505769388022,0.537066228846352,0.656370048158472,0.739665838461457,0.676927053822476,0.640768661146405,0.413215533090444,0.250043624156141,0.201291891703055
0.181407014906466,0.202370036995962,0.234577934507364,0.251798522654106,0.473327903200737,0.646203207951918,0.753977343052357,0.771003992214419,0.708098286082789,0.637961838090476,0.324443987982746,0.234056195549168,0.198049500178249
0.179304399329334,0.202142398234567,0.250378492676057,0.267219661187671,0.448289306702859,0.564592556265784,0.700803631585556,0.74755962548164,0.687903215563447,0.600921837267962,0.327538513158283,0.229437155771267,0.190018720074307
0.15438726846362,0.172164298838228,0.214116160155132,0.237636719440463,0.454093229728173,0.569841069650061,0.67654710161901,0.738972178537304,0.702581466710097,0.587562804247182,0.294108814657497,0.221191523643974,0.160519101375995
0.174745772350576,0.213229873419408,0.264568647081931,0.287521722414638,0.459763824454143,0.567012809184238,0.677746640087403,0.747230517757414,0.686169400961781,0.607989067940466,0.357600380318,0.231123769939528,0.196202690973067
0.176564465377326,0.20956583738798,0.258089049701537,0.281535931438063,0.462527908707857,0.610239752278358,0.707545914783793,0.727060169552295,0.683399539172774,0.607444108461984,0.332730137920341,0.235724869216767,0.191217501690337
0.149614395855118,0.189022872637717,0.207535574811739,0.23758606622258,0.365198341398834,0.476342902611336,0.632359054950385,0.740347185218041,0.691084216178638,0.63668640966107,0.467500702036761,0.219017518700236,0.169682291904742
0.16090000542982,0.20395011770131,0.252084417698181,0.276779548364568,0.452388289566703,0.565484646763777,0.681122791702396,0.74722079788311,0.695655320736276,0.609208602252131,0.347753106611136,0.221879102825189,0.183829781292013
0.143349004684028,0.172698115934747,0.18253118496162,0.219824602660806,0.404050897604658,0.498532352381349,0.647362528600422,0.753210193833131,0.681786654394178,0.589957807404147,0.383503387960796,0.1895115681566,0.154004580081853
0.16715164648412,0.196467979922644,0.218209271756746,0.236894592152977,0.362378920976433,0.551253990829611,0.673882568079111,0.724465068721588,0.673710129120692,0.617950746661499,0.379540454562823,0.21871343222284,0.173189990796101
0.202009429006109,0.248564437702876,0.309652751200171,0.314141511894981,0.383990299876049,0.566241275161827,0.661578040344108,0.730187958174962,0.665112432853694,0.626243123200484,0.422645536268178,0.279343963283104,0.228564863729281
0.183689692461644,0.215254645078274,0.235186928117962,0.284356525928832,0.474346836131107,0.676930273921029,0.746921486491187,0.739543212493004,0.708824744230188,0.646193828690426,0.327992710231725,0.258877779623786,0.21262922061715
0.147712803395612,0.197087735584811,0.227550888640874,0.248445939829855,0.451131042124728,0.590790476710505,0.656441623653873,0.744635636167727,0.691404600528642,0.598536262504138,0.321792951943303,0.197670474463635,0.175550665483044
0.16804168507485,0.219258589887472,0.234348871114912,0.261676368579822,0.364042229583258,0.472608353350333,0.637580819697761,0.731258246267832,0.691488132135651,0.662754883179212,0.527187688531202,0.264276335810359,0.198697407662597
0.168974518867554,0.224298456045006,0.260840891047348,0.292582221585032,0.448447107716071,0.551218349422215,0.711563317087563,0.734416544597739,0.703539234186048,0.611849744497367,0.349849334149881,0.223175424993425,0.197489938303495
0.151029026641051,0.187913026798849,0.205456463625028,0.243985974659671,0.34635906202443,0.441589356541993,0.60637991468612,0.738096707059301,0.703659593070135,0.598419864382631,0.485172681611036,0.231043862634581,0.178347438503991
0.192061874045314,0.246081861242277,0.277539674851901,0.300267376907095,0.477101029956443,0.639236352945914,0.721931170834534,0.729745128350167,0.686946184454508,0.649183313510821,0.413018867819733,0.304773737462539,0.214584201874864
0.176664311586527,0.199476551907681,0.242746032347114,0.28634195353225,0.484838176968116,0.653380760642032,0.738888231743712,0.72914292531738,0.696132357609149,0.634642184569811,0.341227311069072,0.264985030911486,0.218660869123068
0.181145638787814,0.220736356130643,0.239876443835338,0.272676760015621,0.328753727515807,0.553210484120574,0.67957205007108,0.693234060622643,0.670477657145401,0.617330554467152,0.434404346962596,0.254918059356537,0.194773831528304
0.164647498371575,0.182481107629025,0.241096309737463,0.263014542300662,0.470619194928773,0.579547532051905,0.718517950676517,0.706894865852301,0.68553892363949,0.563677493094619,0.315330935701362,0.24588189218494,0.176418965090328
0.181685949093363,0.223529975848388,0.256350432589342,0.285070341644938,0.488930176958204,0.653658862001508,0.7222602018579,0.731402386491609,0.674405563391583,0.597050641982013,0.339430787081159,0.259615313355537,0.203302440477532
0.169597755924418,0.182831736852861,0.217034066896304,0.257952798184266,0.460410799464013,0.638954847295125,0.76444896400097,0.744667994854799,0.684859399468556,0.554829485326908,0.262835842341451,0.231381466433765,0.197976933332986
0.148704241110436,0.19740237165742,0.194555079646765,0.239984784919558,0.31945768646766,0.405394639871248,0.553380589302115,0.691172904118847,0.66981289452895,0.593226738831298,0.483324085462283,0.23275232274455,0.178638328067124
0.202517105914248,0.268985354519899,0.299616732059203,0.319476961810982,0.488515620349431,0.669662838843331,0.723352155759079,0.700492997946529,0.665276910526692,0.637326071641703,0.411657199573595,0.312956754510416,0.258650338147736
0.1378395198235,0.186315412179581,0.188230888971647,0.223026694671243,0.368734405595156,0.463042826986407,0.603793703944782,0.696998745055044,0.682873658309343,0.551151708280441,0.435258495960775,0.215176181286318,0.169507368150302
0.17101834943873,0.202443011812635,0.247405744030818,0.271796751863355,0.425814666931869,0.573653238209021,0.69441092619641,0.734176741041164,0.710677149998117,0.630524655024152,0.343926145872837,0.245952780297477,0.190545012328317
0.161772063188053,0.219333146890273,0.259637953368685,0.289729881613188,0.423668984922083,0.517922482209728,0.645390479018526,0.713650131689441,0.680919700842218,0.591157520339265,0.338407708423104,0.20849816758965,0.186192202091106
0.14851075832592,0.182557304035112,0.216474990839242,0.233222929712578,0.466415047553552,0.611268674143791,0.693188043374601,0.755395579929585,0.70765011466512,0.605727712054304,0.334121722732738,0.229334509596321,0.170249395530188
0.17602216518393,0.201324217786146,0.226378422060893,0.240085530200025,0.364217270146145,0.525940741430241,0.631154798738331,0.674725395897554,0.631534817378391,0.564420874508969,0.396875455306201,0.251170521133098,0.190740676776011
0.161593352163686,0.193991357840249,0.225729666318785,0.251110196953397,0.459566732599003,0.564820158461725,0.668297933549045,0.729733395227628,0.679560037610047,0.588358926762681,0.317779641880464,0.200238073925838,0.169810706896075
0.1569015557665,0.177112236606638,0.208360363200988,0.216463689216562,0.395209825853475,0.598304145611704,0.72600857628142,0.792281396060068,0.720526128049939,0.581915393311056,0.327866479744829,0.222217635626323,0.175719356008446
0.202654276719848,0.255048348598041,0.305521185262482,0.335039741255051,0.421257019030864,0.539271856115792,0.622986610458942,0.717088061948295,0.662148858628599,0.611790500697893,0.424476721294575,0.283951107031439,0.226583872859985
0.137796963944049,0.16624104140638,0.200523929010615,0.223733921489414,0.442945586775423,0.534034250524523,0.664329844304944,0.756959118259281,0.693405486338645,0.499172355581824,0.310515800810698,0.215704685526162,0.153981682871983
0.130703605202439,0.171415384332023,0.195051031451328,0.200369593760947,0.448848024034137,0.563682076135402,0.668562987722537,0.769540939232722,0.689517533550855,0.609610437375278,0.335859715018658,0.1960290356009,0.157092874977721
0.15698910894958,0.191787682489951,0.240437463329529,0.257517217469664,0.462349309296249,0.610447892572692,0.688137063934374,0.754054097985276,0.692425771738334,0.518024876185165,0.343673729457517,0.262079199960326,0.184327231510953
0.177738196224886,0.218905789438044,0.250339618981779,0.281887988813645,0.362443746568421,0.515588908041773,0.668982817087453,0.648841951318832,0.633158914034301,0.597701152397643,0.406281656961333,0.247082112774568,0.19156270101968
0.190806970441214,0.240310753677619,0.261399543781065,0.300252689445358,0.477850311478737,0.613853425785592,0.716387611094298,0.710929849292464,0.663012108628914,0.586144455662835,0.295454158538845,0.245376364440734,0.220924452241082
0.156557150297541,0.222186103439685,0.2549345997198,0.284918129536649,0.425128419950136,0.53183620231193,0.7096254994998,0.728059944137688,0.733881660067314,0.619015703497138,0.371459217491126,0.237039364558126,0.206549122979803
0.138269064340242,0.175544275180151,0.194743680171005,0.230588110369047,0.427255962978731,0.541349251294226,0.659890390424341,0.760056382581239,0.679473830239414,0.587799842057909,0.339130127662731,0.1780465145443,0.158692690091905
0.17323973957712,0.211259621924974,0.227357881994902,0.262551771631745,0.331023925322911,0.53360100227539,0.688071182430441,0.694842718723941,0.680351526872871,0.637362608114423,0.480227510714501,0.262587844946793,0.190501583911194
0.213110250669802,0.27244102026679,0.307618917389129,0.323741836512501,0.504082873028175,0.681650302822652,0.712221192207902,0.725099460627946,0.670189902483463,0.674032078394303,0.358587203616603,0.277381149597683,0.249038369967049
0.21038683799439,0.260326996269312,0.334434020800814,0.366221336138676,0.483504925640587,0.63357895420586,0.715211962681843,0.6839614482325,0.663503268926863,0.605794397874304,0.396204249716839,0.324626800875824,0.270407879764715
0.201760548860547,0.247959193058355,0.302409623005615,0.316815691787628,0.464152652571326,0.685146030680251,0.757744106348254,0.715311513359588,0.682676329789148,0.595029945592564,0.343114468582846,0.284212632788148,0.226688509159974
0.202130633222307,0.244479606851176,0.270839552082853,0.286712487593278,0.45067537240088,0.558022724082323,0.713017667048439,0.710626438917978,0.674774094789113,0.644606590474777,0.341857230277722,0.256709924539168,0.213789184997591
0.208894634864143,0.2581579937348,0.269631100909902,0.306247170448313,0.47187749905063,0.642059739335852,0.723007500875433,0.721106354036002,0.695642932925877,0.64553818937611,0.321209802110803,0.26933179028158,0.22741627845814
0.180863190730225,0.223320008417005,0.258876675494877,0.301932140743984,0.474810449980037,0.654162443659524,0.721899465266856,0.719106099038017,0.693297387880886,0.639230287880101,0.348730654347015,0.275545563014961,0.218120834512014
0.216641031565768,0.27819914765964,0.319474705092966,0.338273782164474,0.51270380001554,0.65226991126047,0.709220788800753,0.719228973786162,0.652413063059312,0.628239710909647,0.350670754995884,0.286143624299412,0.243025808283973
0.131253766960024,0.171780877681353,0.186469995065787,0.209039659629116,0.417053765464537,0.520720083235468,0.640894418533617,0.748148319841514,0.68148029033566,0.537234279375406,0.403823049586456,0.191908847046935,0.155506583390444
0.205520931655042,0.264663107428738,0.286514066207862,0.316574548105625,0.521969049144908,0.599804428500434,0.722200135391448,0.732427528994033,0.688050534399423,0.619532467893325,0.326630614697807,0.255468520622364,0.23373019199873
0.189212054092563,0.239879199426441,0.271168595497223,0.306917857698451,0.509686953111784,0.67778617545339,0.723538595573155,0.714290213940668,0.688035286523373,0.603673995469411,0.313677604840297,0.25659075944761,0.212370387265099
0.19342800952167,0.228951478210266,0.253555743289149,0.303887863174759,0.475171901039104,0.626630807626045,0.725686275282301,0.738014683773294,0.679056047669356,0.616126694861184,0.304181667785814,0.235764974104984,0.219486333161375
0.176175139444885,0.223217156980674,0.216492559013249,0.257428599492179,0.33085980082845,0.501462747475608,0.64614876543005,0.70745436715569,0.690778927335369,0.559496934247302,0.46365117752229,0.231530069668631,0.193049797857247
0.228068941827686,0.278626850265037,0.350286418230942,0.373502185319286,0.433231959498385,0.515118431447352,0.69036887618264,0.689957798105247,0.64593461411653,0.602024386859282,0.420906173663714,0.332550755312128,0.255411948094653
0.210756931759231,0.259739704620155,0.303012155075457,0.329578007125158,0.527108091163974,0.676540913172312,0.743397654801536,0.706775692650867,0.673881958887003,0.536704302465284,0.333624559978352,0.264286019555191,0.228943459358219
0.217508621395932,0.255900129874236,0.300124683223978,0.319598842682258,0.456581108940579,0.616344098287134,0.723218059856753,0.718826533801543,0.677372837598433,0.590274270068853,0.35810296898627,0.297237159368958,0.232867260888343
0.175634449285728,0.217350507118267,0.260669385326584,0.280432986510032,0.423491551520334,0.674528710884532,0.729118637181552,0.722522109212233,0.690594113082559,0.611915932263544,0.348020688986335,0.272470253029267,0.203597894477787
0.155934241416984,0.211655558481304,0.238088971202849,0.2571492777991,0.411632733487006,0.545733650896,0.67293718463958,0.728645444762256,0.703275659739324,0.605423783447311,0.352767732685935,0.212269091116721,0.183238190179313
0.161627175848719,0.190699602003624,0.214817570378221,0.243715149499421,0.298042316329948,0.439076442601704,0.594365409729524,0.63257956457923,0.626091366734931,0.589826738296757,0.441481839273158,0.259893916031903,0.178157108016663
0.201094469391753,0.238648959227391,0.288154604800914,0.307888950314071,0.394408851253145,0.543299425767761,0.656430014366531,0.673004659271425,0.653586698860226,0.603459261250764,0.414267847805896,0.271077376809812,0.219254766282718
0.188428197135457,0.234532778339535,0.268309375988522,0.323081932173905,0.492834517579937,0.636846221852057,0.708669570071085,0.727218489564056,0.66972517558628,0.516718173088335,0.307952627179656,0.257770446835151,0.221477001260209
0.150524703464619,0.183813667129645,0.193084299590855,0.210970138542396,0.354044572693358,0.454515345861836,0.634781850797723,0.753251302805921,0.740413131668623,0.633039052092612,0.497048478232309,0.226668902226464,0.167251313247939
0.139996373080444,0.175135882485293,0.183421968280798,0.207089005953957,0.301834868182586,0.422535307444703,0.588493031600522,0.733457814484895,0.721201081559087,0.624323057064349,0.486850493451319,0.222273252058616,0.162412325617234
0.212052651365209,0.246423507410487,0.291106974627524,0.31481925654226,0.383963837278709,0.54657279303434,0.678828856216882,0.69921515611987,0.652575494301438,0.567612012986563,0.408468890460115,0.277761091659973,0.223800974025417
0.137434998756735,0.180940751836097,0.192097504642768,0.238642061657018,0.396500626681499,0.494722087786638,0.617768895089101,0.732397945593327,0.670151434374178,0.552173673378335,0.433445980706275,0.215014743144396,0.165504845014949
0.169106640568858,0.212453648990768,0.213135696595257,0.234628971726421,0.369282321351008,0.482194574412532,0.627141043727004,0.72077825492205,0.673580911366286,0.644178489401988,0.502082234669168,0.258023121450596,0.18932380285894
0.132096252506266,0.158888934060751,0.161399749285346,0.194802629519601,0.388223527297166,0.478004019004446,0.636297615322517,0.767374979777775,0.703332041943781,0.630424663766017,0.412043317603734,0.18124124916218,0.147889421611155
0.179381110600632,0.215737391897404,0.281707774106785,0.290830442625139,0.453916450931843,0.637065872041824,0.678233162774376,0.678997584137384,0.649224570400667,0.55372761247572,0.325397668855183,0.272706742351238,0.199904965076616
0.206519126781282,0.243375872451375,0.283783200560652,0.302105871183775,0.530289025497205,0.705044500967158,0.75705793506801,0.743379161868845,0.697859203475001,0.612917841327175,0.338809421720026,0.257958576626358,0.229213638726213
0.240951849859729,0.300203691274086,0.35940140389659,0.380187542811521,0.393302785944039,0.544338823465358,0.665469441735793,0.638415212215146,0.682304833521525,0.570551979927857,0.450839419899841,0.349827182704342,0.276859001854706
0.157993340748522,0.189960021494261,0.198243072300353,0.238602508918404,0.357319915183417,0.516842182757052,0.6812330252346,0.724562617172615,0.691774161799012,0.62903061865457,0.444895770493191,0.223580527150476,0.167041975629858
0.178499366612218,0.196719959521711,0.241601581822829,0.293681994578177,0.495529562099666,0.664655995626748,0.733127582837082,0.711262449684514,0.68799834360317,0.548876985757764,0.319389544984413,0.257638596390302,0.21617601149685
0.176086882940808,0.205457479866251,0.230469879798507,0.252982349975848,0.334532703653336,0.554261131971465,0.719115876712179,0.731919262259398,0.695257527842053,0.658267299465752,0.40884428746401,0.23457232910277,0.185462673707955
0.171065769178309,0.21257847726218,0.201230038255772,0.218952745876655,0.387364289735755,0.503455765630443,0.651652740998067,0.721099582791988,0.706303400607521,0.610735963089943,0.484470615229114,0.247255343586371,0.179958217311033
0.163325852569197,0.191980995586303,0.246859249383711,0.261504287790242,0.459743961878206,0.598318490603209,0.678506227573324,0.728171797970226,0.667543945819792,0.577025601487376,0.315752136885691,0.247614863775692,0.177105446458188
0.185534340493706,0.216928241455419,0.263669411387688,0.282887519960006,0.47191488204477,0.645139366056555,0.742937683434037,0.774489210292479,0.703138728502118,0.625481081162347,0.350981261490259,0.253398698103407,0.210284941563868
0.21919332633573,0.287990085965818,0.372556807293008,0.397941371951444,0.41393351928513,0.604933851672662,0.675200358262098,0.67365895793009,0.640618754166549,0.573416899685887,0.422624351463519,0.369206825349672,0.262898830723999
0.227659742434447,0.282519632027254,0.30476493572842,0.332830977807351,0.471257243752303,0.606622640924203,0.704604266676437,0.714855289550159,0.666238417031795,0.581100245325402,0.349453393073771,0.274885531277133,0.240926816439895
0.137681834492593,0.175572118480556,0.202749853591629,0.237278370555107,0.449451136919003,0.522242454719425,0.642465634247643,0.757665164625316,0.679732247854528,0.534862399877583,0.341823393167343,0.182173184110018,0.154755986184864
0.135785514609761,0.182659451418652,0.209627147795406,0.228350503366831,0.431289705876049,0.52739069760058,0.649653479288163,0.723263917547451,0.695881716517801,0.513173328516332,0.366671455446769,0.206257331570906,0.165794938411274
0.196481162250573,0.278410629407614,0.319587772296702,0.360016231200623,0.472201204045029,0.586473471911761,0.720790032744517,0.718616006544563,0.699456442696193,0.621445134793623,0.413783261782373,0.28193631751332,0.243255622966413
0.174972760143678,0.224201357333658,0.241072822826549,0.27139338133193,0.317171636223749,0.468526780065923,0.614591228352192,0.640304579088283,0.632462165119618,0.596573377938305,0.470661323218791,0.276310283078517,0.198342282565142
0.144068639329128,0.196716489029279,0.22613137790116,0.251277221614147,0.428544431570226,0.526482581225256,0.644695952788367,0.716482413426003,0.714906891930185,0.564113456644504,0.320145184674264,0.197782736904853,0.171505823212402
0.132804743991799,0.171477197071498,0.193994956560626,0.212741002704062,0.450792482265424,0.554396424524607,0.659215216928805,0.764933606398602,0.697142931445588,0.582798848242365,0.292997905486233,0.184369575363248,0.154568873474269
0.239999730198039,0.270458310261217,0.343963050305551,0.367572213801251,0.39003113950147,0.467704583378491,0.517872233683988,0.573825354533701,0.565112210342561,0.508639742139115,0.484714356716871,0.363298800062428,0.272691247171486
0.202952986363568,0.223106838266176,0.284807654131504,0.299247727789976,0.382640999432428,0.471315538780708,0.62431760796882,0.66615447075761,0.596237219590125,0.501733621560138,0.447658608822168,0.295820525989505,0.222737746347447
0.204785278599851,0.237517700871692,0.301135005499791,0.313774509236435,0.334677171244386,0.421864175098498,0.515549508635926,0.526080602652219,0.509019549009305,0.440586139628725,0.399044516904154,0.27631977974403,0.215127779098073
0.398719293285967,0.382075669713033,0.431994991506562,0.342706421589227,0.241473505965531,0.31232412297916,0.377332485513752,0.352887709171746,0.350191198283237,0.348966183827551,0.367536292487595,0.265326922175617,0.201537163632183
0.276398210323967,0.304320279397434,0.372891036635533,0.390521920119121,0.441885136631689,0.501542181671877,0.522109517850825,0.548628311195414,0.489977389411813,0.516598745207301,0.473391859653685,0.433834046013941,0.323917429911903
0.222298358489821,0.251875298518572,0.318653377904434,0.328131236440029,0.373982076716341,0.426921422653828,0.543776673673452,0.565444282926975,0.540021153350827,0.47525730607721,0.458557328293018,0.333225478256746,0.249432733682695
0.377060829617291,0.370272768813818,0.356611168625739,0.282213909780089,0.284846865164952,0.338170380459044,0.351753791624392,0.333921466136183,0.340339793414874,0.344585525354705,0.320566218302927,0.284304663518808,0.22717293938583
0.478933663297684,0.511390678593891,0.560054683769782,0.538674490643756,0.543071339628094,0.589035868008843,0.543982444845518,0.579401352868038,0.551166424676259,0.495111064754663,0.388093800133465,0.357902857628654,0.313983263840763
0.406912334610313,0.419451187870713,0.425309454971799,0.507081660532906,0.46104381641151,0.522054592448563,0.55777391478464,0.617092079510606,0.565878554587843,0.462412531265554,0.425932904282925,0.272885602209581,0.237772834206019
0.264759628601894,0.270284754383377,0.251877883929882,0.32086567130803,0.32049166111788,0.459058901613081,0.578882114241639,0.689613590222471,0.649767385323966,0.490794727082713,0.418912450337135,0.255330639184359,0.260897652108406
0.376919400777759,0.412618634038581,0.402326869257595,0.446665715005704,0.454679656713737,0.488063539196179,0.637791735694942,0.697819622056962,0.584494884112236,0.540689811537347,0.393956746926971,0.295110776855221,0.28946620705004
0.517134146082402,0.545254563954847,0.570617635389425,0.583122921688865,0.554316019740337,0.565161146272726,0.606916691850874,0.594727474692469,0.606322163644064,0.553953455536445,0.446675447744132,0.436821618935462,0.378876329151909
0.480835462853581,0.427878330713292,0.431264469198265,0.461320240472483,0.434950609179762,0.494067369241502,0.568623097719436,0.615240841907236,0.600331201237479,0.516337922544104,0.451290924739816,0.263175585748151,0.22773994572497
0.432466852137184,0.462270464605474,0.467790711432132,0.513957618297436,0.489194851492233,0.595093247249729,0.647269145452053,0.67949136265237,0.614999470987441,0.550875432669741,0.472853693838231,0.345427216499857,0.344925698055046
0.41829936253605,0.400951324704578,0.394596805652804,0.372182967202851,0.393098245909257,0.482928284746034,0.700341200144952,0.692009908071424,0.666183573647116,0.601397616943245,0.465095287403282,0.328885283753653,0.300488727631513
0.455092369699159,0.402395196949484,0.40638008289322,0.419500254842094,0.472562033676005,0.551109239031936,0.618497292753758,0.614823063819191,0.570009338431542,0.501621130528764,0.448621610374242,0.296299500005876,0.251302513408755
0.440116621123962,0.392093788469306,0.391603553166971,0.466032939214001,0.425483947690089,0.533918987441043,0.543392557301238,0.625684052868859,0.596871778084844,0.47400775346382,0.422703937615882,0.256545080504346,0.227254288670256
0.389213403229287,0.43738854916872,0.440259417807131,0.538205445657903,0.477104385563442,0.495072292376787,0.568655501640275,0.592556097927549,0.569101436098435,0.481721585774034,0.443197936000264,0.302649792595209,0.279032262192014
0.26390528772794,0.278389493120074,0.279303682587849,0.378237059805269,0.406788247615259,0.600313805916509,0.646971445689212,0.681053462454886,0.588068362498771,0.438225320532838,0.379113388472098,0.269424792028904,0.266134311960489
0.500527813613038,0.443662108638408,0.439632420475684,0.456996128263972,0.451066288915738,0.520949248469991,0.579858104896642,0.647162572585053,0.588950123692033,0.529597818013275,0.461992612505888,0.305056992371648,0.25163133999537
0.479036611428873,0.519583781030792,0.55956220404508,0.565471933797026,0.515683473041673,0.527152600958954,0.558046232733143,0.579161263433115,0.590980977419031,0.529495029741536,0.473658908101921,0.409607974010715,0.359239342308048
0.176563646057417,0.22409244702419,0.260106311113184,0.426027975577485,0.51841578083244,0.566749382931927,0.548292875242431,0.530873654974818,0.504905565229621,0.386859455890399,0.249802477992877,0.196699774765212,0.166136625806977
0.191996386759212,0.22273711275047,0.329702882196658,0.37757042317399,0.479069085453012,0.589177092556686,0.564567924495492,0.563826048382344,0.547776826918945,0.480604853981225,0.264988284286037,0.219096211888592,0.190858587723849
0.209303588650655,0.253892817432149,0.377486378600896,0.480668336625649,0.623939935493274,0.659129908622159,0.599410953999519,0.551315758801209,0.416163030247216,0.411033234693883,0.270762890883075,0.230043885278718,0.203558793265105
0.158790283981535,0.184945487283572,0.231008975200153,0.290404158827218,0.447761974504539,0.578077320407207,0.626566271222374,0.657833172950026,0.540399521353417,0.463589337937232,0.226483937826087,0.18352135767451,0.156820556394043
0.278843451202141,0.338513769138983,0.420609343023862,0.4766480850241,0.507007256908633,0.530464975547425,0.492983335091443,0.500541614640341,0.472174226708392,0.483224880064115,0.347440909548535,0.275438694492537,0.238538890264058
0.206850542275171,0.248643955840325,0.325503892249695,0.374431181811212,0.491478493672459,0.557213123053998,0.582209732546728,0.570074486816376,0.516265110983684,0.415687153207906,0.260504343216261,0.221842438631249,0.193005160711172
0.226752063705607,0.273947031384967,0.305198098058269,0.373773410663728,0.434013231207293,0.514448654454987,0.53953607628046,0.608338438307281,0.483985551674999,0.441842092510162,0.304211158026482,0.238988804487776,0.205173174555591
0.280201020337694,0.326371992953078,0.357246844222161,0.399777514522077,0.515041558809302,0.572337803130866,0.574440220656597,0.594387753820228,0.547365358968172,0.462356517392127,0.297957452105206,0.246701168382287,0.221205965859562
0.19397111456259,0.258361101793147,0.347565578407324,0.417004575750043,0.517709082082885,0.578068688213468,0.554805665383892,0.513343703941213,0.512734906050531,0.458600497265238,0.286494011571167,0.237121121509061,0.208746090213885
0.30649310212709,0.348761769328768,0.375569815455585,0.402471515906833,0.493191428449172,0.544433200671397,0.547501088717556,0.609377507923994,0.4916383090345,0.454122424368195,0.316595716419892,0.263183571691909,0.230424629942303
0.178027147205565,0.2123205710897,0.284766164689424,0.303169367186292,0.313519362802653,0.358659000621433,0.519487604524394,0.611304381028477,0.62879114846328,0.589701539298135,0.482899495299677,0.291836949472363,0.253170746618
0.213743863947326,0.242997923801106,0.358858013233008,0.317161426369116,0.308588090890669,0.368388507209635,0.555115574484496,0.65081954392277,0.649035717737379,0.63670698996846,0.562167795260609,0.268429099855403,0.226872736551717
0.187511178819112,0.224406650408285,0.277296602684888,0.325742739018204,0.340029405445591,0.426772758160736,0.486215458169,0.479748127575988,0.51705307667422,0.49079119184766,0.404679079692217,0.309995469297672,0.28438281239289
0.199434513183489,0.256978198697776,0.364448353320154,0.332124362723525,0.349127384972934,0.380918196301539,0.557619578463032,0.615790507446225,0.685179015067391,0.594828436677899,0.505485058894744,0.342441992280992,0.258722811966763
0.219669984704067,0.233928492685495,0.300836256415746,0.283153479751176,0.304424097256464,0.359302396092266,0.550904665537898,0.624159541354879,0.644350569255137,0.604098295955049,0.504507161164692,0.232491617066708,0.215305187250133
0.222982673524203,0.258808282470239,0.338776810744588,0.327545637963243,0.351321271246249,0.374777743221464,0.524281833988567,0.563987675732029,0.578658697483086,0.574021086355006,0.488882335299999,0.288801090019423,0.252959977987868
0.166816773338613,0.194102522696546,0.225264578127298,0.239418502523285,0.311820281113466,0.361252977040044,0.483037258025684,0.514760110179249,0.541498226646666,0.554727213995445,0.40720164470822,0.280235800052058,0.250073734167357
0.19711170924411,0.23416688860489,0.286981275462083,0.333917822857464,0.340020012821914,0.441280518623835,0.516553592182322,0.544250607403791,0.606044079739279,0.558083084153994,0.456351264387251,0.282580984596519,0.273728860402043
0.17490587301242,0.198569936846735,0.233985088676888,0.260792839024659,0.287872910403627,0.360009443009933,0.491330914826785,0.539132717420478,0.581997254063491,0.572092813019598,0.394618212049255,0.269743829150793,0.268129768614987
0.175695926226351,0.243564919438787,0.293411059991575,0.399067538928186,0.460277578841943,0.500985684570019,0.553768908252717,0.689162332067509,0.651100484664771,0.569448759229959,0.42288412240886,0.303728098882819,0.258461997862897
0.120877983891964,0.145401904366765,0.188126937149459,0.226383022818235,0.373995103623964,0.395986748370002,0.508959152889444,0.632850447163235,0.634009415946285,0.548557046897162,0.352059461494588,0.200057997533314,0.185905755937441
0.131657388539492,0.187241512435277,0.193013002857983,0.224605496030883,0.392634213164246,0.473553641480676,0.589012258751586,0.671076569884921,0.695024885999353,0.597939921103603,0.417968218146245,0.193075199753704,0.157061420855317
0.139683353948552,0.191127054581125,0.18840515979356,0.233666482766658,0.373099852767433,0.446063869840143,0.548680616409467,0.624209621742536,0.68184374601964,0.560696117913105,0.413915130087228,0.210307234026926,0.175375132635933
0.17385764386885,0.240071905269479,0.271419321272279,0.351440014588002,0.464787493502882,0.516749289940163,0.613602201929942,0.715882814565477,0.644322240101848,0.57787916208707,0.431097239479955,0.263897074509536,0.220760433714464
0.123680686822239,0.163644015972845,0.17693127627726,0.236835312599239,0.43339293224446,0.489907580676324,0.595300821072238,0.657635078819366,0.630783157321123,0.550332310288523,0.363762955461778,0.217228285979052,0.184739714398952
0.137541842941881,0.160602258824448,0.183547213438327,0.271973890612931,0.32750594913131,0.48636459740717,0.59291344112908,0.55210121934221,0.586865142400168,0.475670727824637,0.345107809929007,0.268373906428106,0.205811364967489
0.135175776672937,0.186300117164598,0.177236393946119,0.236606198463635,0.367989226719097,0.456100907615758,0.579959940908016,0.663888927743022,0.667945286601909,0.607836756685371,0.46544610444319,0.21758418229554,0.178738587751899
0.193180355343492,0.24427747407137,0.289686473669164,0.335964784991141,0.476965922445657,0.515966206491368,0.595060893573796,0.685897425005866,0.636045821480371,0.551082525932999,0.390356357518307,0.259174874122011,0.220549582087443
0.144580292693528,0.199055793859548,0.221352329736516,0.243287789798271,0.402589560662447,0.532028068542159,0.637539327005281,0.708507904086692,0.68024432170946,0.607625493658061,0.344400835989279,0.206893205629279,0.171858033600196
0.129079363315636,0.17465682324905,0.184415106137254,0.206768587690913,0.409214357524571,0.509655686174113,0.638254490977554,0.704066103335708,0.700456295397102,0.616724495485305,0.433054011829159,0.195756591818639,0.156869041465452
0.165843308555026,0.256165786129792,0.278670947515901,0.316218304562196,0.393336395813149,0.531688228555835,0.671854687916737,0.697019537827002,0.73311227604083,0.60410294127713,0.363822823511062,0.250253178358328,0.222990320066985
0.138341070586877,0.190023705452202,0.217960442700493,0.240295958301733,0.414550478877241,0.501985858298517,0.620975746972706,0.675575269146742,0.663232990449724,0.564513934543475,0.339164450724384,0.204941758079982,0.171030073414059
0.177636795728741,0.250883169812366,0.270677070291799,0.309717048771205,0.445435260041983,0.537264300918726,0.63222286692504,0.709474049466061,0.683683749320597,0.602258409524539,0.397142105693209,0.253822299725706,0.214492650692809
0.130877763103013,0.167830003971755,0.158879332974361,0.201853389075755,0.308541560080425,0.408766573054037,0.552356600135195,0.650535886060111,0.67467899183033,0.584173730460603,0.462869821537957,0.209259176410941,0.162945791175586
0.13208723909458,0.171555485146633,0.183167049779118,0.25248951005886,0.398661772238606,0.46103777988744,0.543201235589012,0.650457454149987,0.610246638027573,0.524112644863228,0.362638530424433,0.222899817176338,0.187980317740904
0.139363510419403,0.177203930327638,0.21435631452935,0.273367042380741,0.442670040465162,0.441265521578198,0.558240146330371,0.654733833845096,0.640860232414874,0.588444765629861,0.416139566092659,0.227301376771947,0.203482624431141
0.149974961141776,0.230609191630599,0.262067672327134,0.28825153542152,0.416851249470557,0.467957889580232,0.554802312634628,0.628145483532219,0.640771579004304,0.562255408614842,0.421471451880036,0.24216295014696,0.195670091784377
0.138159183599138,0.190112132963924,0.202638930162598,0.246316629860188,0.420803063875188,0.486310986628616,0.604722879445953,0.687321802178613,0.685817944012063,0.618410238139887,0.438440329446576,0.225608798478449,0.19720969321259
0.127527345386511,0.165766251312962,0.170130393575404,0.200707477457266,0.380831882199618,0.478342388269534,0.603060220806333,0.673180446733567,0.699437130637335,0.571113859740803,0.420296995075143,0.198029674490468,0.158307667852101
0.147841314021405,0.191574368896146,0.200131580451993,0.274787095799462,0.38473504552109,0.444642315783957,0.552476394437098,0.676751051184392,0.685728235371904,0.554467687005165,0.390601550003614,0.222390112268219,0.187545179282464
0.18783102910301,0.228171356395642,0.244223277371475,0.311738262545278,0.450134910194167,0.492121453453554,0.564136370210523,0.66900112518559,0.60834607225533,0.527686463853551,0.382990815016294,0.274035815922315,0.246368250713225
0.145142143174745,0.195699278063569,0.217947899916237,0.238008375541737,0.389920945676135,0.533394801964701,0.656319881176061,0.715096495538093,0.709588115684063,0.609262624279524,0.330666174960781,0.199893950050185,0.172212970929826
0.135834227119397,0.187797583770505,0.199974743520449,0.239474158457833,0.324163476462658,0.453686366338007,0.580942915871933,0.689837162296512,0.664178675904022,0.620008851233843,0.464506401857539,0.221706964391091,0.184149549762439
0.131142957915059,0.190453176530513,0.189982924378963,0.222515976791209,0.393570595029564,0.483685366623617,0.596505772216947,0.682759165081689,0.701122977699433,0.585823213480383,0.422231523073332,0.207704702819791,0.164674201414335
0.13859828168567,0.179967618855177,0.188415895231245,0.214361556686089,0.27332142603105,0.427065549528737,0.572840763258735,0.691214988052645,0.694712068711522,0.600076307554232,0.479962608001902,0.218581125908582,0.173803295251257
0.17600358328646,0.280293361487348,0.30912009492322,0.340275277735486,0.447073463639423,0.545990860228516,0.666254900470852,0.662638978290417,0.671240087568101,0.592694004724264,0.389226637574148,0.276742411351755,0.237829065808729
0.13644406103425,0.165597550936994,0.187998009125065,0.279134155825191,0.359570096155182,0.444154691342708,0.588551458681013,0.602966499555081,0.594384975495065,0.479141915210333,0.350012552896702,0.245474605661911,0.207197160610782
0.141598473612686,0.187045836736769,0.222617899217511,0.300999285888867,0.423644514409531,0.45331705500936,0.542615752865137,0.619641530310602,0.599325264673158,0.533320723648303,0.37834964746322,0.255964168557367,0.212920759175917
0.127572791300952,0.173413923760982,0.16541878839337,0.215596252233723,0.385908197452288,0.453807917569629,0.572361561900858,0.665501774246606,0.684818448218063,0.595089375147269,0.414613556017331,0.205670634209878,0.177414391088644
0.122020908890857,0.15768482042067,0.154968738248671,0.201023505546457,0.382843096379064,0.461605322295355,0.597352611036974,0.70663911632393,0.690978651601349,0.560699560163134,0.386277347191217,0.203271871826413,0.170436882331991
0.171896042204897,0.254857700670266,0.292044238579523,0.329458146431301,0.455164551432432,0.504505087705702,0.587342558207606,0.646282324371978,0.665064308970418,0.569285417561975,0.402220745897045,0.265037987263504,0.219542656378699
0.161795764246735,0.213528671921847,0.216760114611697,0.248246973299,0.318812367558851,0.487618435741526,0.634865462824471,0.709540776697034,0.706214517935148,0.59424235323357,0.481222870502045,0.233037036415498,0.195779031604776
0.134799939399153,0.17654139151572,0.174624105267281,0.223892856077065,0.39015504565748,0.465789439055813,0.586212364804954,0.708716439562185,0.708674102859311,0.58865281676499,0.413435402601689,0.203510807266089,0.16397492907219
0.164052682423937,0.238792622191796,0.267107221767293,0.358289921466606,0.445154259523565,0.496013519406892,0.568970261892517,0.655811575712707,0.633416820774576,0.568377442662057,0.42783903598698,0.303233612753854,0.255820134314635
0.149859764682587,0.212025036915783,0.246966580106575,0.285176192267606,0.448388519933994,0.528789660436163,0.631634316222447,0.670293061883953,0.658186934571909,0.587110140021054,0.367730877824509,0.223344773235299,0.186336243403102
0.123006964928233,0.153301461313539,0.17901882268306,0.227825539372177,0.395399189250713,0.442649686783349,0.567210675398948,0.669151965231303,0.652441404544574,0.565844243482879,0.362455195535058,0.222860330755129,0.191604576879343
0.133434153105877,0.168721694616038,0.195747781783882,0.254540488680521,0.418286898388684,0.466209815574505,0.576245423249456,0.658860015297952,0.63462340219405,0.559411098491261,0.367277053475253,0.222197232230962,0.19312606257168
0.122200723270584,0.144465508031929,0.161486807901708,0.205865128241051,0.330665706676425,0.433554122409176,0.566127651609327,0.687955314458344,0.676205718102228,0.542016919942106,0.315012710117428,0.18885484353154,0.171587847251257
0.134155958963471,0.188591070172827,0.212945924280024,0.240155409367929,0.43367608928802,0.50485512892965,0.621486358948073,0.685645205738345,0.686908780240358,0.594686595362287,0.378010037395982,0.196501301537228,0.163953871059171
0.13224088899596,0.17550103711788,0.165124468536731,0.204581619778479,0.354309714764505,0.434959934221887,0.548131195494116,0.629700260752028,0.677549791601326,0.598947057568754,0.446283903722107,0.199948048843769,0.157990039563154
0.135511590485975,0.179915429900171,0.189519681887182,0.232618570250269,0.434081583082507,0.479124648006349,0.60709053800571,0.679269139310976,0.672462297586931,0.603780706221734,0.417756488797536,0.223589552179744,0.197654567107932
0.176158149552563,0.206924334239457,0.248496197077851,0.377676152898808,0.463198560966838,0.554467312477818,0.654679525057537,0.62821400163533,0.498488237466762,0.443944846589654,0.24483378474652,0.196284527414999,0.167690574330151
0.184898529853723,0.229128434747863,0.258469385775153,0.367554257519415,0.460104406962942,0.496933264202507,0.582990950285293,0.59303009159833,0.559749017104007,0.480656390677391,0.275769902654551,0.225095126618647,0.193008044766434
0.157115203384937,0.199316523005714,0.248553882159263,0.348122993756547,0.444576784929791,0.53634946199299,0.577324452800765,0.589802981008086,0.562876034841346,0.477368354590997,0.273536026775833,0.204100954346611,0.169317110758995
0.180719833826005,0.234656678216767,0.292372473048523,0.379690546750386,0.489396073741989,0.510747594322802,0.603752593922148,0.556350654809265,0.521857667790288,0.426045321217884,0.263721621841593,0.219080862444812,0.192603973884608
0.243707422712542,0.258325646039372,0.258583447510561,0.320976640362097,0.433324857626617,0.546361277542305,0.504164968907895,0.497131071609324,0.553350364406246,0.464447638114697,0.332974324681708,0.253822093697549,0.194803368868258
0.203913272744372,0.254525170750924,0.287178235442949,0.356207342301973,0.410778645886607,0.455833373164197,0.587282053575817,0.608057349143348,0.581985825147518,0.537536341939351,0.342661183558052,0.266891596102737,0.227946837676335
0.15276588956092,0.208599067221211,0.283429400358586,0.387914365899398,0.510586431767037,0.580420720222498,0.622574706302909,0.599693162342239,0.582403906677319,0.473818502082735,0.242138967243156,0.204186002317608,0.17503710711805
0.178804917368371,0.217208535364696,0.250445052556492,0.350395553615435,0.481428064318681,0.517208890954501,0.629853170281823,0.605426157736458,0.543139430400213,0.443439033988097,0.250310600600407,0.205227946035051,0.177622518240805
0.190311154408604,0.236804177977827,0.287258189005558,0.395080279697477,0.475223642043775,0.509249349072605,0.607777349852373,0.591986590368411,0.546558098821465,0.458831032706513,0.291844311252407,0.244215223421553,0.214926284417474
0.172519242643839,0.211063517821888,0.263946233731325,0.3880720884776,0.507728409305207,0.557374353946028,0.634123197539633,0.590341013722641,0.521587266411538,0.431836025488837,0.242790894985264,0.198401857691825,0.169290574349685
0.173107908884336,0.250345589632293,0.304743870096202,0.385641486083932,0.482140188207101,0.52752742096794,0.561078718265542,0.576942520657741,0.60628913135058,0.511200171470488,0.306111150170305,0.241735618361598,0.205127554716657
0.258480887807891,0.297595036581422,0.312993016501382,0.346086483743123,0.438057854126081,0.524078691726812,0.624247812433759,0.685837324853272,0.663860561120444,0.493966606586276,0.396412844526873,0.281189278234114,0.259413362460565
0.349390984884571,0.397848785821714,0.446865534500175,0.455839224940387,0.479046080520744,0.52019608963057,0.544788596419096,0.585829263417577,0.529024395891435,0.524742734607085,0.47182132708676,0.391112325272704,0.30676188495807
0.370585469004626,0.438766105286424,0.476163947410771,0.48100210238284,0.499159280062264,0.518881828290573,0.542065940233578,0.561955692561753,0.511490856092856,0.473154764755086,0.469387214649225,0.420866902376013,0.344698479109672
0.252005525264963,0.251829658386594,0.255363891287653,0.311597159038092,0.332134754674215,0.404464691484763,0.54437692465588,0.630204048052498,0.596826539908653,0.511227527953808,0.403887592381837,0.265044260120656,0.215854537955576
0.282933207318372,0.325588822062499,0.428590605334007,0.47373123495151,0.461043596541882,0.460102979911663,0.544577414481513,0.565085369192802,0.559832321328106,0.561290704109895,0.522035201378359,0.430483410042346,0.352455514068353
0.241139001097256,0.259517535942582,0.308535025135456,0.372824820082716,0.50811748307625,0.60251524379226,0.648037106845246,0.691852474856942,0.628260681469424,0.483758265947584,0.404753864191195,0.292815249819625,0.257023625378372
0.419399743300009,0.510292224966586,0.54812164474828,0.573709686803317,0.553758912431002,0.54427015626684,0.591660236017202,0.604209525098283,0.591769110216894,0.53172721709547,0.503301377940163,0.431971932271812,0.396919284624319
0.238623156642526,0.280361575686729,0.342689071470976,0.376327032901466,0.413362423864325,0.515613128082739,0.660934603261545,0.655837046357173,0.644551145400722,0.533551760914529,0.460188612731357,0.332884461208773,0.270072892839143
0.31838682524089,0.364302410485806,0.430139177550703,0.468734788668628,0.488764458669884,0.525432124988184,0.581690220249294,0.651967753601223,0.600365301386998,0.535727275357917,0.496129721303648,0.376802871825055,0.325717376201534
0.276347109326719,0.319068062931295,0.425530851364129,0.460187767532457,0.456694746029372,0.576661558732388,0.55272722203135,0.611504569199685,0.6007676272452,0.506604365399484,0.46532974558771,0.36792443754077,0.304359332662812
0.209250054790263,0.24657180773733,0.299480922170522,0.344744852719126,0.517405525216172,0.651871540757658,0.689936486578325,0.698506159076428,0.614937394343689,0.447588372671727,0.367756453998598,0.264173607581141,0.232922354874263
0.157700030178621,0.191086551634504,0.219023587617745,0.296745743449122,0.381448436974587,0.503663175950889,0.549355199220295,0.651292433050875,0.616652696162465,0.53327179240907,0.33856521209506,0.210646428174479,0.16919205810647
0.1837602959421,0.194694349155775,0.227331725896623,0.223250122387333,0.333763366038957,0.470551976869854,0.582885881100473,0.599361062696701,0.582854496153041,0.551443852516621,0.42585975892987,0.26288339077763,0.200867901172267
0.205675483631422,0.247172321094536,0.249293585139811,0.263831188114494,0.343065590618482,0.500140364054597,0.631725660004748,0.656882079414695,0.632098424575572,0.516442547491871,0.434624338952768,0.262440282413261,0.202889567877951
0.199978972119873,0.240000126018575,0.246657392382192,0.24913942054603,0.31737298893132,0.505509018689168,0.653262561113645,0.685361524290952,0.669932704264672,0.551980710405595,0.449668032256921,0.25449229851823,0.1935349566536
0.207798765877857,0.229000063450159,0.269717874761354,0.271670837199821,0.35370951119421,0.473586203783612,0.560195278939423,0.566687297423733,0.552153525415526,0.513763959621995,0.341470796889953,0.244374564758602,0.21015621188276
0.173800131794547,0.207348917536565,0.217229280299193,0.227832594398117,0.300375262579519,0.44607748200391,0.610209199088021,0.691683793734244,0.651511115650045,0.610862266731487,0.471953598004746,0.252932223523136,0.186777591414464
0.199281267174214,0.232194008948143,0.248958964155365,0.250168229259647,0.311167759389731,0.451518708617155,0.623328575521301,0.63305130239137,0.656613387928145,0.588841566404554,0.475906474437638,0.264666108318428,0.207076803262091
0.188292467617351,0.216560975598898,0.238307686371277,0.243755139250895,0.34193195521331,0.521086000956287,0.622295767233479,0.67048096124568,0.661273269978953,0.611135909813041,0.438241541608081,0.277147650689418,0.192189670695047
0.208733232559897,0.264919190117173,0.267913122536254,0.278345719779793,0.372862314729148,0.488403340604318,0.59556721474196,0.618827787117175,0.578328656476056,0.507324698557313,0.44131854166134,0.275681287754651,0.206742531763778
0.192232766565922,0.203380246423834,0.24184235618956,0.247311336878224,0.367452179491876,0.482516324904277,0.568951780633704,0.593187923533032,0.565330282627502,0.537824170529583,0.43275641899615,0.272219864174785,0.208516140340986
0.196216174959318,0.232952714014743,0.24291405889421,0.242265626483015,0.293972271657956,0.488130043975621,0.627499746997618,0.673121639367407,0.649303975592558,0.590557825861925,0.455756874774012,0.250559737415083,0.198919753783045
0.191887534932519,0.231237689887286,0.234485584592336,0.242842633850064,0.31675595111144,0.510884132502511,0.653981200286024,0.708865120009465,0.664143678533693,0.576957776130218,0.478406405673394,0.249892415649537,0.201031606323131
0.17325061284622,0.196063504423248,0.204541328716475,0.214064582085391,0.286239461949105,0.450338562880047,0.619401312225837,0.654635009978662,0.629477484855793,0.61299221277482,0.465164839914673,0.242461994562815,0.179627527590209
0.168422128578844,0.176765317019289,0.190938959949443,0.214659541366347,0.324056055066509,0.556291006950083,0.621162347849918,0.65681556651454,0.636486792880862,0.596832293877552,0.378327529253044,0.220658768356405,0.176928932244868
0.195636540418362,0.227566520624668,0.271291453870247,0.298490196772623,0.327907351328855,0.453830199551817,0.541192514718916,0.557189433047722,0.530210544597849,0.488900217458933,0.368253982033357,0.241199071308361,0.19897440904811
0.197354006167879,0.210986670887538,0.249239561819861,0.245984499107601,0.340459164809577,0.453014494224305,0.551196416075246,0.59741409656573,0.545025744846629,0.505655622537593,0.386684201665873,0.265088001355412,0.206596023394915
0.179105439091974,0.194475954576283,0.210946472608568,0.213278544812116,0.368846016615159,0.503917833931402,0.621885709959105,0.664504507261205,0.626056952244167,0.579409718358308,0.442103342066065,0.265751990057649,0.200028472184602
0.210586508345164,0.24030648548082,0.268604701284202,0.295067888567111,0.377231197939569,0.506205157549062,0.596684945977685,0.642280272285338,0.604001218890544,0.477095642815458,0.369096439376101,0.269172635539595,0.222143611713333
0.190688384411702,0.222724264402194,0.245661348277614,0.279393986129421,0.310155274597732,0.468675726738176,0.548248041892261,0.581513389954176,0.577749325061127,0.550667404421739,0.342719079504176,0.228773705323697,0.192643534227501
0.19504912081989,0.204343547955886,0.225408606395377,0.225131830807348,0.312036626549923,0.455899371215103,0.565552960034001,0.589106151028025,0.581696024232726,0.544371971958433,0.357060503468927,0.231694099427044,0.192534974011037
0.22306457510238,0.284121454443012,0.291014004780534,0.318439668716316,0.36088255787482,0.516085117790743,0.599957300443764,0.607509242677781,0.582422612340924,0.500317940903481,0.461609924806527,0.305991888171793,0.229608554946644
0.209200049946248,0.253375557480858,0.281979826054005,0.286029953014582,0.332229203096967,0.481900439320399,0.551889333494419,0.592485667572643,0.578247455083047,0.540419333803242,0.409518944091054,0.27095406023663,0.212032263752937
0.197018631234333,0.240566462945666,0.244980505283576,0.251327342314849,0.331292851634458,0.488189766092461,0.646443408891406,0.666029627332407,0.642772446099455,0.532147284863063,0.438188829216274,0.250649863879242,0.197230300973412
0.220283312562874,0.254759799207152,0.268718984676123,0.278994503890971,0.341886834463213,0.436349062320966,0.535882572366735,0.603570274720546,0.575008833480644,0.514843633371664,0.423902426971697,0.283517627565173,0.224813465074334
0.191620318192149,0.219503864357979,0.273633575475402,0.298164510840742,0.365278949069298,0.474939731560413,0.608974075281428,0.612337126865256,0.587764968604817,0.530341119484834,0.444316130991176,0.296041097313684,0.214152538808556
0.20032536506004,0.227248601411574,0.262892620878539,0.275085531283964,0.345949698652425,0.479379823219655,0.596661516710808,0.640929982849876,0.617379281984984,0.573886437267144,0.439612622624698,0.282363908999204,0.204992295382594
0.211231227174936,0.246872975814228,0.323719794120794,0.351265090926734,0.376236210475336,0.44117612594612,0.522681741360288,0.509720722328882,0.481305148795639,0.448377313381367,0.43729491073637,0.323540656410052,0.245808963418579
0.176480366839666,0.192017407835184,0.209589819885942,0.225375410069657,0.337369937392418,0.520771491439819,0.616855335543304,0.623763795129702,0.623941354003555,0.572683175843966,0.362634065158046,0.230372066660811,0.199831836502069
0.202748815290769,0.24996043799076,0.247114994840104,0.256716234208008,0.334060895050006,0.480034466462615,0.623720791615665,0.652931104880871,0.613184239267213,0.531985029485791,0.47016242438596,0.261206005472274,0.191816784420883
0.181179823789246,0.210738894852372,0.216671737825871,0.222344321766328,0.378768723157143,0.506745702352065,0.658528700131158,0.678378703738947,0.654844840924673,0.564033438581439,0.43507238398304,0.236605465534361,0.186550416381959
0.192309899793251,0.217558949878073,0.224096931340975,0.227660435766387,0.369153899408898,0.467390728054924,0.650493846162663,0.659181107366442,0.66944645797433,0.583713270425757,0.442145772352306,0.243174479185096,0.199237774945813
0.200206125952922,0.227347959649221,0.28683963101522,0.312413389506721,0.373727827400579,0.477613606469346,0.617113097545171,0.635350164226279,0.587068921661887,0.493210209767098,0.425570611914725,0.286300303923861,0.223047119818092
0.18971423849074,0.219132294576176,0.242011910679352,0.250311506170578,0.328980211785806,0.489784205362651,0.590207372683396,0.609835074785493,0.596987583924817,0.555338236508803,0.314897911841001,0.21200285135118,0.183928916462866
0.193642463843471,0.224881279011259,0.24386074533179,0.240426994465481,0.293202709886324,0.462355701702415,0.635487404092485,0.633884831156167,0.640194299145966,0.601608202803581,0.468972438822295,0.27076094481776,0.200021325328944
0.196014438686405,0.227127220796253,0.245199053160635,0.245632605822292,0.320616029195672,0.468604774554544,0.579772496005163,0.614650517999091,0.606393404161305,0.572485429679718,0.388412561170287,0.251966258477542,0.20746137587344
0.186985317757622,0.197530835511559,0.237152438168691,0.256654616389725,0.315296733264988,0.480624947947782,0.553142651597861,0.591046137499349,0.595092126518187,0.579810677540219,0.368778502640383,0.258053553869202,0.19448814423888
0.18486332395616,0.225212844327977,0.233530586083615,0.236238410144287,0.309664411636942,0.502611155561945,0.657024489824333,0.69397599900881,0.649826462830036,0.593294864121955,0.490938135766961,0.263540040229259,0.190520653188421
0.174354086628453,0.190105098058047,0.198137406607489,0.199768472699241,0.376486697742548,0.505967634591285,0.640345410225967,0.653442595347499,0.643280795894936,0.605638986958516,0.462984373718282,0.245898624081557,0.186954337507806
0.211312578251489,0.225444764907755,0.208712608185702,0.32079179247488,0.395215370778098,0.514050264084507,0.633430285425291,0.649474050851912,0.665942961523976,0.473572071355137,0.447630360734289,0.268668413683697,0.210671103203862
0.12748872913853,0.145872979287758,0.188447892569701,0.237214579459636,0.311002557781559,0.491948912863032,0.569218635171316,0.557667906837351,0.554762684590535,0.425191586019062,0.307306384351002,0.240782543147042,0.202243498800169
0.125170131148782,0.144123314987583,0.200594501223436,0.293852533547607,0.374244819314954,0.512309223781662,0.576108931957099,0.487643674263045,0.398988576397985,0.369769297752768,0.248791515202454,0.226929788416624,0.197671834544752
0.126923121951634,0.151599478084944,0.164034482131799,0.210504047918075,0.278577846097035,0.503226342594688,0.618651072664027,0.601629678036723,0.630657836076406,0.463843815750309,0.294010016618732,0.216501207538171,0.174612173194963
0.164375712029711,0.180043035147683,0.253304519289256,0.304102891276268,0.336226658998525,0.362058324612132,0.39996112203909,0.476406184258424,0.459757229998743,0.388884483616639,0.307041179331072,0.284589966684025,0.229319769108135
0.13467219639093,0.137631213598021,0.172665993693881,0.239401420878404,0.341942229695551,0.469100167249136,0.500174813307327,0.499751049726207,0.495699276429108,0.408588109013929,0.273206948145692,0.242179144097811,0.20469780738541
0.130580378880819,0.133289803753235,0.187623775972635,0.224016609597963,0.3233252528085,0.444927182365222,0.435182775867935,0.430698754140106,0.442962938942537,0.369047937803284,0.277560398123118,0.251200100560174,0.239139037825546
0.114795988800597,0.126448308540484,0.162555022837485,0.242785833743856,0.350196537640386,0.480640636293229,0.534887126902636,0.484343504319969,0.43724886308668,0.357106265892942,0.264249565775985,0.275285986580287,0.182141345478041
0.106589981879977,0.11666215436791,0.139739075659316,0.213502714553294,0.300305861337124,0.48268219137877,0.495667868479704,0.439594082292787,0.371397133236452,0.326797201437833,0.229093155117913,0.214769235290033,0.171929232821408
0.142509775877046,0.191223720838952,0.224843012867251,0.280153534680421,0.331155721629343,0.463917491904849,0.565261939982243,0.538413237018543,0.564876517321054,0.454513879036249,0.360694338701412,0.284936204140076,0.222207552991946
0.140433619227247,0.171918901790271,0.192742005088021,0.230352695241207,0.298576556315211,0.429727919249916,0.543852775630598,0.578728720796732,0.598986960743686,0.474353004243275,0.323056250287475,0.227322808607468,0.1925509590493
0.136229755760356,0.171145427651033,0.206808441181501,0.251682553847626,0.273903425318149,0.401961026694772,0.494177117306373,0.553389694024001,0.574326053668921,0.463620737118106,0.348846932388991,0.255714946977436,0.211188632874614
0.136604577495645,0.139849654399069,0.170799054465448,0.204408795519531,0.301759886778276,0.472907206570854,0.571748945766393,0.5798586228772,0.574770933955147,0.436383540181866,0.267487827877,0.238322681751512,0.190717442387245
0.12258032932727,0.132135892909854,0.168393806001233,0.252959677731283,0.350015832412766,0.470659197626016,0.494743442763244,0.45603135232543,0.42203519057742,0.348232620943558,0.271894271786529,0.252126564401836,0.201388192710604
0.129376911484936,0.135572106054437,0.204002429683571,0.289626678054941,0.370991408124574,0.488271112457966,0.535576817099148,0.43455228318069,0.346272657827388,0.278553758660282,0.22115311220467,0.218767307858784,0.196795872055761
0.123739228251218,0.1367447457347,0.211074111109797,0.259761270306792,0.346942235542808,0.434159976700648,0.460733988015999,0.456956393854288,0.447932144112698,0.372819955919504,0.263737390101778,0.246300716352958,0.226824230074953
0.190197015864068,0.217332583960316,0.253126307465931,0.257426036510777,0.320536337354449,0.389430517807218,0.574017701573144,0.606908304245303,0.664349942847758,0.599336489879164,0.498384863973075,0.250154264782244,0.223628036054619
0.207230661630381,0.235030061131754,0.265824757017603,0.267649472192315,0.347535158731548,0.415931834455793,0.562080945687826,0.612495197836765,0.632784297926773,0.575117818284744,0.478042842520233,0.26158975724682,0.236159723303595
0.199184998876483,0.214630615455534,0.255004299923514,0.252904989111923,0.341651551193383,0.47263935680218,0.658768696801459,0.666413882732733,0.637565322361922,0.565340827266996,0.360386405428001,0.241373106775357,0.229888352573593
0.244068013461955,0.252064356035117,0.268838228974442,0.256780832225397,0.33744333420542,0.455669992379882,0.653964522931902,0.694711270638923,0.672757425721174,0.612130854191634,0.458368774701767,0.241628956010247,0.232492693564396
0.242653497681895,0.247799590879424,0.269361052965167,0.255899099514371,0.280026062435369,0.375886341404723,0.638278721915782,0.708703910213565,0.724661567983406,0.668769025284475,0.542558210197995,0.242726898190086,0.219314708863667
0.214544616022426,0.226404259868729,0.262764376471437,0.265044013804339,0.300736071331519,0.372921963686166,0.58350138218878,0.5839890929676,0.681962235209717,0.610052956781452,0.468835645905603,0.278633327488773,0.232760802949504
0.1988873575061,0.229165608618979,0.257879120262085,0.277087511590498,0.32157237828265,0.453064925776102,0.654036818037067,0.637576484770272,0.663119459385432,0.561473413686112,0.432722837141432,0.23438869389424,0.222410087782576
0.199833154859116,0.226100925884209,0.255027836991827,0.293575802278622,0.293479575197575,0.331691030933598,0.468133346959492,0.576722891629917,0.627585184377787,0.620968260407171,0.52488474458113,0.256450958260347,0.239030286673786
0.271674816428691,0.263060985594253,0.30869914129714,0.340658449405642,0.368823312371799,0.436360120751341,0.696200965412882,0.672363229253878,0.667437473025173,0.608919569172336,0.476239815672673,0.296673340608008,0.231745195136604
0.221834223736915,0.221696549622936,0.244199269800264,0.246470331484501,0.290397840254134,0.388922014180315,0.60973751068638,0.678676348672918,0.683907341954483,0.613834579566926,0.452442876944507,0.236983234768419,0.209406974359637
0.220331449599122,0.229477653566509,0.279435184921125,0.261992830994015,0.299876146084874,0.387341342395431,0.594975753042692,0.670010976782622,0.694285498905587,0.616822988821191,0.509566785931654,0.224785414378753,0.212388914489812
0.215126561523383,0.229329833827402,0.256739201092851,0.246257086463102,0.326909710999237,0.456115076149684,0.689359765593872,0.71479977825667,0.704064254899474,0.642015651982262,0.481293727766439,0.2322142218087,0.218588297345387
0.190513824307885,0.223109581907369,0.254259210642464,0.26065184610658,0.262089444604316,0.330230901342965,0.537352290615638,0.577574569386503,0.67248262075104,0.593520076092095,0.47168892565397,0.233441014291747,0.21281874860236
0.181178028486666,0.212280331120805,0.272815630353806,0.262978645812396,0.291061010958112,0.34639985263327,0.586120434056752,0.622232571435627,0.680398002150071,0.623385276142118,0.506554573467117,0.251865940507859,0.222353076527618
0.190503474050277,0.231883611996029,0.248158893223956,0.246118482400205,0.265557214297309,0.337570851243446,0.531145604902625,0.605995852016081,0.661243977949742,0.59645211287891,0.472819267603245,0.209396840316688,0.191492869506965
0.30371204002905,0.313016496794335,0.373280292348975,0.342475755054898,0.346410295026298,0.39367027731943,0.606943844335604,0.71088749169992,0.710566819244341,0.667096587486143,0.559643058455914,0.302326732490594,0.267286171686839
0.199438447174424,0.215766051725295,0.245458348862453,0.285296077282732,0.304741734769951,0.340344945778703,0.525972449428598,0.564296974809478,0.643038962697624,0.626095369747293,0.488392090537033,0.305927568827565,0.227323551696907
0.194884344339618,0.226242977439441,0.256738487489492,0.248022430380837,0.316532280218182,0.362469332519199,0.517047130091121,0.563184011886633,0.603669354830955,0.578603075172485,0.481099351044944,0.282340260503088,0.246710240604746
0.213730336564476,0.221576135909994,0.244768492617986,0.253777929414678,0.308046961501245,0.42035639302233,0.616083377312531,0.694677666858775,0.678923015511562,0.603368485850143,0.433346141709441,0.238797692109275,0.21412285078972
0.193616751941041,0.220011664991582,0.270264392496343,0.26188353927582,0.325186307147875,0.38612152110131,0.586671538682198,0.608585366386723,0.660685143361069,0.584324729957569,0.423216079301657,0.257752341627757,0.21984599625485
0.221777015804293,0.247758632955329,0.265448470215734,0.262089234692706,0.334210583623951,0.425663487411282,0.569399844204856,0.614059147523392,0.633652909181789,0.581072993954855,0.483386127511079,0.266403654546189,0.239308006747452
0.199362581341831,0.224028355707301,0.254451110874189,0.266665919051908,0.346542922934682,0.478345106215333,0.675449857213409,0.632624419160252,0.640725892867868,0.564571889769545,0.385501712968741,0.234124097320373,0.221280809788805
0.200618419889446,0.225533933297584,0.256438331649443,0.277784214208407,0.328951381974388,0.457627540312478,0.679770236451375,0.683275710409752,0.673385408025244,0.565907818179207,0.439952895781214,0.233323022844775,0.228921925317441
0.197962081497385,0.238417993589334,0.281945830194782,0.299029009795307,0.277920153996082,0.277285500472547,0.43472587928102,0.52675805640627,0.614150564942343,0.607680484334742,0.540948340547555,0.298077710057059,0.264617354330646
0.189041196600834,0.22472549717593,0.240774667471506,0.283203162150036,0.283208493694512,0.341943230517652,0.436299205452807,0.527224955792934,0.57416431739056,0.537636385371939,0.426973582411667,0.243337442431369,0.220873609611793
0.264227289103252,0.254063236553305,0.282381124081835,0.330310726540708,0.358082172152004,0.423090442147551,0.637787653105405,0.667045552125159,0.609131766332482,0.550248907965789,0.413866321489251,0.266070815915308,0.225000082512484
0.181607725739431,0.206750239030344,0.236163841281765,0.249373759504405,0.299083210947409,0.42468575379014,0.716659515510984,0.709564536489429,0.709459744241622,0.628652993615282,0.477476340350045,0.228246112081321,0.210900516122279
0.202836340997907,0.241889333471064,0.250417217363609,0.256195788700466,0.263148321678633,0.331922042186621,0.509169765970032,0.588197141417091,0.661618153195485,0.58035001841046,0.452398831017015,0.227980843145052,0.206640733657454
0.208988654370419,0.234004171336455,0.27002457194277,0.28003295708443,0.297981570450136,0.350890894439443,0.526582032672052,0.574594388560276,0.628797477743419,0.586846676051378,0.492494323319745,0.262809706040722,0.242062440772708
0.206977173086893,0.242198772209809,0.284648174309308,0.287951697378864,0.275975995884935,0.329320505657535,0.501016552237057,0.558895695849499,0.640655050349933,0.593705215479713,0.475022179973906,0.265860792369891,0.237071671214418
0.218130963645069,0.246868899267891,0.271698794398666,0.25886503389725,0.341708605205843,0.415975022281544,0.550664555598823,0.593697124734975,0.620664719211361,0.548672187428851,0.446789036970241,0.280069298577094,0.255823150760962
0.211014290523071,0.238807103832741,0.294348822222061,0.292981706275375,0.328304879190292,0.406111995072963,0.59535977015131,0.653395467553971,0.661766635540251,0.630384507674125,0.455358797583291,0.278209012168588,0.250461844484236
0.177192179475087,0.198443894900792,0.224467503935899,0.240280741311008,0.327628372761147,0.39533691267254,0.532882745437772,0.657590727056861,0.670238710318429,0.63627280302306,0.515943698512457,0.227593300106907,0.192348439577065
0.409436905159183,0.424601573804709,0.486596448711108,0.457035061710227,0.453795417944752,0.43805894190236,0.517294532933646,0.486719334466531,0.513749629024373,0.494353087030447,0.461876764559243,0.415951574738039,0.370317515023418
0.210730248874413,0.232665775311241,0.296871829566792,0.296468966834583,0.298291194725793,0.372441568578405,0.533609851191816,0.610930097069843,0.64291416589187,0.604923493979813,0.498109367473102,0.256807742023126,0.2297210001867
0.197689567832129,0.234842119863445,0.275716946008004,0.271463106657462,0.268304438709996,0.307069376995252,0.485715989466808,0.566618664627759,0.6315272070821,0.574873477880146,0.490977928905003,0.255862565138025,0.224905744531781
0.180095094413891,0.214582908221043,0.261062997801791,0.261411440247909,0.299247421547184,0.35798415936402,0.561008332608159,0.569559089705983,0.67223382021044,0.616920741102825,0.50328185455676,0.271638822785314,0.230269752199442
0.328264992760483,0.333694428588813,0.346813532911612,0.375338727602381,0.34399095374981,0.322410610993594,0.341345120744789,0.296650260163477,0.274257811102642,0.263784332900129,0.284972120705997,0.24493745885082,0.26684990931042
0.365440498913741,0.361794928606979,0.338386989612234,0.263457943117339,0.284186083091798,0.341659640317691,0.327177078679758,0.338320258497805,0.34839621962354,0.358561321395432,0.321640237344878,0.285845922900821,0.225947952567229
0.500381904376748,0.464054476937822,0.406147516062938,0.347029397755961,0.410048004980105,0.496073522514377,0.60431211071042,0.609593492166321,0.635246981733382,0.559126150684155,0.408723395804683,0.318255954478771,0.33841541284611
0.438551785168878,0.433697858197418,0.416475456051891,0.367432535402675,0.406515813386534,0.453853022729789,0.533675367032902,0.540419480312026,0.579029504382594,0.558881574479371,0.429720286832929,0.335025262553903,0.381532044160465
0.203431604850761,0.257314827846272,0.313190688536929,0.352751252191828,0.360082674809642,0.40025340770732,0.448658976676436,0.485620677925151,0.466066580489514,0.468594747267104,0.40477587487128,0.278054473796248,0.2416291699776
0.169127287441408,0.247627327357917,0.278837402578848,0.330380451160411,0.420174228712053,0.464319318264233,0.552219130607953,0.625726943346935,0.625216154203971,0.519579930704946,0.427294673837522,0.292653408236288,0.243123797346217
0.157054540308109,0.177357485177936,0.223077738469177,0.27561290055837,0.284321520130393,0.418433225814795,0.528749402921568,0.580416229168659,0.588886448163749,0.477981025465166,0.344442149112748,0.251528714451821,0.203797734033505
0.231175054822906,0.302169989173964,0.380540660203989,0.453514472049598,0.391415604266246,0.383579936327429,0.385463375440008,0.397538166350593,0.380490512704306,0.374498163874568,0.386959980500284,0.322059728073574,0.279232820561806
0.232347441729933,0.300385886891362,0.354908242952264,0.395041662502009,0.349872015838594,0.37596788919351,0.410503434277316,0.465044767146433,0.445677861077047,0.432516220824943,0.422972832529376,0.284885148171183,0.23516635841348
0.18216493564612,0.225075676329298,0.24636301451636,0.260457644907738,0.325740471152441,0.392453663497,0.496726752379475,0.603181084593345,0.580503648973424,0.546260112030008,0.496376388335858,0.29969358942416,0.210042652245373
0.175262564379374,0.210462554817192,0.260468238997388,0.317982719346815,0.32410007617619,0.41492650470709,0.461492908786827,0.447997100442114,0.417029336324712,0.330968827467916,0.276474809866321,0.253313164616767,0.204843602959838
0.163769000821467,0.227812143002316,0.29528839210347,0.361728026554979,0.437386715706471,0.416777770350638,0.479040525964352,0.579204107604678,0.569050387715008,0.543632032990753,0.427039057032416,0.290650469719832,0.257337986092754
0.15213123267034,0.199656950383561,0.235190535621259,0.278382060850352,0.35843838446542,0.4380550269638,0.539615144146884,0.619846038881813,0.606132374276393,0.570886573987994,0.430956841251229,0.271829750138998,0.221735167432929
0.195330172309206,0.248030840294731,0.306772378326214,0.361651485935882,0.345106574100781,0.39790893003925,0.442378228281381,0.452781825677775,0.435391368324706,0.372321180184286,0.307603838373998,0.253094338344957,0.21262791347688
0.199392167079419,0.267165954919261,0.286107727328369,0.315457068466383,0.314511083497173,0.366833665130416,0.446443637688447,0.497037304457327,0.526070131946799,0.504628398137173,0.474113473181231,0.314386810218688,0.25342051315233
0.160954106787432,0.229637082149232,0.246830702345881,0.280421878550081,0.341286462952601,0.453763301423501,0.564657512832913,0.635203985243357,0.622520510085675,0.557666977118507,0.430773739100572,0.266000603328675,0.209011343159456
0.169324322972889,0.22035489728487,0.22869179615941,0.264149926418166,0.311091248874891,0.414332998180335,0.545365804280467,0.666446769227873,0.629289922070123,0.564081302193482,0.508593149904218,0.277245424051858,0.205448308638014
0.1742907008635,0.239745199533081,0.255258572623195,0.286079201974734,0.32759503804582,0.429272653470565,0.53493443231752,0.608405025257308,0.574889727443544,0.505512923683485,0.420028891518969,0.267050679348096,0.212433078361376
0.18491432107327,0.26156512192664,0.26929987115854,0.303933052835387,0.35312723914723,0.461225983263367,0.580866770716995,0.63551674029309,0.635785269579874,0.496265341826894,0.433524064913197,0.272699301818561,0.230323402763461
0.163629879389032,0.230539661901034,0.24971339183951,0.286058387222014,0.384875783958945,0.487599528404535,0.601858265378355,0.674708883303026,0.677003223902281,0.551769688973448,0.457253926350643,0.265147638182359,0.217029781079017
0.161497872405734,0.190040945091676,0.245593441926468,0.318296965224577,0.335054443664493,0.385366146175194,0.405984986788704,0.39818306607979,0.422223767442162,0.351995053291717,0.257432787528808,0.259841931742266,0.184866156545898
0.150064038516354,0.194814072725,0.257305077483247,0.309204574922271,0.33565480855052,0.390833336977285,0.458321225004987,0.563705481772914,0.553087453301029,0.504913422857654,0.386381368479179,0.277682284639911,0.239092440965068
0.224838432278549,0.297941916018169,0.356539660193642,0.40495430307847,0.393036922430535,0.408326240456383,0.437849491102055,0.463909177078511,0.48109105765683,0.472748428081378,0.454483961711984,0.321031659180034,0.28701487457146
0.165012181523772,0.201961084839422,0.248113635263431,0.286594699426905,0.30750326544704,0.399386857664227,0.493751777083724,0.542134522367509,0.52758502672671,0.467836310261422,0.374795503347921,0.26286778813841,0.218343512527196
0.183487131555502,0.236686956604433,0.260689433787474,0.274133385064649,0.322537471499717,0.405759869821475,0.515780006377776,0.600668227705683,0.588631500940637,0.534802960561219,0.481056654698831,0.288865091765222,0.229887782886037
0.166483591377826,0.208111261475492,0.221501675564905,0.24246711509047,0.362352035692625,0.442514735028887,0.566216827795785,0.646059535434744,0.599395467352322,0.566809160810708,0.436643554433124,0.258144347112125,0.18328768037592
0.338062083898021,0.367009994278787,0.342073414158733,0.380290890723948,0.366266110831162,0.431253329682806,0.556408929328389,0.650002682441241,0.583001110672613,0.585439933059486,0.426578271939964,0.268941938033619,0.233027759631086
0.32489973873048,0.379393969865882,0.353994870592656,0.379445845202356,0.412432946534458,0.464471619583664,0.574312178338312,0.711829940579085,0.650804997191568,0.59013942933827,0.427584068348261,0.289873564659808,0.27396225899607
0.336870700914002,0.394244376900055,0.384112382181464,0.460477084767801,0.435985596641473,0.462659084547614,0.577206063960893,0.646386047373314,0.498047412372964,0.532952116016254,0.418891969824101,0.276368104351598,0.261662854858744
0.302600002153018,0.344393353487172,0.340859944937666,0.374187543835941,0.393296549809288,0.453780570795244,0.580341723801092,0.663756099150141,0.610439709260347,0.591918112193489,0.418000659838159,0.281962303539102,0.246228112350952
0.297024490845078,0.353035187558257,0.354691829174222,0.389007103973107,0.393482602377463,0.440695633330131,0.554499556902936,0.631700682940733,0.574495359479951,0.542028309311052,0.449279181190201,0.308094218099352,0.257858468421401
0.434231075431774,0.491160860858753,0.475985673228362,0.463214113567941,0.447032010837586,0.42956754121534,0.514166565415741,0.57520952164854,0.635515315755591,0.565512646788553,0.484557389589593,0.354073058204118,0.297341298027611
0.304997851204324,0.32942436961652,0.331116708894088,0.425962491803087,0.451056479187827,0.493546538433631,0.599590514751572,0.68792312499866,0.513164617731445,0.499635502608945,0.377044634890632,0.277051403214308,0.28508364665822
0.4736069514641,0.446083417869052,0.45058587644243,0.463468520844414,0.45414822742845,0.55926477253939,0.584402168780251,0.602898137088741,0.619820194529125,0.536227313601294,0.452972324750886,0.312550776712222,0.271387970888297
0.286766041279749,0.330894318703634,0.342638166304552,0.39080154217089,0.410883710240164,0.450365022385182,0.558769191781289,0.644884234203961,0.55033100811345,0.511033722907216,0.387566590414823,0.276874573991421,0.248767829681755
0.349826839071869,0.409397208601204,0.396680343233751,0.461644119181118,0.47585088016096,0.484974661918755,0.551446145076687,0.615812344040263,0.537981292210447,0.50163909392539,0.40104815338903,0.290230549410006,0.287629875341428
0.326694235538002,0.404749063757187,0.440441444949876,0.517972293927711,0.504538605885624,0.478469881395468,0.43535975224371,0.407899702656967,0.388557542635078,0.429273860678645,0.393757295947496,0.348826144084081,0.305115010887375
0.180724070698485,0.275907113748879,0.368813941420427,0.431853572960388,0.442708350606921,0.522866213961752,0.651205906691552,0.659023911428357,0.606427970432223,0.572531805105468,0.458124469033915,0.379878712673163,0.31886866640998
0.218179738074216,0.331765220784126,0.348324950260346,0.375510886739629,0.479421922994695,0.551725296882097,0.646093238130561,0.634810734026556,0.639089524251579,0.586970949609217,0.431155736346766,0.370292405561452,0.278059031636922
0.192484975989469,0.258517731086291,0.2862232739926,0.358792855457709,0.501753190465355,0.579778253476247,0.662762520623631,0.644292678346073,0.621837402734024,0.582841143841618,0.380887218937835,0.324736002671594,0.245047724549532
0.200652804257204,0.264288176141771,0.297191252810642,0.337146420065169,0.487243224362,0.558216903237162,0.690923249014513,0.689085591831577,0.614483701343977,0.572207453173263,0.390745999291493,0.33801175113623,0.266690517186001
0.209865421738971,0.268834698670266,0.322970595299812,0.351438896452676,0.530716762155793,0.631391772935364,0.735948995742986,0.709146874172088,0.677251073249108,0.599126375861406,0.415795355991228,0.350975855613059,0.280156614064894
0.22766360007859,0.313866238725735,0.374651918528221,0.418368648899155,0.459943501074059,0.524655880882213,0.610218920249502,0.609781982511664,0.615167554977165,0.533147199074002,0.500214400836992,0.465922262557952,0.375236797574329
0.174729737601338,0.260677343533656,0.3839188545987,0.419339257022324,0.433548155465071,0.537560220290717,0.657459784855419,0.713828983103768,0.631182447005016,0.592477197621533,0.473032068014796,0.368812807910518,0.302622618643101
0.214335765834522,0.297377176591758,0.371676282928517,0.405772751277688,0.5361199933786,0.563836556045347,0.680045414645617,0.667500193045665,0.625690672716516,0.573513988471409,0.443240108988446,0.412718852489451,0.322124854670839
0.180120848950838,0.222730856119516,0.265084891397823,0.31730997804504,0.480034655512515,0.575091535170772,0.704218412777265,0.693703375870792,0.667476951207456,0.603645080158342,0.347752391566811,0.26545925707224,0.22788238939043
0.204852782490013,0.279265380531179,0.338000362559127,0.400160761089439,0.431672372057096,0.511431327966983,0.613287467299405,0.606615820615178,0.584906444583095,0.558094265629071,0.440447804735972,0.380835921162551,0.323427318484613
0.183004991209691,0.227420003270821,0.269479820649646,0.29719016923666,0.442213794316673,0.52340980059998,0.653356305353436,0.764753988522383,0.685179373120796,0.607501120044897,0.355019781390065,0.233877413824706,0.225582826270394
0.194935117370961,0.227408022527257,0.259280620849934,0.347542131961686,0.392192504566506,0.467249270036616,0.607018245970718,0.63928066712776,0.529453160445119,0.474606735763015,0.314757732383776,0.23113075494648,0.192544162277979
0.190194568478693,0.220103194500316,0.198160491837934,0.333122503781329,0.376347080428445,0.532983271429506,0.641619430417009,0.678687927296552,0.618752395148462,0.446035211954429,0.389793902038853,0.246815027364529,0.218500356002149
0.285213047726902,0.359248791777324,0.363837119034009,0.397583944188794,0.429263026772529,0.47384997248921,0.576506941917279,0.662078050459101,0.679769460266469,0.53433861510268,0.441137228964998,0.386608816014963,0.311122586586038
0.19362856025275,0.220799158111405,0.238531022576292,0.299091499639728,0.374552081665455,0.460382782223141,0.642905884554102,0.606005900333858,0.548913003673445,0.522791521904098,0.29270721054521,0.218943622850694,0.185678632568995
0.20334694334807,0.24593119929595,0.319025352314131,0.318679482919,0.336870106329678,0.366492190177634,0.51045579849076,0.574032977035485,0.640058132196049,0.631086706473026,0.508021378825987,0.281760422862696,0.268533898888829
0.216213234071477,0.284629307381995,0.344392864228063,0.393545220544163,0.480999152006748,0.543070718499202,0.582113062171826,0.622929428107072,0.625577058573222,0.5597825834191,0.458746480264186,0.3913009137979,0.310837121268147
0.469771388416223,0.427295093050209,0.358403384956486,0.262357697593061,0.222135445330042,0.246362122048512,0.238185859086891,0.214883930043373,0.262859468844059,0.242019781218445,0.221045994622579,0.238061589729634,0.253803785618805
0.178844871339313,0.213431346384663,0.225327364810454,0.270564835404025,0.385950899053099,0.526205711364691,0.778444358753743,0.772643344264636,0.736061490753949,0.587000651168876,0.456071627481706,0.197238308320764,0.175246166718314
0.231990551760794,0.294879460348297,0.315863490572979,0.340083585974496,0.33928696462508,0.480984381024172,0.612992907629994,0.75752152706627,0.693202937989567,0.634426248114339,0.517572016891814,0.273216467638235,0.236880246721576
0.213236791583226,0.265374862157249,0.283233003749914,0.299453413327924,0.352595584887109,0.497401631636448,0.700641317777446,0.794276068931293,0.726500368232083,0.606250617606504,0.428346348073223,0.236717758786947,0.209571875380777
0.209791597873736,0.274435545828478,0.299436422353384,0.334377441542691,0.367369973773953,0.492485603877046,0.622359379829947,0.767393523928017,0.704351918546415,0.576150835814391,0.441203847057376,0.260199890167806,0.224938127609919
0.204353575184177,0.203010568974064,0.239661915907406,0.27536401812797,0.505289451867323,0.630587159934366,0.765208987776154,0.765485037430099,0.678889873461373,0.519890929387812,0.271831114609447,0.212314049798015,0.20729806750522
0.25074053726395,0.308635463625145,0.314130143387701,0.350674278380452,0.32717398547891,0.416907752642099,0.560617991466743,0.7287733234933,0.667448557699966,0.54885005498017,0.466503630974893,0.280014533707567,0.248900193977146
0.202150246827028,0.260250891918324,0.25409392928407,0.29794678049721,0.39229671133217,0.49560866468045,0.730798341873839,0.691355795335948,0.697056730614323,0.608018903609451,0.30180643361491,0.210648926961802,0.22112568470678
0.254739904495971,0.290860798165661,0.319754999347341,0.297067021381096,0.315436531770482,0.430871796186367,0.592147151006277,0.736350102292782,0.689920905301877,0.662712448012855,0.508692306987542,0.26907312951337,0.25423183081709
0.233409259149477,0.265112922549761,0.298526201203326,0.351843579143843,0.349717583720711,0.408758660984968,0.455410789066272,0.544867138470431,0.570457445658652,0.590822994904828,0.477291420780865,0.3200637402798,0.297034191382579
0.16356422430748,0.189413578316957,0.226798489687973,0.21690909041328,0.325424154076542,0.452649937398742,0.655816024973399,0.721133182958065,0.720005341406817,0.637872631692531,0.420886491570854,0.207622727585453,0.204796529080389
0.245310903614566,0.289184184555241,0.289964274166063,0.317128588564831,0.31351678381604,0.48718506962524,0.646644732134351,0.728874248054105,0.647790572819481,0.594802048414201,0.436458733375276,0.249890711382542,0.240676382812809
0.189588360448735,0.230488588325008,0.286654020027759,0.306850168564237,0.392236127926469,0.474186434721728,0.588460538598294,0.69336279313022,0.643312129297016,0.674221777797455,0.415176406415971,0.257571927331447,0.242579535711012
0.204161747368394,0.239326455382151,0.243829611215114,0.302617106790255,0.372605800871903,0.556371814922203,0.74316178038636,0.747201846296337,0.717496411501849,0.599830492429647,0.315929740106448,0.227606792934252,0.207153227916348
0.289537970161598,0.310181466771787,0.283294834825777,0.351788446838069,0.339736950891334,0.428916701216307,0.568439928377436,0.689661280735019,0.660043976105915,0.510378973663083,0.419518723244458,0.271116339025468,0.278268114549233
0.197686984355362,0.225415494069448,0.242985025407543,0.303697475854099,0.382295985650823,0.498608883923104,0.620934803237788,0.606803013707719,0.553652344727347,0.51969156338125,0.391027580782208,0.258946390116759,0.261939426294328
0.176664122153589,0.204378099299859,0.245628736770254,0.243281053397792,0.354433861362826,0.458939093132444,0.590452281058891,0.744047669111134,0.669073193335392,0.670598453138762,0.490785487484691,0.234963121681763,0.215205636619525
0.263148302755718,0.363105086049306,0.388667977612859,0.401076564333815,0.499396925595934,0.554943660386238,0.663292607516809,0.699066194301008,0.678121298843817,0.593691245241705,0.436469089916203,0.326050946544453,0.301371766953199
0.223537363136932,0.284429300485613,0.35140807396564,0.369136607830398,0.402913626464253,0.57079489572839,0.677563933638715,0.669687795061135,0.676423161565792,0.607504815244812,0.449397232758012,0.356099184438872,0.267119093316387
0.194174847883591,0.251698746209429,0.280832209494128,0.29665411786784,0.488790085507213,0.641871897173583,0.726583047910464,0.715232019857759,0.661687565639229,0.516775450242151,0.350454215157646,0.258332069255345,0.210277197054491
0.236169620471524,0.261915867491501,0.304339897605478,0.330196165319375,0.319766510509713,0.399005212053863,0.483791798758247,0.517880678840717,0.570049447743857,0.514498203283478,0.488025477452503,0.33750978379058,0.227182637758288
0.271312072608119,0.28495876194849,0.33750159104959,0.338466271799381,0.297972827479823,0.355779654941597,0.420744258847528,0.51206588619636,0.501981134268281,0.477307405480777,0.40210051020163,0.311242385011603,0.222807195667052
0.241472930231168,0.255031907762579,0.313400051849538,0.336746627187167,0.31338043234805,0.422789523798235,0.498702456838848,0.531832915570318,0.539340165737497,0.497251659831204,0.398037099068173,0.304163352545703,0.227436216926998
0.417478840329118,0.403765423798927,0.408521057975288,0.29965589605867,0.270919008720287,0.295135094699637,0.3481771411065,0.356589939620721,0.339404435740038,0.32761109726726,0.330815231655905,0.282371777532243,0.223180540412662
0.34945788864193,0.426405878598961,0.404950875472192,0.42230361942317,0.443815812790819,0.487510801852928,0.600171910944454,0.639187530581581,0.587138374758301,0.502354127235019,0.433845967400089,0.304110531631781,0.298622719349115
0.36295255279113,0.411411776084083,0.403276352301178,0.444461382007719,0.4421894468657,0.489095794020772,0.610325437284759,0.685339992260626,0.60953359387685,0.533154503622846,0.426397406988219,0.284751954819824,0.27545009391004
0.307161628907098,0.288613406337841,0.311082027339546,0.423600741733142,0.475669474620339,0.489029234766523,0.472593344219927,0.420130929664196,0.403860355741179,0.384871699943146,0.35882238141343,0.31181910837826,0.263435130368167
0.313427191932516,0.290771841621625,0.351747525642496,0.421354069609194,0.488049762037653,0.526889209280182,0.516971458289917,0.481312819664852,0.397012298742637,0.4071189903106,0.360979888771025,0.305480177402445,0.25845572751094
0.3160403619901,0.294140781597227,0.3254844658325,0.444709521277098,0.477659611333457,0.501580638596299,0.472936746739273,0.424086943619162,0.385971914010033,0.374835236807002,0.387166510565372,0.33567454827332,0.277948431209657
0.329730053973573,0.311200004825839,0.318488114088488,0.441861350271488,0.457585843139592,0.49077103805079,0.501739152462224,0.449008467703728,0.348390475300625,0.377719646611857,0.369434025546757,0.347502990024355,0.289291873841993
0.178244645289141,0.197519177648607,0.250551499467279,0.287019786099591,0.333360758539167,0.432818745463908,0.553400663380891,0.569954400940678,0.582592513606522,0.507702315561659,0.423048863440138,0.276513755628651,0.293497152923109
0.227039731319413,0.279794446671979,0.365281862783646,0.329579513907995,0.371543286038765,0.373726489016766,0.500084671245644,0.544796003674075,0.600835021895222,0.583643248671027,0.52775019649684,0.358518511097559,0.321949999156796
0.114140366600204,0.106368822247625,0.152339772490758,0.239941985130615,0.347337245230157,0.496535866559996,0.498255825595038,0.470557111665443,0.441527554382123,0.385909089062878,0.277451987560118,0.224881612671118,0.178288180883171
0.115288533962376,0.13158809562086,0.166552512264518,0.269823998073414,0.342090522503226,0.441583781254254,0.472215682370355,0.472121459252864,0.479682887081214,0.390969933874188,0.297562892771054,0.23492410633531,0.205961558999937
0.118305191164948,0.135521482266568,0.165848885984787,0.296170440364232,0.396523561553857,0.510695818388583,0.563575846036109,0.522401008080519,0.521951659165731,0.417033619729232,0.333835714235971,0.261706618117603,0.207696339225164
0.130265145524017,0.144674448204529,0.188668567886879,0.33496933891126,0.406266148184817,0.492246472815127,0.555677178736061,0.548239534821646,0.560003193494033,0.451732270321536,0.327642921295906,0.252601045046231,0.226764696069478
0.129182622577161,0.131901556527717,0.225162822306671,0.314114444234386,0.398270521445457,0.474669546482069,0.473158422610109,0.477765387992831,0.490363275773485,0.37919744896975,0.316450838805014,0.258557942364334,0.245381806387015
0.125791990680446,0.150072372236803,0.177321786033647,0.269636478518623,0.355067073552261,0.478479394257833,0.563337019086789,0.576680142670711,0.575445208393613,0.480545881046022,0.304747501612003,0.223051493874048,0.176791809072057
0.190035800310948,0.225310998648714,0.28690524794373,0.328219461136719,0.481734196967594,0.577642988723675,0.619949143705541,0.648212607844835,0.559402435869437,0.466995566219555,0.38230742367275,0.271163545029231,0.226020662062199
0.230802330520121,0.299884427547297,0.350108271857801,0.367532169064908,0.453933797962838,0.533758311708485,0.629996291748211,0.657830226670531,0.656923788467827,0.538070285459298,0.435779797933189,0.305394598374156,0.250067796042276
0.205517267066554,0.202312564063244,0.21187479397016,0.302735555480556,0.324026550228201,0.394734649268052,0.541322105412512,0.654962349821962,0.585295677028199,0.542916023338115,0.368084954873138,0.230144711838907,0.187953823866546
0.217320967526096,0.215128039902704,0.212904684280946,0.269474905884087,0.303542453265574,0.4143049812813,0.566080611521775,0.668557635712844,0.595903007215523,0.533259446560972,0.34300875627754,0.214509622508679,0.177040560219633
0.227471693975911,0.225594806800696,0.250340709522121,0.332647493541471,0.357186823566219,0.442471506824737,0.574271805812211,0.677128215020548,0.598596539505537,0.502999615114317,0.376937778273349,0.252496206598818,0.193737198205084
0.221691505423934,0.269991436078215,0.296054432333866,0.289790209980613,0.383807311087582,0.590419591136738,0.654279107395235,0.6448934330548,0.642470513616921,0.576213946045899,0.372151665006387,0.285365056665389,0.239746619371461
0.206593364380793,0.247904075072327,0.26793853467367,0.278358701908301,0.34450267788471,0.479868493279582,0.615756623510046,0.585163907602763,0.564209321664438,0.530493495676427,0.417664442140459,0.274263396319466,0.225366013148018
0.214654685909765,0.250387730188758,0.293666131404362,0.288831893557187,0.326593761418872,0.384911411664212,0.459405078872385,0.465233154172215,0.451609707075774,0.431690852266569,0.415268574856309,0.308498459475995,0.233227068620406
0.121265165657587,0.141501860626071,0.20444540064381,0.268970014943747,0.359129630251507,0.458305831057431,0.465634149032994,0.468673032496936,0.450677920442679,0.364354189058258,0.275778772969955,0.2562907643094,0.218094691881188
0.110649441302636,0.118775836817158,0.151060361414212,0.283633213591234,0.359925949619294,0.622770590577175,0.611857473006431,0.532287727171556,0.415558176945364,0.303075566010023,0.225897248834143,0.229067388459753,0.173055466343839
0.149151414063861,0.172828013765031,0.23182127901479,0.302194861888309,0.308859565223653,0.431579466264628,0.518448645010197,0.544799411268284,0.551723871491762,0.472483236441797,0.351301116826391,0.28950692643372,0.226398810009994
0.132796578678007,0.138142229694351,0.202977069537783,0.249370229099264,0.338235327591548,0.494308730849041,0.502257249711418,0.509703110607335,0.507558474082028,0.423217030064895,0.300383200834983,0.277376736834727,0.251102883482363
0.134291420880608,0.144235946744666,0.19483482887897,0.241301896941404,0.284968129376563,0.435484923764527,0.54994860183685,0.597983369658736,0.594022778568654,0.489743840375633,0.31774150602154,0.252966778480683,0.22165339447053
0.145423085116599,0.165809826492705,0.250361052856791,0.333876916917812,0.377688581470915,0.469382104158843,0.499992719869168,0.437203701268897,0.393376532720088,0.356209547156214,0.283239429277659,0.274240050630922,0.243725257987545
0.124293168330155,0.147316667623078,0.211153813797211,0.298562848110675,0.37004645109395,0.464349428987715,0.48399532868762,0.434480458486191,0.391704009572495,0.331501146854451,0.258868570174569,0.254600197034428,0.229909924970301
0.131188258848912,0.13578125350956,0.195111666200828,0.273494487789751,0.367205119342143,0.509660150569524,0.544467454597126,0.462702725288173,0.365896023627469,0.32276819815843,0.225890122587006,0.210643777895848,0.188675382469329
0.117854271883774,0.137324862662954,0.198139702186974,0.298423285309067,0.398522977544389,0.531901990144502,0.558346200086453,0.466665128729204,0.372925571115979,0.344904956750989,0.245507804283235,0.237154181537861,0.199191979020631
0.134615358381317,0.144601043050826,0.20761825563741,0.250588388495885,0.301657860495989,0.424162690681399,0.503145934959205,0.516698619395564,0.503165924553423,0.414740789982279,0.283533902929577,0.25266961155586,0.209754412653623
0.105205794120034,0.118386452731485,0.166137420110554,0.250069223265826,0.351957707275807,0.51128432128305,0.556660510284014,0.490583349155331,0.409002012966996,0.33402052550484,0.242671447750673,0.230254254778519,0.191859960619191
0.120045275949707,0.141366350565569,0.148107508778267,0.231726663326927,0.328406183474699,0.509053992932549,0.549363295754693,0.542665989750039,0.577044504697647,0.441048169093125,0.267603451060908,0.235665451372018,0.194336303189703
0.205798715359162,0.23728053758861,0.286770156391236,0.286911541501889,0.28745792795624,0.352374172487943,0.565109344318322,0.630641221965945,0.712209635093998,0.655237343827411,0.442350479266885,0.273882179248651,0.224383838872792
0.155301861145628,0.202674785148147,0.25741935567217,0.339889472333159,0.362514938673027,0.390901071561978,0.444031988876151,0.494687211788543,0.476822049377126,0.466134785232522,0.364969060949457,0.282562204796929,0.234179870902006
0.138421884492024,0.172088831994828,0.236193064452377,0.293026978190566,0.285923181062393,0.368470880851279,0.44105194652859,0.496777268696665,0.490579716371212,0.433200170040141,0.332528975992582,0.261437290163072,0.220409067527285
0.156825347667911,0.196576888984094,0.269185739061011,0.328435407658845,0.30274295665613,0.394723539434013,0.4620284503375,0.527480938669213,0.528850725600288,0.461565001695454,0.37584933952942,0.295689622978014,0.249065667527244
0.213283896491122,0.286899582333962,0.315988410085535,0.386593487845737,0.432218763264272,0.51842625339367,0.621857609748198,0.615988984930236,0.584913514428677,0.537344010162733,0.352941143755712,0.331522178019677,0.25956835937649
0.324707301270566,0.320121714547699,0.309911461677114,0.325554331947597,0.431879183942458,0.456617535392086,0.539862367730645,0.589667655213589,0.5772121780018,0.525546062877736,0.47768249009195,0.376243813366424,0.319507018582199
0.216444571213302,0.26465979688499,0.29610881791112,0.318978848389976,0.449188623119774,0.580789017366204,0.683860438516132,0.672658025083156,0.669131033338547,0.604925689734984,0.415179665307686,0.263230335842154,0.206961608448436
0.161547860196253,0.220771151798517,0.259990271029248,0.267126740162971,0.274364047610575,0.44426410286587,0.557278117738536,0.643791626011248,0.723129794238421,0.608978304169105,0.513226240161381,0.294800947400055,0.183811542063972
0.240042352974416,0.300385434179568,0.329574372551413,0.361499883826091,0.435335307283704,0.546917396599625,0.665511988875646,0.701470513104086,0.649370456914233,0.643882939728161,0.467024908385608,0.293219234230004,0.23380651685466
0.161209118652122,0.204691370993046,0.213771154057184,0.237211075479875,0.34981257551766,0.566548948663954,0.71373841318557,0.714628521200647,0.729878772249723,0.667706123685914,0.489444073092501,0.290411764142186,0.158914756730008
0.17147798611079,0.224793398536524,0.240964913755165,0.263779562139964,0.398362556605622,0.646800031056937,0.702979879782591,0.713648755347387,0.711880850638568,0.664497323125889,0.545834261076974,0.350358268708032,0.19761806820235
0.203071468803996,0.217150567910969,0.220029898465981,0.282622202281183,0.367263974412374,0.575053747277334,0.693633359792646,0.69812637325389,0.664715723517354,0.564077331296367,0.37837832219806,0.209922251363843,0.163536130977855
0.160351468457874,0.173428273994987,0.200279848563026,0.2396828772761,0.323710588579588,0.537311187542467,0.696726553263559,0.730175157624091,0.673058247704206,0.618270183904058,0.337754935914749,0.209115298273101,0.158562154148424
0.187681673038267,0.214972544411289,0.236751698462425,0.312232877738479,0.414527933865495,0.585502883908063,0.687564710616554,0.732016756622619,0.699082703152178,0.643902148466033,0.369726835733497,0.217202845678686,0.163910655158122
0.26597510541256,0.298766016069255,0.284974200655549,0.320172413971412,0.382357958234692,0.477504984560708,0.592760667663552,0.649040880760265,0.6276809068193,0.563725849468756,0.296730982960922,0.244652964534603,0.216175098634012
0.325025833410551,0.32274951406075,0.312256570524814,0.327458322869372,0.371014628625921,0.517176741462564,0.583732014368508,0.668870854571815,0.623467749605031,0.526318921575604,0.408892432961235,0.272221272005149,0.216220079333801
0.144302448700988,0.19422014522232,0.21587787545979,0.217398875932659,0.237786661347009,0.443370617322623,0.624008134855372,0.712178813480468,0.738798879602006,0.670270506043115,0.549710624740913,0.290329983993056,0.149503231167296
0.167030600407617,0.195080104410743,0.213711969620174,0.254456775969746,0.341401417204956,0.525410235974798,0.673089548902726,0.723954801868687,0.67502061451997,0.628901210247783,0.392331132381974,0.217842676170803,0.152189289670632
0.171735534178338,0.185848129705552,0.207963638943477,0.256980763182506,0.367018698262757,0.545653358925806,0.642590789138048,0.744268957442089,0.705948150873485,0.635071270152869,0.303565389432456,0.201831808021964,0.167512093233979
0.191861415538562,0.19374207884546,0.20067319424535,0.276014705305625,0.411828838907953,0.646663272250208,0.699661813668015,0.76134606434065,0.723615331392988,0.617045077637382,0.36837489864639,0.196717642829106,0.166904847077587
0.244982043092276,0.293435988893491,0.303566063264747,0.317758997620884,0.40048948764486,0.534249044176354,0.645057202632569,0.699675525988751,0.677109173788354,0.584746945689891,0.312002396272887,0.250110935758997,0.220246093959539
0.149259276031285,0.174471308333722,0.193643850680435,0.207148272770918,0.26894047606888,0.488973333480551,0.653643555472085,0.737225102694874,0.694096785155127,0.669635253517166,0.440814347921484,0.251032351786778,0.158356712337059
0.313259006500259,0.3835238647461,0.362953114557275,0.407432797288895,0.395695762252811,0.493685455608368,0.652395308017728,0.631171378421783,0.602262097597115,0.561505452489846,0.344368796396263,0.262673085975648,0.247702942466734
0.217640186398111,0.259582285798167,0.27221863119198,0.296349067792752,0.403296629226102,0.517269483048324,0.651764083554735,0.740674348770551,0.733894698590211,0.668912680467365,0.521915625935325,0.278165806460565,0.186965337411926
0.20014959691766,0.229643567590368,0.210071696893384,0.355500819742762,0.416059861177519,0.501373738359927,0.630364409765677,0.672620684345755,0.634939090238779,0.532987911423332,0.296108881556731,0.247816291630751,0.206846379276989
0.249776404439443,0.281229716647427,0.319699608491173,0.394079529313509,0.430663907237384,0.600445292086773,0.695499504909122,0.662666595267799,0.653977261367546,0.541215710060069,0.424881411920087,0.262841584059767,0.216878045458998
0.143428705568466,0.178032181166925,0.202642138435273,0.196706249052529,0.253606424703754,0.507918465938815,0.637711443808496,0.725413168083148,0.76078926800032,0.701023974154772,0.421120858792883,0.241247305368541,0.150242935594925
0.194300480900934,0.248698805524073,0.258324724069334,0.274699278903306,0.465155888061514,0.590744334388399,0.715770715537841,0.732211765067111,0.760243048652336,0.65265593776751,0.471226476960703,0.248763865794226,0.178377173295303
0.196091793055095,0.257211184440974,0.27523133790116,0.301394356340085,0.437179008717661,0.58321582439241,0.707575472400094,0.764098901625373,0.725061045145233,0.658292969279762,0.420497947183055,0.29973887606551,0.194465474333006
0.174823139551935,0.21762586762537,0.223146100539449,0.245927498763045,0.330054464722259,0.537898325560955,0.679285274314127,0.727962827317817,0.722357197805244,0.672681580350695,0.504699732988717,0.284137615230825,0.170261859017145
0.149682638257048,0.186249828939207,0.210456874303303,0.215382892282906,0.248787830716136,0.435834629290572,0.605297631139027,0.696857645997253,0.680507830681406,0.671198738337051,0.458436944614751,0.269037446809638,0.172018380871516
0.241605231831732,0.275057353150076,0.267925951524449,0.305489725659976,0.390426022090509,0.475261902808736,0.641879273110938,0.689072073479734,0.65456442100822,0.589038472749213,0.390324315347414,0.237659388456767,0.214268367933822
0.333355388797444,0.353182188111924,0.339057465798417,0.364407762327063,0.383031202775997,0.489576301269238,0.619310374849655,0.680370630804811,0.659363669206191,0.557446333767837,0.367370691096787,0.254115010153884,0.228867757579326
0.167319020294556,0.230216574283813,0.270389100004385,0.272078141924106,0.280277072521312,0.489432862331244,0.580535635687775,0.670508482930928,0.6965797433108,0.660687305395987,0.497189892166179,0.29843527744746,0.195850674584434
0.1635697297805,0.196276313865623,0.218912045207901,0.21485901660231,0.252215904437494,0.469035795289482,0.62018571345992,0.693326484236704,0.732377444731617,0.661906611970999,0.386872460323261,0.242291715061989,0.17324434960014
0.201156754193865,0.250791945864727,0.255509050981491,0.286454632596769,0.386599116187122,0.569287156603076,0.695203338062594,0.755615093650325,0.728266335467332,0.673646633443841,0.508686654816622,0.284386828994891,0.184166909484963
0.14900863819936,0.190276111136372,0.201829154859557,0.203197441449992,0.281345818380601,0.456679416469908,0.647494154375919,0.726072425292947,0.743315880658446,0.681800009476439,0.537624978254175,0.26745404242257,0.146098009468156
0.143841003806184,0.18682402711155,0.192855899052493,0.203172256903998,0.277122173229221,0.502755114564151,0.65983545049473,0.704123344807123,0.733079857097554,0.681977063158841,0.521888158038929,0.280218154635403,0.1373491854547
0.143035188063538,0.173316740878582,0.189889659558737,0.192997718468347,0.262495854418804,0.479312110203131,0.630698952219659,0.733739349738919,0.736086229444887,0.686611796158603,0.432715981487876,0.227587081013266,0.144560628745081
0.18085523401347,0.205247215879461,0.217615187874538,0.278201895241258,0.393603405233302,0.550094044672799,0.69099472419162,0.731962748455758,0.7008792551806,0.645932699260221,0.462657782945163,0.237593482320884,0.153724158877911
0.179840704923399,0.193300030998152,0.200982535030002,0.260590593734633,0.368364433820805,0.525299830030216,0.670248981055002,0.758670918541646,0.69591346017133,0.658260463220595,0.368074145887678,0.217868916666655,0.153750415221798
0.214626037789769,0.258549015870717,0.287451083846678,0.34704675285283,0.419243418297649,0.588807442423002,0.709126005960324,0.719163886689278,0.686834414674427,0.620801020731614,0.458165191650132,0.255097505727083,0.195346649573072
0.277197694384484,0.28799809250711,0.315797040047495,0.320726562430981,0.362582987936134,0.569124955463055,0.595067393878499,0.698865430736443,0.666113754001748,0.574610863176244,0.466822942916579,0.273260775672032,0.208742911861454
0.255672392958396,0.265069325414659,0.255783843470258,0.302270052257548,0.37990202084659,0.486397774686942,0.618978047707867,0.693023774658244,0.671375196215896,0.563655485954978,0.323230152953042,0.238031433703561,0.193033553630944
0.154880620290059,0.189311987938426,0.195457755048882,0.213093974015463,0.37457963067021,0.530720640021717,0.682011595514675,0.758943266801174,0.749779072738658,0.728407089957697,0.543952560725343,0.268078907336181,0.146657434590916
0.191346093839631,0.241411320737134,0.25406812297196,0.289958741033881,0.448562487185407,0.559639751124657,0.707944193370634,0.744917820514046,0.748937305781212,0.68583296189637,0.522134212229903,0.260202530035972,0.178119043899399
0.160836653202809,0.219552032704172,0.265583005685857,0.261632187422212,0.280714557408532,0.442495343195342,0.539037596650132,0.591068179943315,0.615109727580311,0.554084848292589,0.400718132383767,0.257049935961103,0.176495319485753
0.161313617579536,0.189240040641388,0.213250878651873,0.245387395913711,0.316373737017365,0.540331607395719,0.694667852396618,0.743274212323389,0.696300894294824,0.686977156908824,0.433453895611664,0.248949930112208,0.158594569012978
0.192942149770534,0.242278229887773,0.259006902271012,0.281181934339435,0.38853437609217,0.545818268775782,0.704065239079837,0.765996821696503,0.723963030922895,0.654338892397144,0.441280257538743,0.27766139938807,0.193170532490514
0.344602253241956,0.356751925586355,0.352492321541091,0.383759929142827,0.358610350810951,0.461860441165647,0.530999682701701,0.557864689307985,0.589309304461422,0.52297140225544,0.399468535987993,0.276021857671282,0.235812819483809
0.214021024276431,0.238560170120068,0.241894254500799,0.319241345679057,0.397673741613348,0.589927260703452,0.684320004890806,0.726257065897662,0.70601779322905,0.647984814085537,0.418236778716041,0.222541665308863,0.168910517084898
0.199690005206847,0.225829067543306,0.246884819912895,0.287722495633607,0.39050000837834,0.577626189532941,0.690476155207084,0.67744733665778,0.665273018838166,0.564643977866375,0.411425332717912,0.228747233192021,0.176023507936388
0.18142098000777,0.198976283020812,0.210609215496968,0.277581478042137,0.381128177028658,0.557860862875172,0.662982588990042,0.743371377195112,0.696015358615107,0.623943631084053,0.265128476077791,0.198578405942824,0.167092143714888
0.165858611439036,0.219477301567104,0.240681766565154,0.251390517643717,0.289787787605461,0.543351510954279,0.659758417187756,0.692033615260687,0.713832097317167,0.663711991654472,0.47014894854186,0.306091127398025,0.168307509164699
0.181304704778842,0.22707050701493,0.250957773804879,0.274235600564023,0.363702890375906,0.557610986676439,0.682458378935931,0.755590894658724,0.757508076608027,0.702820828583385,0.497278547611517,0.253151718036274,0.178489231613262
0.313196239649591,0.347788114648159,0.323858167304038,0.38627734441793,0.406341817068583,0.478006735089415,0.540492174301119,0.608642065034019,0.582643385405134,0.489088581819272,0.290045938764333,0.250855964626503,0.220895631740465
0.167289060288936,0.179358598641647,0.194462126266332,0.253999328931604,0.379860365427074,0.534753283946341,0.671345674577245,0.740066227016892,0.68147051071431,0.630774794931994,0.33641765930303,0.195785259867699,0.156039369999854
0.164999651843634,0.216531899550318,0.250632464220003,0.284587526979262,0.408710412531103,0.594362459641703,0.665104143330269,0.617148320440663,0.599636429723337,0.515138782368,0.403459552199628,0.245773581578158,0.189103154489901
0.271234471594403,0.263057284873608,0.245028771420335,0.310242736493734,0.335868238757994,0.426199468880914,0.51125727980202,0.55280336469446,0.561793467882574,0.492499659129947,0.379164839174718,0.274086101647723,0.20621668129263
0.292284657360419,0.308105793868094,0.294432737647988,0.33877582434227,0.373847026706271,0.488701881997687,0.620939811854718,0.660799051798551,0.621684790046628,0.568391003453056,0.379381563746583,0.242413667538931,0.221072414321585
0.190832278139753,0.253339488613069,0.263399839554768,0.292196793995749,0.353925399952407,0.541731923203663,0.65453894770982,0.683116480589388,0.710885044894539,0.630368560178116,0.517723114045432,0.323963532765111,0.219609782797489
0.184068378778358,0.212458661411625,0.227165707221045,0.286541307434947,0.398053980329604,0.593036836052084,0.703753660196678,0.73369666122656,0.689885744639582,0.633832858341741,0.432229682272943,0.22203940095174,0.159232921703914
0.202361567157072,0.226091687369786,0.235923705793471,0.28557694954723,0.364676465285303,0.543683943446685,0.621813818354322,0.733135122499,0.688271750183917,0.644029850553223,0.29249264624908,0.215333794954161,0.171761898434651
0.324589583433565,0.29491379677454,0.278891724813692,0.321921907404226,0.347883785953608,0.484139409829854,0.61203473727216,0.674117649756887,0.667539437984137,0.570694483983425,0.430158921769283,0.250251420453071,0.198842853914818
0.18146432442197,0.247859270327418,0.273443722897039,0.290298465640694,0.363245482413189,0.582737014941146,0.646584327348382,0.665485387970825,0.680667290588952,0.593035310778252,0.499927655529356,0.323359377191512,0.20533682008927
0.192940637331561,0.215262314190519,0.22828104867069,0.280954927359389,0.346641667717618,0.532091363388819,0.66698391405298,0.723205222371197,0.679007308446148,0.666062584847178,0.499588028342091,0.254854614794849,0.184262084678128
0.164644842777723,0.188221904343879,0.209556611674564,0.231516784290304,0.288543963552524,0.49697772725353,0.697653973070159,0.734205713224722,0.701591779039034,0.665178875912133,0.457278372416983,0.247164749822402,0.163838509997936
0.195821729034788,0.239756235285266,0.258098264517934,0.285957107676693,0.430316611282488,0.566621922759684,0.700369801043643,0.764090840739165,0.730678681559479,0.66132877930623,0.511855317759062,0.281679660136523,0.184332004855878
0.326177321636886,0.324301940213303,0.309467649537967,0.332894160258863,0.348356577767936,0.46551484813169,0.574371285962168,0.636681592453242,0.623912081663318,0.538027908867542,0.358056869513194,0.268791564674616,0.205998817922238
0.277153096778099,0.28179819673194,0.239018002182909,0.317201585732433,0.338869709879671,0.431619340279203,0.614560729458326,0.696505543062881,0.676992621986618,0.629837407481428,0.379840911853976,0.262792923432807,0.224176441246754
0.174770699662841,0.219934893677911,0.228081883876764,0.248125753245784,0.358445330982179,0.553427131176339,0.647520971453476,0.664999074093509,0.66602962266185,0.6110057713234,0.424020573283078,0.289837220460047,0.175880956645679
0.179696792914401,0.239391483599905,0.269359817076518,0.277718836842158,0.310638036201084,0.525617985735453,0.614446405117021,0.65702446383429,0.680610321701171,0.609018053132324,0.492543151399759,0.289880199298403,0.185910719394162
0.160463618820314,0.189880113717777,0.205119150427518,0.221629429084959,0.300113081493425,0.528921914467134,0.671719806496895,0.73662924283767,0.731703747646319,0.694950214932718,0.453797167415958,0.225631063363198,0.145388097650846
0.191687799565552,0.247402721518062,0.256776641035203,0.258001003084193,0.309946968852328,0.394772326511744,0.532178633686257,0.613342016104862,0.649332865543827,0.59928878957082,0.37967270477138,0.294680988793243,0.235216703614771
0.188461944718698,0.236827577994639,0.260424380269773,0.265765802520908,0.300631276626603,0.395009953288945,0.53653352906094,0.591816693416553,0.647037944363864,0.557517051029617,0.377460381922775,0.287146159867572,0.223117380704234
0.167546853382442,0.193165068367977,0.204656537439584,0.218346591953476,0.238088182468377,0.465416568150983,0.704844386110899,0.71679729226773,0.732479030988442,0.673044526161393,0.439785352156054,0.249859181924003,0.165160750469161
0.184187593226671,0.238448351258875,0.254858367957687,0.267439918855762,0.326690229620246,0.388828591079729,0.540732905010718,0.625438709580228,0.663942438453368,0.623912900244606,0.355604993018065,0.284407319807331,0.213669951165839
0.216614532914317,0.232943323027001,0.235984188590502,0.249676581995027,0.349243908974478,0.492844436019109,0.651383791008118,0.681307375908433,0.697394023058082,0.660135134808237,0.396332362446391,0.240146285923282,0.178945089513624
0.216388900560047,0.229589193929529,0.243709273023171,0.271148220423637,0.333266157058535,0.562093154930933,0.707387488634154,0.68707438083073,0.720892029916163,0.645239528546607,0.38977610739091,0.248758097686286,0.204142401430691
0.184592200324734,0.206229336108758,0.216359258122158,0.228714602985093,0.305924567080717,0.459752072808744,0.609370004054238,0.654269287658044,0.747892583967629,0.674664771575617,0.538875049155406,0.244758834491222,0.191692447314595
0.208141975470624,0.221042540052959,0.227762985587288,0.246303787245619,0.326789364876225,0.480481343199054,0.638921420830817,0.67052470753558,0.689163587262995,0.657987480785899,0.391306331320894,0.245320686929401,0.184688738531724
0.271698391540408,0.275356192382113,0.278297766344616,0.354287157740416,0.392381800179718,0.59866804344851,0.65293858902018,0.656661094947121,0.609861967259023,0.504766573831752,0.394973602160505,0.227587025128308,0.214548497643725
0.298868608881777,0.277893763094751,0.282667789280327,0.303618840818292,0.375586425734284,0.499896124150768,0.72714520483963,0.712254023174753,0.671789775286573,0.61266799148595,0.358805644562056,0.308559513820801,0.231826940224612
0.212898054231993,0.248437612063227,0.258648280713875,0.277184773470595,0.354434360335894,0.435408273876596,0.558299355761829,0.607670901271339,0.637602072300647,0.601214343665365,0.395274251436124,0.29060353579576,0.233488320615445
0.360870027770633,0.321005770515938,0.368150003742836,0.393156513571205,0.406749052623758,0.54196902465119,0.640577832309818,0.670963000023648,0.603896897702922,0.528898746686681,0.355231389927179,0.293693263077073,0.290018896708468
0.248840026210477,0.32687416756289,0.346582402346279,0.355584309062964,0.386346968167461,0.506536496291622,0.623568465985301,0.611033057638362,0.62763864561927,0.598246161016758,0.449625093865362,0.341909551119181,0.305501015777467
0.248971249669202,0.254647421423777,0.264140123504018,0.271769616098507,0.374271172220699,0.507964915698931,0.689365492521979,0.703856956691155,0.689488158718778,0.600850517778346,0.564052382137,0.282359562173104,0.205587733921824
0.189689384742728,0.207808373602384,0.209948808373973,0.227754448147302,0.314559324028146,0.553399270981035,0.754051446237234,0.702250198841328,0.741812819737803,0.659277847777214,0.367744048793989,0.248559559598983,0.181264074491752
0.288930866563657,0.263215825922506,0.264180648111372,0.357367503447997,0.370769730011547,0.47395043871756,0.619182712334956,0.68504872642062,0.683043191558984,0.587776425057092,0.349794844739867,0.255399301122835,0.220010703463776
0.212966347679862,0.237282686864391,0.237203619823782,0.255132348578599,0.35091671966482,0.444689419907336,0.581246909605531,0.633907034881788,0.66306910372581,0.57277339830808,0.421194776406872,0.250410406889759,0.196728681062156
0.24437135317168,0.256545274863527,0.268860105665869,0.288237010756814,0.342781673400917,0.465596821904877,0.594445827318973,0.63209236749449,0.650302663270177,0.581639861391515,0.39577227543988,0.264078401982079,0.218729511875539
0.260720394268508,0.280251647218016,0.286911167640019,0.30591686487396,0.349457864013,0.533043302746372,0.678097384698379,0.701769515888005,0.690120692244144,0.617097751661115,0.349367016459391,0.240264457768101,0.208548964863421
0.23541151638382,0.246348654122488,0.252419450508309,0.267148261641495,0.350700656221248,0.468530741774023,0.633563859249618,0.649952891075839,0.650742581311318,0.577675195318679,0.429560022566432,0.266236251357333,0.218346250379428
0.192025029982109,0.222669136214686,0.234595254481162,0.241925008797144,0.300104777371486,0.427480027670601,0.561806981459976,0.618016310848066,0.690928028084565,0.616478228097439,0.464840304825376,0.267727085557541,0.206775940355581
0.367949838901883,0.335336699702022,0.358947036856211,0.401731673383512,0.403414426101061,0.528540069015402,0.730585564623214,0.674072649386719,0.636593732745392,0.56835127383807,0.356498238390312,0.309058655321128,0.278991667042194
0.187937504205003,0.22484932855387,0.231248944113907,0.256825969477747,0.276670060659031,0.561756485100359,0.726022262970288,0.736108508353058,0.715808119735006,0.65253093975587,0.422325437729151,0.243045306941444,0.184111720087141
0.197164465117965,0.248099560856109,0.263272537641568,0.270586618689671,0.346285659875185,0.405337000666114,0.532308864173675,0.617305319634836,0.635202934615345,0.596047939291236,0.298444796484778,0.255333321581569,0.210530948334234
0.257650038225024,0.255495620521873,0.247120779557636,0.348558865325383,0.368319909404682,0.551866554550317,0.644447960700028,0.659353028773868,0.612265133281908,0.540064764246309,0.383313658768297,0.236108278309901,0.215537350831427
0.179328196485159,0.227772099964201,0.222881543211211,0.251498343477216,0.335925748612051,0.514714051821579,0.701348906192122,0.643557911133021,0.684069311111237,0.638022193596209,0.445495301871942,0.280584952018667,0.211670315467759
0.208662818128543,0.23817842509456,0.244103936940695,0.265835456231535,0.336331290558233,0.532803692070349,0.697922818757326,0.673836712449639,0.67654295701798,0.598645929104461,0.385773550322949,0.251466760310307,0.206125161712691
0.303983212159253,0.423679828838266,0.452218745229401,0.457871856203827,0.439405654884141,0.518857655544945,0.553405861912093,0.541512796846627,0.549115026445726,0.511618171683875,0.401641226381053,0.371886704226305,0.390531790414875
0.204862940691526,0.237981913749878,0.249085931994128,0.264083291469816,0.343076780057588,0.447218159077446,0.59914889772139,0.625691361940081,0.661953555130189,0.60304831827907,0.466483717539023,0.273834387076897,0.209386805327803
0.205507261586093,0.253036184492525,0.264051259432536,0.278219426380582,0.386131752034377,0.536471287062296,0.714748080269368,0.658284008034878,0.671467600242399,0.654166379315682,0.41228102520966,0.284568491944584,0.219842922369817
0.204434286121232,0.259510123290123,0.279085515373819,0.276028173057366,0.296457315104475,0.398081229926151,0.53412286499795,0.600371412693896,0.694685749511965,0.653188110644632,0.479090048238816,0.282740020967964,0.225919760349035
0.165832438469475,0.212679930407843,0.236203857670315,0.256378300928079,0.279490193805202,0.526352660585938,0.704465734356726,0.709954702209121,0.71446002099817,0.688341902993573,0.464248091354952,0.249056430499612,0.177810754223596
0.369810718780405,0.32218712568398,0.340115497643558,0.386488557055207,0.397561013725519,0.556321491307013,0.740038329097591,0.707262110900522,0.690542298374206,0.589892663416749,0.343317534062271,0.289399007393285,0.275195141436605
0.169082540065379,0.18768581903512,0.192567559030519,0.213761702683853,0.314700373775563,0.546448007214543,0.744689661266335,0.750614411432021,0.741692581021187,0.655445437906461,0.375888812268948,0.207987305722435,0.156460698844166
0.283334935664318,0.279401821542158,0.260691206356019,0.33841772817585,0.363150447960405,0.465321256848639,0.598543374295921,0.657384130069699,0.645813210282032,0.597422574010323,0.355965776579059,0.271789844776378,0.226958441967113
0.192868672357313,0.220252349306163,0.225401920751174,0.260362674562416,0.292545250080272,0.555480859413009,0.740884932743562,0.717797919828285,0.716593817084506,0.625771788532658,0.382041855680077,0.253998018207693,0.187553724038706
0.202448753151664,0.225182238812503,0.244213031247282,0.258252815101929,0.355902693072305,0.47839945029087,0.622425703568072,0.649171098949836,0.625696886948562,0.579731064932478,0.282261754199334,0.244729164440669,0.205292047473126
0.254913838415867,0.229485952581975,0.243079152284256,0.260980283671664,0.377139202754413,0.482810824198277,0.734399830689976,0.699960882346431,0.693337559133122,0.601344875060995,0.344864876244486,0.266044967882797,0.208514585360769
0.27098120546144,0.255433884634127,0.264555868532863,0.282486125123056,0.371905868522945,0.565833364450182,0.701630997206811,0.694711211235959,0.660451786479832,0.582777836158812,0.31960415954554,0.251371816833837,0.213539151406222
0.203904447404293,0.248420579097415,0.257729171080145,0.266056250173603,0.367781659218661,0.508227896102522,0.646533271708345,0.648738167414077,0.670621210613848,0.649286228263379,0.422275707073524,0.283399852060531,0.221600341238827
0.248647368994233,0.247193789990027,0.25198193471112,0.360062904115822,0.381792797727814,0.540349699541952,0.628829873583496,0.644560762214573,0.617428865350766,0.541922626844803,0.432313871239816,0.240745986557258,0.22108787215175
0.24587336728125,0.229612701472693,0.233271333846623,0.258142395436252,0.332943432154555,0.557537696932909,0.748777128144364,0.717323792975619,0.690320375577558,0.623353629935573,0.4702677822212,0.295168004692437,0.206006428820445
0.183465379172376,0.177005288116169,0.176530606878127,0.23354482878619,0.420175316707533,0.630010281068412,0.720683427006002,0.764227767000397,0.771746492832997,0.64051102158367,0.391114094756357,0.183300564830473,0.143759684690648
0.20008735926882,0.261886313148337,0.285306503434414,0.288587579624549,0.369967665455949,0.477122769451855,0.58322872783367,0.62164258660413,0.689886991912194,0.637922350430187,0.418141937835963,0.284455068058783,0.228125967834039
0.173832883589268,0.188239901990238,0.200255538233204,0.217422695457463,0.264533501231281,0.500731491169592,0.750515081904065,0.762738104375761,0.750628293774439,0.683840903580429,0.406276711559959,0.242823141033785,0.159671186745359
0.261808192341954,0.276995416151641,0.303503835857853,0.342151485293741,0.372896171530986,0.486160583792804,0.585642320530838,0.612531428894572,0.628682567623143,0.488468371531458,0.355913177246225,0.259938429787851,0.253856545726585
0.262103295756744,0.281679479967755,0.299016577392592,0.314427948538959,0.394913112701995,0.52318311900809,0.613413563878767,0.640212638023055,0.616304624671319,0.546261339359702,0.354680027152241,0.304043055442909,0.263276811818591
0.175417822164329,0.209063504316289,0.220188083154238,0.241638983340124,0.286104709910246,0.48040327732585,0.681965409794371,0.674743690588187,0.696125516138968,0.633466729839944,0.421138294655057,0.255222412698228,0.180579393842421
0.186825393348565,0.246002707168686,0.260505064241186,0.262266663480159,0.306245966672359,0.405433210747598,0.521202533479395,0.596603803868991,0.688113073426074,0.60771873992769,0.473415673171177,0.302660710987485,0.226966359802094
0.222171777743786,0.300457948024895,0.326374079308883,0.34042700221639,0.393385507841123,0.503474846508651,0.573043354603745,0.590985650187882,0.568305421614402,0.532313166863388,0.402747511332588,0.338774861671222,0.262610631162404
0.221767678824792,0.301439232330666,0.326908970887701,0.333670246691195,0.394617733193527,0.522549875775824,0.597650208151338,0.59236899363716,0.575535892390287,0.519609531600177,0.41174937011052,0.336320745944521,0.252325440021217
0.198180871905619,0.272945498292799,0.299216601862824,0.310889036554024,0.382527411789861,0.523498639935971,0.65071850734956,0.703747501265605,0.722160599409905,0.583862394765486,0.443241984299832,0.375915830127898,0.245625483770485
0.1848311891776,0.234690420135698,0.252397078777117,0.271299301988997,0.359243089454429,0.506944326891084,0.652661132328235,0.671921924564745,0.630688124380165,0.553626956360067,0.431745207249236,0.317837463698201,0.201981091375307
0.177610310179465,0.21532766405145,0.222220885471529,0.241097372655028,0.339840946178632,0.498111180459944,0.673863718474834,0.713828782484916,0.691313568631212,0.580966382859816,0.407577859322435,0.231277525109332,0.164441116691019
0.179732569424381,0.221886075411544,0.237820081296596,0.266521104439107,0.332759699632914,0.499693971769912,0.688506937219106,0.685398903812946,0.656554448240953,0.507848280278289,0.305359818890402,0.242993516671297,0.176140745196527
0.150600473909956,0.192649113314004,0.191401511706985,0.236488314151481,0.333476324002013,0.519008841575619,0.647053821537349,0.653972330962574,0.66516182075262,0.452432572980636,0.271346242275542,0.160783813831113,0.140493376100385
0.185649631723855,0.219856564389201,0.23393341496217,0.27311018738238,0.326723504423819,0.482179925580888,0.71844333201318,0.682141881472002,0.657330850829729,0.499834122100456,0.338747856288018,0.275913941678023,0.188946006160779
0.175036827638368,0.224091276349242,0.235924172854582,0.271182348943388,0.383511336754021,0.521497591466883,0.674385802607208,0.705012660149104,0.684148096454621,0.572214603620192,0.389240254916831,0.251456436984644,0.170281583231141
0.150509397403752,0.187482317575883,0.207137578385041,0.212035358023028,0.309765832013655,0.445757972716753,0.596492820713131,0.642880228637537,0.621549885995207,0.648210583254823,0.416796815077417,0.297530496465668,0.163315376658948
0.171009377324692,0.2139070954891,0.232687314937699,0.270149267318976,0.330587560324247,0.481560406771465,0.719910650956528,0.700014682624403,0.689080800196216,0.499565564807709,0.343151431740034,0.269831734436503,0.186027212025677
0.134845188034243,0.169639664574352,0.17752077926715,0.196023139944775,0.309248575812421,0.452521069631331,0.596140917298326,0.654522665168566,0.652080159207304,0.507443061231108,0.357423862737049,0.254091967075319,0.14684148031115
0.161491990881148,0.194375620071265,0.210170871671585,0.227802467132062,0.329668006050448,0.490015391415777,0.627880344709968,0.703312720054604,0.676209507148405,0.566218900054852,0.432389921950675,0.29481730506547,0.175727411104136
0.205232516039669,0.271470638576257,0.287048551757607,0.299812695211031,0.386415892986148,0.532764848535787,0.617609118158752,0.636328143778541,0.597385026936542,0.553219762005726,0.425634384784162,0.330014413962016,0.227280214665801
0.19606915066275,0.236839413030536,0.240734513755308,0.253487389164484,0.381245957912053,0.523820385131792,0.686521342021397,0.739746487835594,0.712355073094289,0.612868832460876,0.475192658478818,0.264342404529171,0.178741354511242
0.158703505267156,0.197453751830754,0.207222074621312,0.238019332469187,0.313478297984514,0.421017577909035,0.616979772647168,0.692944702709091,0.691789523462497,0.553500832182408,0.353299789846352,0.261774881638733,0.175406062800586
0.173495603850391,0.216310881960433,0.22609407648977,0.239633907292014,0.333161346519112,0.454049913415828,0.575331572872634,0.64233126737796,0.625779152575249,0.66774819581344,0.441498471076649,0.313106676316242,0.188907946860651
0.180733810712937,0.217765189848001,0.236755012010375,0.269381632795612,0.328870596718696,0.468264041919093,0.719079072210974,0.685351987309238,0.688205732954405,0.53665469459834,0.370763137458094,0.292117301301113,0.191459840702061
0.158355173828754,0.193513230847005,0.211294728293844,0.225152515729248,0.309130998089316,0.439799287708714,0.612796668684126,0.676047542004471,0.659744955754851,0.685460388943649,0.448437195864762,0.323004602661747,0.176124438535466
0.198561102706797,0.256015228669013,0.276994270901611,0.280826030955087,0.357674564301081,0.492118216493981,0.668019541655018,0.724717537977571,0.72049326365765,0.603759415860778,0.452705626842915,0.390785155923103,0.2430285747593
0.181230746887377,0.225927681249955,0.238356029615903,0.254170663179893,0.382984260212972,0.525640562858559,0.66785929987017,0.725963962178431,0.719018584399428,0.609932509663487,0.439390420573073,0.328529621726397,0.198955449038553
0.184742531260282,0.227246802362571,0.247007599538798,0.262733293905132,0.352142067489262,0.498738402227742,0.646646560386993,0.702009912542194,0.660217248246872,0.635080764300243,0.48878103486705,0.341525486788597,0.211607289922876
0.171087939160859,0.210511096677757,0.220415360765622,0.270646744071382,0.361910778009819,0.521929736325752,0.637679092669233,0.632192451520186,0.593801085687485,0.47088172569948,0.253181590707661,0.184569815577472,0.164006992008056
0.179527830207335,0.229655159880684,0.235593345169112,0.266265142208937,0.453129434526303,0.563242975063525,0.680866239817269,0.702959199973111,0.716257545217016,0.593830746581885,0.415274431002227,0.295004462644405,0.181025474895458
0.157999557493431,0.206874368061384,0.219952436130467,0.256897238032683,0.425135420428591,0.530976361849719,0.669503097168462,0.70715725902991,0.679525340248847,0.587389893424148,0.43307874228889,0.239607854734442,0.165500105773267
0.149822773759337,0.183552272554333,0.201197736501624,0.227995466517054,0.300959063110088,0.420004711658255,0.597298239858242,0.669654417099693,0.694154486396846,0.669323083273307,0.461135622829947,0.306495873782393,0.180209672386382
0.206887191394034,0.267422260645079,0.27689552967283,0.301516399431753,0.427716882123146,0.571313988039274,0.672112177110527,0.703360517372889,0.710841107706819,0.613027354788627,0.469774361981485,0.385538224129193,0.251547087685331
0.140185044894994,0.176089153070231,0.189005475472917,0.223912574422914,0.31379056425075,0.455223361812829,0.618424054270965,0.678807466278729,0.66909405730284,0.633651420349936,0.413316187285193,0.305966541455192,0.180576810056451
0.175763040034092,0.219969005945116,0.227893488507702,0.256961921311792,0.313705420898121,0.46714600524498,0.675140513304117,0.704735834467541,0.710886573314316,0.494822551804555,0.325032750033793,0.238018630632764,0.171546100045994
0.178321906727404,0.220966771276388,0.236921725040347,0.266450425306857,0.318501456357347,0.441147060019652,0.712695864113815,0.683033849851374,0.691227963733228,0.551742048261458,0.363726819151614,0.278711044624263,0.188588199637409
0.158172724928913,0.193513714291128,0.196656496910281,0.228294440017465,0.305752645467149,0.477829588301614,0.657089136851706,0.700471519896611,0.703043523605154,0.556345869925714,0.353825392532664,0.273288145426574,0.176291145229771
0.18152295249348,0.237585925674629,0.237481516288686,0.26570134329776,0.400200081123253,0.527466522484525,0.643067105511654,0.679527776345085,0.653266733174874,0.545920367271232,0.379021598236688,0.234008600301301,0.170728930172067
0.156699679705023,0.197771935597293,0.212196174327259,0.244645641410377,0.340378224668467,0.508421016983889,0.618170355053401,0.660844232432859,0.644036435267593,0.479874057421011,0.343924085821256,0.225785953335936,0.156201926478503
0.178832199056221,0.208524484047441,0.197732831190136,0.222638441819596,0.304801231029269,0.483932548842059,0.714004723073124,0.758251374529655,0.738080661094992,0.581311087532061,0.361930484897656,0.276259257970272,0.169039535539686
0.201808578388295,0.264904100993693,0.294478644114737,0.316252669561833,0.383017855541837,0.51415546050317,0.610489142030657,0.646155670757416,0.602544373710546,0.534050702031288,0.438053614292826,0.321609519829334,0.233397672640443
0.140024224730169,0.174162516101541,0.181776113876618,0.213815781844562,0.317352667235624,0.50721519371045,0.656427635021675,0.646887444969926,0.66407732270469,0.46141717289228,0.305868248597247,0.240158027898911,0.147036224252885
0.132793227206277,0.167407842336997,0.171711103429149,0.200983745733264,0.307128494433445,0.415188550495474,0.589272049345048,0.677257843835377,0.654916815580288,0.57517608093523,0.41694973862136,0.302677987983552,0.182434276777187
0.173182205331786,0.210276361764426,0.22002576879158,0.260264464941521,0.366429544770711,0.527418964972082,0.67693278857719,0.690560731879516,0.682931337248391,0.514075484522397,0.352079623703844,0.293322699852112,0.188058274480149
0.182908615553021,0.22480143305611,0.251266560117158,0.270908976699658,0.365976627573683,0.498409276498639,0.625516876509235,0.683709725628319,0.607570992229239,0.602876265828557,0.435821313319365,0.262446323064367,0.188102788098306
0.194135779299298,0.258901264939398,0.262259258380929,0.297770500959372,0.426461633193903,0.515708327583699,0.619652960322611,0.633855868022628,0.622648224778871,0.540772875115019,0.398889777727767,0.243132500108869,0.198489939596373
0.173805777631034,0.221773230590937,0.237470497718356,0.278025972582136,0.314277921098323,0.496015775213271,0.723116975097338,0.684088328924102,0.686788202864482,0.603995725440295,0.405137334250822,0.311265540712414,0.199474938123022
0.137596477136377,0.172526682159834,0.181304659626543,0.19767891388077,0.304313160605667,0.467024511659175,0.615320208251999,0.65898073433711,0.630019389683429,0.51609686909226,0.411629835985189,0.272817216988677,0.15087461336779
0.175701330905092,0.220953950725952,0.235043743324528,0.239892090883244,0.344418871853794,0.473285218346301,0.625272044403307,0.687133185695486,0.675449838377319,0.671182743370462,0.51314755310389,0.333572353020123,0.204454652477691
0.22500386414985,0.274294770647801,0.302734478957451,0.317476044232064,0.394175459466301,0.533514120646793,0.640547108129181,0.648713967826222,0.633974591822849,0.572402522951262,0.338402479185741,0.25090147395597,0.213370567657146
0.216474831233813,0.283721699007614,0.320476882521463,0.348255946143491,0.370624975305872,0.536582312275103,0.635820565724137,0.68237301876193,0.685332507067796,0.606662624154608,0.443727351451848,0.410715402179092,0.268880848020011
0.216447378206884,0.259620282378411,0.272199417392579,0.31453403559088,0.398779111859268,0.543475943858231,0.641654875272933,0.635581914292971,0.679074421703914,0.523937362622569,0.366813707790344,0.281671640380883,0.223959282050216
0.182826745637128,0.258903140587722,0.272969090637174,0.303373389874386,0.441519354240972,0.493762399999059,0.598863959789649,0.616853597303499,0.634953031156609,0.539034590860106,0.336335510302681,0.260710536943743,0.212750068670127
0.20423242124886,0.262314741899279,0.271713969366451,0.292136108888633,0.400616176198037,0.553849552622644,0.676983596615398,0.70961279357382,0.678374707232111,0.603233826315387,0.415117053559053,0.283186022546382,0.199736385799452
0.18329497472944,0.231097342923428,0.247598072052718,0.275087818450808,0.413924468978468,0.547989022209468,0.657176362538803,0.714726206646738,0.694092448909324,0.621754677840518,0.439942157927338,0.313958103050747,0.189506120652465
0.220253900209922,0.281390748821621,0.308949004166722,0.338156115718864,0.411770274903324,0.535781469781411,0.61483703137253,0.585144287709418,0.580286467825627,0.549281013012095,0.336886689461276,0.278457184647452,0.231839248152985
0.12967940724818,0.160226707088253,0.175646639333521,0.204582900375034,0.338687403670491,0.491762729917171,0.623622088363812,0.690926427911834,0.661134875470542,0.564483575503356,0.425557376246044,0.264631969115667,0.165342973176339
0.203853041296724,0.291484390828563,0.30261667010373,0.320450138327929,0.454216195865367,0.556053766818484,0.651365289083942,0.615932767274241,0.616942374881944,0.50332408005845,0.382028405507451,0.235247501215521,0.209858524923016
0.183126165552578,0.240182960882234,0.256976857981674,0.286581328251134,0.413395900595558,0.531967327663457,0.650729552482831,0.708261048873633,0.678394200066844,0.608201090820479,0.423809512573408,0.268968520302212,0.183691632297352
0.192969966314582,0.246175808672564,0.247945854986693,0.291500482009797,0.437278619278255,0.538854412686029,0.650384463203804,0.684606919174813,0.665385805622229,0.59671175528553,0.415115787819111,0.26462612050359,0.183481401428068
0.17975463524649,0.210935412767626,0.207510602522216,0.215240058215533,0.316293224011781,0.487683475252255,0.617430618338595,0.727974987202483,0.678447535202009,0.626535332166118,0.481767470126869,0.267085250424886,0.185962143076082
0.237327619456757,0.302930201941632,0.336541204197582,0.360460714080015,0.414883223602021,0.486263925112136,0.590079885867594,0.585411740596911,0.57431827012776,0.504369493527084,0.344987237850493,0.302814411852067,0.258253278286366
0.218297872943446,0.265047425429712,0.281446263288451,0.325640240401783,0.408783278982873,0.561838036050268,0.622452246264578,0.587670612946095,0.571284081296777,0.502291690840068,0.321596012235158,0.255086963964034,0.22510025555755
0.23401203301574,0.26593082363022,0.273256349106453,0.320166322700123,0.391266723653801,0.54738019631927,0.660856500332988,0.62527526014112,0.649575981447227,0.530754042121334,0.354455606981246,0.273719547897273,0.223437285121531
0.189417812297313,0.232080865082664,0.243945236771711,0.282137148806109,0.364551111025934,0.539736947471874,0.658901805402349,0.679128082407428,0.688357270461397,0.50227704182891,0.360375121626881,0.289445858914,0.19859145563151
0.176302808715293,0.210166774099005,0.219340809686432,0.255578525296312,0.305180151592349,0.488792156309121,0.719236882932364,0.706386484965518,0.702298946967453,0.587182662282721,0.403978330550558,0.303171562401504,0.188694658863988
0.160448773827661,0.19574439300985,0.213074587966857,0.235844200742884,0.332383413049128,0.47117661946166,0.592332052706454,0.656450344189445,0.620123039658662,0.620097677406771,0.460359266021095,0.243404051178279,0.175790267852123
0.206263791448769,0.268441592654564,0.282286265778612,0.298393439002062,0.401401973820384,0.547559287371354,0.647075642835259,0.683061302258425,0.634652627648968,0.550947413972901,0.397729946885011,0.275848251717007,0.205008657514359
0.186577093127172,0.246919901941374,0.26681937347995,0.285863948248418,0.412981963154554,0.547073386268256,0.693203136992644,0.708881198148689,0.678624394173128,0.56669085372095,0.433129603882539,0.262203545479619,0.200267190552235
0.155304084871519,0.176789079811137,0.175585844040178,0.19528966629079,0.289293161977332,0.453883484308934,0.631823876917283,0.719301861573174,0.678699323695533,0.701223343871097,0.449439214907778,0.281557560834851,0.167005795400405
0.14693539494186,0.169926569794882,0.164734632221806,0.176885325776557,0.280557399892042,0.426661948618937,0.607029093819119,0.719972439993209,0.702600744312752,0.621254407788846,0.48631220447894,0.257322085718602,0.164176943294652
0.219181775185086,0.283603484965808,0.286764945449905,0.301804834812123,0.397015188889797,0.514648144929205,0.632093456998683,0.723405353560584,0.637357994220619,0.572032416558663,0.403975721783064,0.296404722084018,0.21244732007366
0.136738998947592,0.167240130140233,0.187792335170334,0.208469863955724,0.330241278175522,0.479002353241338,0.612873722346499,0.65995826810092,0.647485877457599,0.57692998132477,0.379762896259027,0.326521539084016,0.175803001728783
0.17551241888401,0.207577501977074,0.203908913834609,0.218711850197669,0.326677350591878,0.459039007421486,0.575641995921185,0.663352968453753,0.637582018401024,0.642063884542173,0.434282873208474,0.282297206917095,0.185242008744995
0.125305384874523,0.149542805486791,0.159330849378569,0.175321083299014,0.305506681307064,0.447487236376565,0.620206157367488,0.656762847556153,0.622842682764829,0.528619007129221,0.39693668374899,0.267218205962485,0.141196612140224
0.201230856192877,0.234450031618157,0.246533774668934,0.300241299891747,0.365826960995219,0.505902580839795,0.612694251410343,0.614252841231208,0.620040468418861,0.484282104876229,0.311629841576383,0.217870295574748,0.201633690900821
0.22455060083405,0.252063619791352,0.268534964258605,0.295607853619149,0.379562981549943,0.538479197818491,0.654924081896738,0.670551120812274,0.691345303555478,0.575843769111636,0.390891598924,0.261481178482315,0.214338987704071
0.258756271451486,0.342772765250286,0.357926053693021,0.366688911317186,0.387905697618729,0.490340748863665,0.581240214396679,0.613719766365706,0.568742528316492,0.498303534309708,0.360661053253666,0.308940399608439,0.263533491593799
0.155495199116693,0.18713061514752,0.206125358662218,0.21615997927243,0.320834716290363,0.452995596008703,0.594353544759422,0.668420575270279,0.659704309198978,0.576029834586951,0.440640063559024,0.305091162096784,0.17006907061465
0.178566903800166,0.223447585388398,0.252812753971291,0.258928180291094,0.383046515445658,0.569790370994631,0.692264743489462,0.712890050316153,0.70127413600104,0.614437944837799,0.434966835293028,0.280387033497757,0.190605993751353
0.180272460861492,0.213322370498782,0.228981542317109,0.244581976074752,0.366252640207688,0.54050440907037,0.69874835120915,0.711560674514616,0.65194910771813,0.570835894855578,0.422767596059061,0.281325516600389,0.184118774564629
0.174703105207588,0.201724870867595,0.198023143444466,0.212301217983566,0.32515855485446,0.480472715481203,0.613081651059665,0.721623396103708,0.666591292586366,0.655707226110409,0.48767323233272,0.281255573451245,0.185721221538161
0.173666346677911,0.212039444774007,0.223131695484395,0.263955898919149,0.352858110538213,0.522740403657999,0.649544558367742,0.65413973007368,0.660995786600831,0.45945605895885,0.298369896628604,0.20004958133974,0.174023214764546
0.190169268816076,0.234876498963459,0.248679259766005,0.272165093029739,0.339332943268348,0.509638048228128,0.662142280293586,0.692348743044086,0.696904469277595,0.553993232928733,0.390066900435045,0.30683621297701,0.197438484580025
0.270444398795031,0.30941376559544,0.361730787931479,0.39615658401382,0.407815014147899,0.516120190249477,0.624624734034763,0.586335857906102,0.599329105293609,0.513491707231802,0.327954042610299,0.32455110607958,0.272455623349459
0.226259377860676,0.292882629156406,0.303478997287634,0.321506748085997,0.409708630102456,0.530541486529078,0.649781018097596,0.655854508729241,0.635660319549634,0.601732080828836,0.38313563400115,0.298468010004498,0.22693877905396
0.134495248306453,0.173766641910494,0.186514989515628,0.214920279935977,0.306300212143737,0.469291540943196,0.614003611864834,0.64900363553648,0.659312193948737,0.495980106452797,0.352865536304622,0.234384065288007,0.142389261522063
0.138739254720732,0.177517885503949,0.188583826300624,0.226412700836774,0.367988142818319,0.469447043803089,0.613621533804804,0.696821918321286,0.664218101653215,0.618962548400565,0.433858011679149,0.265438162763749,0.173098703523154
0.203141758902573,0.264001599065848,0.284791475695726,0.319654357706793,0.359912200704983,0.507089464629223,0.691005813301563,0.693274564342577,0.707731076978201,0.570778893533454,0.455943243721076,0.383668788633121,0.254458627613218
0.180013829139643,0.224954631778835,0.233682897329983,0.252075035928901,0.343923685481057,0.447937465739304,0.556595801495118,0.612176871034531,0.605659285449685,0.600635763227198,0.446499785380327,0.306654017294544,0.201199389746546
0.154481760571592,0.193357846667815,0.204585000515395,0.244851004463827,0.325180613728674,0.44838353437691,0.609413381439752,0.694973351009412,0.677016094161099,0.553562367765521,0.404240276171935,0.291853904657122,0.182922229816991
0.135856498717974,0.170047870512779,0.17260978070104,0.205961452568386,0.282698454296427,0.482255042446974,0.624420796058043,0.685277877602288,0.688019956356057,0.509424564686709,0.38345983899903,0.268174154664808,0.163150360506002
0.246101789900487,0.337407114189209,0.344371564951194,0.3594019296242,0.422158801555111,0.513151084875888,0.53207780574322,0.565836641400505,0.554631129678464,0.523422292375745,0.368521485320172,0.283457309412943,0.239084488159434
0.210382282378465,0.2771632041738,0.277979383549274,0.306845613954436,0.402354890254357,0.558343665568962,0.593277095187933,0.572523431975384,0.535862298610591,0.490025099509347,0.317272810536256,0.237428645004889,0.200407385011547
0.226348813124012,0.283027862828191,0.274888639009131,0.295559669176826,0.364962300170489,0.47004621775354,0.463476245376927,0.486713092198468,0.458929668214008,0.353986159911519,0.239559686740731,0.205497477578946,0.193799323966618
0.308544942299362,0.375580004260701,0.325918641979057,0.263762161011238,0.246476041405243,0.312712880142144,0.378311000457038,0.396698078979379,0.406067595774705,0.350261784176166,0.271306173239236,0.212261171299271,0.198847279716204
0.299598309823035,0.373218030786979,0.362400139134185,0.36452429364453,0.384637403774158,0.497656609151419,0.549265843066576,0.623713567350161,0.663544306926717,0.561583620389658,0.474920997952303,0.417650526516051,0.323192619266451
0.24169854693175,0.318934135901193,0.311647438700371,0.33339774516836,0.392464183903264,0.487911896492315,0.463836548912229,0.450200123706194,0.409146820592736,0.343400369869011,0.249714001583821,0.231421257222654,0.230464654079273
0.340450197359086,0.46257062725422,0.312738183018807,0.269315033570666,0.277329031701546,0.322890317019742,0.314908394363081,0.32867300317429,0.383823273401139,0.325345820044023,0.29169409716668,0.264090569064422,0.223822935500944
0.510105846377091,0.554902678438553,0.568983496651191,0.536553301260984,0.51561509829536,0.5554459362783,0.609446713978926,0.56127445673123,0.574995429050024,0.589363993825515,0.488559754064022,0.431103336359181,0.429033869795873
0.419186186764846,0.425276102279887,0.45745403635971,0.429328291352826,0.475604112752406,0.510023033889509,0.542340894990548,0.590020682630634,0.574840092933685,0.507582078296594,0.423972587910341,0.340840588963761,0.255533969666766
0.277213399251826,0.264819902863257,0.297468396860857,0.347361892459452,0.392862231991002,0.51289394019013,0.672839643107909,0.669996819682703,0.590473319305362,0.493584409785149,0.305441172821257,0.253563780162603,0.254698195594048
0.343384256768054,0.370241504568372,0.353492066167969,0.412825932542635,0.478500597627038,0.603963622159956,0.680023248645557,0.632742858826295,0.582499561856186,0.546699900451938,0.424842926096992,0.319073729753769,0.280501201231947
0.502575215223434,0.610457993677637,0.598008360470837,0.585610430419456,0.540002255799251,0.552784665297347,0.679068182296679,0.574274677103393,0.569441209903364,0.566278139293569,0.505644116966798,0.465236766078695,0.466489420069007
0.431388553462954,0.446689544524499,0.450816646813907,0.445933332489986,0.482706093970027,0.479651629530597,0.549731949431798,0.546985322310369,0.56204496806807,0.501391506395848,0.44159464934032,0.370178746674037,0.265951586830574
0.419212370929144,0.485825818455676,0.49638549050287,0.514605165896264,0.465417119919221,0.519565316629963,0.623072116688081,0.627302598569636,0.589567110226583,0.507272675540015,0.4547275830782,0.41202253725119,0.393489220330408
0.424998995177633,0.406572117161667,0.403939939880014,0.430052056419395,0.425741434459942,0.67032439739544,0.708175291418263,0.658254967889919,0.602227212772891,0.554296394875564,0.434371728794756,0.347725654174115,0.326055074644934
0.382404233394864,0.416061625843157,0.421781385445927,0.414275631797424,0.526212363209537,0.487063725143504,0.587681967903474,0.540987778395009,0.554019894753488,0.491114246264994,0.445386433663755,0.379129299635327,0.283017368160563
0.400027307298684,0.415067320920616,0.432667107904512,0.419242527620511,0.460192316054298,0.486680551757465,0.522356423924063,0.570709410965537,0.564232671324462,0.49246904949566,0.416894886138602,0.348049682329001,0.253372472555419
0.382014572525945,0.436868349566091,0.488853489042787,0.456965073434984,0.539129932365595,0.537656200797463,0.579576523697243,0.580108587455749,0.54449371643366,0.537208359030855,0.425180078331747,0.34938780499279,0.282504185971292
0.272170281554376,0.265746135206941,0.289805487755733,0.397678626634811,0.475824482701571,0.604395287779112,0.658404636440598,0.622163152303697,0.555201639349589,0.504119920993119,0.354399037060535,0.270707736607611,0.265120452865648
0.395452331617572,0.457115974839038,0.431368860823751,0.450604879968321,0.548464195247631,0.506620318784368,0.59805755173386,0.527604053560268,0.516046663569114,0.455792897783975,0.420473613627816,0.363335950914028,0.287731952826858
0.44916981710196,0.587430833274145,0.556940314134976,0.590159921085855,0.532887833210836,0.603958369633569,0.660703898879902,0.611077172619115,0.563526516765355,0.560059637129307,0.488271363058694,0.444027965092672,0.43214435548188
0.189319841969558,0.291124959377739,0.383477464178374,0.470697140944568,0.563342144908205,0.590614446137288,0.502108526135998,0.482297604628481,0.449333381599567,0.305181550482093,0.223362767319182,0.201181876728484,0.173542500357132
0.211390454320749,0.307236870078227,0.363120014377319,0.506400767899037,0.594656448453946,0.53838821392869,0.555558112771077,0.511966204171932,0.435843951268591,0.336616762847839,0.2115240159157,0.214769159126511,0.181240579351355
0.220149507176782,0.300454027704796,0.338892078002713,0.624711914495528,0.687536286485725,0.607595109281497,0.543994663314191,0.538658126589699,0.364288240329674,0.310112059140225,0.218908938923774,0.217861233762105,0.187008897634044
0.165995423910445,0.225710493760521,0.256252592649804,0.522634641937074,0.534263706964114,0.625890064427722,0.556604699983755,0.578182395802119,0.381150516413152,0.25916895310902,0.196701386108576,0.178852691419852,0.150028683946012
0.289552061534146,0.406240020031861,0.42344006687019,0.564907198776622,0.602355291993796,0.541705974363354,0.497927242477073,0.531384790060477,0.451758031707445,0.399979552756904,0.312608084709599,0.311695457624608,0.255624840874782
0.20986806156136,0.316186513874489,0.345940054457955,0.515049963132276,0.565124705857674,0.57731605702422,0.514660802879751,0.556570598944279,0.390775205747817,0.316561747840869,0.229605466917089,0.221986849799288,0.198257234350221
0.235210571243987,0.31922097237327,0.338444564935913,0.537702971882402,0.538578982413624,0.588974002488497,0.523657375622051,0.570699975519767,0.466423953326898,0.364122751119234,0.308168398434852,0.273921158696334,0.220951302184862
0.285300425743819,0.353044660627231,0.384160004100979,0.541606212620991,0.560254244435095,0.607659746802384,0.504446285944511,0.556068061706612,0.428196916300627,0.368248182898504,0.273328757879358,0.265785747963223,0.235870900728766
0.215327533229917,0.331897181117514,0.371154292395849,0.545772915927709,0.572196982021489,0.548116889673681,0.476851171701104,0.552294724337721,0.429492468345466,0.369907053284465,0.292310689228536,0.267372378626198,0.229190699685105
0.305900738505172,0.388175427984476,0.404650244995072,0.56169665217966,0.565686783295367,0.578065903516705,0.49200050799383,0.554044661390012,0.420323563168222,0.360786086937066,0.308025059894512,0.278917119531227,0.238371670185038
0.139113086486174,0.219415675520956,0.264776985641824,0.257813066907782,0.271566961530501,0.438889860802581,0.555480969812217,0.645339514705321,0.595116107980765,0.569163002789019,0.434601266809961,0.259737257530318,0.202312842920498
0.176306465562156,0.273974317190894,0.301091586361091,0.310842396569177,0.306861703294439,0.370854719623003,0.502996175002872,0.513669131148326,0.583865552004609,0.554549071066076,0.398972763415706,0.302028097152897,0.227335428411517
0.154944301120455,0.224153511375756,0.285662861644363,0.308441641108576,0.357699381745498,0.438751676163352,0.529188934095919,0.57215983088828,0.573229747567772,0.530771052387436,0.409024777386766,0.32920647115396,0.259084892733666
0.167069596891096,0.283856719152801,0.321319462443138,0.29513095146064,0.29949134864919,0.443984997802987,0.598266230904309,0.683373831360036,0.630628603629574,0.612617778300117,0.444860318818858,0.31908771428223,0.270863154939731
0.174554129965633,0.223299231685283,0.269888311722664,0.270639072365589,0.304190784469963,0.422192893159773,0.617933740777797,0.603985481112864,0.624346876936499,0.564860939781379,0.381126553318455,0.262652456677488,0.205541499818497
0.190478073697281,0.250842109573515,0.322087208719434,0.321820422148795,0.37753871246739,0.452651814547267,0.584881092312206,0.576975709956583,0.642328409050479,0.54331871009472,0.353839356149922,0.291391243765289,0.235677068890743
0.109343068590387,0.160600698025154,0.196496842204129,0.201760693267504,0.295184511949684,0.509138413258168,0.626279605566057,0.632649277652653,0.659839539566161,0.572692756652829,0.361395149924882,0.230236639871029,0.176676784079285
0.182133238590886,0.218545654787262,0.28785898857978,0.303706356949853,0.361981277745899,0.450524948917095,0.572141330323224,0.598704133699115,0.620439496689776,0.585236507743402,0.392040629874609,0.352696287871479,0.251282148165465
0.13790982618845,0.193901469338251,0.227379274189293,0.250476759949433,0.318827089431089,0.421234957220893,0.547178187067431,0.590307919253185,0.597349689966922,0.532469001243261,0.337361678195651,0.255935711044288,0.217262480857917
0.185053089007284,0.203739419868149,0.284775321039001,0.379252872611224,0.410488239510009,0.481557666277445,0.550073523876657,0.614665262600222,0.602788952544322,0.601231009387606,0.487111776210152,0.363179723898787,0.270563660072304
0.120525311752681,0.156582384118743,0.160721509656197,0.190933583585585,0.260400140752675,0.383596111121831,0.472504679439928,0.566195955488085,0.561867201612213,0.560448732526989,0.422342514366325,0.252226638278744,0.171348394846717
0.132396741366956,0.165878299508849,0.192666109552582,0.243779703631736,0.326566345648456,0.51453455540616,0.632972653076166,0.709819976690066,0.681084127507612,0.662826448136123,0.416506837522327,0.281132614070139,0.152273070327762
0.141174682288047,0.176398736528907,0.202899596219298,0.235796944453916,0.31525460755405,0.484538648295874,0.60789833801741,0.675568999109419,0.668634557197916,0.639072751336029,0.4474173923731,0.282291236334325,0.162038911999141
0.156640127717494,0.213239853863264,0.264961663555341,0.315883531029205,0.377058273875909,0.512227851895626,0.578259926078571,0.656525799871023,0.664720683062973,0.661230429573169,0.503377395842906,0.337024316543632,0.249802402419604
0.122720827457016,0.162959019794805,0.169790812373464,0.194158713425142,0.267629785158243,0.480956961498365,0.531724725502392,0.632323990097647,0.647867727542118,0.579091566110609,0.490210618900497,0.291855093236448,0.176352363346777
0.122553454689807,0.146334538410942,0.189800743720487,0.251608058225773,0.342461835715865,0.468701829764387,0.559195017722627,0.583515110275228,0.527926548461516,0.462352660222664,0.342808696818595,0.257784690059151,0.180329074560373
0.137320148784206,0.171828581964416,0.182389019816124,0.198722857528363,0.30332517190353,0.436441758896354,0.569682644039215,0.679363930899997,0.653334321308245,0.641522048156413,0.45636662442442,0.256447799230751,0.163628029478925
0.182987465694371,0.244498868169397,0.24896103616851,0.321885662861573,0.362240608099138,0.517353909723773,0.558069325200702,0.607659075742066,0.604487237995503,0.574533012711731,0.459382318983789,0.368586542777159,0.232345371788943
0.149048593662281,0.186787150259247,0.19646088560876,0.252422438606017,0.327686983233718,0.506373660990667,0.641494051999154,0.70822104096562,0.699121176849219,0.601651323585306,0.433130012215084,0.322423630504376,0.19397179380982
0.13376921536696,0.1641297129754,0.168528923303615,0.214372338922809,0.32391306357013,0.495785963578227,0.645778005550519,0.722593609559844,0.692962661965212,0.610645872401638,0.404844570748173,0.281374346807632,0.160695291953649
0.201847847331812,0.24289917546567,0.253081293677099,0.302405341295021,0.348028184555906,0.515969081595606,0.682570427201632,0.679682952061607,0.660602318635897,0.561887457405105,0.401014224631655,0.311584845696087,0.211632006742805
0.152360735673891,0.188602578152839,0.201651524669126,0.244683700898774,0.350144754618347,0.498747579185663,0.614046893427787,0.683258144121816,0.653789266809214,0.591697579010259,0.429183139042724,0.318064876381816,0.191602997960035
0.169788560403674,0.233755048798585,0.246601718174929,0.301146928892183,0.374570171617916,0.514463224007057,0.616603748706664,0.679806961394692,0.691135781958502,0.634442643649519,0.502227369093688,0.385584177216667,0.245926104835851
0.129155614452139,0.159358667191115,0.175244655048262,0.188283250661625,0.297844373540762,0.432153186547645,0.60048298760736,0.69222292577934,0.680410166611759,0.654494872283713,0.467159195008375,0.274553118228766,0.161469645088076
0.132946355123575,0.169007513111263,0.188492570040543,0.215089135566352,0.306756192237452,0.481540609348484,0.535401822439095,0.61232295035334,0.639776840704387,0.565582885617995,0.477979453036369,0.289875940318875,0.192167212278273
0.136365798868694,0.192960988969451,0.18873633102456,0.214208968607946,0.288428637146539,0.435121466821384,0.487182112816064,0.60495306639388,0.595437543498207,0.592397104184198,0.496095982561908,0.279655040339216,0.182228105879806
0.151215398842008,0.201966216218275,0.246541825190477,0.305764050395135,0.343670639353195,0.481777477256259,0.564020164899846,0.632925498741815,0.62351197227512,0.608544337610714,0.46834867527855,0.356236783292695,0.197834019064907
0.140845120103752,0.188103761398248,0.193177972611107,0.211092395040719,0.309139478031801,0.422304767833347,0.513509520721741,0.646176051998064,0.638697221206691,0.619734689095953,0.470275095386776,0.256475816051478,0.185026498513702
0.130299715083383,0.157000722560987,0.171107231861115,0.214195475742299,0.33090854668202,0.529261099617024,0.636079218600657,0.707047036349174,0.682057314771059,0.62072240045293,0.392491169769448,0.26951449862716,0.153425869625426
0.139697377162095,0.177218145132608,0.214374211724043,0.262786366527579,0.304343077418333,0.460414054135917,0.547990727010247,0.646240207742768,0.650513181690507,0.624961341782963,0.484990724998914,0.311590536368741,0.197166935678669
0.194763849427282,0.206844954033857,0.272558244407654,0.339279840878273,0.396994830870181,0.535370943975842,0.604916651289541,0.642885398023943,0.576247816121506,0.542482480365519,0.432593020403916,0.304217803938116,0.236120920611962
0.163944031841933,0.194997218329646,0.201601266225457,0.242050010730562,0.318185090334844,0.505790428793349,0.682105575459876,0.713955763938965,0.691480800562827,0.586253778297437,0.397298875391423,0.295611274476894,0.185141575139177
0.140685678832018,0.177058779135539,0.184360738694529,0.198224279237088,0.294710006957178,0.407088852882547,0.538340889672462,0.677034941683305,0.654658062564988,0.627464190327726,0.467284526471921,0.239438207618712,0.173787992235998
0.131594650370854,0.168650242556616,0.20289588091255,0.242345970031536,0.315395144166916,0.499904257136303,0.619474096748804,0.674540898421216,0.678091701190102,0.654983364013657,0.467521695296641,0.307559331666074,0.164471587725376
0.138470818751827,0.171045263808281,0.169933474647829,0.181031937553156,0.293120731877003,0.415946433346202,0.569114629977088,0.696202050126709,0.651700416504946,0.600921674485959,0.461577378018787,0.242808618781802,0.170217217471823
0.186637876945418,0.264896026300745,0.278795324394695,0.328356894817444,0.371568285578456,0.551614165429574,0.634365686627583,0.663366867627216,0.671842170727793,0.601277748957184,0.463372559156309,0.380947087072717,0.262064930309921
0.123572955715849,0.15634963488639,0.18853955429458,0.267781905451046,0.351610777172753,0.44019723931903,0.523893908326276,0.602935527847427,0.54290560627838,0.489720257396217,0.393041552035034,0.268784240427354,0.182286300387682
0.142990215847541,0.17795595148597,0.21046858750128,0.260081019427537,0.346302502945733,0.506167099389591,0.519751310213133,0.581129776280605,0.575162605524254,0.516289907668297,0.420818413182263,0.291148391195628,0.204547055997825
0.134127508194429,0.165701090485765,0.170248017235083,0.18454318692277,0.288330788459378,0.461455611852693,0.56411876129489,0.678559135908261,0.683615938688121,0.624373171533592,0.467615846078882,0.233715749264791,0.159438032037974
0.127424008395786,0.153580540626431,0.160481860135219,0.188966261339232,0.277005204098207,0.482858442180751,0.583894655864024,0.677802918197733,0.685355626221364,0.61498271068962,0.477538310189161,0.273047440439862,0.169271848390496
0.15960847270315,0.218901789606367,0.261336658714469,0.329698243540287,0.379369556151587,0.512044185871138,0.576418027226624,0.639561301403237,0.618862654158964,0.599769876698396,0.482374852041644,0.38508147635758,0.224134468882533
0.163830190934037,0.200683557816174,0.20166592289827,0.209366858989355,0.301694776532393,0.450848155898815,0.591918750376641,0.7212457033515,0.685091063192132,0.621001556951837,0.495956896712789,0.272301677563707,0.189291662592844
0.130907925455541,0.158091737093755,0.194008405534745,0.233644153972524,0.285242030583282,0.476741144992359,0.583573099542396,0.674609621238915,0.687535991399691,0.669601287357252,0.501742493243997,0.330953828306404,0.171517273679586
0.158703833287913,0.213699302695621,0.276684049786127,0.302491549108137,0.387050207953955,0.529827526507616,0.557055745487179,0.595641939316536,0.599015264200213,0.587933828646451,0.487687586081323,0.353548921871958,0.259418884224906
0.156518566572302,0.196988604768713,0.221547276910218,0.284702222344062,0.362856785482874,0.51252118640245,0.606181961992654,0.68869002450984,0.656491098341167,0.613696240940006,0.455392131906792,0.3452629513267,0.201905032208994
0.121963343668285,0.154509903451651,0.169716222954579,0.209561445821684,0.266147053703885,0.434977063114999,0.501071196419883,0.605965034558088,0.596661745508148,0.605489196700539,0.452508935107513,0.282043100264653,0.17910664534003
0.134145093550993,0.172343942216024,0.181553719919626,0.220852913112431,0.299072533152512,0.488719700000627,0.535186441229603,0.621983600733118,0.61554399521948,0.554382370926462,0.441053151289945,0.263233159618604,0.178054920737905
0.112856698065451,0.136588964873513,0.147673808368172,0.177797775846264,0.250496178903017,0.411211482931255,0.531238435922175,0.626536534847799,0.618627953100305,0.682520683470642,0.440958780740094,0.243823299713205,0.16151616701422
0.141679042526308,0.175406718444164,0.19636177027359,0.247898786021136,0.333129066433742,0.488384060854821,0.619935078453217,0.6915358810174,0.659330997863791,0.637046499482597,0.4351025090127,0.310654163485903,0.17739722743174
0.130800526673599,0.159674288563037,0.177361326547617,0.215450174018024,0.319293995618179,0.514469619180894,0.636530714214752,0.714392771704771,0.702243536491656,0.665359658675379,0.419544989772566,0.270212657013514,0.150764763340763
0.135732658876369,0.186893226719949,0.186571939683171,0.206643668161125,0.303598409369953,0.445165124157188,0.525716231780511,0.650164176981571,0.649793060060454,0.61217164967971,0.499378931453549,0.272402020458954,0.185459707154296
0.166407420491914,0.230898393245163,0.248060003993994,0.519008331164703,0.584927398351587,0.639816860931441,0.623480992087585,0.619191559486828,0.499103911062004,0.323217030179104,0.239619837376895,0.218226391829948,0.175724915361026
0.201140568328229,0.256549121820886,0.286511772637789,0.523857755383681,0.534362389175497,0.598993083366845,0.616223075587614,0.592708756290425,0.445196754821295,0.361726419200319,0.317643645743111,0.275366601647768,0.229984766938054
0.165904355158258,0.229832554424757,0.263552094043018,0.610410600474329,0.632887791276226,0.662311445579256,0.581897260258365,0.633152154343824,0.427140812088225,0.325913181837251,0.275267439150437,0.231719930275835,0.183763992123979
0.206028760175617,0.26702849481693,0.298401132324576,0.531911008175043,0.542295087858316,0.58780647621725,0.621966905739683,0.599430295472637,0.461234675327521,0.353137027359766,0.308958735377453,0.26071065677734,0.210725206307685
0.236200373408985,0.247133627757145,0.317220102845221,0.454096405858442,0.469895678891241,0.500007315267013,0.601979069771863,0.5497066993855,0.502803953786539,0.481464591504089,0.407504102368948,0.332026409947923,0.253923628511423
0.230437209218088,0.301983774853538,0.299242434787477,0.451537420991276,0.485710739840905,0.540907740116479,0.599227365911548,0.618127652765651,0.570442317408792,0.446401473537615,0.373093816198828,0.32815454203961,0.261486498607659
0.17961388951302,0.264640165574432,0.303584972659889,0.625095803923859,0.653896269633325,0.695625303059485,0.600159477285215,0.608842761977708,0.424715795909958,0.306033693526757,0.261650274975501,0.220508804894297,0.192517155330062
0.186923031299795,0.24371863626109,0.270552377575779,0.523591426790755,0.502241117853154,0.614725313200606,0.609672135929291,0.61073637465739,0.455951551936846,0.344489797243144,0.271190494952678,0.239025478136718,0.199968318086281
0.213351344478679,0.27269789680368,0.299724947701001,0.525386299432124,0.564236906821522,0.599280989342401,0.628724389881565,0.604946634483369,0.508719438234796,0.396861887242564,0.332707835545337,0.279738479970756,0.23373070628198
0.173363245006151,0.244261841019395,0.275245233618619,0.57936857264321,0.596970424585425,0.685549729240099,0.593272352466212,0.60889404162138,0.42683147278789,0.293699697522754,0.222228491641895,0.219270973769818,0.173938867454752
0.216254270038017,0.288283574664812,0.322805549820894,0.47787497938307,0.515589991467877,0.550911144442171,0.578168393704942,0.537109041312871,0.455574860514821,0.390466465257296,0.355308457016537,0.289846680424844,0.230069002597197
0.283606138279523,0.313980737438156,0.310753446084541,0.330625436189893,0.361258335733924,0.493578739167405,0.631931194573451,0.681222747715947,0.720726638658746,0.579794563219738,0.479381744124872,0.275200024554386,0.218568735824201
0.360937600807919,0.423558036824087,0.394905681255824,0.426937045231975,0.42659893586702,0.520649365300977,0.539949670641867,0.545667537967046,0.55412433122904,0.518058863442918,0.471763051636222,0.397448045537323,0.37948283339977
0.401147908209298,0.476561443637871,0.472337689200368,0.477957958256179,0.434290267960921,0.517656623477845,0.532906047534485,0.520687900894424,0.559178523194437,0.548214027619348,0.508929744081607,0.424148364026903,0.398047901059414
0.265927054922164,0.25035005165142,0.235007091346606,0.266634669301571,0.315514934843561,0.489283266318354,0.587697142199347,0.619274966970419,0.58754890670207,0.566763609964724,0.482552928592077,0.320098373805942,0.211264195126657
0.306880440400356,0.400141430621596,0.422988429337368,0.444332559556893,0.428326728611248,0.543081551540453,0.557739885193856,0.625037957811171,0.633316998226569,0.519123531237613,0.436561750658606,0.384424198734578,0.356674152452689
0.280181330343387,0.307401863681833,0.300315085971981,0.339131609917668,0.436530893077691,0.595790865274198,0.645930114227625,0.705075138529278,0.672259476219068,0.557446608720243,0.356867743691946,0.289876676492667,0.253684204544266
0.434209656587324,0.524172132846891,0.563648830355701,0.590861246840706,0.550673954942267,0.575037174563765,0.559249655847254,0.567101399721764,0.623396076124389,0.588280997868707,0.453204991547089,0.426451127158325,0.423436970854633
0.243622367650894,0.341602413048799,0.334978166529836,0.345547836473993,0.398098712171671,0.526362182824164,0.638061019458168,0.672369459017199,0.620834179483511,0.522525008316613,0.382860144862234,0.303536229678792,0.246838043816139
0.357592025655836,0.417910795377933,0.427981861084453,0.426060433333109,0.422433662538684,0.54450258661019,0.566730751969589,0.638004519581144,0.657121682608366,0.583597658574877,0.456152255860848,0.358913607338695,0.338640392494289
0.292850638160111,0.382073106971378,0.397952051234236,0.418366395673141,0.456933491259806,0.539719313970209,0.604908839946994,0.625638291445384,0.6138637189597,0.563395230439312,0.423779986488818,0.323146970155822,0.298294560593354
0.249335749580351,0.277171538350891,0.295876981157571,0.330286458862794,0.449540163013677,0.564537484556156,0.638218861982187,0.695879980939639,0.654330988808675,0.555131480129965,0.363454472926119,0.275582461937662,0.230003218081662
0.158782360235691,0.201078420942648,0.215543277904259,0.30088922324972,0.363515190262679,0.480097380530736,0.541579008075274,0.570762402834329,0.567819311260299,0.542459251616901,0.37930301636667,0.221874697818605,0.161048053599057
0.194078639662187,0.207326075842014,0.212758412123119,0.234063360954724,0.349767054119724,0.475610412744932,0.649067380736282,0.695315305901883,0.621452340574851,0.56880753706566,0.39816689792887,0.207908927569643,0.170029338929083
0.204924389356466,0.245406638109848,0.253896142369991,0.253017777055562,0.352456823693646,0.420356187468854,0.553626413822072,0.643403450286396,0.61109737664444,0.563147863168195,0.467263275415892,0.306423268806023,0.219841012324506
0.189841900751398,0.230527333134882,0.238539326035598,0.237390305224074,0.315774862256821,0.419573280771896,0.561239748285056,0.656285907305218,0.657720070125474,0.605977078683696,0.489034176333399,0.313666355470531,0.213468039938598
0.202923699927614,0.229041408416391,0.240901406206656,0.269810459563523,0.357255340451614,0.47322547222518,0.569011888865654,0.664778329902306,0.586464268561995,0.536254282918755,0.424435280128935,0.276338840337225,0.216618966879681
0.173947957243535,0.213823819441013,0.21490888310355,0.234822859455185,0.323866128720498,0.461201719202421,0.5803791763101,0.703657435962389,0.648100533954903,0.650710742284413,0.492901490143268,0.258901721653188,0.183660287808496
0.195888139171476,0.239834186765299,0.241568518229562,0.264193091830269,0.343923057774118,0.458697896646146,0.599117222994297,0.661528226505863,0.624732985047606,0.546844204257158,0.453679108174891,0.254417748217526,0.188585670628835
0.195051661073431,0.232267269571319,0.241594549793311,0.260097396917771,0.375709914136762,0.517631684238252,0.652420680363962,0.664645756092958,0.658582597979648,0.553891407418841,0.37202479041584,0.221006592815531,0.178718967972902
0.209200025640137,0.251140861612416,0.259413250183388,0.260524610411911,0.34800381976903,0.422981172259512,0.493664322150603,0.595809693180412,0.568886022457624,0.544659794598421,0.479261842400185,0.32538993304694,0.228299187680068
0.201734478866409,0.225095719854235,0.221923758982829,0.252465480339752,0.369407365484571,0.473497477297451,0.628993542314284,0.673092307194589,0.605302325356625,0.561108864219418,0.393564766258497,0.233276575157979,0.19041729482888
0.185678471548088,0.238581801746498,0.23405884164519,0.242289511681956,0.315948915659077,0.436407589364095,0.564834748731651,0.667634063243904,0.639524791327011,0.576884072756856,0.501563628491591,0.274579584610912,0.194043506731078
0.195568491313242,0.230116174644485,0.232847225697182,0.238833151328228,0.331870365923423,0.452398794358323,0.596015804007332,0.706696360774352,0.661174100929614,0.623214844980615,0.493090134247928,0.306031228734812,0.202319860644429
0.17215899321135,0.2074570682221,0.205108999144955,0.219821371209421,0.313848107338356,0.445661396380505,0.589283846700138,0.682268894118283,0.651922455847541,0.620921530999491,0.492431468466677,0.239317503974273,0.166737443563
0.172773858952747,0.199639454943077,0.189122646299484,0.222458430693376,0.386289153699182,0.507171247738711,0.689215574389381,0.714421139250511,0.672672585604469,0.580009021396912,0.348745368538446,0.188154754721271,0.158458182910898
0.206197404362531,0.251629120413132,0.244800548815103,0.26946128573687,0.373528965103439,0.498039734498229,0.536588039522895,0.592206155048722,0.537019075308949,0.443518714698544,0.307411710685176,0.208361269235534,0.188609769474353
0.194422945613118,0.20262524861458,0.225174192037641,0.268741251496722,0.362071322950989,0.485895346550987,0.607480805948618,0.637272347641936,0.569673167129887,0.528567325121806,0.415933819750678,0.256535375613319,0.201449414752773
0.173722136183671,0.196752701755193,0.198373183774795,0.235337706671485,0.373744446627156,0.502382342506944,0.696497785104234,0.730973800779801,0.642068634039512,0.605174051817946,0.440939073147143,0.251123680073103,0.177974696970603
0.202285637201195,0.253266916666683,0.268930761483091,0.279320789845303,0.385313724554769,0.435727415015025,0.539618767895687,0.614059970211537,0.574413157222688,0.521910096637423,0.435376085329152,0.320703502620856,0.233973084440224
0.202462126572632,0.242120765045179,0.240849529063737,0.260255774581764,0.358189485319467,0.440405424133522,0.48712174655532,0.532085762752768,0.543321663838044,0.481002963867393,0.302154280371218,0.214580207522385,0.184671269787503
0.20647783387421,0.217786020833246,0.217570648325326,0.228726874680724,0.319424321705006,0.444162123855991,0.606795094487821,0.691441761612337,0.629045098615333,0.566244584434163,0.417341105307403,0.222718120994882,0.180384281524117
0.224201065995815,0.274878563230406,0.28093973307891,0.276973803294971,0.347876580664139,0.398984882224084,0.462299987714998,0.567985884186658,0.576092849088058,0.565174512987668,0.522346104074702,0.381403525644902,0.265422247848896
0.215293947297659,0.267443474164338,0.259807111023698,0.28658823067974,0.388973323597512,0.501172475535232,0.594523898597064,0.613124734136936,0.589899825950542,0.494489828726552,0.367235345658483,0.244127596835114,0.202312951164726
0.204350817115952,0.235320111932441,0.239904730595795,0.242030821114891,0.316126643183721,0.412058051323479,0.559979158430041,0.688749704489317,0.653805743148384,0.605615702310015,0.49459028586548,0.290808804939271,0.20460632615014
0.216278334821747,0.241187040750188,0.243503259423848,0.27456931581609,0.35917719176254,0.452493819645174,0.559635660979853,0.626845951694073,0.569521056873434,0.531924632313256,0.411595689017606,0.270834698768164,0.210807480480908
0.208572346110471,0.261878646041833,0.261242632135416,0.288376090413707,0.39312260920113,0.536381975840683,0.61067497043781,0.644508098251287,0.606826179248617,0.48864817435054,0.324001588153161,0.215830123293113,0.183209634136014
0.21104682694071,0.254128777883239,0.252222081565664,0.274437841889974,0.372207857160793,0.517918901217908,0.62374383903019,0.642955736345586,0.627572286535056,0.525383449184872,0.345898905155763,0.231919492189635,0.184765009438072
0.230527478629472,0.303478936679127,0.31413711560727,0.343255770582442,0.401657435434504,0.481020787936113,0.495867487479954,0.529172116640583,0.448875713488733,0.360309586367571,0.26417929151945,0.228950150723191,0.215305824712408
0.179781735764688,0.207784539926081,0.20842531125099,0.214247407221295,0.334144655792425,0.488406192162749,0.667123682868072,0.736505153687023,0.664747041300507,0.592897902344654,0.445145127861096,0.238443385116605,0.18281262711756
0.19990355105927,0.237829175186896,0.250189928041099,0.250411179926441,0.335502483019975,0.419545646633244,0.527864550847437,0.627217389687828,0.598577955876115,0.579478724054188,0.487770404730376,0.305378484826528,0.215838558354538
0.178069381399388,0.203386365574806,0.213276613500987,0.229899384722695,0.333288528941155,0.460667384042093,0.594538054438732,0.689910953839773,0.65615466580574,0.566447304230189,0.471433350580678,0.260279957238957,0.185721468167141
0.19706513391037,0.217863457370982,0.217890357656261,0.248984730776102,0.349482594999581,0.471752495537973,0.619503833727458,0.66533144906057,0.619246508438626,0.541389666815338,0.428078506639378,0.23718538543059,0.182361201662869
0.217836309596571,0.285311275536233,0.277279302269141,0.307771673227084,0.396178274226192,0.544132202743906,0.598575769319562,0.600897165010495,0.55220205290787,0.484661541692126,0.297469818198535,0.231027755761107,0.197935814227503
0.204710841912772,0.231649897588849,0.234481348030964,0.261682645990667,0.393566319754117,0.499883508864182,0.586518626254594,0.614273240971985,0.602878227711783,0.531926440015067,0.322488008608075,0.208393174653888,0.178391227708074
0.19573686220663,0.23917798490518,0.235105802664947,0.252626287097153,0.330128342261327,0.445774973872891,0.595639398038212,0.66434053787326,0.659996125861171,0.611025513762672,0.458929755572555,0.234771719862861,0.183258134848829
0.197627353630105,0.232774414049654,0.231247413262353,0.26162124385022,0.388228131037199,0.501776886153154,0.648687531956243,0.668095835441163,0.630712558471092,0.510992198638221,0.363642184708903,0.227762843028145,0.191723020226652
0.193365165129003,0.22780270371567,0.225910266715005,0.248083886407638,0.368006598604407,0.457847326244106,0.554489722985729,0.633295456034741,0.599600601891369,0.531110967576205,0.354708721630079,0.211841921081489,0.175192782383967
0.183352671028476,0.219536364441858,0.230628889677148,0.220262437475656,0.295669261003814,0.387365690988032,0.53640266582223,0.679640558887699,0.653964174340613,0.619132307310642,0.541460395093826,0.316662273693693,0.209224408090638
0.173844674051217,0.196285149787117,0.190523198661315,0.226488957731918,0.380162737726681,0.508730188297535,0.706619132745143,0.73393772046064,0.65984083861144,0.564395821881434,0.407028140266358,0.21327478355667,0.16574112169723
0.252459173052219,0.220190932942943,0.247450171612409,0.287849002943206,0.355308348652722,0.560925264814789,0.588143458676231,0.717550994847425,0.630109810137179,0.541289924759504,0.434027753700785,0.312779398842906,0.221194661068648
0.120600587130687,0.137698799965916,0.181049591208694,0.215562124973853,0.287141255847569,0.395754976713097,0.500716558295562,0.534396969675248,0.502685179640438,0.434179327689734,0.326384673802174,0.241261390872378,0.197676427321706
0.119405145349328,0.135347663190348,0.180681101373441,0.208834392990623,0.301430640033687,0.433736679148776,0.520670193514599,0.471694650375599,0.366933219048595,0.329928537585127,0.225165200234921,0.195473685696056,0.191356678777903
0.113426868894573,0.132046834909237,0.154814221074047,0.188962747873298,0.253356295710609,0.403155510030961,0.531974016783915,0.571937897282257,0.540416830272776,0.442233390593157,0.304961156481786,0.21052728934814,0.162094941455525
0.157404685040136,0.186990753514387,0.221857901958815,0.245249762052159,0.27397736894835,0.315335426701541,0.338084914227941,0.437970026742879,0.44530105868783,0.395854835313524,0.3046126542476,0.259573141589126,0.219351086293824
0.107645165529264,0.130165662117393,0.174709826685571,0.208382415700315,0.313501617572128,0.450794776666409,0.545288636465756,0.556421717327071,0.472284787903284,0.394946317794108,0.274898708032043,0.22714220303401,0.169199336962351
0.113348715208212,0.137284349366382,0.183655085053311,0.223464025931556,0.35996751456859,0.448912555789104,0.503966312394764,0.511520057271346,0.407802711086353,0.358188654459487,0.260205215302725,0.230640030745307,0.185959207058464
0.101347075485345,0.124852892294306,0.157698787713347,0.194335914574933,0.336742379802223,0.467204061753355,0.522327444209696,0.560277436588902,0.434126193911975,0.361804017662277,0.252828608096649,0.200608506414128,0.148681373403794
0.102380150047368,0.122546782821891,0.140552769069377,0.169732967271618,0.298840842188813,0.472965082812598,0.514825332411487,0.501292262358505,0.357670135456855,0.302740098528333,0.216975764395424,0.183443062550842,0.155107915176494
0.144203343882677,0.171936590434353,0.195298820920448,0.252570403526712,0.299733164662769,0.411138639231004,0.500268677472428,0.534683832260956,0.50867393187188,0.469046613857381,0.365820169014441,0.276794639991934,0.214608813915619
0.12774910120143,0.149853157723832,0.171998800105818,0.213776105025618,0.301697219889663,0.428778979780326,0.528273336914887,0.595431484325527,0.564883035184045,0.533599882297223,0.390717314444796,0.257832875897331,0.180337823389991
0.136168820537887,0.161953199876411,0.186945413859417,0.221621440466947,0.29333010401745,0.396420597663025,0.481701282411995,0.571032400236336,0.527995782878079,0.503359551694092,0.388145053944307,0.27040008580695,0.203444434248132
0.112104986372539,0.129779217332064,0.164173755499992,0.204336114103638,0.274137449521772,0.43080632835589,0.557900441004198,0.600259894669763,0.52600330982689,0.421393463952627,0.291241232955106,0.226592897675228,0.17435547964637
0.112099963799159,0.128960751130267,0.171191190980184,0.210931485557141,0.370840220180891,0.462766613235271,0.536032477090125,0.527428027115119,0.393891099903169,0.36156582550293,0.252333415535717,0.216377437888369,0.162611623566997
0.132280334936749,0.142801302061162,0.194244048629928,0.231151923007301,0.317381889742304,0.399226919867365,0.418208835794201,0.375909219602076,0.32245589107509,0.267183079415459,0.211000455716783,0.201092375959274,0.195328687601672
0.126855124662878,0.140965214105573,0.181355735306053,0.219828812681931,0.312089792818227,0.432121507399845,0.46418595017435,0.448151580257276,0.403608124180267,0.409520166150878,0.265853285200525,0.218142308797273,0.198176802076336
0.208986246216723,0.230879269752675,0.24065951276233,0.256266520249379,0.305163446966651,0.418297338560837,0.568584090118776,0.598769110911973,0.62680479039984,0.561953802674913,0.442122099453872,0.258239655684976,0.204766848141391
0.237255377798176,0.237245028792857,0.247120341586617,0.266923467616172,0.362618856053573,0.460801323663728,0.60608595682089,0.619296612392942,0.604288545381177,0.53758405107033,0.391782502255409,0.254299350107246,0.217961825913715
0.227030686955351,0.22389443330378,0.250898314313827,0.278031037011231,0.404426385109961,0.606617918304465,0.714217448016164,0.678539724721854,0.665407280152853,0.529717060280317,0.400324986017495,0.264568915919754,0.216936314103762
0.274430013783715,0.24871976479934,0.261042162119678,0.274299437655379,0.369939877969652,0.566185951942343,0.664387603000403,0.674932566827444,0.705806519372312,0.562900739673071,0.500095572725246,0.268620368717104,0.224024389309919
0.261074421139685,0.253788632980164,0.253330277517924,0.266427061914395,0.343025498125829,0.550121393158257,0.686971484186668,0.755841576213844,0.712995686850474,0.682083862088065,0.560315489643244,0.29249195040254,0.211678580342584
0.230108247776311,0.224607964161689,0.252324234344361,0.285336188150125,0.343877445417433,0.515005438826055,0.617519806645747,0.638351626168991,0.647631912108687,0.535910999175368,0.39585012072602,0.26547096807559,0.211155011828648
0.219518032141971,0.22922820154765,0.244684788039106,0.261856368040797,0.353875816878066,0.48971307657469,0.642266437744892,0.646228897248203,0.604644277379136,0.54112130033169,0.284481531516338,0.23881024803079,0.208559276564614
0.177644620936591,0.233303185484256,0.257334178279704,0.27056343211806,0.279011395309817,0.357968553219855,0.523456551142022,0.534339712111161,0.623055406670247,0.537125416115155,0.430853453393755,0.286697184201162,0.221683732911332
0.263138560765992,0.27496822045577,0.29982270233428,0.335933611983269,0.431767235421594,0.566549623080157,0.648963507081003,0.640115933577147,0.700665010180128,0.623734323874851,0.445228539396262,0.303055468400396,0.253495880961432
0.23316802706367,0.22372366426811,0.236025888726212,0.247274148603638,0.348011648474423,0.553244081624923,0.684490507860054,0.710039383521239,0.733406592667389,0.636716114281508,0.498333886806718,0.254112212815181,0.190748385282583
0.178040099196642,0.230079098973699,0.250197253936947,0.250990767309302,0.308187646169723,0.450784026698839,0.636136563343162,0.632626036121725,0.639719151629933,0.538433631005577,0.351226328188866,0.25443186319454,0.204824915661999
0.263936253196797,0.226101765886968,0.241892796357343,0.272142708364904,0.377124257925743,0.573872460846032,0.680394906075101,0.732999492506578,0.72473531135847,0.629078970682609,0.485437647602847,0.270102717597541,0.206534844900775
0.220414114106535,0.232049984179629,0.239523648930337,0.255095692867379,0.291434217062543,0.405582831779135,0.561230751907371,0.592729441494386,0.632740962459134,0.593114064739606,0.47521474351486,0.274220373221161,0.208767516043392
0.204964063506166,0.226439759192227,0.247929275555449,0.268440966146073,0.330717758053977,0.411441512188472,0.562792129654053,0.570672930853328,0.610641724938071,0.518387634583957,0.457107661026286,0.261556202816456,0.206133190141403
0.183927391569837,0.221983493533273,0.233196015608076,0.233178513194241,0.285433349845268,0.398575717219355,0.558956168632675,0.565519994034143,0.612533808832606,0.533241807953402,0.303561154450383,0.228861585822056,0.183364110074323
0.295283541540041,0.340508367041923,0.337936499290379,0.355064718943727,0.398201983266152,0.534767724267735,0.640265547333024,0.688190525700102,0.674728814075067,0.645984917331234,0.564076452326133,0.335394375256231,0.264499507445444
0.218246522920202,0.237533842101324,0.262322234194723,0.272744581260532,0.296482967954502,0.39110198222063,0.557764258640264,0.591634238659963,0.728715196356927,0.615149917071312,0.446539390718568,0.289219017126041,0.199986945858222
0.230452232173066,0.246919962326279,0.257927867353363,0.277634842908397,0.348846508395901,0.478776676619261,0.610915785088355,0.639023765225349,0.644553221750757,0.556646363456721,0.468430684574327,0.268415584190577,0.222044985530324
0.234457904942828,0.223712857427765,0.237197451090121,0.258426602764795,0.34921408356836,0.548509579094339,0.666346075348562,0.670745409002954,0.691716037557486,0.574619093321159,0.469113778136343,0.26239018243958,0.207355921566772
0.202780415478601,0.214800779406406,0.241165673347172,0.271604311191758,0.401765726304,0.531262624562358,0.631470130598787,0.639172804275912,0.667366895553045,0.484604905818834,0.371705403252991,0.228913596085287,0.191196507331308
0.226459260278506,0.254505059961738,0.25183681938295,0.250007861179934,0.347721489973632,0.427552648998196,0.596875321764136,0.632822656020175,0.618499847985353,0.574422741475465,0.342716298483581,0.251068903245604,0.218802729151152
0.22792332308644,0.232565558898846,0.249186186073608,0.265480577981897,0.371627027018467,0.518066283411483,0.652219319360676,0.664615790025835,0.674957307404007,0.54420363571885,0.430345156499134,0.249071640349176,0.21133771954966
0.228972119832405,0.22916778046349,0.247849686943825,0.261667295114269,0.348660401185556,0.48596739901803,0.637778141472074,0.665362097119267,0.597909652550753,0.521876228676455,0.298284124567349,0.261568149921062,0.222796372673141
0.196663803194995,0.254434679297106,0.275078462305914,0.273866038899168,0.29084683884122,0.366808125115574,0.476162852814928,0.506498128708169,0.631212066503809,0.545004329993621,0.473697292547236,0.288217736603129,0.238777307458092
0.179644375943035,0.228834350776575,0.248778677670891,0.258215535665101,0.264740111712732,0.335733025296773,0.459824004889649,0.507526957068997,0.602301638403087,0.487837175456842,0.367907624139451,0.240750937486023,0.19596957182372
0.277713373381569,0.265396307308724,0.273318004051001,0.300948310853863,0.426714705166146,0.577814834526508,0.667516753525494,0.683178686548326,0.693948196159599,0.578564536606296,0.470984070507797,0.257043132127948,0.216987026958444
0.200621832479648,0.219633362416455,0.219262459760066,0.235979090770827,0.318393742533617,0.497249503841139,0.700918649267565,0.676725805654509,0.668572648571729,0.601981815048269,0.338033195659224,0.307999057486605,0.205665487241631
0.216502591503384,0.245660130558917,0.237568556898258,0.249418071183319,0.293636030331924,0.405482967306171,0.55796760846035,0.571094250348974,0.630437567739984,0.549581188346092,0.355319526965947,0.246021206648906,0.207675358695895
0.214492327368847,0.239311973726419,0.264104149725704,0.274062979796419,0.365194439897694,0.453423556839859,0.566381775724378,0.589985161946918,0.632562838773732,0.544643345267509,0.470343158173432,0.2720351268028,0.207915671639209
0.23354966730203,0.242829616638715,0.258912816841227,0.270189797114499,0.294403930887827,0.412628854291804,0.536279026511738,0.583636739838644,0.670122152788406,0.603664007808558,0.458230128323928,0.295499845777653,0.213100675921422
0.251689006639974,0.256974608292882,0.263340335030721,0.274965283686855,0.359131928580153,0.480969955657337,0.604306818589589,0.620953585707009,0.618276424187171,0.543368159606788,0.430213483743614,0.273150156872331,0.238170679517055
0.236408745935918,0.245285230019453,0.277270462829696,0.306370232457868,0.387006323382659,0.502356415395322,0.60931491611986,0.612995687572096,0.639519305446779,0.538575115937335,0.452732135677309,0.27345535457037,0.232568763922906
0.173285812686824,0.206092308048056,0.213299313131427,0.213854062155368,0.267835529170701,0.402926749418533,0.573481256075959,0.627479102882882,0.674694804620131,0.580629980665548,0.390307462109098,0.235724146324095,0.182248210799626
0.399469278833862,0.488382281266049,0.472629613489187,0.47177911903546,0.479295256025528,0.536558286177038,0.585535414861141,0.616411953367991,0.672722713949067,0.547881601556063,0.430472230621282,0.388411926718561,0.395481560689433
0.176065807984199,0.233958336765925,0.26650514221621,0.284578570685147,0.286546584744468,0.375251126577799,0.559845077586143,0.558062796168662,0.629170874272252,0.559304968766687,0.406835277213564,0.304076111032618,0.226659091435909
0.206976992607766,0.236516282847259,0.251775393514652,0.256580036785508,0.288188362856486,0.401114092620739,0.519424204134289,0.530767582128217,0.594994304384715,0.518744643622144,0.413380662804239,0.253363387027041,0.207047462508288
0.21549934206865,0.207187934494577,0.23507583855065,0.266071858859489,0.348274388505117,0.488166444119432,0.591140448148494,0.621976864626748,0.677121662865366,0.565442204086343,0.467934799048427,0.267736576741844,0.205369764315668
0.417188912696761,0.434738517593964,0.309986738944803,0.29658168871068,0.30101563530565,0.32372062714846,0.302038611750305,0.267816443533073,0.346354074037828,0.311768914764746,0.265232193270329,0.240196785042811,0.259628838399055
0.34832634049551,0.41149710427765,0.290516054701985,0.259249815947559,0.275841156216436,0.307504290969667,0.284677874802971,0.29844586813504,0.371070738452563,0.325386308370144,0.297280672945529,0.271981570291038,0.213093866050796
0.448465800587725,0.519681169591459,0.37845503134327,0.357734536030889,0.368325705373099,0.530793523525067,0.67002294577798,0.667668000651985,0.633800537234815,0.58347894318737,0.50994003796288,0.393259102960489,0.338979386142734
0.381579135353573,0.499957565099738,0.375863959542111,0.361394879282275,0.375493704879758,0.476324928778771,0.702530184673694,0.662145311938487,0.606427512615527,0.564652284851931,0.464996449406901,0.37809790638518,0.329665012911805
0.213140781231472,0.266304562932119,0.26611589600767,0.273022988843698,0.322320843654944,0.355994292124164,0.363199512659893,0.473536532397374,0.518014961002,0.446918019897202,0.374860262311993,0.286330748835874,0.242062255810398
0.174120669902191,0.223429516676318,0.269663718057329,0.289900151463455,0.355593946763054,0.406332795708292,0.47602024948373,0.606589034134409,0.580759575585643,0.554449792193481,0.446892424302672,0.307635584365642,0.228997596129542
0.154415354792404,0.187589149718255,0.206049493214923,0.231509753382979,0.27156292450238,0.391569674100533,0.453840089996765,0.566174339011007,0.534626211156945,0.485202188061773,0.361501218772601,0.244408124054916,0.197007640573353
0.231747600970931,0.298537803932481,0.316035556850444,0.319766186410051,0.339865210092534,0.340300503910426,0.33200995285399,0.425645296511088,0.432253542238152,0.454679430152523,0.387450393838095,0.371693404031235,0.28104893197987
0.224690176526017,0.295414012445514,0.310048190174769,0.322867459356167,0.358394274677677,0.375864396210569,0.388613116912238,0.428014984018412,0.445357597287926,0.462223686706701,0.387670132858919,0.321746968930292,0.250155703375735
0.180779789491287,0.214064764914163,0.226895503870396,0.237213809226684,0.311303189171411,0.401726731949429,0.485558387821688,0.61729123063415,0.599064139772103,0.556807891783168,0.512842496157767,0.30092709158834,0.192988539218815
0.181746272502116,0.229126553816981,0.235666614920534,0.244390718543263,0.241899113311354,0.313640503490074,0.329354428083929,0.463948841055056,0.514952077045504,0.456278032906421,0.336217211029918,0.258619920139736,0.213638354976726
0.16261516848887,0.256659364792988,0.265784991062818,0.31291688640476,0.356489574318609,0.438792760804631,0.469881045728727,0.583424858396499,0.536818062877996,0.518570767984045,0.44933726146217,0.307724362515096,0.236554123630468
0.151888743793852,0.204483255676684,0.213827861907488,0.244550383865723,0.325038797731677,0.413704991018832,0.48436522635264,0.629534301499236,0.590475848538112,0.557957971691877,0.436595503953526,0.281761709874649,0.208482942815017
0.208229673768902,0.258255914602647,0.258542292925615,0.261523568412679,0.278137881990251,0.32987439885012,0.336223118283676,0.466970543633008,0.473053505506494,0.399751304465542,0.313650458721555,0.252751685144742,0.226000502855261
0.207348510283569,0.247491111917454,0.267102385238923,0.27774806433012,0.326707433688661,0.404230412566281,0.477418352183031,0.581738315392479,0.548971751612259,0.49473331799377,0.425249062395848,0.280827837937754,0.215005909469421
0.163737416064963,0.208473537497637,0.224072663725974,0.240625325625599,0.314143883550591,0.386399584522518,0.479063608392438,0.631232446484225,0.592501486232454,0.545315099593286,0.438490829701954,0.274367100696931,0.201108445697385
0.174423171617927,0.210004144563263,0.218882654824409,0.236232332910489,0.307534313244537,0.40959323113915,0.510950788871293,0.683361607895134,0.641139944044282,0.594695503683552,0.496014026925168,0.269173627036529,0.188218645829528
0.178161486825993,0.207088385235929,0.233085722940391,0.24605266262812,0.334762255192487,0.407294415631359,0.486256290015204,0.614569907954493,0.600751042353918,0.552150509461721,0.453390696113095,0.274732319123993,0.202838794669697
0.192551451956489,0.240677661238776,0.254956563051877,0.262295297785504,0.334989087747595,0.423355626531776,0.527792964381166,0.655425712264637,0.633257837758734,0.585028859351774,0.47431656078319,0.295924441040101,0.214290703433104
0.16789767487713,0.211052019708949,0.238399689893845,0.24068826393323,0.32437435998485,0.430688187018902,0.541115110174878,0.690364478809603,0.645933378689538,0.612169969500927,0.463562199888066,0.283028592923387,0.202804515951871
0.181010528149761,0.201645713586393,0.224902044141766,0.263019989412493,0.280537227698284,0.289852174776742,0.304265276492028,0.402692271428612,0.436549910598137,0.412216917123527,0.352652641524664,0.233874813528514,0.194317779180669
0.152990698376523,0.200066818867885,0.224836795113549,0.28115538189735,0.355744398576402,0.449090635027081,0.479722293920605,0.534110107943302,0.523869525829681,0.535713942762813,0.406622115401275,0.295455482865846,0.228660446193634
0.222637467849641,0.297080070025144,0.308547515810464,0.338526210743923,0.367595858548154,0.398746954922114,0.397004123633811,0.520275153082262,0.527132648165309,0.497328486755019,0.459409415355243,0.356909555489637,0.278337955536119
0.175900646440171,0.216611549103729,0.220872003097726,0.230853826488462,0.276607276189509,0.368561651486889,0.40806077888378,0.513406726952622,0.527594533204843,0.476003478707419,0.370020363568746,0.247475592296132,0.207008646672927
0.184048303210026,0.217356853155501,0.236915665317021,0.249248788309949,0.325132788520643,0.42298204819505,0.525193532801251,0.651303329885582,0.628394358145297,0.554445127094145,0.475621121564474,0.270015900057433,0.191591077063321
0.171549101336177,0.206255297738039,0.213394642095041,0.229466864507426,0.323096452846647,0.419361188790174,0.513835575080958,0.629351279376621,0.600545661371087,0.572092349319716,0.484401350600148,0.278900414516025,0.180918595797897
0.329349515274645,0.322902045217117,0.33167483772657,0.357892916808605,0.437392431624128,0.503174029542092,0.659882380354701,0.654778419781272,0.639894529093669,0.52637714809322,0.469231205434391,0.353794947353533,0.280932876103583
0.331163102832437,0.346902476035065,0.389964598915729,0.37988371945099,0.437033929869545,0.464473479139069,0.573037785802037,0.654116692005094,0.596270797633375,0.570931887800238,0.49811743533685,0.385380910334727,0.303365544928611
0.352343341228823,0.371617131347462,0.361576675665531,0.405082327890412,0.422004459233912,0.504290700471205,0.632868782627678,0.608638939890486,0.584228132061663,0.529660854199379,0.468338670116447,0.363532198871698,0.272302840034771
0.326866935328017,0.32394060253137,0.352741556231357,0.366910221661211,0.459991810376171,0.494283459791433,0.646888446146398,0.679305525335774,0.646187420290013,0.54768898344788,0.487355025009649,0.366308260370304,0.273510795564533
0.317065894187393,0.348379318477571,0.341707155312101,0.379232802064852,0.408048825165777,0.480966922306759,0.58814509574792,0.633459464918031,0.614921139957212,0.579503094640968,0.527118430599504,0.408747873697538,0.289458755189039
0.360774709954891,0.432714241518995,0.470821074184368,0.537761121143333,0.597404621018969,0.508808641169678,0.609250096368736,0.642605409373678,0.521226887040312,0.49758131490494,0.445261725035584,0.404316014204537,0.368035910783975
0.302193224405611,0.327951131246047,0.316334714563035,0.373509473719283,0.429797650212467,0.522562030850748,0.664370403583189,0.647691567730985,0.589894920654205,0.561118649834272,0.451424613841902,0.316641325080158,0.272011941502697
0.415656060467288,0.472481785190909,0.496312471987116,0.466462802816247,0.480406716408453,0.495996358003285,0.57710472072332,0.52226020889357,0.56908485837578,0.52241527856476,0.490143687109212,0.410755411845692,0.329320826170655
0.311179382241538,0.33805090923021,0.368245433014157,0.3993666508759,0.479422035844389,0.511570848897551,0.622428295048086,0.660377534993323,0.577750715271165,0.518659524375808,0.457214372638272,0.345026689640974,0.286329710915982
0.359577400009136,0.398703546636419,0.386164243557394,0.432777021125256,0.452617487519697,0.580749869503335,0.643309042278886,0.607319815589998,0.572155476692943,0.540920063516034,0.451620220479484,0.349835778116207,0.288070755402383
0.357007642848897,0.419109436189157,0.397931950633328,0.520239691834996,0.549565302085799,0.457469772974122,0.443315034602935,0.403249427446551,0.352040771172344,0.32699373566233,0.363952010650597,0.349837559720766,0.286610221492887
0.182565057558051,0.279657844707927,0.311053790805024,0.394147846560184,0.422367437627407,0.445697531494461,0.51153089220124,0.569914962207675,0.628053511440391,0.598852555170288,0.500681250540875,0.471023381562446,0.357359944633725
0.193807666577681,0.283071393316488,0.328777355188871,0.327977872110991,0.374800341986684,0.483701845314684,0.699371202493492,0.599690419022108,0.626460157172972,0.562994487997121,0.510004917620786,0.38664264547228,0.285803243437131
0.156685519122956,0.218461160239891,0.268774503827129,0.313304859427262,0.378697247868199,0.516672357740308,0.727317644967409,0.618781975156771,0.654559623278983,0.585648114261586,0.519969492080183,0.379024348977742,0.250677610475701
0.166381679501337,0.23054093396412,0.287001368568504,0.296676837194799,0.359138907064027,0.533907188556952,0.640711208172894,0.622419517547733,0.657144523602536,0.583745295071137,0.513798374826881,0.36822007558411,0.267776870130794
0.203686142302924,0.286625989957656,0.331989716844192,0.322270395764094,0.406730836757136,0.590323666927286,0.641202811141731,0.676530721116355,0.684876369004007,0.564501677171015,0.44510698928081,0.32631203587673,0.237103677477439
0.158048399409649,0.238658179101715,0.29683024909384,0.365881476291264,0.323097392096926,0.452241502204351,0.514791818175089,0.549956151450976,0.611868047365172,0.627149108990827,0.487837459041558,0.465536212345961,0.38185366052688
0.173685080069165,0.271193063471748,0.305965281342061,0.400442327460599,0.424921180486448,0.44724342068513,0.522020980002736,0.587878729440505,0.661419478267058,0.619308055551582,0.505019437494322,0.484482892354212,0.344636928623501
0.167222941536826,0.251890365398302,0.34543262399659,0.328743251575524,0.357327074303848,0.524175904158132,0.612531063948586,0.646036945823218,0.679560602926103,0.596545670454959,0.524648342436563,0.405292323100577,0.315574349129203
0.171001023989413,0.234304970177087,0.260509331638386,0.284755964878174,0.305895241456252,0.532752261078204,0.583298593168914,0.642444220507084,0.677103885138603,0.582650382721847,0.500397547050033,0.303283380297043,0.202434980097023
0.154071808500401,0.218270967161097,0.281515976241788,0.36381497662478,0.336742672366375,0.450335064084742,0.531636415976107,0.56980399962497,0.624679796867915,0.565790351681043,0.453665054373903,0.410606375408455,0.313929398874942
0.178035506884753,0.221710875036891,0.242035580246193,0.276734275903823,0.299063604220787,0.480642307124571,0.614203862590349,0.714516738569693,0.749787722478717,0.692979830442319,0.494447783445471,0.397393806418727,0.256270911289327
0.189936650554061,0.249920021890791,0.248542579826952,0.37040909549511,0.505648615865149,0.518611293264449,0.555080087898052,0.606607818110708,0.584875175368187,0.441603769611412,0.370078136023248,0.298547511407229,0.223202391541126
0.240459826180981,0.251173844221875,0.273297057231968,0.324969077003565,0.40128802669308,0.613288919830874,0.64860351947694,0.744989743983182,0.63865923691076,0.525077028501786,0.402031239404818,0.293465435509009,0.199289240681658
0.302840454175595,0.364833961600806,0.411976967298505,0.365548001743655,0.415309607281989,0.498918906033023,0.571160894679084,0.678207946740563,0.639289365441258,0.592468507359373,0.540253152925983,0.482511062265462,0.315362593772735
0.19437427459904,0.241614642843885,0.247102146550341,0.296988203731356,0.517532868864799,0.523431090521771,0.556752285402307,0.580029896422502,0.543849056163173,0.423617760457663,0.328591520642067,0.291275710906988,0.223598841109223
0.15726851283122,0.242260175179022,0.302563158211393,0.284582126331854,0.302118113971844,0.436561680669567,0.551444795855639,0.607033210801069,0.597348075407981,0.534015664689686,0.327209319347722,0.219968509616463,0.196490781426563
0.154231613644536,0.220649138613366,0.33044279167054,0.324282264858573,0.339108499607556,0.43417746260072,0.542170365616375,0.610273696506396,0.645642895428287,0.554775555599973,0.485514232761713,0.407623468406588,0.325035391993329
0.365883680806283,0.445292026609731,0.307046293224081,0.232653344437898,0.226852373303517,0.231822956595784,0.229772866041375,0.224671695759062,0.243068486634544,0.238641272229807,0.219100030740639,0.221340352959433,0.22593396568873
0.177443588438854,0.189047295113979,0.194705491074534,0.278005316196355,0.380626121812366,0.604594363591082,0.674387676223543,0.74538470981516,0.700573616638906,0.604182051569351,0.275843479744953,0.20254891751789,0.166212420910127
0.259997259756665,0.301867315545363,0.290978381402019,0.354269692085355,0.38694516196911,0.493876798757526,0.633557102915075,0.681947077863619,0.657967617031072,0.591748540576569,0.452192484857649,0.259896788926572,0.225262869099865
0.223533747821726,0.253610998140451,0.253143436710823,0.291484966107816,0.375801649587726,0.532368755425448,0.640317970925079,0.716389982751989,0.691488195919305,0.613585105775807,0.328257961394974,0.232773899029314,0.192965281751798
0.230477202939667,0.260839841416472,0.259990880216274,0.298001103323553,0.36531929550867,0.541099738551771,0.623430879245113,0.698452995778742,0.691299668765613,0.599276417042508,0.371611497063122,0.258335489332283,0.19527714877199
0.191032825211237,0.217513960500104,0.227309055184257,0.288258680408818,0.374996436727737,0.546776360435624,0.67975264413866,0.721779062249073,0.701977427531754,0.645282049170497,0.467913429262701,0.232934474944802,0.162479953353951
0.276682167346145,0.287926543979964,0.259679949484019,0.329895120312639,0.383416037485116,0.474800435335265,0.632362134666836,0.69761219694653,0.657126485561286,0.596113637688925,0.340275548144352,0.243942901289132,0.212697696201581
0.175689403137569,0.233356650921802,0.254358501480531,0.258624231647247,0.259988995613819,0.448965052680947,0.567569058423477,0.656865817959496,0.73296676027923,0.678204617876645,0.419108461177161,0.277086852727462,0.207764430500948
0.325690844041978,0.296331082004827,0.310698146777352,0.321152331185437,0.423327081751771,0.589703952002084,0.70193112441867,0.656970069735986,0.629595200479736,0.568662405131372,0.323959576873262,0.269142289451703,0.240320405664035
0.204562164269481,0.276606711517833,0.331502911436093,0.348770064569637,0.337233932811903,0.40214056869526,0.537554868805968,0.537957924791842,0.617609964971152,0.54863735280773,0.481458283891581,0.335660276965103,0.269356365398087
0.160786942738116,0.193100796882669,0.207928070652259,0.213865245339208,0.254373252684706,0.379477152972274,0.594924319914707,0.645284863679488,0.713328332060793,0.638171756751908,0.425047375273084,0.271287598678943,0.184275790362413
0.258255674701414,0.244572023872004,0.251806770607546,0.318802309141582,0.347545678395065,0.581757644029322,0.639826833807387,0.647967432219623,0.624489078341472,0.547108325262738,0.412398480530031,0.23370988432737,0.20520849808841
0.179851376294549,0.239610096562782,0.256264840678463,0.279276250654799,0.348981407252965,0.451627248512973,0.562422932742294,0.609215466233126,0.667048413662322,0.575401528377109,0.341096467520916,0.268502542349969,0.2176108767992
0.21214718938431,0.237145795047059,0.252548130309104,0.270736555368395,0.33327243428836,0.545295604179649,0.673353421539264,0.700649027625791,0.733433280318614,0.632518846065533,0.352320290135125,0.229509035276068,0.18981105133686
0.301779954074441,0.302127971403904,0.332032353219036,0.389552582454791,0.393955578555783,0.5157707462349,0.641744840524051,0.661096407147361,0.613835720275022,0.492201990157789,0.330460184362589,0.275000581994254,0.283123058305528
0.208649132946302,0.217609481875027,0.226538314962746,0.291892800552932,0.420393334788812,0.596979358813723,0.728749765930523,0.660122690038585,0.628442388836126,0.586541147116968,0.385453975590149,0.248530376226084,0.201774932617496
0.173750106315479,0.217974412780154,0.231779213814964,0.239327416156632,0.310152067298833,0.435056893612003,0.580949338589198,0.626153170503689,0.655789145514771,0.616735801654434,0.326720346047652,0.263172607718542,0.204133450884511
0.251131268476316,0.365152065379613,0.416258723232159,0.402755539963646,0.410503566084407,0.49429257691722,0.56301856115166,0.471664880172041,0.465116828572349,0.47283241758109,0.357800994721511,0.349492387673474,0.31508051981695
0.230204991803931,0.317386398987493,0.341350774075536,0.351234612148592,0.378590753608298,0.486525504621372,0.555363058033606,0.552522117331763,0.532213682385753,0.485580449554761,0.367428796420199,0.338130338465436,0.270654815570812
0.191504735053018,0.257689556685363,0.284709697839996,0.315799161683136,0.410751711372609,0.517137987645892,0.623210564965791,0.599101764996779,0.600972627612495,0.514507187906863,0.333998842400248,0.247561046741724,0.214060975661277
0.264656742270401,0.288465578888623,0.284232166102488,0.296385353143095,0.333880097894513,0.406330410231295,0.497445272052286,0.589108594214185,0.609622883487147,0.543379118450382,0.365300934168342,0.260010921182735,0.21019431072362
0.272469129932846,0.321295059917236,0.313128069869431,0.306818637141535,0.309459391778933,0.333675633409635,0.442126514592835,0.514392754458532,0.503839891161934,0.439617701710755,0.311595124503225,0.25033079578517,0.212081354897342
0.237313394735231,0.278007952486187,0.272525366960807,0.28228300652974,0.352855449633499,0.39882568111658,0.512774049228628,0.604877930410977,0.571456575508881,0.486949864114707,0.319338802624088,0.236941820184524,0.20311230849948
0.335848208129786,0.460897408247,0.309811860757324,0.265400116633248,0.268822315677251,0.330203257485841,0.302373720945414,0.369158848967775,0.334985510099681,0.276085620773213,0.239950596720729,0.225271879703548,0.205442609560857
0.338530852782281,0.385650889461131,0.403458749510771,0.43606731858629,0.460030083185497,0.537429170387682,0.638361115881872,0.598087910959872,0.573759347197009,0.57812796264269,0.444810065799562,0.349606490519367,0.288791208118105
0.357875612575558,0.384112094978551,0.383929864482458,0.391572356960367,0.409863002836826,0.534145040005142,0.660251716567453,0.633519132259734,0.609398893982477,0.608601892644038,0.482535392777555,0.336732610584361,0.265892920022339
0.26850239628596,0.337932919129866,0.328637748144523,0.399184742854554,0.476628371116938,0.45792422394528,0.457645911803422,0.432146775006797,0.423023676295963,0.380732361792526,0.334561417740686,0.310231539267233,0.282394181079258
0.272287799468279,0.339797993468275,0.377246936138012,0.412076786920309,0.508427239987976,0.50033577937779,0.520374098312481,0.506120227975397,0.484361023129126,0.377742454146674,0.309416422962975,0.296290505856991,0.271607530838363
0.276075549398455,0.353770707031104,0.294387343495557,0.387455207910982,0.450804648248616,0.479940644322514,0.450555918510302,0.442740933135719,0.439768460101714,0.38717258884752,0.361574737750273,0.316636377981467,0.275820242644572
0.321342344392414,0.362587686496659,0.345515683901927,0.44094406322372,0.486692653270065,0.484551909426901,0.497761317226219,0.484600144166389,0.463419509470715,0.419492385171781,0.379330777931488,0.35003465473846,0.330217157078439
0.151250858064179,0.204895747267079,0.26440714144719,0.287629037707359,0.346905632565601,0.417872144159484,0.534665396507763,0.545585920832431,0.565580715771211,0.524393436272384,0.323876951329472,0.251519192629559,0.224570106227016
0.175790651962907,0.28094293270461,0.332674408099274,0.322106220673748,0.326040361532398,0.479463928981361,0.547799303636105,0.620047916715241,0.550015959017349,0.509083720973786,0.354668195955763,0.259769007557155,0.248021736004672
0.0986276000507391,0.117755496720651,0.144208366761883,0.198889027264441,0.454750434075147,0.526897558462354,0.536832004071864,0.532118222457636,0.430476674280361,0.338271695707213,0.222713944142949,0.188052147930718,0.131985560866727
0.119196560278294,0.12416202644867,0.168710081568873,0.220388903159458,0.415562893230289,0.508078280315868,0.551411063638,0.542908488039407,0.460848314671906,0.369080429959601,0.250953243964455,0.211005489530274,0.155093738037184
0.116240849357677,0.127505492303223,0.167154900022338,0.239767471933269,0.378837995326742,0.522901058618282,0.589069242760502,0.553930254682397,0.472387643605349,0.38152567177907,0.262986009229868,0.214661501421608,0.149627169762332
0.135542842717612,0.150575420991847,0.203245365333129,0.278060639227155,0.416701300032226,0.520154013430763,0.579590385857842,0.530680565136241,0.482955573368714,0.365700900990142,0.259369542299968,0.208933550397393,0.16303442673507
0.124939057311228,0.15938447519426,0.190188037925479,0.266144199863604,0.405651690120334,0.476106937636394,0.50465220222277,0.543256045890295,0.446113544538994,0.379275117748964,0.268606606027404,0.217163286624615,0.180122513495914
0.107395283469042,0.132507139041044,0.153654307113463,0.227958217942459,0.338042255192371,0.445887360473545,0.54183158173338,0.587636798088394,0.552443043850843,0.518788618872596,0.378786148664815,0.253713550777706,0.16785481638178
0.202291928491442,0.25947452761005,0.278851444564021,0.326856696630325,0.400952780980524,0.530577556620467,0.601169064842567,0.66348032057059,0.630196136691208,0.541563384793675,0.369275327382304,0.283437721621389,0.227834440301719
0.216968117837504,0.315834502904407,0.334028042269104,0.365578605920337,0.38558652497935,0.489772038187958,0.586697958458768,0.625920456674168,0.606354608722736,0.558394490099314,0.369595441627573,0.318119306222849,0.269557092812221
0.216597123988361,0.194298556096677,0.194348543777296,0.229568252024148,0.316684449219812,0.501174529462675,0.570363059341451,0.62134453587736,0.631667572072963,0.589906479532771,0.487651881444051,0.294058811734385,0.195100623812838
0.237076170355728,0.224157047311185,0.199471530831366,0.212830398958215,0.270646449551896,0.497673059965605,0.565700670932213,0.589258386161134,0.623623684933968,0.567492836909071,0.495014320763197,0.290078066560567,0.192058513955147
0.233360779460799,0.208676705117283,0.226413194715283,0.2636603110974,0.363969779878931,0.544057085502654,0.623111980312476,0.669031943097782,0.630410049443731,0.601499033383842,0.449607507397813,0.262027474660842,0.189955078090183
0.230582430397398,0.275228055252342,0.273189410682601,0.262249836616865,0.377402469477301,0.549099458773823,0.634387418127816,0.716866671433706,0.638948065644386,0.647398434813825,0.487787770558937,0.297158902490883,0.222264625015189
0.206591820646989,0.26445573225325,0.261526226141174,0.292045064834624,0.372461786861466,0.473608885068603,0.554418154213441,0.575410462719395,0.577768950211869,0.534304222093469,0.386147002216561,0.233592741834771,0.215331808277711
0.242855003687784,0.278206206011654,0.267444115981854,0.280365717470758,0.32993276687534,0.405349054701041,0.545198441800081,0.613081436797577,0.539101526471692,0.492919579222894,0.327121462392455,0.222020205846448,0.192387542929684
0.120422934328802,0.136971760077839,0.188492879349787,0.230548643558121,0.338341718271386,0.441196839394485,0.4684482610037,0.458607702648478,0.386013497777617,0.359701276159511,0.250438513696843,0.214536235985341,0.193282317262811
0.107533927363617,0.127352225918347,0.144962131448354,0.19337242025987,0.307834594783216,0.566400290063624,0.572030975446971,0.577300030801023,0.379478838290376,0.301681503368422,0.21109815637862,0.17295160808151,0.15481615847336
0.141533047024114,0.176082573115029,0.209711630267997,0.256993380639417,0.303603569458973,0.375879383046646,0.440444929973682,0.508981725303704,0.50265659563263,0.495273414897797,0.38674174453456,0.296895761957617,0.220948292908995
0.121193851893872,0.1410931882099,0.198114008827051,0.242738774348801,0.33695942570444,0.424130305899302,0.527115777660701,0.519528418431685,0.458946150078516,0.436774572042546,0.315540878117957,0.256503979424965,0.20312523523315
0.128314137789223,0.148727619540222,0.181005430984298,0.217657906521861,0.277062492477149,0.348024345394014,0.458606417429083,0.531434642152129,0.531262811185918,0.457669374844102,0.363280754756188,0.26562655761742,0.20281602355997
0.150881717032731,0.17622018592319,0.232394172092766,0.265914733313659,0.337775157266158,0.382669746499248,0.408477866332935,0.404408174590748,0.361226723461321,0.342204996612618,0.267155132686827,0.240013303167304,0.21777104082051
0.127088104012265,0.146795627341689,0.188657595639421,0.227645617720639,0.303547839554288,0.40257764644707,0.435017345196539,0.410798073547691,0.337114310650927,0.311433293987026,0.229627233404963,0.211697420137982,0.197816627848088
0.117777686589827,0.130796694802148,0.181780578926418,0.204801562466192,0.303885204289919,0.436657266805926,0.50502064330566,0.462391081514508,0.324125075754635,0.274472453781441,0.190744534293054,0.181234259948375,0.186242398060843
0.117977570528677,0.136506663649128,0.16907024426862,0.223341960199441,0.319199667466719,0.46544911488967,0.500514518344118,0.463230773178292,0.322864201916686,0.302648933841028,0.215600490273195,0.202201595652384,0.184917524108128
0.126035621236413,0.147959638843501,0.18973166646929,0.229177288984238,0.294965969251969,0.367812449920363,0.440363005544909,0.473929742586667,0.474709562511836,0.426278532664452,0.330233623061447,0.251150877602766,0.205259978092704
0.101336672017545,0.113667895407694,0.14016235463955,0.200604902226732,0.320218176290184,0.487301096047189,0.53573067260231,0.526871856063597,0.35647817174905,0.320057909518049,0.21848818985003,0.18698280805263,0.167768395238938
0.102000574976787,0.114536354761669,0.153237738998346,0.189522939256644,0.302050909170952,0.467438452037996,0.580325374105138,0.601593314831509,0.524711962979238,0.416642757727117,0.282514323281913,0.21003676725794,0.160787322046291
0.231145364698159,0.228065770144988,0.252399464809375,0.298520099818511,0.323808282163221,0.430472429526452,0.523754229923648,0.55170904857465,0.625495884424448,0.532736412617746,0.497539286781799,0.259742463568873,0.219560541567994
0.164216034213266,0.242858544136309,0.236417957168157,0.287059502035158,0.331453212744792,0.415203381438666,0.451880828245683,0.571895309847457,0.528312791777264,0.507113008279939,0.408793195467176,0.294779413228969,0.227692816320768
0.145114781318691,0.189061256720306,0.208751093901406,0.247563631738314,0.30774647187187,0.390995486355964,0.42093660822255,0.519449505840215,0.487905862409954,0.468636418797813,0.357919274240218,0.27213436465973,0.214985092851485
0.165009615251733,0.207641666237686,0.249667054632847,0.296334732352707,0.344208640685195,0.421587073129598,0.444521647250985,0.509725549406788,0.496426862046672,0.543799314097171,0.417473815584111,0.315375091256309,0.252907561916614
0.159558971830927,0.217579051575533,0.306524139992146,0.329743518183384,0.342666247250796,0.479209295477359,0.531176136557501,0.570529396202611,0.61205621006397,0.526741332861595,0.470426402429686,0.337752514417478,0.268946020070653
0.337786711135857,0.316878375409244,0.325886934113923,0.371161184511308,0.44809810841856,0.436354657412055,0.504126830954311,0.553204095127128,0.557635645619623,0.547490749125525,0.5311837987463,0.423362226249419,0.322456993912293
0.183011852032265,0.222024796135499,0.273920840676875,0.384802219787278,0.56418463282721,0.664935467579226,0.631033312211336,0.673458007195229,0.568976055571393,0.410101067094117,0.292879688849528,0.240564238470501,0.214918273003945
0.147004893011358,0.181867525531966,0.248734929767047,0.265997343005723,0.415543457951822,0.587276651452706,0.688444360840008,0.716591672514213,0.687888481144208,0.362667070613004,0.266590115422179,0.232653790006843,0.202200121319314
0.184673789062539,0.222641286815147,0.286514425635344,0.432645907994368,0.553148235887109,0.635398710363184,0.59857296304927,0.646678986482519,0.579041050123438,0.44221852236763,0.31989214557392,0.260411406350879,0.230195427844683
0.141192280737609,0.171717610799252,0.202761950150017,0.277198223985246,0.544254933113292,0.675667629069694,0.721147704262565,0.697932221347084,0.589356679507932,0.332475203004212,0.262196949870794,0.189688497570833,0.183727308904754
0.154478165095359,0.182165471850901,0.215209702125882,0.291336721525011,0.540310747292876,0.697314589085718,0.742269215124705,0.713856334690508,0.658568287726675,0.336512192656444,0.253560761247754,0.218766944570704,0.200909847733427
0.172010947889057,0.188082199922602,0.254343046419816,0.348838290658317,0.599977376790932,0.732271844269582,0.723611393908257,0.760742018176146,0.585946708444166,0.314329762106917,0.221587717540249,0.215942480621544,0.19642852137377
0.150999534990751,0.166002303609352,0.184836571858537,0.356822673333123,0.545635333410767,0.712390539859253,0.762585279977048,0.7459905800445,0.584835063550953,0.525596036244562,0.227450460493523,0.206097879490872,0.173389375570613
0.161517852642073,0.182858266266908,0.253114470608349,0.352553645498596,0.574428360820869,0.720694654795012,0.719691411494131,0.723941237917767,0.597221780775919,0.342792540371351,0.252235204732714,0.233763298330215,0.189708324849262
0.210641152244371,0.26325831613859,0.356530693281478,0.403881599262789,0.4879775327573,0.637667908542557,0.692061691965043,0.696984569980992,0.604388688061403,0.497220173710266,0.340413008424112,0.288765582765826,0.246601916368924
0.240464275597077,0.284424225723595,0.34517493436099,0.357965282561129,0.476093150595007,0.582932617087317,0.617376964998617,0.68189321032171,0.618857159329564,0.534047508080318,0.375255332402621,0.320809092594485,0.247913682624235
0.132375396780414,0.163719218430087,0.189690513490936,0.27639025562264,0.518270552877111,0.607060429603324,0.684953299808577,0.735584609639167,0.625585666934213,0.338643143880666,0.257656616906802,0.195670614504277,0.178410427536399
0.158606434949396,0.174426163801073,0.206280083127486,0.359325624400692,0.566373660038602,0.728794577955814,0.782158172688994,0.768182736355754,0.610332962505435,0.385250540174896,0.253370133531436,0.229446657647834,0.18112001668319
0.156318535979286,0.177053088547331,0.183489542490344,0.362554042596506,0.531309681718544,0.697256514806613,0.745989778758641,0.704134501417236,0.594392933350914,0.487527214938014,0.237419138708668,0.217911826357195,0.18715485766866
0.158181243635593,0.184045858190954,0.178292447621909,0.330404406038998,0.522600077103364,0.716990455667333,0.743672359728793,0.710763356849786,0.590979831158519,0.494103416329972,0.216416454586007,0.20008387684418,0.187863714281067
0.203996769754423,0.244389128559295,0.339558039295246,0.398636660943871,0.516893736406793,0.660471176208676,0.700820999770858,0.706113875482238,0.620088320197072,0.504208549759197,0.33678794838081,0.283135232765916,0.252241964670605
0.13884249274609,0.154131955391583,0.204129437953548,0.295648527892598,0.514942010344079,0.655125953186636,0.730256075013492,0.708676011157342,0.533483312834317,0.481015655773873,0.2301860327659,0.2078229592411,0.163602007645935
0.269646432971958,0.316967678976064,0.428023912286744,0.436845473623264,0.503342179059977,0.531221700239188,0.639161711835876,0.6222902388096,0.602964411306389,0.493170784044264,0.508688817167279,0.36513294215202,0.281137477159499
0.164921238885405,0.209094196418867,0.276600492087851,0.353009467320195,0.538109487973899,0.660360242315002,0.6570064226617,0.722589511345789,0.677864826066234,0.437675295084522,0.308896846479828,0.219557664051201,0.192659556436312
0.137554968207707,0.181145670788319,0.269723663916962,0.348115764295972,0.53212374105837,0.59899545697404,0.695837327635686,0.674038754621241,0.534633761074511,0.434601518946443,0.359029272410878,0.256911861281933,0.21746648191337
0.182709397471057,0.239225900073111,0.278167123999555,0.420679255320931,0.612606804129578,0.698838655259527,0.676190750112122,0.652023072710967,0.525866327229952,0.436242047805311,0.309804911160281,0.287516184777035,0.250075330339838
0.132173426229686,0.164332872061043,0.194849758335742,0.299464488320364,0.49502586367917,0.663855149242639,0.735600337527297,0.716212629969328,0.584961110102059,0.449112007826818,0.24500664033809,0.186112584925677,0.173239496336813
0.171831095633875,0.193801792713035,0.227587275474059,0.353365807315819,0.581115201281239,0.7022805754947,0.675397531003156,0.715935828090128,0.583618031485432,0.408737672477277,0.263182787145912,0.214688456517831,0.188298221091117
0.161903254193741,0.197576236940855,0.242813672147355,0.347417195057828,0.551682772025677,0.68407217512976,0.680676897592687,0.697771557428371,0.612736599468885,0.439969190112862,0.317171932113245,0.228344306228188,0.202306260442185
0.151854344982917,0.173948300208914,0.203264157301324,0.294554524696933,0.50659535460954,0.675234454789817,0.699475987314291,0.71122229029342,0.652693142902966,0.352865811814269,0.283023917921338,0.199670400948667,0.187258944441275
0.139732762056943,0.151886405352244,0.197989819677679,0.300920180242692,0.582096009756042,0.638121867901868,0.709809267891789,0.681211305448564,0.536579131428416,0.473604933938516,0.220984221157145,0.215218322596958,0.171797675003937
0.188732724138357,0.231696894792086,0.305394141741034,0.374048547341242,0.458222017371913,0.608546175343657,0.673382868045873,0.682574415583353,0.610009087720067,0.517121464867617,0.315554088504648,0.279089782008651,0.236087553952384
0.239920344226436,0.297269491692262,0.362699261120353,0.381902811615559,0.521051074098426,0.571902103421834,0.677327233735833,0.664333033590749,0.616467718227193,0.546086325260621,0.479357491979745,0.347001641358078,0.25681402132252
0.154911769045279,0.189642011950078,0.236183161653138,0.31011550832218,0.400662865377157,0.544095252239328,0.613984838126108,0.674439913987666,0.599738173076735,0.387032816118789,0.312262219131172,0.245632060911782,0.217853963446502
0.144392185685232,0.16653371502569,0.218841585787258,0.299239664154107,0.57540012390824,0.61314212934632,0.677016863600128,0.663539685821953,0.525711683428128,0.431565578469324,0.257378348911274,0.213127607867302,0.182759020268459
0.166121703933116,0.199853269889457,0.259038170225552,0.326726457750099,0.541413775022558,0.692078746898162,0.692264388417056,0.707317931559298,0.701308467233973,0.4057271890416,0.305835678322526,0.212855624420356,0.203033892032705
0.136356403298782,0.167012070785308,0.173441985836841,0.271892149465128,0.55184485512055,0.625262531357504,0.709116990906332,0.717741922273872,0.611335209197894,0.399744442880889,0.243606521776005,0.176252910525228,0.173868151257767
0.127467538166959,0.160629156252603,0.180716856531769,0.23998106889095,0.614365152095456,0.618684252730821,0.709199838963214,0.713370568204778,0.609643836353921,0.354052272737588,0.231675921058354,0.181074674095449,0.171148897020783
0.133338511376687,0.158427578863431,0.182012214463264,0.281208243765265,0.526294046563979,0.630330839301967,0.730098451921959,0.671984942417859,0.517416528595922,0.429858802288426,0.230499496869677,0.190157191451708,0.159120917838522
0.15769904743405,0.17836438927128,0.189403840890754,0.3466045740981,0.593400191210769,0.727306570516731,0.785506012905571,0.777625701789009,0.609633173055643,0.328058148749696,0.234783715085572,0.226745285265297,0.18446991251476
0.159227091848911,0.172488276327327,0.201111686678537,0.382243546796675,0.580025346903159,0.723170116422811,0.771770332665191,0.746269292791371,0.590529579281337,0.338409020220105,0.225188502381667,0.212828862846651,0.176056120511959
0.172029267588986,0.210172720469949,0.299347338862973,0.408367945925361,0.631040276286831,0.725210025936863,0.703946962592054,0.711889317807152,0.56991023810872,0.440376275061922,0.290972882129785,0.271704973986895,0.226544061918475
0.215205339921739,0.240918374914495,0.334498710082926,0.357769174630694,0.48921800285502,0.633942430943297,0.63421098914802,0.685635055509681,0.586566503110635,0.495951670179669,0.339607156769828,0.283486732892959,0.228414180512539
0.203463395135471,0.251295399876677,0.30815626151253,0.351414621855401,0.461988937691595,0.622455826672172,0.685580954735917,0.702515392732533,0.63034881675495,0.513009462643687,0.352893310030173,0.296125899594357,0.22969436503536
0.14051426523826,0.165781846139449,0.173888572176718,0.329632602131937,0.506419532587575,0.660877256683575,0.758709044389303,0.711366375134789,0.611221107293183,0.35149843396912,0.247792487597097,0.166430878346027,0.165923442694624
0.166923770490863,0.190163412079484,0.243530736623322,0.359455630438475,0.586674468543941,0.699511317661241,0.690440178195169,0.704673797588237,0.621144126665265,0.430141279879531,0.298902182297477,0.210551420687828,0.188260037710544
0.145801302631051,0.175087349171463,0.259914595868518,0.273714943608729,0.397053306887485,0.529452314484163,0.57854204561968,0.676141991931316,0.607446660167788,0.366250455041424,0.274495460438403,0.24419791746814,0.204144184451403
0.151555420649818,0.174891513626493,0.201161808415444,0.282507358478891,0.504762458401749,0.698728595711856,0.747565711686349,0.73681526091755,0.609535515726883,0.499609970646527,0.272951932216562,0.22554415672447,0.175788064952393
0.155079138415051,0.180259022895492,0.222860641792273,0.300683039635704,0.514343801348284,0.685362758852379,0.668906343628333,0.674094397749683,0.602248205750749,0.41835368201489,0.303359895982455,0.217925049230349,0.19471658987853
0.289210715341055,0.360573883618812,0.430385978968447,0.382969856145468,0.437488914928428,0.519802351171207,0.610746982370431,0.64679148662668,0.663681730721843,0.607489338507319,0.451968012233934,0.399386666391535,0.286735075333831
0.172781355809699,0.194193602110385,0.251356814876078,0.349148003246598,0.601614954072772,0.731088829563784,0.722848320439918,0.733782080884213,0.597964996837071,0.384083450194243,0.263317529226835,0.234732639944539,0.199644918010078
0.169805239442092,0.191884060483386,0.258073697453517,0.376226165705605,0.619698415000861,0.722708379320117,0.707172110064789,0.744311102675271,0.567728150647331,0.382802412295213,0.24191593368407,0.246204485311775,0.209623784533031
0.156514155142142,0.177581902652911,0.205525350859545,0.367346747404841,0.547091676454821,0.702255969065483,0.745756854192924,0.715078769520903,0.594699389534055,0.468945108697453,0.227723405319003,0.206053907265137,0.176693230431251
0.146614311245027,0.183678719150106,0.208157713587388,0.267812182370618,0.510006137976826,0.651321078386078,0.726430441294274,0.725841703092557,0.645568686604919,0.321521848336746,0.247986243668295,0.214703943074741,0.19858603219641
0.168535032102155,0.198084262670515,0.25137240151326,0.343762916177664,0.531605464932826,0.689547830415196,0.693694134374402,0.678832045531371,0.605017346883341,0.361749398863487,0.271683919652674,0.211712172795934,0.209693095595094
0.245946438702794,0.293432207341482,0.386471975728988,0.393297136518812,0.434605540803344,0.495554538792052,0.633992961012951,0.662273026925659,0.631758243266216,0.554282864231941,0.420962534766921,0.320108995894794,0.263479322945364
0.154903281492794,0.165882991576039,0.197136192076561,0.361050413900084,0.560351246378342,0.734470129475083,0.786235876502898,0.761849589560979,0.605858996164059,0.496961711456787,0.229070881151971,0.204626310149246,0.172052352628734
0.153140861484176,0.176230934210069,0.235832430745135,0.4029993304089,0.620362931297256,0.695540765220253,0.654210704879691,0.645496936441006,0.519742858457203,0.360582493132632,0.265162525020907,0.210662178822048,0.196808160683837
0.231090614326972,0.266617582668527,0.315082567174227,0.336817601355751,0.409381935085303,0.492986968051304,0.560480375787888,0.644274097383856,0.603892938022432,0.499421384117303,0.375947599819913,0.301644680018838,0.224987777820134
0.216343311337608,0.26098602793657,0.328210303207231,0.392582261044307,0.469757795803211,0.615591484227612,0.659322043339122,0.653610360729016,0.578460412519575,0.470284271513672,0.353193304859433,0.294130270695242,0.248750250685419
0.163364322625638,0.189613124699725,0.234321569510916,0.335866469759142,0.564893362897307,0.64971451761022,0.650349192264005,0.678927007335682,0.632035475109867,0.387406771351791,0.287223740550847,0.243802498510802,0.207415967088633
0.17147821460694,0.185648533984247,0.237798510923505,0.364880872251174,0.618961495500757,0.736346844816287,0.740769359170981,0.742484246842577,0.595715731371813,0.360120402022841,0.229614570254424,0.227690562259548,0.192933977232046
0.163667008076846,0.189595148928853,0.236904857834357,0.350051526012346,0.532653183782508,0.679672915226516,0.707927734708769,0.713548078235221,0.583415820609342,0.400005097207317,0.259034190715027,0.228354882925916,0.194744571740672
0.239933663385936,0.281155303313074,0.315945740317971,0.302407419294854,0.438905203449437,0.604559853798611,0.667318134422128,0.692101584959982,0.639848160173221,0.561622344915677,0.370181211515644,0.311267422189579,0.244496237559721
0.156503527157522,0.197065959530899,0.243206394810048,0.287610771938011,0.471832358516257,0.636994266151359,0.701948773135433,0.723681810079465,0.708804332605676,0.382607547979216,0.299756676810997,0.240185310192693,0.213026249428174
0.174741629324673,0.195610706688794,0.202975480366447,0.296398695805461,0.50748080133095,0.679077100968046,0.717028051624661,0.746679282456945,0.610807654846366,0.378556809006502,0.262094688349679,0.228475961641089,0.197478057706924
0.146501971409205,0.16214895424573,0.171009123521599,0.320000035890379,0.524626090263072,0.675312383632831,0.728532290690873,0.731622796908469,0.584761866243891,0.52322286270448,0.214528905145424,0.198718368982685,0.174810085481666
0.157538161491051,0.188348527663787,0.25757242566594,0.350162406114591,0.537894738060125,0.681283690816169,0.674433381884808,0.700949593332283,0.654214462068132,0.448449084915498,0.317234137352272,0.212759157641774,0.192479452773052
0.256564543199264,0.314692616793029,0.374109521048503,0.387936870548571,0.455282595182999,0.537642773707185,0.640196667146754,0.646525220836549,0.645511034847564,0.56410798574714,0.426629411864468,0.348227308060758,0.247573158222577
0.187668809800629,0.250520425736183,0.297832987643474,0.357977817877334,0.48767711648237,0.610977541186679,0.693271986093724,0.66260600469489,0.551262290423639,0.429613350592592,0.373613386567335,0.287943340015129,0.238625287949546
0.149279976838215,0.177804740535547,0.204863483701142,0.309526526543941,0.584202105940637,0.652127724018532,0.708356189911709,0.670909136940855,0.589039704522603,0.342937464719904,0.262503451308868,0.211434025030281,0.190160451536772
0.157357080592027,0.192311513328225,0.231932978262434,0.275381269935702,0.44863439756071,0.620298748044664,0.695510784534917,0.747883520397302,0.709587428012151,0.372895709421746,0.286101917616295,0.231117871447837,0.210703546469778
0.149694387150011,0.171476820989341,0.171563709978839,0.239831619856711,0.50615634052375,0.670942678822466,0.701209213738354,0.715368733035917,0.608630726756266,0.534634366872317,0.294117328269341,0.191734918437518,0.165826673666699
0.175848716324703,0.225450318235567,0.26786475783694,0.321125296884387,0.416350867874433,0.562906701964005,0.597604613261377,0.671604117343277,0.693415136417393,0.621395901129116,0.370961297321347,0.254093216651984,0.244541045409903
0.15752501673447,0.213223012443093,0.266061325612927,0.305125400160625,0.441605641053751,0.5306775661709,0.576180990237484,0.663386163446728,0.702723747782284,0.567462474868087,0.439364743542645,0.256754774851376,0.231406605973933
0.151324601097286,0.161843333376601,0.169414922915428,0.30327599969639,0.600939217331801,0.679220938125171,0.73118512032713,0.720127648060568,0.608164473322095,0.517007031143694,0.208601337166194,0.198154022776574,0.174116124383453
0.179819840510677,0.201758002727084,0.217317532389703,0.32876437836657,0.420296736698252,0.599852917204702,0.66514857109259,0.753992701583051,0.712447754380389,0.57483276066453,0.300560912670731,0.238430889300888,0.215317418957195
0.177713758286388,0.195796282454058,0.203119385537096,0.354331360612625,0.490647726347107,0.696489770557041,0.697479097224629,0.704343708799829,0.642604311775522,0.498560636469157,0.260267615985877,0.221525513036101,0.19386112796916
0.176475892764373,0.193848997682623,0.214766962741256,0.386385188671376,0.612926272756732,0.701359497000435,0.719674293071357,0.692301994971765,0.692994189951421,0.494736128936178,0.278580972726009,0.239731403835948,0.204403180549399
0.161217132947478,0.178524300385266,0.185480045916466,0.373077058427734,0.59578829685678,0.710616938171719,0.727654240581067,0.705014362916955,0.643838471891913,0.488583347738479,0.2220842933516,0.217113259043335,0.197186209305865
0.182268562210676,0.195474087543878,0.195710019826158,0.34165268900199,0.58035088529783,0.710169791247356,0.722692204741598,0.711545974684096,0.659657652484685,0.490757563444208,0.226759095799295,0.213661883390855,0.190686637352106
0.212403854384571,0.240235771969567,0.280344093660183,0.408574758308048,0.524724177050886,0.712811749132757,0.656648827300435,0.63426790597603,0.529241487992515,0.374772157852383,0.265730381777943,0.272890067047422,0.24403945444727
0.220699623353637,0.250498811862571,0.269198967170374,0.344764439273307,0.468407358149501,0.660586116378124,0.705413279983516,0.724526260527168,0.626610973279757,0.510800432205316,0.335851193438783,0.257677512769327,0.24102960925754
0.212891599006699,0.222486937639646,0.233549223337992,0.324924964222893,0.410914968249784,0.617692906088467,0.653298388627059,0.745248742990538,0.715188390697573,0.547115773053839,0.278826501909981,0.252436449124476,0.227658753864589
0.266623353156281,0.324431577062671,0.346637223664132,0.424129081080061,0.553874376483981,0.716299316091914,0.669736229376365,0.683698428116675,0.601619698277785,0.439674973621657,0.308501764574082,0.314617827927501,0.272307651982567
0.23233400385304,0.300694336733882,0.367930289616157,0.381387711617657,0.487271797024394,0.515714454306317,0.583147203668219,0.630794916876538,0.626322258824533,0.582790757238794,0.50836805150178,0.357920577172467,0.320272470862647
0.205113385570904,0.22185979038665,0.232179747030107,0.331408021515764,0.447000350607157,0.693218779575706,0.728302687074427,0.749656295528753,0.7275493034201,0.578533268118902,0.298682978197386,0.234835316615568,0.21565478792071
0.158389055044109,0.182527877485656,0.197596305863178,0.297502683809675,0.591769544280333,0.681260082512025,0.705918345860996,0.688971196415043,0.643344389616093,0.522922782081279,0.260746283940039,0.220622985133061,0.18265289359749
0.20460970100705,0.235990017529987,0.301237618324089,0.390827873857739,0.464746847530653,0.588463981560565,0.633569472435221,0.631270644333826,0.561936612344925,0.43604367216422,0.304467829535427,0.271130198748564,0.214001324513386
0.199786594004921,0.202865920386642,0.206092637636131,0.317261381736581,0.507644211274763,0.663850298656713,0.695577032240301,0.694659535476943,0.645236000732886,0.479385804318255,0.283492279260216,0.227223624128466,0.208112526643828
0.215911245274032,0.234797602918862,0.240911260037778,0.338592371863357,0.436407785396774,0.635660042085702,0.688355356016813,0.706564260522576,0.630841798227867,0.536309716353556,0.375802127113066,0.26337026379301,0.233787254816048
0.207652559553174,0.243853383204168,0.250796767164284,0.375002252045265,0.468063640751947,0.670406213734028,0.677037668459594,0.67904682577492,0.639409982697308,0.491585968921458,0.280185611188474,0.26802853310763,0.236023536184859
0.200173559331983,0.217293250580947,0.226232595777748,0.317802809295377,0.414637676689365,0.63271268911495,0.672576933786945,0.73527863207462,0.711288987748424,0.571810924814071,0.301991745593688,0.245293112676514,0.221109172289968
0.171404337428405,0.18513074030951,0.197444679280186,0.336666125746871,0.546790691955948,0.663565684564837,0.704974307597842,0.706588663697174,0.689073004076626,0.520368642804267,0.2426943353982,0.226555000689376,0.200200803953358
0.240854092216134,0.292925631198571,0.327541926068048,0.378663351480077,0.4745840490599,0.668582249723846,0.693520938966526,0.697320595590415,0.570817885984672,0.507774770295985,0.315221715072529,0.286134150073755,0.275740268770132
0.166331569932391,0.175875393416459,0.191464912363762,0.332425875217829,0.611192447743771,0.654867285545066,0.702110732193186,0.664708115164119,0.567137663772572,0.489571678130233,0.241293893339789,0.232548265179774,0.199498288129072
0.198777548608128,0.219806254839352,0.236647032852246,0.319949594122154,0.435212876116056,0.626994365857685,0.646818067479173,0.702060452038408,0.704576258447098,0.616207164850639,0.360410782651329,0.247349711038974,0.226053239031496
0.183948307861519,0.226498419636134,0.257117110641008,0.362885289842049,0.462928055237393,0.638663184406825,0.643804396114408,0.649856974947555,0.588728347117906,0.435677744021713,0.297906053465411,0.267562001287016,0.224589398704093
0.162011353746558,0.212016331682605,0.259378970952524,0.314510878183568,0.510787452206757,0.585965418227942,0.622874745461708,0.661178288232538,0.65667185870627,0.568723112527234,0.429917982620196,0.257603237127768,0.221098290191659
0.173386530860739,0.205580564401189,0.26066964448959,0.302103433148716,0.513370822980107,0.603895358937125,0.616815205774459,0.633233702957853,0.616195658395367,0.52203329093397,0.290367824788022,0.255428953341022,0.210757713612354
0.275154723008732,0.356591194235727,0.462454549495236,0.475603911777316,0.517602475497074,0.505564363842263,0.493467165644487,0.56770043235382,0.599754908333,0.561376279693929,0.534681732317809,0.437949164713129,0.418470160984441
0.197522934541633,0.209194117620391,0.216449498248858,0.324452745294699,0.427515362735979,0.658112208841136,0.693881701987152,0.7227487066051,0.709092166900485,0.529097460303076,0.268743742931705,0.241681177998828,0.216652480740481
0.174706771299856,0.221385748072731,0.278253465752833,0.299463816389115,0.506054476765908,0.572926723952981,0.609736860642181,0.672622241030863,0.642869976252829,0.594917576082326,0.426167220960112,0.278368819402307,0.235474817242296
0.171921892786821,0.213235039524389,0.238792394152252,0.338732214464272,0.513517432091579,0.625610638745887,0.686638069870615,0.689543493628746,0.673420570601277,0.570909199709977,0.277302301714458,0.259195498430685,0.224510999672338
0.152072753307551,0.161410530323202,0.186158869385403,0.336711309868621,0.6569842481762,0.671516462831287,0.745176091440356,0.713372475412214,0.610929282996394,0.539302220372073,0.276377712211545,0.225721397551466,0.18530236042261
0.290080766410311,0.326508089697032,0.334679510693423,0.359672867156034,0.513760792806524,0.785325897479959,0.725692850249569,0.692696973108483,0.617645133912233,0.499424316062311,0.335783847009295,0.298239638425207,0.296139881743842
0.140172891932681,0.155820300857723,0.200901500136087,0.274190094796385,0.554040966639162,0.643631436965765,0.682731791801896,0.662019534484902,0.650547455793163,0.510323973427624,0.269052877385687,0.21053626557621,0.179736082888581
0.198853891277298,0.248150087409931,0.300641762686655,0.380355877054038,0.475828195259976,0.591717413522354,0.662053931494077,0.640284070481972,0.540625281051723,0.455031011230695,0.34854719556741,0.286631425954924,0.22883308846819
0.16066288547131,0.184672167443352,0.212458472836047,0.294101333187462,0.572685638170859,0.638931518861351,0.661708219752164,0.651462107632111,0.624749995899092,0.481625334233376,0.270003752630949,0.236917049360427,0.19080946190548
0.197686118156103,0.214032645301684,0.2210928568299,0.305330176491933,0.420429749245175,0.63540459293164,0.667053583076428,0.744968038041568,0.714882431560188,0.561996543650562,0.307354251726018,0.234567612571875,0.216278225934599
0.197147656029961,0.218373769350269,0.221762089084471,0.327575579344443,0.469072350472919,0.693408305456633,0.71901384318118,0.741694994626438,0.658392158510938,0.502711875970159,0.293555344991691,0.220229737346856,0.211125000752951
0.214897165629403,0.242724401831232,0.240910925621463,0.341132591226138,0.460206773097265,0.662871552510807,0.694674381528086,0.713668311826098,0.617040092574087,0.470831522378081,0.329734877936941,0.24330032973488,0.223320049461323
0.166480933431535,0.214716722332689,0.258714836391814,0.313521941038967,0.444912438487262,0.488445042020832,0.575291535384945,0.653516339642549,0.632213763190063,0.567470618426066,0.483812294127798,0.283369300322981,0.242977591102569
0.191491961482848,0.229047523864882,0.256757746751663,0.366763169782701,0.463261221931351,0.60406746656507,0.600186965769819,0.616102088253765,0.565779533112705,0.479600248481275,0.29280872397621,0.271730253712178,0.227778771660503
0.188510678233697,0.201049741500515,0.225395579031778,0.292901798910293,0.482956069364524,0.722554946200592,0.745781651326497,0.731530250105086,0.705664999383818,0.610648384281346,0.317303477965567,0.212181073924452,0.211838233374887
0.15086413893308,0.163356547126588,0.168734238983078,0.290807853744503,0.576734497913309,0.745483791597703,0.756242930868506,0.72633228858239,0.580721690899596,0.517371479333383,0.185826379101862,0.173335276487375,0.164577501872275
0.173042568905356,0.222909158609776,0.287564273874065,0.334956712081029,0.538590620477981,0.592009410170612,0.669665930872965,0.691246036346326,0.690195744071296,0.577388111281463,0.307861440101269,0.272910471696002,0.24246664417953
0.15257484650544,0.160942703817657,0.159224304480625,0.349949844992822,0.548979682401029,0.708105012338631,0.745490367996999,0.738618671041775,0.603960523039084,0.488866434790902,0.203377781929862,0.191770203008631,0.16918009486664
0.230263879791084,0.257259330443103,0.298007443308746,0.396941325293859,0.528564177195347,0.55890476111861,0.577383863722428,0.571651158761206,0.551007553169199,0.377663712763865,0.296076058659792,0.288538097202405,0.239065327968733
0.246670991632128,0.259832569294989,0.288848478611912,0.342672231616702,0.440007900184165,0.610846652164795,0.656231482077988,0.698906952741378,0.707715480830427,0.605612687869359,0.354819078803335,0.283228358413633,0.25807614319562
0.160475545831309,0.184019617091802,0.177647601475794,0.285802785020863,0.538353266895472,0.639988610169875,0.676348966431272,0.674842435488817,0.591057554090176,0.483127747517295,0.236784167810575,0.218360275785393,0.183316249191715
0.160547268450064,0.204508845962023,0.270709952795566,0.311502719988572,0.481124811390938,0.54065940280637,0.609902948381378,0.700721388663923,0.706344285512896,0.559154004882811,0.399564426521895,0.262140014974043,0.232274406404448
0.178115235883212,0.216557096022563,0.297144217993764,0.346256666904553,0.487325152153257,0.576519871696057,0.612528571271063,0.586380626030007,0.57801883516978,0.480645800716755,0.338818292968347,0.289765155471945,0.256706671467745
0.171772481922855,0.206137937565034,0.294000106468041,0.349442529802489,0.518465426753053,0.626255104428629,0.617168562052284,0.600458740896257,0.602061878981441,0.515106410923824,0.337134999224154,0.28769154229318,0.253085401111993
0.149698872048104,0.19131551247274,0.245700051493151,0.300609439090897,0.374129291303571,0.550471723895935,0.710553540290309,0.710728650050027,0.670193454204941,0.595634924433235,0.462843273548685,0.292605756460504,0.21547034814607
0.157664745290022,0.169660969306389,0.242119942444386,0.275938708076733,0.499144693345725,0.628894737356081,0.68443525592735,0.651724815491454,0.616281697677173,0.585924106855596,0.305257064311294,0.20975595739539,0.201928774570932
0.143338055552698,0.158257874342667,0.201048499153911,0.227358791465073,0.51595827173142,0.696627638534033,0.719997497653759,0.750179690491463,0.680470917289093,0.48822433116286,0.280321526873928,0.200326704268501,0.169656459465402
0.147088863526329,0.166946986782485,0.204008761118275,0.246969870953303,0.462365096953967,0.675422920748637,0.748966281915409,0.725657673181886,0.655663511411419,0.542769580002721,0.276534642204802,0.202834264760832,0.167883203010753
0.135977739342881,0.132855366792163,0.174592004332076,0.241606309997653,0.469351055106978,0.571537457806213,0.628018113700916,0.641096997977068,0.621789045837728,0.37742902462958,0.217934277768859,0.164992691998591,0.152533838803762
0.101646028342246,0.157372677816234,0.201459088890927,0.25662032467375,0.44375888453516,0.641234685986707,0.726591133820141,0.714179469736027,0.683183042470202,0.571469431669423,0.310289117813221,0.188670065987501,0.168575933631947
0.149597065546666,0.164655816305783,0.20771265104418,0.252953266291197,0.485842445242866,0.653389866257165,0.714092896617721,0.721025822940451,0.654894208841408,0.537174776133856,0.293682656875465,0.209643311476179,0.171010482971182
0.100250142862848,0.131295661495205,0.162567347704709,0.213112338907783,0.405328062959088,0.533650260584852,0.645048400890259,0.686331135028157,0.68860979885288,0.564705275572614,0.341231936090011,0.149666305221313,0.151566788970269
0.119491355847964,0.152344362562744,0.192535500858224,0.253122665420888,0.418408667471874,0.654665257595584,0.744898910880321,0.722824519934958,0.721073941253881,0.590323499181785,0.263519400176291,0.165065231815697,0.169006291492618
0.100156333629724,0.123648198409521,0.154650327052445,0.20527960513575,0.497167486915832,0.539492816167362,0.630785270762334,0.668364080317398,0.655022401428052,0.564414119355898,0.222255285216035,0.135244853264833,0.145157242168776
0.138442431948489,0.147406314495075,0.184663594384905,0.240580275981781,0.495007158261219,0.638087937991236,0.703909414784327,0.677294054694294,0.688368602743993,0.625732118920157,0.289892995405727,0.168865502473535,0.170685557664228
0.17374953196454,0.191393642793105,0.263075888343153,0.311752175081232,0.500122548662561,0.620983887641426,0.64972680005775,0.643771783096429,0.630656068808562,0.529820096548175,0.307230701514225,0.252165490524095,0.22480702497897
0.152137351873517,0.18530223001173,0.214878255237678,0.325933624247492,0.498721357447428,0.6871416646695,0.68352134024723,0.718456005615604,0.655341687535359,0.436792069996308,0.274484703372242,0.213967926098464,0.184210463954585
0.0800579947796634,0.133349303857179,0.168555368802762,0.230005986239226,0.309235937840967,0.544296740853303,0.682664926085261,0.666160413556688,0.68451537563137,0.60197152319723,0.287084503462394,0.158692791035848,0.159521706437765
0.122205706192902,0.156516747984531,0.187579681921053,0.252519627560765,0.46121769129175,0.605352447512118,0.691273243669188,0.711111206032743,0.679123911675841,0.61664930005625,0.356813003144934,0.167968479447245,0.166923776828335
0.124694466169883,0.157112985066893,0.195345769608684,0.242840962546761,0.375656408611556,0.575763451230688,0.700540111880047,0.702744057384128,0.733836328521586,0.611089358222589,0.366900424293645,0.220813794024543,0.169860438856417
0.0612337066307028,0.131604363797313,0.161638668679795,0.216923437725003,0.344837879470913,0.468230203472628,0.56443381588245,0.643251696601426,0.620501734182163,0.541630235367987,0.376298338016384,0.156212916702858,0.15750849954445
0.141363155160145,0.192582291158334,0.230504379275694,0.268647880605092,0.388328514516883,0.625316131049785,0.747769414139766,0.74066611048633,0.703141767163083,0.596781110579354,0.419006899605513,0.259594574237197,0.189107113393465
0.157115893915608,0.173383076879129,0.213161586260518,0.313526068709293,0.479301332308317,0.665916213156367,0.676524991627811,0.703208284803863,0.648088667473153,0.413518794585929,0.289030574831537,0.214994562372198,0.186232489130397
0.151750295135531,0.16533905080636,0.214207789967127,0.271422515962345,0.474438963999981,0.645062055520318,0.712694328273494,0.703153058506474,0.720964116270099,0.636486873479169,0.357380701771959,0.190172642219858,0.187333410463847
0.147126857705336,0.147359183015524,0.214815776241789,0.293457230951252,0.487286899304233,0.569429522781565,0.61282203678551,0.58914052939319,0.572527240228855,0.461320644182906,0.249571543229862,0.200985534334733,0.175985674667025
0.153425602140463,0.159335954838953,0.213564713377323,0.253774165443231,0.477995609773307,0.671053155927039,0.728712340578456,0.709347570638393,0.653125945184421,0.513887742582201,0.280530115320921,0.205578322889444,0.177430096788995
0.154036113032041,0.156614723822926,0.201017433610259,0.321910652170491,0.515251062294549,0.716872755842754,0.668645177744523,0.684910854590517,0.560751757750394,0.363776750470791,0.247321622059018,0.200577177670581,0.173985281499829
0.0225213883790349,0.125778729712563,0.162444448775927,0.210030927588699,0.320532458693922,0.44495634963774,0.610580244059747,0.61231455359614,0.608910916745988,0.596893839079617,0.386736239009934,0.160381594224629,0.159736899148581
0.157008414784213,0.205912121199955,0.25995513852754,0.307353952332293,0.480472623507589,0.669911687629427,0.704847811554114,0.707245058439704,0.658027627887346,0.490308093757586,0.336788161270113,0.242122433332356,0.214846599178561
-0.00403776589477308,0.114742792925925,0.155445429307687,0.207160347527769,0.305281486923189,0.457573579779775,0.5701230504964,0.625296908371923,0.616668449675345,0.575994462460637,0.325529041087884,0.155084637507304,0.159972492424903
0.116456121002017,0.157387604953578,0.193697926779834,0.230387537455776,0.40960135683728,0.604020828627255,0.721970885806547,0.72557250051759,0.673520238790123,0.552600736465033,0.31939019745853,0.211478730916639,0.167347031733841
0.0638961842910327,0.154269427343952,0.193847340903643,0.24939398557102,0.341263506303705,0.54683572926697,0.677545071531169,0.663950874957903,0.717957531093295,0.558285175547338,0.338472324330017,0.174010775898379,0.174024534120175
0.120776511071398,0.138149208134461,0.168545992862196,0.221494843632062,0.386921468470026,0.637869948302474,0.750534465424955,0.711493152724268,0.700135004795692,0.599313198451155,0.222919159860396,0.147135789076715,0.15095252065261
0.146770722396688,0.157422637772531,0.210872065142762,0.30644807781775,0.530464202980307,0.63927114652967,0.660000761206486,0.66284405347861,0.63486528370309,0.511502916195194,0.255119470879346,0.193353216659384,0.168474625277951
0.123866118344453,0.141777173065689,0.188581928988662,0.26798293625121,0.485443314373017,0.581032067846084,0.641381141896671,0.63983741880095,0.627244384419549,0.50538118366368,0.240185082223083,0.178060073364194,0.159865282820641
0.136406845595443,0.154228233766626,0.17254614077499,0.205611417942581,0.441544506303212,0.718548810963983,0.809694365361959,0.778416146521051,0.709051538473587,0.608118654814513,0.266052696995572,0.156390169684044,0.150647033497759
0.163251868023439,0.188808251085515,0.261299949518332,0.332035022347041,0.513032851480653,0.593171359187709,0.645886684701017,0.611983177324737,0.582290906503068,0.488035552110512,0.308335695297024,0.26090818705954,0.226405071729656
0.123293006932758,0.123270377441768,0.158542902703824,0.230294522982472,0.482934564992955,0.608480142764081,0.666907883357924,0.647704628777487,0.642712501455275,0.447642492997352,0.215350184865705,0.141840522661337,0.14528822608628
0.0434179374325703,0.10786725461162,0.143012029800395,0.183883123995044,0.291162609316001,0.486218351238867,0.627003409011584,0.678007517937372,0.677106043470742,0.622128554410979,0.344705580944787,0.13669751772689,0.143300419041355
0.138493268328419,0.146724078753283,0.192145705127135,0.253516266229801,0.491444848140019,0.68696760710818,0.745025318606345,0.694353453357848,0.669196491794967,0.555196996557356,0.274973779302111,0.164127400962494,0.164247271850393
0.133165150646606,0.17367605706295,0.220754126257007,0.308638367465215,0.490917137410182,0.607658394352531,0.642308602630533,0.635361182590667,0.655778891303819,0.529988170004145,0.284763590935901,0.193636013844097,0.175250405179958
0.17323916998231,0.184213902223125,0.249759002003852,0.346790396890016,0.518999164412049,0.678285177106641,0.624503171523571,0.668819761722578,0.545150093473558,0.397066450980524,0.274677998428958,0.233177868622287,0.205907378962085
0.0414739143582801,0.147576249472397,0.192535303460277,0.243001047272962,0.347454621906379,0.566501273155074,0.694696550869296,0.695779410783937,0.717435357537119,0.599827275304778,0.376958125186448,0.240272475837435,0.17949389471065
0.0934022221029455,0.113495097174332,0.14918825937518,0.19459761518763,0.362255618845182,0.494126389507771,0.601303327635359,0.638561504682209,0.630112558491444,0.533937440630982,0.241863949773296,0.138217833787118,0.147223858899016
0.139795943456702,0.158666213455486,0.195771113068637,0.251758136771299,0.449065143106915,0.625952198846983,0.706124499575405,0.721588016804225,0.74147452211064,0.642623342121675,0.353044013635067,0.178425090585794,0.176248113457273
0.159170640629271,0.209557285476501,0.279288850605783,0.308971121180822,0.512066796155905,0.672822289500718,0.664423230348484,0.715073125343457,0.642550664750201,0.457871066598021,0.306725529366092,0.258084731041255,0.219372864113655
0.173607238637074,0.228009740724442,0.290582696813843,0.376677721838733,0.476421625090982,0.635015166474134,0.640792963330295,0.681900789219797,0.636568627494412,0.44608302754812,0.328052843524911,0.270822198303559,0.237999077613699
0.160699514892941,0.180128470591144,0.290549829663263,0.30422415516548,0.531636389410892,0.695186840053344,0.681548022625127,0.709058649742316,0.628924470214353,0.590101144898481,0.305961489508646,0.234347286506249,0.209381739013692
0.163454626340417,0.182513588584211,0.240139191926261,0.29569565185866,0.540096434212857,0.678189463080105,0.623678952552027,0.674444032739495,0.568331534210602,0.41708337910994,0.269634231771886,0.248669565277533,0.213861002925769
0.159798019402534,0.197619956875681,0.246429885628839,0.287043625959923,0.496100321698236,0.679226033702842,0.652795608560029,0.714155531918019,0.642706405664339,0.447014731885479,0.331392523439519,0.239902123536329,0.201876794337531
0.146270614642455,0.176289055193168,0.227165332983473,0.305029566939117,0.495341000436773,0.675321252927069,0.701001599411523,0.716472989528025,0.636465204533938,0.579501289355575,0.271168765016427,0.216897970914884,0.18732770016348
0.173362462861326,0.202848968837696,0.289923799237092,0.332927322051385,0.535721163796524,0.681458188130056,0.667626715596639,0.709075086829885,0.615685639163696,0.422186195836247,0.293707200106398,0.26477287453711,0.222902003740089
-0.0122201974862942,0.110394148422095,0.144653494546315,0.189648280278383,0.327249672989022,0.496355379362762,0.612692751120324,0.668459035951057,0.642615128076996,0.600061435895827,0.310009967524496,0.140142627485814,0.148253664381961
0.178896729208992,0.216162113514092,0.301883082069094,0.418460942377185,0.540558261413096,0.696038022470477,0.669083819391722,0.67171200201696,0.556796284769085,0.404041122440923,0.292696406014466,0.244416625868635,0.212976075858798
0.149959282160117,0.177965269069764,0.226679711551721,0.279434968140873,0.51962311549922,0.674886163355604,0.696176724505001,0.724451811508643,0.645063811789076,0.553803864375474,0.277070623549056,0.225489298057065,0.191724600160786
0.158551537052713,0.18004215990943,0.219674282043739,0.367227516608421,0.493170586799096,0.669342355425991,0.639393486714174,0.687741898950632,0.575371772267957,0.417814160970305,0.291269783385016,0.205588436902704,0.186746419807819
0.136284842800112,0.157626691257264,0.192498457388569,0.227480766786455,0.338054188982868,0.571435386437534,0.714746598157143,0.723047979923708,0.666242234986461,0.625357026973282,0.380175596531586,0.167738724511033,0.166088761283687
0.183412831733628,0.217549627094584,0.307727040865219,0.360824988978672,0.51300959241171,0.601176395948042,0.65105562101724,0.616364839806253,0.569751434108013,0.624783920445201,0.313942415952957,0.27627465235347,0.253809105233051
0.168161315654485,0.190528422493658,0.26432500050831,0.321775274282611,0.556118932040203,0.713987411311138,0.699175146722854,0.692072717316447,0.568148911417871,0.489474045357175,0.287298063662912,0.244453053663187,0.210557392412343
0.166584922815425,0.197121965566087,0.268817529106143,0.313136396982587,0.537929213888447,0.704352788426973,0.676308606048915,0.665310638890351,0.579405255654328,0.550294918001484,0.288731377982101,0.24034075480625,0.213387671657962
0.150911507671816,0.164999815026707,0.218297859759875,0.268370297860219,0.493155238618889,0.695553929375295,0.704485089784818,0.723152650854052,0.671662765197383,0.537061101094588,0.303634536772807,0.204466279967242,0.186002870771186
0.0850512443882438,0.143111236636494,0.17870486779805,0.223526014472997,0.311218965258833,0.556715188017716,0.701292431316444,0.697086326296391,0.690326295676252,0.592792378127691,0.362657829150777,0.188840085804498,0.167462455995382
0.119887772229969,0.156477692491117,0.183611231561772,0.273015122633945,0.453651238122499,0.57471635835778,0.63036088489461,0.661195306898392,0.685566032394525,0.577838741276656,0.325739855254677,0.174706102963663,0.161699012779699
0.15760941455828,0.198722405876753,0.25173118409972,0.323199363270938,0.513086130696967,0.637264835669695,0.670205381578822,0.701311411848975,0.682354859628523,0.545452612268322,0.296872070085631,0.240063100009837,0.215044805050868
0.158546649469913,0.188420624613555,0.230759374853637,0.347528650726572,0.54931856588495,0.666127146134004,0.642968832713569,0.68212237939142,0.628227209987668,0.381178003032869,0.302138826820131,0.224007509359973,0.192904387342493
0.104291127913167,0.132255070128993,0.153508761168552,0.197632054922463,0.311345697703937,0.526698149338614,0.64316226346916,0.719629105970379,0.661088535402204,0.584110360838825,0.36221418353239,0.145017804581214,0.14979672271159
0.0764194522191117,0.123626939053607,0.150956487144276,0.188232543731324,0.313251601736204,0.490294623717006,0.661449541879593,0.683808116102315,0.649794478284584,0.608188496373687,0.393122219995529,0.13171140803195,0.146217018997558
0.170623831439488,0.198939296602515,0.260739547968141,0.31564576556248,0.511982101278401,0.638787225824521,0.65494438893102,0.656971438040908,0.666907939362245,0.512891485156263,0.303420639501444,0.250562035272242,0.219755557267908
0.0268240187680184,0.115473476746854,0.148453944865181,0.206205743388456,0.338748197510157,0.471435039636721,0.57205284295499,0.604428816426381,0.601183296904676,0.519010731110085,0.351647140332208,0.157354255256582,0.162435034695473
0.127816041280311,0.162881153821403,0.184297306269855,0.245037655533745,0.441284168012318,0.608511412489651,0.695241486109664,0.74229675030454,0.685726115945139,0.647031341614673,0.362675983173866,0.171113204399717,0.164120113779572
0.0898294160536422,0.112114262887528,0.139128221517149,0.169420473170936,0.346635067910407,0.476003861404848,0.589153941045433,0.657019627559731,0.648833018882824,0.518342713926545,0.277132043401245,0.128744267316062,0.139851106451847
0.155259238908847,0.159307461457059,0.251642085520949,0.295813449157088,0.490893136802458,0.591673211062221,0.575520835250538,0.585252403274895,0.571757779399371,0.562978885651322,0.29472708937393,0.221867192127008,0.197526686535382
0.160268298381277,0.185848941530843,0.281783484156981,0.286441692513762,0.507647749255051,0.6895148208918,0.705743826453731,0.711150256079839,0.643723455050753,0.572979171851971,0.290982275001182,0.230997022023904,0.203643202731121
0.199167961206173,0.274365817449106,0.335105798555899,0.392013524504804,0.508272851087184,0.606086626951977,0.589794055730238,0.58068626124683,0.563746977157569,0.478692260371838,0.355455240424943,0.325043681443678,0.28805759642861
0.125828709021441,0.138863162451211,0.175215198991274,0.230463688461251,0.526198576294257,0.602120185552502,0.69735854773202,0.696827359492045,0.719920765700747,0.583214036277113,0.277381843391614,0.154852746881688,0.161633142735436
0.153692840788833,0.165098819212469,0.213347116872712,0.326118634364518,0.55682701559448,0.67930014880661,0.668886080745689,0.686420916091454,0.632367997059419,0.393970489843608,0.268376284167236,0.212896032189377,0.181939469605703
0.152611371428751,0.165712400574956,0.224455585229902,0.272045519053651,0.492784817430988,0.657753502293475,0.695514012281117,0.692000656142338,0.684081776141615,0.602648669226305,0.278038543472753,0.188904521761861,0.179347375512492
0.134891822295054,0.157916297483181,0.178161257406536,0.22247437996874,0.363808828830106,0.593274217577131,0.723239848833574,0.729575994700595,0.669729715771999,0.621671730912522,0.359818988720656,0.160414524094788,0.160432309952805
0.14972589146209,0.146278861446526,0.197501527064327,0.260835892033037,0.470647412401293,0.612312145989638,0.624521956525172,0.622313405004947,0.610795925043474,0.480176008802662,0.269562286234359,0.189132387042616,0.170034972665148
0.14686866318494,0.179849739267589,0.217708414057686,0.25754500740052,0.48276716984137,0.680591170920703,0.718263588563679,0.745378527668288,0.694315013317169,0.553156043593875,0.309743366798535,0.218049836895955,0.182254531265546
0.179648101994862,0.199049555394989,0.296724269405104,0.38231124075885,0.518399384443227,0.59718238942918,0.607504101225883,0.577944285346157,0.499889874713462,0.545704930164304,0.354564789082718,0.288338005837619,0.233214076677904
0.170557634962786,0.21401623303057,0.276934173643355,0.332347961252442,0.507814630124593,0.660371764655818,0.626099932112308,0.688108085499084,0.599654806567705,0.448561243827069,0.314298048505397,0.257581789528921,0.221043419088353
0.102128838001921,0.120760537170752,0.158049550122088,0.223458740977947,0.467789673567875,0.516539766821124,0.597121146167241,0.635002838602462,0.627858714725533,0.486814450455284,0.222641016863194,0.139909222633432,0.148192376085775
-0.0192958228515271,0.123195104365883,0.151579534339918,0.208232298472882,0.326259401383526,0.501449130213254,0.616597453302554,0.666837931113865,0.656691315978289,0.619753834410887,0.281343252617562,0.15120747930749,0.15711409535593
0.115053115612336,0.185974138999437,0.244576733387988,0.304622800961474,0.399227549721213,0.590919288144899,0.70864857493224,0.712480338880733,0.674247691751306,0.581178093235656,0.421761746135578,0.284840769309344,0.213928187676048
0.124281616414011,0.173072230069369,0.208033313556002,0.281235183754524,0.436696226645693,0.58309172823343,0.649561554926465,0.683156512861095,0.670146624340794,0.592847545054303,0.381120714282682,0.209308281526164,0.17990949127873
-0.00639105448826485,0.129223071869217,0.16425248229669,0.221272779628881,0.302414916235487,0.518225423776997,0.664815230137529,0.696422374107975,0.66621782768656,0.629309520148914,0.297751428118951,0.159353514427546,0.160566949860783
0.101800460982333,0.115758127117987,0.153336118168308,0.197350345834499,0.349405676152792,0.502901790188011,0.611706966118076,0.658341393429108,0.665162890021813,0.586991088857707,0.241732691917389,0.136971665069519,0.143664089255782
0.227988077636701,0.236159833950465,0.307574413489143,0.380437395809039,0.452328162209483,0.565770841127665,0.58612272749026,0.541092109382766,0.529161613966594,0.488203625267752,0.360053841461872,0.320990917550892,0.255816423348176
0.179549495710184,0.188737342502593,0.254200395683974,0.318119569776769,0.494929296249048,0.635573901562721,0.558441185792736,0.510558487564595,0.527962639359566,0.487443212343371,0.33812413041593,0.294414401508932,0.231932698652833
0.189795466863418,0.191633068059794,0.259686211301381,0.313568800508468,0.39918361720933,0.522300436065141,0.518623025588036,0.492111286102282,0.481959530723128,0.443039143371845,0.320937309147655,0.291644531354291,0.207734917439466
0.326020568394942,0.326488438494414,0.396493519565562,0.280397125741316,0.301498503047837,0.351616128829232,0.345044051925567,0.421374454244567,0.484576309871234,0.389772222780091,0.309636108114266,0.284004234666116,0.183590947754043
0.227980033228265,0.302577897946166,0.385976114206095,0.365380887919467,0.433249211300534,0.51850727949141,0.474582168450195,0.464556743741872,0.484770974898531,0.541786254751597,0.47487471607058,0.362779752343426,0.292616272553981
0.191346190510005,0.227276768235564,0.29218903062946,0.315516879118199,0.436556813176954,0.508599147945533,0.464213562451983,0.44963283965488,0.48067835091507,0.46813746312424,0.363701147201762,0.346485059208292,0.263865443742744
0.342903588706845,0.357136126638153,0.394527025578534,0.293810871257211,0.307616720761075,0.329959786056389,0.34306406196113,0.395150850917092,0.409841592528047,0.419392866056949,0.355851565524121,0.289739235718966,0.191544910419755
0.383351979196546,0.469575739286519,0.554781008983868,0.569282394993066,0.534012732273798,0.595423261246599,0.57718502849806,0.607056945372285,0.577540975075312,0.620270525546096,0.478135788273673,0.454216858941736,0.386740707545911
0.321661793789055,0.373193519386108,0.43550871346988,0.447458091804787,0.497418445425308,0.517232785706388,0.617125686012698,0.617104655389423,0.516606033645677,0.485899147784007,0.423815742241975,0.296116046607997,0.228867915084651
0.21917075921445,0.248704757244913,0.256026704046099,0.364473953618045,0.555084476949559,0.657028045060022,0.68903753218148,0.665712331612161,0.600024456054072,0.413364737016555,0.305760440522925,0.266192689752889,0.230025957441949
0.330468985320323,0.353132622466978,0.39850195763493,0.428685819462788,0.487865970159241,0.621627031226393,0.706149122721081,0.645142388945557,0.587023958173485,0.490547478672033,0.465298638293707,0.323756327969832,0.282162423482787
0.413698403449353,0.504148949936774,0.599893136499455,0.596598903158326,0.598834499556953,0.640646781046693,0.588788119131327,0.605756611946594,0.57009541212954,0.651360802685847,0.495912836518142,0.492450789277626,0.417277549975737
0.359323680918073,0.398531917038774,0.426950481859081,0.440027979142605,0.491267900631996,0.516122935324592,0.565013726341599,0.580344536427434,0.550023686166055,0.517133428697923,0.473856529160465,0.37019271129373,0.233550577400407
0.356564299367945,0.429222256362452,0.453675241839135,0.474574512137656,0.597298846819256,0.697910040878971,0.644655680438129,0.663869796681681,0.585702012746316,0.596901933725072,0.424983383837993,0.41133459922737,0.349947792031339
0.332790934430628,0.389974452680724,0.384670654321844,0.406649019684929,0.476332948488922,0.630922526916016,0.635256696295079,0.703507018795232,0.620420242905429,0.601259316309725,0.442212701881942,0.345693314504438,0.308581803651814
0.339404336534832,0.365357653206736,0.408063517773448,0.43770573418561,0.513703203430788,0.5339687046771,0.593039999148048,0.588497930993474,0.531261946260464,0.490336727601247,0.442847785037026,0.390586190324703,0.255144396313
0.321206792183201,0.350294239013716,0.40118346106052,0.428482294618913,0.507064248058065,0.519874618272299,0.599108927256017,0.58587985709032,0.524709084712956,0.496644095740182,0.433665820809831,0.273024576473277,0.212469147400244
0.313668245705759,0.364849183923106,0.448861534504518,0.468336873455338,0.55105256210916,0.547271936123272,0.632895028113797,0.627530986745271,0.519084251655151,0.472817849636016,0.380076123156524,0.375173769307772,0.297929860933336
0.246670733938125,0.261431806930657,0.284056670796679,0.398991145638595,0.542300574515075,0.636698442370706,0.706886993776465,0.660140581615913,0.50968833231035,0.371929667122395,0.310342662254515,0.274554478818656,0.235452272243153
0.346062259292869,0.38422898807021,0.416589850187663,0.432528045032357,0.502274681429194,0.558396268092091,0.560206556273812,0.567808115731269,0.524894592539127,0.50895829534819,0.482790507119887,0.34442344919247,0.267187895676765
0.410790162509691,0.485917247355,0.560325980392114,0.600060135674496,0.552050268134493,0.61000709616841,0.541453309598582,0.62019225390256,0.556245031359808,0.60390792670251,0.482886280155197,0.489220896029482,0.417933383783713
0.159524984503896,0.208522488352453,0.241215459044815,0.420640559036653,0.540619181389934,0.517059300999163,0.564941263703457,0.471110157511763,0.447781655389271,0.394612236301039,0.318874005360133,0.222534615491878,0.203260779899905
0.181505580721475,0.217458346542107,0.25753398425222,0.412156846390085,0.514450582083184,0.497114620213007,0.532636363789218,0.474356268726774,0.429997387936132,0.314275962287935,0.32534034113662,0.260109130212343,0.241450231779392
0.199261604667177,0.247062383434176,0.271727790043594,0.502004944996883,0.595898381398972,0.62865967921707,0.651156869481777,0.553448202269907,0.429487396500364,0.349319261423036,0.301459369262506,0.244487062008411,0.215618926550831
0.151041790196839,0.191076907239338,0.228253467757772,0.481946374911389,0.569892972957452,0.647557682767893,0.657848945385685,0.572100060494437,0.480490504673271,0.327088203139352,0.245151125652043,0.212392730821632,0.208590408924265
0.248178124693443,0.319109496158114,0.366579734442356,0.499362581700376,0.583689999195681,0.540968195308538,0.552678340713556,0.503786984108325,0.409305091639613,0.337258843550377,0.378376823221435,0.307371176603001,0.285536280800089
0.192410850219141,0.259398727194093,0.330192770167672,0.536935471229518,0.604355254525482,0.615358272544679,0.604298944436567,0.53788000038245,0.429211210073813,0.340292257108157,0.304428011695124,0.259239548764554,0.235225331286948
0.208794690431494,0.272642067417536,0.28551345267239,0.442269521362758,0.492774681858703,0.57448597060964,0.579345063961195,0.546092125066059,0.467780571417523,0.406733644771566,0.336507440145758,0.287791529748871,0.280908612839156
0.262237400026651,0.309347254565126,0.33731878127096,0.528522989393022,0.574263069481474,0.642375441246914,0.630615177794333,0.552601877310387,0.447381646790532,0.351432513824016,0.338757215831825,0.301441035212694,0.30734724527255
0.188656782711427,0.257516729937342,0.326861371052997,0.508435487816225,0.556143064457095,0.579445506481265,0.598731641102251,0.520485061448047,0.434503821075598,0.335340553254018,0.37928912604979,0.281358736848991,0.249252256245939
0.279105642511642,0.343242794372839,0.360109919791586,0.492120677811671,0.525543765682591,0.583292367269876,0.568414790083642,0.492828690633525,0.427175622698531,0.357032946982691,0.350880121657195,0.308460324560033,0.306327364557764
0.142706028277605,0.194316748646477,0.260388215022061,0.318388930463682,0.315363275750174,0.524534533518161,0.566102424787898,0.712148477967393,0.662718379690265,0.516929404229409,0.444474430674278,0.309124563354044,0.25755828689502
0.152786784542356,0.206673591671981,0.284309652992824,0.330143161109113,0.366315224385843,0.383267426372603,0.434758193412975,0.617035978808611,0.706154538939596,0.604985283567844,0.563849004993309,0.276361353369622,0.24643512226084
0.148570402188025,0.182240094589357,0.263538303777336,0.313028111814818,0.394817703287847,0.424844554988429,0.437098494401524,0.622337087382478,0.617432577848047,0.527870203903929,0.456518001466653,0.32416307963704,0.284032860986547
0.157166877083292,0.214573778173881,0.309973373421274,0.327898686023254,0.332769276615227,0.501529838570584,0.527840852001862,0.690328095646202,0.613344071931937,0.550634743016933,0.542544300792718,0.403100432368909,0.313708365686044
0.154845366259351,0.200059029087554,0.267000914736935,0.289755136204073,0.321341739156635,0.395464154388761,0.447598944260132,0.586332740787801,0.660079060594017,0.593918031449867,0.47226399837572,0.228469195983059,0.223310651318206
0.174489228191504,0.210976278751248,0.294944098714431,0.336352718965237,0.335966032456205,0.413063095875222,0.474510441749006,0.573613907750516,0.608166215858426,0.548264527877866,0.459407458242984,0.254383202593254,0.25769255599153
0.117321526296902,0.161143316495882,0.192579128190875,0.215703629545264,0.373214427482666,0.517564889428997,0.561405062444272,0.760434135827832,0.723094044284324,0.561515859800666,0.372687490291618,0.270094349903104,0.224119925817711
0.170959217471978,0.186607455788417,0.26105454878897,0.306854955418382,0.366607163007307,0.453600479885938,0.522536779844529,0.675649116058838,0.601165322338809,0.543613920330063,0.453730020362812,0.327190070112839,0.274672799710489
0.133610984878454,0.174325130864678,0.217142083091321,0.264521147123029,0.367857171635157,0.421077583952783,0.449162360948878,0.705507615186351,0.667953343085848,0.546826223687873,0.409184270257212,0.309638232221462,0.23844010369844
0.115626429072058,0.147017721521646,0.218314787184543,0.338612969864019,0.441288490783598,0.594964410902989,0.597970188742748,0.667548977796593,0.596293195387628,0.579360000695718,0.418803788024759,0.24067337401449,0.236371868896556
0.0560537766792672,0.111267539568798,0.144522668838042,0.20518981356692,0.30768174764404,0.518114147430633,0.594462565637005,0.677484390178367,0.603374925761437,0.496815389804822,0.269037077514096,0.14665685596299,0.140354844141705
-0.0268693910125332,0.111567355173189,0.146345844356727,0.217761000329208,0.329658480505923,0.475536774517756,0.643826237522435,0.648598112843375,0.6405808077566,0.554194287259737,0.304992467679528,0.153281799574246,0.159735433309155
-0.0193882746960273,0.109491516500469,0.15849793112819,0.224416533424941,0.326307039917395,0.491748051843434,0.604113098973944,0.649272565568402,0.609687620103602,0.527383540892018,0.344565232526346,0.164857837704034,0.159679200442699
0.0318859987919012,0.121444589342386,0.200487110331212,0.290252892660784,0.414397988364255,0.570851596054528,0.629397638230411,0.654417362456704,0.610284112544222,0.571445554612185,0.309315809847936,0.242320395641515,0.21055465568973
0.0761860901554177,0.101876195538008,0.141244288719366,0.199746275453322,0.321859916540763,0.571736040395628,0.605549335223671,0.705835161121666,0.653316454952077,0.583747004775592,0.353402535287868,0.164589731987344,0.153719466476455
0.106788463578819,0.125857347099741,0.16853450657915,0.251889857476869,0.357790301639836,0.565149416095999,0.570518755779373,0.583770121938011,0.521655859817445,0.434129154507769,0.301490023052457,0.181781819745404,0.156833355769985
-0.0167543655177397,0.113178458247578,0.154720099823038,0.213508238367054,0.318634457530454,0.474195010409362,0.62781568414176,0.65478019606051,0.631515909447313,0.607353349330533,0.380852974159025,0.157864611870939,0.156948799734337
0.123079193631291,0.145909182455953,0.224570200788323,0.296147764955834,0.442018982217979,0.556099618673842,0.613959235958958,0.637898114096178,0.635155396123616,0.510533413126646,0.344286170399405,0.212880207816468,0.21107724726213
0.00509085190476578,0.12618369765648,0.161787130148922,0.223193912040687,0.335451524820454,0.516870827959747,0.687630411876461,0.686477219770362,0.68529504386586,0.633065707138665,0.364640674783321,0.169672073375654,0.165211685989948
-0.0378403602943545,0.115181804408402,0.137787523833973,0.194592843151675,0.304878597382168,0.475000751054658,0.662047314921632,0.661855472100003,0.638017944794162,0.596495001986695,0.268460050753988,0.137769713432891,0.150838767811554
0.00365894304191117,0.157972363694448,0.201124777926008,0.266078237721446,0.364206319458465,0.570575019630665,0.690876270909737,0.721043431384683,0.657682440343443,0.591679903653209,0.385184850502519,0.253840614223914,0.193451953899798
-0.0241641364833671,0.12519720640138,0.157261781476768,0.214482795122376,0.320562661317248,0.477102236936075,0.619225971695378,0.64948911201799,0.632707503054122,0.607197513181255,0.323131567001834,0.167063949626124,0.166927541658177
0.065627852371328,0.140958896835467,0.214352776311487,0.283252493213572,0.404105129861185,0.557769952189149,0.710475259421547,0.690570431229736,0.687977421679724,0.591044027550965,0.38171935191621,0.206185428172193,0.201940812263532
-0.0252167142605066,0.112414769019438,0.14531752803023,0.19025704142076,0.287172709465724,0.436639361474237,0.617885114613047,0.640374627486095,0.628162876623182,0.616834177556715,0.400516943847411,0.133780964587767,0.151368902172847
0.0616586938811689,0.106909558130894,0.150300484618402,0.221550643780672,0.326552567112997,0.574190606371627,0.606318998145577,0.680582556726658,0.621893927415426,0.576125670006361,0.355569063658545,0.175826168033325,0.164478712191589
0.0578433851792013,0.122681686166719,0.16098645638073,0.229338653831597,0.353486473448626,0.573085333629962,0.609365509689745,0.720192960683253,0.648876441286616,0.57054088984518,0.284179886294815,0.170859138825231,0.163820236700718
0.0387651448184919,0.125732220961488,0.179172776961852,0.275276773255938,0.395552043575052,0.50389884600263,0.620310056013254,0.638130487546178,0.596668072782367,0.534863894848305,0.330318002149069,0.192626468758267,0.192907426345479
0.0013710247476647,0.116954220958606,0.162066084338965,0.234292610308828,0.381428364503694,0.563407789889504,0.600951229658322,0.675604318061412,0.62932994529775,0.589094397960175,0.321269495119925,0.16591642286086,0.163342662157612
-0.0449880100770952,0.105396727268082,0.132964489118859,0.181492833722768,0.276500157415292,0.448563347252652,0.631391940468751,0.628430592051798,0.615442085580257,0.547631840326127,0.32378380856539,0.143369709688165,0.15443472385659
-0.000301332328278139,0.106945853082182,0.161004112278199,0.227403125347315,0.343725788372717,0.54011256197668,0.609280382026094,0.653629071593864,0.621085914224144,0.588459934152997,0.336351159696116,0.202325447966463,0.177947002451456
0.140862548436369,0.154774293835187,0.205183864637888,0.299659789426214,0.36863971919964,0.60956407345995,0.619642693498299,0.669530010935879,0.598851836463815,0.548567167730926,0.389969787631123,0.204654789959828,0.192549303151436
-0.00289231907494455,0.128322956786845,0.16144118235956,0.210993801696292,0.303745895995265,0.550196605622757,0.693773684643002,0.731291540872771,0.68401519494442,0.62991750459543,0.362319403743496,0.171668770336732,0.159618737382228
0.00757927052787611,0.116467476142099,0.156954417408014,0.211323693599028,0.329820696513975,0.471015709469803,0.598506895187852,0.645503545796161,0.623998427554914,0.57763751396889,0.347354816175813,0.164025276934934,0.159329479841088
0.00358519344322074,0.103991765844595,0.150647770670957,0.223606621512396,0.346078340599937,0.574933226195519,0.647564165441655,0.684398783888717,0.642320004186779,0.539289975645898,0.317579991614657,0.157004554097178,0.161139743680148
0.0478469480815826,0.120946631033834,0.165424905241147,0.19083549084526,0.325538695396875,0.492970812844285,0.61941466242068,0.656041859779572,0.628347241843396,0.583033858964362,0.368774458953443,0.108623499671219,0.154731129649086
0.0216446330765045,0.151255307114998,0.226926787411181,0.299139811095239,0.406715125621219,0.563282517284449,0.680384437557924,0.725960859056111,0.65178564789766,0.578962438300512,0.392918168036249,0.224575261865793,0.21891793624887
0.089831828034095,0.124986701936888,0.166272336681914,0.246562212857888,0.369637547895769,0.571604092748963,0.573506870295952,0.647188322964624,0.574398233381412,0.553883165630149,0.317986871511729,0.172054462325937,0.156584242470717
0.0795637298488521,0.125008545228731,0.170516926266003,0.259510109205204,0.382178139880394,0.576208984825555,0.598159477229097,0.66415325432157,0.599290561596553,0.563413011643349,0.357444081624208,0.19574518247054,0.178279399781107
-0.000417610123238163,0.10546522270973,0.144049288105164,0.207846404177901,0.333027603952209,0.526637946210938,0.583579025790553,0.660816557904364,0.616643987589216,0.560621618510155,0.295467184832644,0.153933884800234,0.14790549006014
0.0717524881355275,0.0986970837013794,0.134181467983441,0.190826221676784,0.305098553725379,0.54878140641449,0.603577635110465,0.681809563984067,0.630612646250704,0.557738152274676,0.319025746965737,0.159544376159129,0.146685664745658
0.0398542675122582,0.128880903130523,0.197463343859466,0.298951634371288,0.427482714611798,0.535705909746886,0.645645975371195,0.663045191735023,0.690569906185315,0.590204986127208,0.358746336622537,0.216471851198379,0.217236422295623
0.113213037598163,0.151025389711558,0.188721915937089,0.225184936206117,0.336173241603664,0.535751824837131,0.655548594496445,0.730411640748353,0.668951940643541,0.593540067386524,0.390481509792063,0.18071030722939,0.169917373416277
0.0371288194055028,0.101678104506082,0.149240800296771,0.206992359813028,0.329562490254436,0.560909090067991,0.608435854026082,0.664660068846747,0.63721846315301,0.570692555663919,0.315682240788624,0.155219836201115,0.159589938878956
0.0966039370725125,0.12905750362441,0.198238186773042,0.286066146522855,0.40614826952771,0.613292400750338,0.615403630197072,0.685966245887596,0.61197393357756,0.58301445044954,0.4200818511555,0.229142919694822,0.207507000784436
0.00320238157834277,0.132373377083784,0.173132977645296,0.253381766949801,0.369526708460425,0.519465403791595,0.660934015341531,0.680199013801251,0.673643223660077,0.611075067430659,0.379968850767122,0.204213952692551,0.186335925055881
0.0701694558333597,0.109212068375473,0.144280027363556,0.203516991738374,0.295079845109584,0.586565852063685,0.604949705285426,0.708013712129257,0.647934347899941,0.588655515732222,0.320802138962034,0.160801424366393,0.150079150041099
0.0881748378858764,0.113853185087544,0.149967291145743,0.227553323027784,0.355852886601167,0.587254658862539,0.629150681633232,0.715461539370966,0.650714604248892,0.563536852152654,0.363004870357087,0.172108155964947,0.161433393762707
0.0836504452695005,0.109514338938585,0.134970600204888,0.195984180727661,0.304517739915608,0.621854781075921,0.645601291327466,0.72639404661576,0.677395623212856,0.578338865778437,0.275349183046166,0.134771999280947,0.128712195505733
-0.0162100902232056,0.120575806505253,0.154547511936385,0.227494821928654,0.353516160598025,0.519890355458315,0.693438385891593,0.680826756300053,0.675675113796014,0.620661592782344,0.354790973403048,0.18546137924217,0.167019750744088
-0.0472127493871958,0.107639659570481,0.14319491560462,0.193424482286841,0.290883492705441,0.454702954048694,0.634163297745225,0.631727970775006,0.611865085840088,0.544365355853645,0.347484271395541,0.150263606235802,0.156571620815968
0.0138560376886991,0.117465681365025,0.157879048453351,0.221131320590402,0.361142268012169,0.576625661195762,0.621667983120152,0.715942802765323,0.656213872941899,0.598109765526231,0.325513002439088,0.162396174791728,0.159501930739533
0.147810151509831,0.18621885793392,0.216239349339916,0.391338298981781,0.526544452066336,0.646461848877068,0.661906100565758,0.624881595101723,0.54044833968112,0.42346923762064,0.250593917379011,0.210252975268419,0.197053533702947
0.17591479601383,0.217415902208973,0.282264463539252,0.431084815468625,0.516791505188244,0.597235888743912,0.61289053434621,0.59327931271245,0.495816746752408,0.363507042079519,0.296077177488027,0.257959048554403,0.24283348896222
0.154800233996004,0.204007300924247,0.273743845911689,0.455899529077456,0.507948625277322,0.606203200548514,0.618283092620333,0.576243689066958,0.43879312275883,0.370647372607091,0.342058066875086,0.234404653490686,0.214647165235063
0.170090445048886,0.219833334425951,0.273987374497034,0.43158054212555,0.509373032828839,0.592469842432193,0.614070506702991,0.577887688029816,0.465459271553236,0.385714378376484,0.273009337038961,0.235682153033008,0.222609552790236
0.214771756424847,0.245449045637341,0.263340148236042,0.395272184531714,0.497136126169846,0.550111862721755,0.554488346458884,0.570962878593211,0.528746031464139,0.474571290539129,0.305499567678011,0.261371330684194,0.234683578125903
0.170772622449144,0.228558547735775,0.282899948400968,0.375197005909254,0.442539358809654,0.519184905897911,0.572972312853859,0.572488863145155,0.506157180506406,0.468398081890326,0.372546198774505,0.286772327764506,0.271167591910103
0.164784359570602,0.209080940954888,0.282239139813154,0.510106581177279,0.593105057194433,0.663268978029084,0.661595914722229,0.600363062244275,0.473117819167518,0.330357699847582,0.269607780763865,0.218720499430018,0.197691575078062
0.165870272963355,0.204653527229183,0.255146115561274,0.425860195733818,0.52730034520924,0.612777118481584,0.611734335219009,0.57996597220606,0.452910094180657,0.363052679636266,0.256832018256478,0.221317493125345,0.213999118118443
0.169135656747495,0.213100986497797,0.253471358417132,0.391809548441279,0.461563332750061,0.5683954696499,0.611542217425779,0.601553058660157,0.481454910760353,0.441996642951541,0.331015274453125,0.25709519116286,0.253427102820887
0.152793902104864,0.201942673081266,0.253180895959931,0.460582500990448,0.570384610258661,0.635133862031148,0.635191746474129,0.596734236544207,0.482096162733423,0.37605608953499,0.257977918153872,0.207150417591633,0.192191485781549
0.169343846856034,0.219283696539937,0.271963873790111,0.401421189105117,0.458058812301949,0.582938010413232,0.618180634252892,0.551063227125635,0.508694143656992,0.420381480074317,0.371709818033638,0.25579697938426,0.24358335622188
0.208732768529795,0.251185565882664,0.333414600613223,0.381634542224641,0.475801799078233,0.626454341417541,0.571158200636418,0.591204073020316,0.534871437863819,0.481259425834473,0.357495923735117,0.281249508129901,0.250138371473793
0.312635279780697,0.311883205319641,0.431930514904848,0.448094741687096,0.454665288324726,0.48801867991276,0.493219597634529,0.432406978373981,0.47979030304447,0.53963198674761,0.506223250301182,0.391707138594308,0.345092897607456
0.335593271672955,0.342678751012949,0.486553759367494,0.487552020940937,0.448153327236264,0.477408210252946,0.481777837760166,0.446209872177372,0.485203058734569,0.565673596848023,0.53265790524663,0.424849955573654,0.371613578010511
0.221326581281914,0.235962153027324,0.262664570952534,0.321669485868481,0.340632831713216,0.567656994743575,0.620348720415449,0.608646178759356,0.617857024080059,0.467272799162272,0.394406564863394,0.317000250286294,0.229472258128572
0.225631106094086,0.277965465708081,0.432231122589495,0.426950871638952,0.428262484775108,0.508920472122723,0.430435024739415,0.526087251050209,0.548803877060685,0.567856595259166,0.473904218542027,0.33049956965968,0.300644494915574
0.197445790938081,0.247501426391942,0.300365623795061,0.356292474776136,0.440608346722725,0.663735562288795,0.606607068311995,0.607733621772311,0.53514083366634,0.428294126096696,0.336540182678307,0.270626166359091,0.230741928785284
0.332090117884005,0.474949679953705,0.543811540097185,0.561276661300431,0.487158077491871,0.591678119516477,0.504209182426896,0.554441117176136,0.457298572024945,0.508409832703461,0.449122871749234,0.442558579187271,0.396159327351989
0.206222183443357,0.243937516642592,0.303049467459022,0.355815829717818,0.503399751413632,0.61062066590592,0.562386072735413,0.515511224718618,0.544894331814222,0.480487240790026,0.34413404302125,0.314564656042554,0.275620127679294
0.255528748799745,0.301369971665713,0.436317754592906,0.429206110487613,0.440372128574238,0.579069930042163,0.549949781685246,0.544440147569091,0.4719711775229,0.470555244985907,0.463528145985082,0.36569154819007,0.322333678321242
0.241245467272404,0.302745272901652,0.398020854982726,0.463758516180506,0.516278316745159,0.59981197111309,0.607840012905018,0.566782767203463,0.556121638846405,0.537349770873789,0.354711252322783,0.334322663894288,0.288059839078771
0.187543705066927,0.217110639470568,0.296692571663847,0.358632927228282,0.469885220450617,0.63408499453148,0.609630326304778,0.627278142443358,0.532072960461608,0.458922333514162,0.309938983225992,0.253226723279971,0.214257819478348
0.129252513545515,0.163708360986871,0.269603226269127,0.299134228157058,0.456583580490104,0.58874601746424,0.585081235496969,0.623045097954334,0.5271651717639,0.441678696686493,0.325782224146792,0.220735929535755,0.176701557029318
0.151513392743414,0.174736092674483,0.206573994739986,0.271840785039395,0.466424765847648,0.634876403258355,0.679383782924513,0.661980802225224,0.626660339661595,0.502037663020498,0.289844359931746,0.223358061044834,0.165069241017397
0.166237773848551,0.192920445089613,0.25120382824184,0.308987811538016,0.423793056133711,0.568228646365851,0.611198267730584,0.688690342261209,0.571764235381954,0.559281866716109,0.427818928757623,0.246598278200705,0.190945039154381
0.160852141421545,0.183566917448552,0.225638516845664,0.295717011341838,0.433454536264257,0.598579959108586,0.676368410879537,0.704844878878079,0.616885422013629,0.559201696028143,0.417162168863244,0.254517345302511,0.184885069997877
0.176714491938673,0.203221879791194,0.247004151377859,0.29564892692091,0.448688478237055,0.562511668926776,0.614674105804937,0.621008003075239,0.574072614086708,0.515071775778582,0.326632489767259,0.27252882276026,0.183783548674908
0.131576425637108,0.16390791046389,0.193150431523101,0.276361613054371,0.434316962938468,0.558578114906098,0.649181430570733,0.660081426909671,0.714903435615212,0.595047206240153,0.36743598171127,0.193170006151173,0.167115052826915
0.159257533272207,0.17975062154684,0.207403714748543,0.287217864883472,0.426417738789333,0.573358818211341,0.643811624883448,0.651660101750469,0.632501975643341,0.463715793239293,0.303538018798057,0.252640848515126,0.179793814710959
0.150035775006219,0.16678774863278,0.215661480983951,0.281428463934176,0.449343789555191,0.593003506700694,0.65569858113811,0.661212191508676,0.672817802108063,0.480022044706805,0.307886990288852,0.257372486777646,0.177488164518079
0.154335385294572,0.196517748596855,0.228464887775013,0.288572324137599,0.414748341997775,0.573343648975256,0.625772592142422,0.64566010259143,0.617499817456536,0.598724753897698,0.410079193149857,0.256500383477049,0.195974944279074
0.155940777849274,0.181535372236858,0.220609705024364,0.283287145494461,0.460140122924657,0.614025487894952,0.668460629058254,0.645518691617835,0.608981691958277,0.449209430966395,0.295555805207082,0.225563785913011,0.179230876781907
0.148724351808516,0.176834429633256,0.205923813755584,0.272261050012199,0.416111899203438,0.570313911516993,0.656691765098873,0.691504931223467,0.654133199376885,0.518596743177158,0.350844238663478,0.24116912404166,0.176498960596645
0.135874759946767,0.182554952001448,0.205434309762299,0.273702306943324,0.420710937980517,0.565935115157428,0.665765794799854,0.6947321500542,0.714562340549452,0.590092215633355,0.393198415883747,0.258708015339527,0.178256114274586
0.129757956244022,0.151149287096332,0.185302979348101,0.255547872611614,0.434074558419478,0.572567515826065,0.663211593481911,0.658432400443014,0.667462562598449,0.528678031804313,0.284953700735256,0.225903209062543,0.158152701320725
0.132552024772587,0.153959009307538,0.183944941643576,0.259274431539718,0.477003982045862,0.638121805859406,0.693300567629659,0.662090323475433,0.623569152835169,0.425048640400982,0.268353876378107,0.222509794029014,0.158553736561401
0.170099005327611,0.178945866229939,0.234531105208309,0.306231244306383,0.408889332996295,0.542718141832284,0.602498657681809,0.591987256337844,0.586916071745778,0.465458540273221,0.307431554550412,0.26335876208316,0.187429240302388
0.166268106771457,0.186056582383227,0.232855039080848,0.298909924009254,0.44198994758053,0.592152584078284,0.648330822564428,0.61089433137899,0.580296317550513,0.471724916990309,0.336802546248274,0.249253553321586,0.18074529622016
0.155867023799288,0.159185322667328,0.192267810892231,0.279593284767705,0.448938300630729,0.629688667602282,0.719400684027783,0.676151435716008,0.6380981917502,0.456797763741689,0.306205696284048,0.217213342597811,0.165319372772574
0.170662589183203,0.191282073746781,0.285434111901179,0.335566786901033,0.434257249423143,0.569874360488057,0.5954064985054,0.685709634188213,0.567234948943822,0.521540136708547,0.386220399812607,0.306428420555758,0.213927406495061
0.165831953840426,0.175580508835868,0.230140203851244,0.295035837418765,0.410107882929863,0.556323111996381,0.606150063983233,0.594342656170196,0.598244587541315,0.42826564492213,0.290810629473239,0.262885991292791,0.180755888030451
0.156725255484811,0.183039073240292,0.215499496898824,0.244298667306727,0.439804123660217,0.581709485152605,0.638865793832752,0.652526481567225,0.610561693351467,0.52218214144671,0.309633964887153,0.231208709169343,0.165606073150118
0.15974960650716,0.209225802752845,0.265831450657765,0.296833702156077,0.409737745371963,0.567067334038758,0.616920223912833,0.718742835543316,0.632450623525154,0.631721194446896,0.464909384551312,0.276151701440189,0.2141945468645
0.160733661300373,0.182558436996846,0.24149267473437,0.307650603819538,0.41321725539414,0.550805648255654,0.61442198414714,0.574941853490012,0.585811372746637,0.416347395795269,0.309246529472008,0.290442062355173,0.204834915112512
0.14771852785444,0.186462481876051,0.210832348196738,0.282106466576246,0.401932282980462,0.557831716404286,0.638344415947936,0.693553893683652,0.56167008535151,0.50387983356468,0.381112978706325,0.229658165706237,0.183285572164376
0.185364878766321,0.198898846691347,0.248580132820754,0.317229532800607,0.427377443904336,0.552252250425308,0.605383276017351,0.613489436102962,0.561342777683452,0.447222135299715,0.333188292650563,0.275928204200321,0.197004211407755
0.151341642374706,0.18506575802543,0.238379395641763,0.306763552133055,0.49717921410411,0.616329486546159,0.630228983394961,0.638008031999876,0.574527631493643,0.5098275817168,0.320302621205885,0.271508307985881,0.195648841259883
0.149086639922622,0.176976957238075,0.227874786531548,0.293503245254215,0.457124658745538,0.5882151689322,0.622905333402629,0.603582215984857,0.594412448646387,0.455183848229979,0.310538015509359,0.273065892891204,0.19268559678838
0.171401413494444,0.206077553410222,0.290593167784498,0.346564372640423,0.431273926992604,0.517995148430439,0.514469295805081,0.518159418601654,0.525688064514265,0.460778312737776,0.360752868897115,0.332248873143253,0.230125504367926
0.147267079245636,0.171663932805905,0.201960522840954,0.253805911452872,0.488134132149299,0.624291541656181,0.675555633065674,0.678776011749208,0.62607778198195,0.564670072268435,0.324749205198289,0.232320659130428,0.163879163900426
0.147151184946928,0.189945779805441,0.217341829466868,0.295016541124068,0.404551304179055,0.544788734527018,0.607920355454982,0.713792120507167,0.607438643777527,0.600392251161388,0.427223674838402,0.241327411519777,0.188841582520326
0.162288440903545,0.17113780720652,0.189896578228661,0.297131170969751,0.451737215650841,0.607025229818861,0.675882649563942,0.690552281272668,0.6093282572888,0.476801351806539,0.339145075607044,0.241173478516524,0.175695946490425
0.167426594134503,0.168296641715882,0.199782613841064,0.305583989645976,0.46025630962622,0.6006179893539,0.667867795052134,0.683185391124485,0.62251109957477,0.447847649837024,0.273279102273793,0.225100480018804,0.168789311727061
0.178893852687983,0.193795921773037,0.255504644261132,0.308286172870105,0.491988457976396,0.618054167474209,0.582660922355144,0.580118926576623,0.505626951457671,0.509837633782676,0.316443283416949,0.28151001906677,0.21936490185265
0.152415516195668,0.165641126078338,0.207223705914844,0.305155318940465,0.428405813308715,0.586900021069261,0.641551147012449,0.616614018470773,0.610006406624284,0.39205872696081,0.270161230757883,0.25353616538299,0.176342987095804
0.163456424959911,0.174393887692033,0.204467185809961,0.270088463825775,0.428635916759507,0.579552636113578,0.649326113451314,0.657482842967632,0.64216742154028,0.50983357666487,0.284516573196654,0.253569587152938,0.178934227129657
0.148182201141156,0.167172697172321,0.211051783465898,0.293434088945829,0.439913896896853,0.586025894040235,0.649327725978692,0.620234856627713,0.596323623763565,0.395338989034557,0.278116526130561,0.257688442189119,0.193504727840602
0.146764622186351,0.170755029786701,0.213984204593762,0.264926398023038,0.415062010085207,0.576322844550449,0.621035268414129,0.595799605813936,0.567887839500309,0.414910763814519,0.289041494805982,0.265208115673725,0.172636245814555
0.124534358724983,0.179917184093107,0.195826646443877,0.252836210049728,0.388608816799885,0.597188993153538,0.683338559770795,0.738883960759927,0.691255614061767,0.643485943735994,0.425229544595059,0.253544335059639,0.178560169467938
0.143072377670882,0.150398248516335,0.174826869506384,0.321854307986022,0.486849404760468,0.655209276283522,0.719743096286683,0.685687221916507,0.623324154063321,0.430843323028426,0.272391034548141,0.196958180269007,0.160542964726483
0.228526522449022,0.222961566224977,0.249708061136598,0.326320256184889,0.427440872073641,0.471545340103553,0.591560308656098,0.57842384176905,0.533629343351155,0.541005084671632,0.403879323097039,0.323508269290725,0.236176948449393
0.0576364094977142,0.12549188183053,0.156385155097573,0.227828896900308,0.300976807425034,0.46666410483791,0.528885784036792,0.57726618419099,0.524414265027795,0.474220137595793,0.328707135011051,0.059081497553145,0.167305778219748
0.116583349810534,0.131030944170236,0.152735006996089,0.174281888168276,0.296502646757353,0.502031118617192,0.524228892842871,0.461055998519486,0.357153798672937,0.2916172346027,0.228064904910342,0.171939305790649,0.160882032000274
0.0538530326463402,0.114187627953846,0.141244670712069,0.198621438481977,0.311636907586762,0.51716568304773,0.58802968366932,0.609407024375847,0.547641757209754,0.477019889289755,0.290617643484121,0.147743448924234,0.143856291708881
0.129046035559711,0.142918530887566,0.213763399057368,0.304777206535448,0.399919042624107,0.477366202371753,0.507323727982157,0.469607250919873,0.375011958888733,0.346268265538757,0.284045899051584,0.201221543766773,0.174352305627267
0.0740305210582082,0.122048674659501,0.149816430235173,0.23624886823588,0.347027113053129,0.52727102457918,0.546584112084254,0.529048731203262,0.453373824303171,0.357129820281428,0.256599487260559,0.130840483034045,0.15465688010938
0.0845337189416263,0.127618420060634,0.151684005539619,0.220498612906374,0.378838318038611,0.508918920492343,0.483309694301871,0.468518686999437,0.376233367783908,0.288599194340571,0.220718631759039,0.140597940753422,0.152977601444826
0.0944577503962468,0.115192263624329,0.126878356806916,0.2622107903465,0.414991232038924,0.559409448160365,0.591030878893217,0.465915724816528,0.376309400689405,0.261335989479865,0.224970190813612,0.165441409407779,0.140613087637502
0.0877604569415461,0.117080883366431,0.126608061004579,0.180629314783416,0.367555486866718,0.509654802697554,0.496284061669561,0.466617699519972,0.35653673771583,0.240896176399375,0.188074380259658,0.153318352501205,0.133380126440757
0.114784759678394,0.139981594580569,0.177625438173719,0.260296542906549,0.305256246007558,0.517227489689334,0.551106677394812,0.576958256090826,0.53007381541926,0.455405674055361,0.305464347069555,0.16936842105873,0.176722433149991
0.0943994558089713,0.124404272972095,0.162019526011756,0.226367023245774,0.300139472005188,0.54421598248474,0.583244536924181,0.646088133193295,0.611287252555333,0.518020712084822,0.317492518874879,0.154785964379505,0.147832299968172
0.102826411604905,0.131730534346855,0.171400859365286,0.243510317611277,0.286578249519497,0.509601059747077,0.564642021290446,0.615406132285842,0.580663325368632,0.496172429756146,0.323311567501987,0.180160629733032,0.170199393763234
0.0281069586020731,0.121486114950154,0.155183695365636,0.213383285231582,0.311151413027472,0.490281803677242,0.539778472447579,0.562389763794839,0.486721324599975,0.424772665237388,0.284910420729517,0.0649067419496768,0.156607987508547
0.099378800950102,0.12109328485185,0.139576469602866,0.267703715086997,0.419590727659996,0.547025319486958,0.530055768923103,0.47434436543897,0.363993230988952,0.254837827568208,0.212526895532579,0.165457450360381,0.142974656298378
0.0429226309827856,0.124861931412289,0.159717451316069,0.216502840862796,0.315239063985265,0.538776478410485,0.53360156047657,0.424321151101655,0.317794754841277,0.261981585202223,0.228956321426607,0.180070645407845,0.162026066236884
0.0926229059103618,0.134274826937648,0.160112728708567,0.246953453850408,0.367377115823046,0.516444663989301,0.520096843330493,0.482324696032362,0.387241836490325,0.307892399576166,0.206106623584263,0.157320778989194,0.150198257855797
0.197511957817298,0.212009902990767,0.251432222132304,0.287525048612418,0.446793904720619,0.59172326478036,0.639071228259719,0.671862081129668,0.638780744141056,0.59435462507401,0.321512356329771,0.236757672277193,0.226242431125413
0.208139009304349,0.221697268990577,0.260874759424689,0.305528211971025,0.438630017830653,0.614471345820964,0.638951934792604,0.684822770364191,0.661612689331097,0.622526551765878,0.324639431926627,0.233134470890335,0.2240564022332
0.190212694835398,0.205337136779091,0.25190736154758,0.295540968365062,0.431055174943946,0.615526652299091,0.654082883415968,0.698723707084605,0.667407519443248,0.563783753706264,0.301177260237348,0.239232825136851,0.225671487236046
0.218713058197541,0.23473223712041,0.275408884861891,0.303953688320395,0.465201921494741,0.645729625869086,0.685174044326386,0.72396444952679,0.698773386783934,0.571808109755455,0.257729021059049,0.23499455071444,0.226630147687003
0.204447214334337,0.233331067647652,0.264819486647537,0.304352264679497,0.431502622012946,0.657213152389714,0.666016963997195,0.755289633734542,0.713206959351481,0.615934114226288,0.280453880737277,0.235367465624292,0.218724318230872
0.171348295649974,0.202741482894476,0.259060957654818,0.283288629297778,0.383246218862721,0.661577247621258,0.659639571718344,0.688408981249483,0.671581051498635,0.621509150763048,0.3214826766651,0.254552580039026,0.229197975223249
0.204954119591081,0.216350893968519,0.236358749578418,0.300715415717979,0.433124059187407,0.649074859383848,0.683805241466086,0.730769818801418,0.710401160633425,0.600347755429049,0.34129448222003,0.234300964719939,0.221228480912967
0.161413228217378,0.206352655506992,0.270749538467189,0.290791461534683,0.350378769294991,0.405693458565174,0.471857171784784,0.642043215689182,0.706008779270318,0.605098030501461,0.510686507184787,0.274186415518085,0.223158974727636
0.222753061155981,0.225615213174938,0.33220542387498,0.301138726614068,0.456827981439798,0.617719047532409,0.621835706845861,0.671904530554832,0.656465948754362,0.50590585046783,0.312267311575091,0.251208483254367,0.228098896281251
0.19236385231955,0.204391343932617,0.24687830163079,0.2797384850205,0.414311266334883,0.640045245444341,0.646038796338119,0.714388874784193,0.714125933337488,0.593951561054923,0.250041498732818,0.217495831957592,0.197829386388376
0.15628078227151,0.19602314073454,0.241321594655782,0.268233315317608,0.32254547648618,0.433960719510141,0.493372368223269,0.640914633241186,0.699690462648918,0.60990431165705,0.490461705829102,0.233350076550521,0.211535366480049
0.203863964103261,0.217125268873459,0.251861390566633,0.332115525402018,0.479761487503914,0.683926165557095,0.706644935940673,0.714752787465171,0.710891083218715,0.576518700426943,0.272571361217487,0.22234933673367,0.211007023347545
0.170919952836175,0.206640728400382,0.254592549963765,0.274293129537512,0.382631763953833,0.522158645053099,0.604443096948856,0.67982749122038,0.664359007003067,0.594024020427938,0.315315126650806,0.227765710815412,0.223023553244354
0.183309662442265,0.207898856616431,0.261401045260783,0.279445188753785,0.389003987437454,0.580092052046391,0.636930496012957,0.726182431675418,0.678418717742831,0.619707879016204,0.258562085927589,0.232928569967653,0.214234174648451
0.166285732019159,0.199646819231348,0.241069270220088,0.266632610213969,0.34477343409266,0.456799984088765,0.518949618500505,0.646037658197489,0.666306362040139,0.584095318241335,0.366947768406545,0.231563423988132,0.194218493045738
0.247699187594992,0.29557519897032,0.346407323433455,0.36381736566744,0.436109654856129,0.619283356698114,0.634751729503537,0.738489576218561,0.704851654619979,0.638855569801715,0.331019617766129,0.305282228943901,0.264810587816118
0.178923758054524,0.196392942020667,0.271500523394345,0.291313526346532,0.338860391634699,0.429920284935836,0.495473784013837,0.630938029995566,0.667891824917127,0.66798423452676,0.458392267545322,0.304444536171487,0.243940809005498
0.212059460650274,0.222448190740323,0.273408337414934,0.30774088411341,0.425874342525519,0.603787688801656,0.647907606392118,0.741645954805878,0.731843801237689,0.632768654135394,0.296405010833336,0.252632745631411,0.239325721655382
0.188058023367364,0.204564635245184,0.24160214298662,0.270867632601295,0.394877181853115,0.627215427849586,0.618308747398737,0.689859389362401,0.682736103882346,0.572643348858607,0.287674492060524,0.228409089104863,0.206339029668164
0.164583503039341,0.197401497271437,0.284679119607867,0.288308747617243,0.420253907186805,0.651273867878744,0.659073508497365,0.690166858586635,0.676788862437818,0.60630712801663,0.276479313865536,0.236290407075051,0.218183012525673
0.202547956237215,0.228190095463568,0.249153400092703,0.294949949749431,0.45610904687389,0.655533467619847,0.657982799355939,0.696956740155276,0.702068862422723,0.62734410930081,0.346409049641024,0.230367007699129,0.232559869907164
0.211903234860769,0.213200970865647,0.239788660623582,0.307639381999128,0.455604889053714,0.648953982852375,0.690492560215245,0.737710943520906,0.704774111314741,0.607241622728362,0.329454027905646,0.224038584808568,0.218204446752863
0.194681586627843,0.217194312188767,0.248363871078745,0.281410037631258,0.417757137217093,0.597291785659744,0.638589024824475,0.74265666681897,0.645926859960291,0.556410063339961,0.286135309285298,0.23977340038688,0.228229864221291
0.169061643849994,0.205639357801137,0.298974593222491,0.299214470366032,0.313036516370952,0.3475569353552,0.427596776142265,0.494828063226624,0.559741395621717,0.588120660415035,0.450827712336936,0.337213024619321,0.255779337603814
0.163611229307346,0.203662060316285,0.258062194867798,0.295574669616416,0.397214797769662,0.448974552228561,0.48031230783908,0.605098066471658,0.626125466538214,0.516651684852839,0.395311784401009,0.240998553292238,0.213594274028475
0.210910368004866,0.239818270230614,0.300975030630187,0.301730987454696,0.410105207678325,0.58765279880134,0.605080859290405,0.652969809035979,0.648602624341683,0.499416323893967,0.273677263631196,0.258129810555913,0.22953680167321
0.198911978260985,0.205600861926493,0.222107769744939,0.264087060049897,0.427963578936569,0.655370326660991,0.724223004678026,0.756860005335815,0.716107686065188,0.603973761976836,0.335332516460412,0.216471474988598,0.205005350269006
0.182085775585158,0.21430267366099,0.249042570964297,0.292269454410941,0.445132186685654,0.560352285474938,0.59966654320204,0.664339786086977,0.629739574174733,0.577506248928147,0.321913049599299,0.21390255099968,0.21780830931699
0.188874628408398,0.211982570864457,0.268200275295347,0.292806960854518,0.349292622410057,0.458052125769863,0.529605160102709,0.603584763987189,0.656632632808429,0.661894392529147,0.455328964896064,0.276078781035576,0.238209120074631
0.189486410471816,0.211971326332367,0.272723165328428,0.285335322677351,0.329899683613462,0.43857478328129,0.51727951325607,0.634822578149926,0.636061506904615,0.64346961353455,0.430965674348587,0.304657816043001,0.241648837462548
0.219991725881692,0.225132051690848,0.272987326187255,0.295469632078403,0.436704756201615,0.612650146981775,0.653074572925773,0.700583686772821,0.665950969701787,0.632545864368301,0.317317155740326,0.251360681705853,0.245026133654805
0.191616071940127,0.22105467451605,0.319226709099218,0.31782673213888,0.413210318712276,0.563726314800863,0.584434601204425,0.67426630303335,0.640945952222695,0.59610361998942,0.317238233042235,0.278172813252868,0.251457686936447
0.173775726939424,0.185763662553184,0.217525216500586,0.269758680356501,0.426879023960866,0.600784512580892,0.624529333659193,0.695666454093076,0.688797107266399,0.609527326873712,0.317606711797595,0.201754670667117,0.194725849121462
0.308612303914636,0.402552934594528,0.448901994872731,0.481914856016164,0.490224647983719,0.546547588621455,0.543122881521247,0.638689926253018,0.626068476001968,0.530637252305028,0.510907484886414,0.467694728443018,0.412910904766711
0.150759299791622,0.191246313532439,0.253589853865871,0.291451021275233,0.34849107826454,0.410286064596367,0.488432480399215,0.655183199695591,0.731336913813579,0.626434134686296,0.515106073123707,0.287754702988664,0.2214557604727
0.178794795555385,0.209345352747609,0.265081848507051,0.281295545774567,0.346850166982304,0.439151437561755,0.495239931346383,0.584902149901721,0.649474716553367,0.602741280464406,0.372565874078224,0.268866573339494,0.225203102591651
0.158399960682645,0.196683591166229,0.262206284511635,0.279423208623567,0.34855704401533,0.55580802724193,0.593863699412567,0.672088861606232,0.665400582649021,0.630674548839242,0.324506735256921,0.27101932872376,0.230150270863507
0.323820990833272,0.319243538647517,0.3884358663302,0.318563359319054,0.333110079272463,0.352229479090141,0.314085321965444,0.273697015579054,0.393099253201131,0.3724123781983,0.339759300619004,0.325156452615193,0.240109740428253
0.317489108474283,0.319541608957123,0.342730763222569,0.287925335794589,0.298821627451669,0.323781240036154,0.326132220315736,0.34176178333636,0.3525442099177,0.342322156231545,0.313747137052916,0.283186247510538,0.194851955835336
0.414045370597003,0.4302008203416,0.437928000775258,0.354605554046207,0.380354946596272,0.485099376033618,0.524611275536744,0.672946198880479,0.619364453718994,0.581996331572157,0.465814842364196,0.347634315815942,0.324063021231351
0.356542179761168,0.364246981538167,0.425559341824437,0.371004901560778,0.380594431562261,0.490784107464628,0.564329762318242,0.683084118465968,0.598926468652469,0.567642534453228,0.441046005197893,0.360890070942517,0.321083623761972
0.12625882495988,0.165310624915814,0.278953980881799,0.310342565947309,0.362130935690299,0.508562681283131,0.507167688072647,0.54190997225526,0.502445204688829,0.433219488891926,0.26548484472164,0.218663575737483,0.205012305018371
0.0604673448173583,0.146561253627504,0.226660604926033,0.281845149909147,0.380950181361946,0.563370707955918,0.591680043089606,0.67291531260172,0.614336889758997,0.552151585296115,0.40430974305986,0.240467532253535,0.202360568064534
0.132133055485176,0.137934635942005,0.193307440531649,0.245132941656628,0.309905565005919,0.478437283760682,0.537790002123074,0.614095143483403,0.532321846149324,0.418499397104714,0.270493927732341,0.183654432441175,0.167535843667671
0.137648135925116,0.169576317817812,0.325587760932821,0.361293127175035,0.388452574807377,0.474814021402101,0.46106175376211,0.568992239170349,0.44586026507743,0.434044604912412,0.333353316097226,0.281456889514039,0.234474838229286
0.132865428388887,0.179502072218714,0.306260405751107,0.350586845362598,0.393064914751815,0.469726320935337,0.475416558227159,0.572250403291462,0.517486829472522,0.495623987216453,0.391628457777851,0.320206999040655,0.234385833397023
0.123135582889068,0.157999118305574,0.193960627942564,0.256981760522416,0.39305881431337,0.431506986503114,0.50311610067151,0.563113719142344,0.569231666284712,0.547427836202329,0.374425458377958,0.265931204728967,0.170772014252781
0.139023846728262,0.147604276263375,0.246273553540721,0.267673560358704,0.313148598685468,0.436555350898825,0.449317852849484,0.497207754096087,0.380580302146217,0.327294150662161,0.250752241580554,0.198483696246333,0.182111291080468
0.0592928335609574,0.138068581720255,0.214645561869042,0.309782561342146,0.420346615041006,0.544981835713407,0.563075577154418,0.646804690706846,0.556071042893688,0.494562155058431,0.329359671384608,0.203433407526298,0.191521395657693
0.0857655234046418,0.130363777271999,0.196416811683898,0.237501608543488,0.320293583341235,0.52764111729033,0.571743321843039,0.685113061481279,0.60813850945946,0.596183432377375,0.35306605238462,0.196479931798089,0.180705243748373
0.131554926350567,0.156127647668872,0.271696791019042,0.30453496619883,0.333828508990099,0.464083863082701,0.450205401742971,0.548727820846638,0.463306824556249,0.429868213078477,0.279055597236391,0.22744916611667,0.200098636459556
0.135499101089267,0.179420331307229,0.241285810439633,0.282267627768748,0.351420113300232,0.436592540942089,0.481792830424887,0.616782036041648,0.567286536030845,0.547729207510723,0.449149095795941,0.332418965014647,0.206297908870537
0.0855151328695086,0.150986657490415,0.21677613172984,0.249833927691726,0.363638330988944,0.525971475573748,0.599677507661236,0.682339200092384,0.615552120195641,0.538086539792101,0.374877556304997,0.252177710436213,0.177375483775279
0.132427235931594,0.161076860944034,0.194124418261686,0.238016826555359,0.392108508115525,0.458828304487665,0.57164712691375,0.629563222426805,0.625939126222446,0.591804371927367,0.415751862176256,0.262756048116098,0.170939887624127
0.108328532371549,0.168634816504979,0.216184669533199,0.255027010506332,0.373013761232572,0.500206158321438,0.555711851016134,0.647494821788048,0.596296689684549,0.503827456058195,0.395304820310446,0.268152834355855,0.186163613235518
0.0859103177775749,0.173635011860923,0.233836571460087,0.266712762824248,0.385955250904573,0.528421866701172,0.611684278698835,0.668169521689007,0.631074694599479,0.558434984939958,0.392840377893876,0.272685759824209,0.191692099971812
0.100307688445282,0.148903244146512,0.21107191937043,0.252638317999457,0.379447272009474,0.561042499535895,0.626262075889011,0.700003167985532,0.643834872396938,0.547557212081401,0.368793597412071,0.233526665859886,0.178767875264086
0.129427794777336,0.135769671315157,0.238665300190857,0.265318313409797,0.329786538647179,0.449118330617274,0.46670892161831,0.453625156404305,0.387514074483071,0.31731124289641,0.224463049018158,0.160953712806149,0.14744479940747
0.0799302074890811,0.138601227638161,0.200767343567901,0.298789234666628,0.428477517746173,0.571724869425636,0.576689504950884,0.649069246929503,0.584855303051288,0.472072835302734,0.30772774213067,0.190541479441587,0.177443988781323
0.0941773820310653,0.173375245736588,0.308978552586154,0.347390145039434,0.364326304212724,0.485162563813974,0.497357666225784,0.546808466998438,0.497800319912006,0.486832341957729,0.349450326487681,0.255407421198511,0.231786194335205
0.134819861534626,0.14789575484764,0.228443433174101,0.259645879467782,0.308284959372823,0.481432510560329,0.51967845632249,0.618890804514476,0.519894139187845,0.450295903134103,0.260400551618435,0.190290637636645,0.177616194802739
0.128018683703812,0.165713607768536,0.204169336314084,0.255047794885676,0.377492215666328,0.472420948245639,0.542466707888276,0.617629698650789,0.602584318560891,0.552467686220627,0.405860602509337,0.274116218972257,0.182927383204009
0.122199087859409,0.159277191146816,0.183245473014748,0.248429286362481,0.463131811283557,0.516948964694925,0.609446934035363,0.627422777472049,0.616184252906869,0.552706609499673,0.367654147254394,0.25024295905455,0.165603129629298
0.307574916139609,0.31068296069142,0.360873096889054,0.350175427578805,0.436268972223164,0.5408978485627,0.663293292790021,0.660589456866972,0.614237960760549,0.538477328414664,0.42840156867173,0.314644663333906,0.260850370422273
0.286384589288381,0.325025816270709,0.386589369749284,0.376196454447517,0.452824681299935,0.54389877450913,0.68719682475998,0.662417514347276,0.668527745646971,0.467324724403027,0.410448683810239,0.344695518162848,0.287477391763778
0.310518324393498,0.335980832508611,0.42174667538795,0.409941693286024,0.491468912619612,0.591413851811182,0.666335428308524,0.639766600266301,0.554654889838489,0.477348638972799,0.408193486550834,0.299492745086038,0.255946231525059
0.290792069802386,0.306222070991642,0.362562358160919,0.358717181344953,0.438071683697697,0.559652266830667,0.681019413696935,0.679526936303247,0.657496286636729,0.520265508227745,0.420086598608613,0.312754738622077,0.260126719396717
0.256546897596946,0.302020378226104,0.357703272203397,0.384846651022405,0.455140784289022,0.554493973128562,0.6582256718677,0.634173602680271,0.670373085450597,0.554354595974617,0.450325457839151,0.333227710032912,0.273523636187039
0.354138253519531,0.433865502892647,0.474373665669312,0.456575061410135,0.545573357900504,0.601817179152005,0.647418632609155,0.553054078249126,0.505892948426083,0.463051256902608,0.393414455104836,0.372946842735013,0.359104521273857
0.275343042925113,0.28794633286946,0.3163068566344,0.427584075285803,0.502934978629921,0.664864378143078,0.708291849288248,0.644648431166709,0.541659569933251,0.457683653652693,0.412848461462394,0.297337498494538,0.273201006442597
0.347587139113747,0.404187065012632,0.437588249585901,0.490594593225108,0.520705000705639,0.56414486073335,0.575377680845052,0.568738285337509,0.552732600912267,0.515616794470386,0.449782510090438,0.393970428331394,0.276679152720915
0.28365714515094,0.31817097901516,0.387085031841168,0.393278803826537,0.440428859541498,0.540159374399595,0.663317588349685,0.621200757269107,0.659588671543299,0.47642204158471,0.429718292691437,0.326947571808098,0.274159326070528
0.312995925159617,0.351332882491494,0.430210424390382,0.465499048170533,0.537898985411289,0.650067591183705,0.676360624242581,0.584817388126138,0.529248440889508,0.391425426380154,0.39387911719136,0.316089279482966,0.285356254081461
0.353521389457835,0.361633957538786,0.374823319503412,0.426787018043838,0.488633674054289,0.48519045945276,0.455721875170602,0.403692667633242,0.328194754833412,0.32214253482869,0.431726153875713,0.429927375510084,0.380776029069329
-0.00268848525704722,0.166535687184897,0.254344764158226,0.397817955574488,0.424406397933332,0.551731213298916,0.607717008719184,0.707117464492382,0.66409758797931,0.509162693503826,0.416100081041832,0.372085641220728,0.290284909892505
0.0745048037926652,0.191564906040661,0.335294083547257,0.332085216857824,0.409845774221481,0.517313306904046,0.639555738889585,0.660187380514708,0.628171186311083,0.516423126500102,0.401388255846631,0.33140636665868,0.277800142663859
0.0769339148119579,0.163708806879198,0.240524733321096,0.267717176949484,0.365428089295631,0.535498498675899,0.656030914382622,0.702178083304046,0.635777874253147,0.52418325451764,0.389584543871258,0.312965221745829,0.235031858745404
0.0274727780799788,0.162895461692614,0.261789519583989,0.283372301882967,0.34754925663308,0.54400115996525,0.650905575512681,0.672665686850484,0.62592278388925,0.55001510483576,0.421295412174237,0.330526255643459,0.257082073434396
0.154712047608086,0.18736521414142,0.324268144223204,0.325325585142086,0.490648816427406,0.651191181666742,0.719951516047427,0.714091139507414,0.650979793852614,0.418351881227963,0.310742509482659,0.275832181197403,0.243082478638015
0.13280965452101,0.18805106792953,0.340994301121313,0.407543859302076,0.376683236107611,0.473748632646172,0.651254227562075,0.649768564751926,0.59401115934476,0.538210900218778,0.472226338600363,0.452175119336884,0.346111047333674
-0.00202321487939816,0.175137851259302,0.253788864466788,0.408592394841095,0.416588596206816,0.546033035416296,0.615695391266142,0.692554506258171,0.6686922801096,0.506107221211866,0.421826303311815,0.358789264834912,0.273561869009402
-0.0218681352298598,0.156650908550991,0.299464797815685,0.335740118487551,0.360822227318958,0.549395166395241,0.622995458798493,0.700277369432901,0.596909230904663,0.524553062799582,0.407726485015833,0.370092904028295,0.299749348097665
0.150716189324157,0.180622347088028,0.264014771815418,0.273581904994873,0.419088353886287,0.600388137062623,0.712190428178278,0.742158876294664,0.718525223897912,0.397213875667647,0.294354050719207,0.235781824197426,0.211376431182903
0.127793687324971,0.169989854004977,0.260891379962015,0.337244036557247,0.336564785329067,0.417743192483484,0.607859358892882,0.66014043716751,0.604607819971352,0.554689996067342,0.458520940107382,0.394114510390349,0.289471624291501
0.0831831692663774,0.151888302076094,0.205702663587586,0.244545062812084,0.384992673925999,0.615548392626044,0.70058845024538,0.659135688289818,0.537451769401887,0.468810635141334,0.292886032530472,0.231136224271162,0.191753357206047
0.166410042273687,0.20261660974299,0.240036780590908,0.32754596432071,0.4450594192552,0.535902161288574,0.612480998295486,0.623336692615719,0.537693928395862,0.479379051470835,0.338613431232444,0.245217157578729,0.2279122856775
0.235643642387164,0.242666553716911,0.266456298433799,0.362925312368399,0.452993999920793,0.550535963608417,0.666386407346824,0.565474778834713,0.542298459115702,0.538323261346452,0.382670525460489,0.315643145353053,0.233072671396469
0.282970265809631,0.335600484448097,0.394796857883203,0.40256302597756,0.439220442544943,0.46512139116647,0.534905661382808,0.568664451491919,0.569535439967163,0.574620499615264,0.514435071743829,0.413237206734137,0.303833566654843
0.168213211917861,0.197471458251953,0.230223885485702,0.295205500228023,0.388552199722915,0.492497386709283,0.561959972661499,0.573110722943241,0.527091425271498,0.481042030188217,0.344085159942544,0.282557812832192,0.217001647478554
0.157489508731757,0.207896574106272,0.283783525947522,0.347728362651451,0.364286988595296,0.498724241976371,0.519911357928892,0.678413622548854,0.6363818110034,0.535054809641624,0.374099066113282,0.308800852059313,0.244022752290556
0.124391233863401,0.164434011031127,0.270147954240812,0.32299325250138,0.345335095038753,0.479989798205718,0.567420497581752,0.591758116016027,0.574981999048036,0.549576218177142,0.415544759323374,0.377298230287125,0.29669839780698
0.343533478705462,0.316798562813707,0.328605897200528,0.219289735964896,0.254508950438378,0.251002142863622,0.252974552361597,0.284859052995181,0.273505659145764,0.245726796168612,0.213881288049895,0.231080419421897,0.233330662851933
0.150728618465607,0.176143266459997,0.180365582030101,0.348725247442177,0.521978931266104,0.710034352327599,0.74278120763096,0.716460000874045,0.610946813030797,0.477537679205185,0.231417761114089,0.210174755422592,0.183200578276206
0.190120136858284,0.240754970399326,0.293673037696556,0.399230828449589,0.462912741280815,0.618389254394054,0.662287252045054,0.658049816861862,0.590698923770205,0.501632596719616,0.31632470367774,0.287915293484497,0.246642740816355
0.179207177249736,0.211892277613538,0.279356212895036,0.351150922492732,0.502772002394089,0.673879634401118,0.721373526735852,0.707114520366921,0.631479198920018,0.499309413116981,0.305305146684146,0.252688567008775,0.219440756700815
0.17144842071217,0.218098918619592,0.323481687684309,0.36654586861845,0.494938424629777,0.629512013822618,0.687084787020991,0.69387557962889,0.610969518283907,0.495007102343564,0.319155044114385,0.284899961087511,0.23715745250702
0.174342285179959,0.194245343726965,0.216461442035162,0.336450192017891,0.598441220328313,0.730897028940566,0.777277396125775,0.769491857206129,0.614973235981144,0.356845996085785,0.242730287148902,0.23869611004649,0.198425971323845
0.190257872809507,0.255389096316231,0.305328921464504,0.359009734151335,0.448138140883052,0.585022173190181,0.663535648611918,0.664279334253303,0.589665890810558,0.449682670125763,0.363329726647011,0.293324132837994,0.240425549630928
0.15278373434516,0.190760820839651,0.256246511961905,0.314656175435619,0.489804844767216,0.582477811264146,0.632495623048287,0.625403946714931,0.60400458759776,0.395016709762156,0.294369943740312,0.244931280461515,0.218338429371553
0.226786745345304,0.27530626601047,0.292817127597001,0.356183117020694,0.440425376490367,0.61062636739975,0.636795415949669,0.681987431914925,0.604544471634721,0.475813171073615,0.318338239853513,0.27318028360155,0.249468509409203
0.180479792398307,0.234988417311293,0.331907158646963,0.367843538390982,0.411328342711458,0.404373523621397,0.458675016109734,0.586645440869962,0.677082652076424,0.582990411618819,0.533937536596928,0.331966295880127,0.278115004704614
0.147599533317763,0.166834419548153,0.179831580148504,0.266297384842356,0.507272561179686,0.639422245806787,0.721119069813569,0.754083722187517,0.74205734546426,0.551039514726625,0.25910973739851,0.208835227326963,0.186437877977647
0.181091191267493,0.222389640209588,0.24595193808088,0.333767402993084,0.465583084965486,0.683685411848261,0.639192679779503,0.641493126599348,0.555782750096312,0.412614981995435,0.269198827085879,0.258067439368089,0.226442925292486
0.148353076752924,0.206903426766844,0.290099039207922,0.360437498595416,0.551387998554001,0.607991384455502,0.661154632133902,0.71254829073951,0.71026070400836,0.532568178548128,0.391474863207372,0.263591822647168,0.23899803105001
0.172704427460468,0.205828717375878,0.216677731472436,0.372241869516308,0.507306637052506,0.699219266437637,0.706984528842593,0.690340153192629,0.587618638881446,0.457443392979581,0.239454662853035,0.234133472133043,0.20617277587077
0.242855161477777,0.279625140508309,0.295386150148738,0.375278626922426,0.573823929248604,0.681470229473727,0.656530830719541,0.661734510693054,0.62479467971051,0.478700089423584,0.305326383202982,0.282881076737071,0.256282539568991
0.162176846745781,0.181525897138924,0.260545345843934,0.305323068657313,0.532845911136261,0.576043799395685,0.578074215999451,0.628153347407472,0.601857422792923,0.518243660988836,0.372155803263168,0.247497640659272,0.218167245749739
0.154238248680471,0.191711094241281,0.232031856336324,0.314553003424537,0.470505191195643,0.607851296097269,0.632036298576925,0.712811313977544,0.715968014663937,0.599338916558562,0.371912108783282,0.233180741614596,0.215508739739639
0.20536601427638,0.267828723467938,0.346304548607472,0.407391219220299,0.560227279438294,0.652655066975421,0.571608251521392,0.608452398662993,0.513358888338272,0.495448709620983,0.392763029064372,0.348043944777847,0.308120582547442
0.178283760476126,0.244112384595809,0.310275474529906,0.360947646023249,0.502653697306803,0.595155357142486,0.605693203708852,0.587161201779469,0.600985604352576,0.524911768759272,0.351571967564211,0.30078759851984,0.26742973010439
0.168278780226113,0.191166119278884,0.247121456087874,0.318320838714894,0.581934655534799,0.725948069258331,0.689291468329526,0.689740607211109,0.551731448526697,0.403507762772246,0.291676534950312,0.244459187201686,0.208504975044678
0.195732006046674,0.191677419933087,0.275969732804146,0.331655044264779,0.378198567825807,0.476211596862932,0.534828122721963,0.538336051664335,0.53768987990393,0.542213262501973,0.38370201900498,0.331643708092711,0.203394370452853
0.199334308390777,0.221608069762893,0.26663919810365,0.307044535177724,0.355778302521348,0.450733327182661,0.480037236680108,0.480647471488448,0.467977044915758,0.41014037707153,0.328495250870906,0.311812543119782,0.20796786762323
0.173231625974114,0.204549450038809,0.25636800285515,0.298015384128962,0.395124869241137,0.502156917159519,0.518179447169141,0.513209185405139,0.520883118051906,0.414455019148893,0.314487982872645,0.289734379384599,0.197405860649784
0.313742976904288,0.335139240688087,0.384548626742514,0.277549300515648,0.282903625161941,0.310226275254784,0.362463417837767,0.382212139113997,0.414994716633108,0.382145546381539,0.322180931826673,0.295970183012628,0.185951982881873
0.304481553069335,0.340146445694507,0.427389326917129,0.453894721700652,0.539114899591386,0.547881461359448,0.668512290269063,0.606375836931172,0.498363907314304,0.453869562054559,0.387109286576873,0.330515462680271,0.285787198308536
0.340037514326038,0.356769612968156,0.423680341660046,0.410284803754154,0.459032553331554,0.542811941661,0.659042001478625,0.601507690777442,0.566473513812518,0.512684605094545,0.480290880967872,0.325456046714386,0.270058029299417
0.265755763052991,0.278492233371425,0.303548523950651,0.419864533931709,0.501845060191648,0.496423142967658,0.516295025784062,0.444411767222947,0.480327818896886,0.421860590454689,0.383455327160005,0.371790484918594,0.361226317485152
0.259830433831448,0.279124840384058,0.285522421653402,0.403318573560098,0.490049360959984,0.459892059815956,0.506999919684486,0.431436009786696,0.402390801914402,0.365133052598215,0.363363898418042,0.389197798173542,0.37265524776505
0.256033072306476,0.276381106680753,0.291719748866037,0.391501832813075,0.481510670341093,0.512794999684541,0.529057231662358,0.443415829500411,0.422146863381412,0.400163222038552,0.369546000524777,0.395180466356949,0.390215740530222
0.284964170859311,0.297250915766842,0.302088941877825,0.402319452144059,0.496262645271048,0.515034438011947,0.495609078733538,0.477585465563069,0.494518003354265,0.463876473043478,0.414862046558482,0.395503337300354,0.369612388593993
0.154519073654711,0.18038776466269,0.244882122120758,0.300227505681603,0.390410574657845,0.525817706911776,0.583474422131248,0.678793586427976,0.61486252076775,0.482850447211602,0.347695297231767,0.321203139758544,0.259962212939804
0.171486889752223,0.237009519999187,0.331960026961652,0.37679065113799,0.365025144041029,0.510782272387027,0.534275079721791,0.639726010960696,0.586205033988711,0.485979570556304,0.457947218754933,0.370315225946243,0.292192236126651
0.0805199709080905,0.102179436609427,0.115863129499644,0.260011400090638,0.418754482706798,0.582996476969264,0.629422243266002,0.437635613118519,0.374425680975585,0.236144791487836,0.206066443874957,0.154214500535428,0.131085347623213
0.0589909729411051,0.110725645947725,0.143939862451589,0.267711921125516,0.421083183312303,0.554031695631558,0.582191371729096,0.495852204604517,0.411279192853183,0.305510417331352,0.232164434241592,0.165174395717654,0.153469353191176
0.0474973396954244,0.112762251882228,0.150656219837339,0.254573412823498,0.401789554260563,0.561453034242416,0.566391610098761,0.517364172768771,0.434069737241384,0.36538055933838,0.275916396137814,0.144818234869631,0.152859338517737
0.10581915222097,0.129844477129728,0.182581056791962,0.31988097656629,0.434418408621336,0.556049566627611,0.584381452586086,0.508263736947724,0.426338140471867,0.335321087720688,0.260924834172958,0.174789044979203,0.163570779555035
0.109100974879154,0.128651078249047,0.176119922695963,0.283825095085394,0.441416532792423,0.556034466629469,0.55502004471313,0.455605583208838,0.399960808075084,0.286563980841255,0.243375382038268,0.140223567121469,0.174971924741174
0.0885111284656091,0.111575182953851,0.139832340805739,0.215866067343437,0.346739574858983,0.573780963110758,0.579893215427295,0.621921187346778,0.562402250294276,0.528966495632528,0.294189396684686,0.144717992610506,0.132380638050353
0.16537673588392,0.194883568984332,0.291461322313908,0.345143878420688,0.452612641861378,0.627152422327049,0.582634969401914,0.594829322068071,0.538228436066314,0.439215499999913,0.325878262082706,0.260626466385275,0.209121473668764
0.187524884700352,0.23542418860814,0.305076464361619,0.365146682794282,0.474762091116907,0.603391517874229,0.508588557577986,0.521713551155784,0.544581842756252,0.486958354069687,0.411189577474352,0.321091965170618,0.229629914420352
0.188485868365138,0.195883516250522,0.210708386741257,0.280524401399382,0.31183233141231,0.545667488744265,0.600734097975005,0.627782410169767,0.612100190968189,0.495997884539489,0.360982609582498,0.261128183007149,0.196627730321208
0.191301666991202,0.194287723970003,0.202172072423565,0.268583955665016,0.31373531666815,0.504874503197906,0.620868479479275,0.601414768120294,0.601383399798427,0.497393501683613,0.379587000341526,0.261800542134579,0.19766044687823
0.200359298686544,0.21357721333853,0.254310808193722,0.318347527078147,0.358838974345065,0.607074414791892,0.649861255106532,0.656035922753763,0.613569363201521,0.466969845916683,0.35666131534614,0.290055224633775,0.203583755935998
0.160824264586834,0.201574110096343,0.275637434764274,0.308939428853123,0.523884996155934,0.617007957140589,0.675376123979344,0.680181286772901,0.615965930383125,0.558554531960171,0.373553498215835,0.289981091053557,0.195572338244535
0.148802748142864,0.179263640472415,0.234871073108254,0.329895166680257,0.478630995554867,0.580507845636541,0.605704996895051,0.580454945132302,0.609324147841902,0.496507017764003,0.276609779932115,0.261177935754686,0.204115583012358
0.173651207014173,0.202774419767781,0.245482263575914,0.275957769315037,0.3741564179014,0.511256250926155,0.580100189822607,0.533552485892855,0.5229311033715,0.417870480041707,0.3034360825282,0.24812546578375,0.201172968019612
0.0686730758755169,0.13616025119169,0.160422386775746,0.237538735167764,0.362696708818307,0.501296340795774,0.498812043868108,0.456131977672521,0.373456488050477,0.286059322638012,0.22370113418004,0.184108858083655,0.160131649756879
0.0951873803912768,0.123612904917309,0.133196054322064,0.207734517937444,0.429662735406884,0.60148455200737,0.61204871211416,0.495578546781958,0.354476131396927,0.227708327048134,0.189804475508222,0.151622838107215,0.129865391406386
0.0907466250300348,0.132726600224857,0.189740445842084,0.268889881449207,0.298322306808351,0.48739555561119,0.527577086763014,0.562414322013434,0.52289944224904,0.446861801980259,0.297168994041843,0.173179520211208,0.17307701883849
0.0694815481176757,0.133438525541763,0.169286914149946,0.231804251718804,0.363427288656489,0.502355521838786,0.504531726798208,0.524760184399874,0.439341369327028,0.394100684270399,0.279804077809271,0.101394545837978,0.169675366861538
0.0827337593623933,0.132309300532645,0.169720997228291,0.23615575164587,0.279675081103672,0.483495280592986,0.563094552322135,0.606759740895015,0.565249610355777,0.502536817222645,0.336617156331129,0.10269223552738,0.173842703718118
0.109158230570042,0.144585566018668,0.18186053160931,0.221250325410142,0.318222750914822,0.467461964121955,0.466877983399739,0.401282470508465,0.330732824831049,0.290638675666577,0.264894231592542,0.220670952889186,0.188398374034176
0.0619672411113794,0.133554628265053,0.160161123086277,0.225495559602202,0.369635144556221,0.492956441082687,0.469090866288841,0.407508770600413,0.329437701029731,0.273765595752191,0.238386564115483,0.204933531191482,0.174469906488017
0.0917678902809194,0.12585934694697,0.150094455590173,0.177495165528204,0.298669796880095,0.536218526442981,0.545899360474263,0.472997177692809,0.335736782491039,0.260808377993109,0.210088500984191,0.16923060779162,0.1535604082114
0.0785474138306421,0.125392113004742,0.146990456499125,0.191268719558949,0.366107791165966,0.558457411769434,0.534045544146691,0.479254087131595,0.360498055840419,0.280474224094075,0.241383619414806,0.210239964483061,0.173656136252266
0.0580929596323134,0.133231169597465,0.173932078601714,0.24956127451793,0.330557392407608,0.463815013915012,0.494812831960159,0.529236852945856,0.47554852034455,0.428749241169514,0.296945382744251,0.193612989439587,0.172662603463764
0.0899814936159404,0.124101961796236,0.136481264864056,0.195529904669292,0.377621327595038,0.508849104033799,0.532763276641035,0.480231649123734,0.36969145148054,0.263204273968543,0.213449745724615,0.174161419701606,0.149746852918195
-0.00347993278593712,0.106591493521941,0.137751628791474,0.201183258510078,0.323285695743768,0.550266557251282,0.5801277452936,0.584671501747997,0.500331470216701,0.433960080333119,0.272450307896185,0.151665351426323,0.143009344651656
0.187762661528494,0.205294145034389,0.309565866534774,0.280843386157035,0.353520631209803,0.506456783953218,0.532733986811809,0.637610026823831,0.614318573216865,0.574295389894631,0.2996703322784,0.257273629517894,0.245335508246483
0.0646792838565915,0.12996275634279,0.205695576787329,0.282179775587412,0.374468036876499,0.523671258635646,0.517550823178014,0.609718028944615,0.517707509810347,0.490360033317792,0.343185480297549,0.200882904157548,0.184368811975736
0.0471001758779417,0.131817934935094,0.202438396344239,0.278191471295295,0.321464471464361,0.470460459977161,0.480659511694162,0.579851880973318,0.486964271505689,0.411821457249642,0.27954612655988,0.183146390532772,0.169845090306655
0.0949349398722218,0.153516424456442,0.226235211754664,0.3138904394919,0.359426618976555,0.517261687170027,0.53152873805296,0.605527837510352,0.550104758064482,0.463047037151083,0.327591790332232,0.17284060927021,0.192364708257046
0.105135227549728,0.156170970740917,0.247613818508575,0.29926189742629,0.337333151083533,0.489719299771926,0.582345629721231,0.662750300391209,0.565969065491396,0.501548155434722,0.379351197992651,0.325034555156811,0.252671526250061
