PRCP1,PRCP2,PRCP3,PRCP4,PRCP5,PRCP6,PRCP7
197.227264404297,133.386367797852,137.943176269531,186.301132202148,126.795455932617,102.835227966309,46.9943161010742
64.9659576416016,128.230209350586,273.581237792969,253.794021606445,72.4148406982422,35.4252433776855,43.5602226257324
81.5455474853516,136.449111938477,167.224212646484,122.737777709961,102.536666870117,96.9411163330078,47.6306686401367
59.5699996948242,123.529998779297,280.100006103516,241.889999389648,84.6800003051758,39.5299987792969,44.3899993896484
89.199592590332,138.738677978516,218.345962524414,111.989547729492,62.0459594726563,126.720245361328,73.7254028320313
64.9429931640625,174.832504272461,249.329849243164,84.7391586303711,111.008148193359,130.019058227539,63.2409553527832
61.4518547058105,144.779998779297,265.975555419922,150.357406616211,49.39111328125,62.4937019348145,39.2599983215332
85.4248199462891,146.427642822266,244.811614990234,101.935173034668,77.7779083251953,124.057945251465,44.6521492004395
76.1582870483398,141.894302368164,225.708343505859,77.8551559448242,60.3501739501953,73.635627746582,34.1958808898926
106.870956420898,135.554122924805,320.522033691406,87.277458190918,77.6349258422852,108.198097229004,33.9033317565918
105.980422973633,188.700149536133,247.287887573242,89.6045608520508,121.064994812012,100.761833190918,17.5535793304443
87.2037963867188,146.10693359375,202.758041381836,111.580047607422,86.0373764038086,84.7825775146484,59.1110076904297
69.6462631225586,166.900817871094,226.0146484375,158.042419433594,37.0721206665039,114.419403076172,44.2778816223145
75.8075942993164,104.419822692871,226.891128540039,51.4537963867188,55.1987953186035,94.4491653442383,45.1380615234375
124.162643432617,85.7796630859375,236.825286865234,48.8505935668945,42.6118812561035,82.5828170776367,45.2136764526367
95.8977813720703,159.131118774414,315.387084960938,114.457092285156,83.8898620605469,86.4719543457031,39.1880569458008
60.2850036621094,136.799285888672,237.100463867188,153.981979370117,73.9583282470703,108.654769897461,39.7273063659668
96.7111129760742,114.933334350586,218.322219848633,100.488891601563,69.4222259521484,83.5666656494141,27.9777774810791
54.7299995422363,143.979995727539,244.220001220703,167.710006713867,72.8300018310547,77.9000015258789,47.5499992370605
175.916168212891,87.7103576660156,187.756317138672,155.761611938477,82.6277770996094,50.2462158203125,50.0207061767578
89.0314788818359,167.220321655273,243.331405639648,245.495727539063,66.9018020629883,66.6888656616211,36.2148513793945
73.0166702270508,129.792221069336,326.115997314453,124.308670043945,72.4522247314453,72.8871078491211,50.3322219848633
59.9370803833008,140.419723510742,262.295166015625,196.193328857422,75.0740280151367,54.5831909179688,56.8452758789063
47.6258735656738,138.061157226563,240.200073242188,239.81330871582,92.7524871826172,62.8211288452148,54.1809005737305
65.5564270019531,127.797386169434,234.444396972656,115.770088195801,72.1614990234375,101.309700012207,63.8231964111328
71.1013488769531,151.606796264648,290.946075439453,209.8759765625,63.4718399047852,147.738296508789,41.8822479248047
109.689994812012,126.278770446777,296.407775878906,76.0543212890625,60.1161766052246,105.97802734375,32.6792602539063
112.634994506836,121.360557556152,234.867218017578,106.678886413574,84.6255493164063,96.5072174072266,36.7361106872559
106.68236541748,138.609313964844,216.446258544922,123.473197937012,97.2426452636719,85.0901412963867,59.2108306884766
76.1969985961914,134.090545654297,362.313171386719,142.689956665039,84.7488250732422,109.00838470459,46.6127243041992
58.6669464111328,136.655151367188,211.463195800781,144.336395263672,71.9162445068359,71.2013854980469,56.9243049621582
83.7578964233398,147.545700073242,243.744293212891,103.129051208496,66.1179428100586,95.2001571655273,68.1699523925781
77.6520080566406,158.685531616211,257.071838378906,116.048675537109,72.8036727905273,109.576606750488,64.3404846191406
60.2841987609863,132.64208984375,262.673187255859,161.335708618164,88.1943130493164,82.6269683837891,46.4100303649902
59.0913619995117,180.245346069336,262.937286376953,171.288177490234,31.627555847168,98.9959716796875,40.8942527770996
64.7470092773438,151.684020996094,173.859405517578,119.523262023926,54.6456489562988,77.7865905761719,42.1772613525391
82.8020401000977,154.045562744141,221.502395629883,170.077224731445,50.059814453125,63.7033271789551,36.0275917053223
113.286888122559,182.372894287109,234.136444091797,105.305770874023,155.802444458008,79.7917785644531,21.8773307800293
111.511108398438,161.233337402344,292.433349609375,85.6722259521484,101.477783203125,115.144439697266,28.6833343505859
88.2763900756836,147.676116943359,239.937759399414,119.214996337891,88.4894409179688,86.4655532836914,60.7027778625488
58.6077880859375,154.344787597656,282.44287109375,198.438140869141,87.1189270019531,71.4996871948242,49.8667259216309
86.6600036621094,134.669998168945,164.869995117188,125.430000305176,86.75,90.4300003051758,49.5
65.8507385253906,155.385269165039,244.692520141602,172.765258789063,73.4697952270508,103.38671875,45.1043930053711
50.3936080932617,126.749038696289,209.075973510742,162.485961914063,80.0013885498047,58.9918060302734,59.7959671020508
102.747772216797,188.563888549805,295.488891601563,121.194442749023,104.642227172852,53.3783340454102,25.685001373291
99.8011932373047,148.925704956055,229.848617553711,92.8384780883789,74.6818237304688,71.0419616699219,29.6887035369873
63.6384468078613,158.857620239258,245.921279907227,204.777389526367,53.4063377380371,58.2842407226563,38.9004020690918
68.6742553710938,118.714263916016,221.648315429688,80.8712997436523,74.4248123168945,60.8657379150391,36.5109252929688
65.2325592041016,161.039825439453,232.351623535156,88.7059020996094,98.5824737548828,102.280769348145,56.3511085510254
81.3566665649414,136.110000610352,280.626678466797,141.546676635742,64.033332824707,85.8133316040039,57.0766639709473
106.52222442627,157.066665649414,263.177764892578,118.64444732666,65.0777740478516,110.866668701172,27.2555561065674
70.1122283935547,134.067535400391,193.529449462891,107.381065368652,51.2497444152832,108.950370788574,37.6217384338379
49.6100006103516,126.720001220703,256.309997558594,246.270004272461,59.9599990844727,40.7299995422363,43.7400016784668
99.7477722167969,212.984436035156,293.607788085938,120.738334655762,90.0733337402344,62.7672233581543,16.468334197998
126.858627319336,134.877639770508,294.648651123047,79.553825378418,69.8925933837891,111.598892211914,29.4396286010742
74.413330078125,122.805000305176,219.041107177734,128.065551757813,106.626663208008,122.574996948242,68.4272232055664
63.3056182861328,166.826950073242,226.023208618164,134.621826171875,45.0716857910156,66.8722152709961,39.7939643859863
77.4756774902344,119.562728881836,228.8271484375,63.3451881408691,68.4338302612305,74.1703720092773,32.4416046142578
97.9457778930664,178.209991455078,269.955993652344,126.908218383789,115.453567504883,63.4122200012207,22.5757789611816
45.2599296569824,174.133529663086,225.553848266602,66.6897888183594,93.9274215698242,118.879341125488,63.2158508300781
70.5528717041016,157.360549926758,334.986877441406,170.691299438477,53.5727729797363,94.1668472290039,49.1706428527832
91.4874267578125,159.655319213867,245.820465087891,109.587944030762,54.5722732543945,152.698822021484,47.3774871826172
48.3465881347656,141.021987915039,233.292129516602,232.405227661133,86.7035675048828,69.0494537353516,54.9845237731934
93.965934753418,195.531845092773,270.025268554688,100.752403259277,76.350830078125,115.125549316406,17.8990726470947
158.691268920898,95.9898376464844,217.753677368164,121.739921569824,58.1056022644043,78.3955917358398,45.8589820861816
72.0720367431641,139.034713745117,239.055541992188,133.638427734375,86.5140686035156,140.874542236328,67.3205490112305
63.2948837280273,153.705108642578,201.136444091797,74.2937774658203,108.177780151367,96.5375595092773,59.6177749633789
64.9716949462891,116.300392150879,237.165939331055,142.529373168945,94.3745956420898,96.2650375366211,46.5328674316406
86.0046157836914,128.038177490234,351.518951416016,227.866455078125,86.7139663696289,65.3912048339844,47.9536590576172
82.5018463134766,140.608673095703,307.370178222656,181.2587890625,94.2148895263672,60.8355712890625,48.1380004882813
76.1236343383789,167.367340087891,262.463256835938,208.49430847168,42.383113861084,152.54377746582,39.1516304016113
113.370758056641,130.824615478516,271.64306640625,187.287811279297,103.903541564941,66.5059585571289,44.4752044677734
143.301803588867,110.129524230957,243.997421264648,244.616363525391,46.3384590148926,58.8393020629883,43.4642601013184
110.905296325684,109.90404510498,283.675811767578,107.622505187988,69.1071166992188,70.4504318237305,44.5484352111816
99.0299987792969,127.210006713867,358.869995117188,74.3300018310547,70.0800018310547,44.0750007629395,47.8349990844727
123.864921569824,110.844993591309,247.392929077148,162.554122924805,52.2142868041992,59.559757232666,42.5507164001465
178.300323486328,80.2818832397461,278.276702880859,90.3944244384766,77.4772109985352,62.0569915771484,61.6265258789063
126.864837646484,69.7426834106445,213.586776733398,185.869720458984,74.4265060424805,70.7433166503906,117.355087280273
110.819793701172,139.008392333984,262.306884765625,147.280136108398,67.750358581543,67.7201232910156,46.6981163024902
238.661102294922,93.0166625976563,262.561096191406,132.46110534668,66.7444458007813,38.5888900756836,114.033332824707
55.1896476745605,127.80876159668,137.040588378906,212.895751953125,113.112228393555,83.2223052978516,37.2399749755859
117.069999694824,85.2144470214844,228.957229614258,124.822784423828,72.4005584716797,46.0805549621582,94.0933380126953
83.2547225952148,117.515838623047,313.848907470703,97.1800079345703,80.6091613769531,64.5419464111328,48.8638877868652
192.010543823242,96.7950057983398,230.723876953125,144.750564575195,71.0627822875977,63.5986976623535,67.6501846313477
132.722229003906,108.768615722656,265.240844726563,154.419998168945,50.1425018310547,65.7161102294922,39.8911094665527
126.227828979492,88.1702346801758,227.141754150391,172.027557373047,50.7484436035156,72.7615280151367,84.8428421020508
143.82096862793,88.1927795410156,217.279708862305,285.905822753906,46.775276184082,59.8349952697754,45.2931938171387
129.385482788086,109.113403320313,248.531234741211,116.712600708008,65.2641830444336,56.4227714538574,82.1824722290039
101.089530944824,142.37809753418,284.931274414063,76.4195175170898,75.6041259765625,44.8787307739258,41.1347618103027
163.270004272461,60.3899993896484,204.740005493164,210.309997558594,54.8600006103516,34.9599990844727,120.069999694824
72.5093307495117,163.984100341797,355.908233642578,150.600646972656,81.4088897705078,76.5914459228516,38.9409980773926
89.5348739624023,128.909439086914,318.062561035156,204.365905761719,75.5760192871094,57.2828636169434,45.9877052307129
183.479827880859,87.3513031005859,258.347839355469,95.6936340332031,67.4480743408203,76.4769439697266,47.9244422912598
54.9996299743652,119.634437561035,177.0537109375,165.853332519531,105.512962341309,108.538513183594,39.2048149108887
62.7311096191406,163.756225585938,188.717559814453,134.282211303711,95.1602172851563,101.83088684082,40.6486663818359
67.9216690063477,122.692779541016,154.319442749023,192.932220458984,90.9922180175781,78.9933319091797,35.3822250366211
120.40975189209,123.88272857666,242.720245361328,130.066619873047,60.6045608520508,77.8592758178711,48.1059875488281
57.5142211914063,148.417327880859,236.230224609375,167.643783569336,84.9891128540039,84.513557434082,42.0668907165527
89.1994400024414,115.730278015137,332.742492675781,92.2425003051758,70.4383316040039,55.2783317565918,45.9638900756836
70.1504516601563,192.736434936523,348.946868896484,195.942901611328,81.1708831787109,138.448455810547,36.3395576477051
208.586303710938,91.2803039550781,236.469482421875,159.837280273438,46.0504035949707,39.7478790283203,134.544586181641
58.9722213745117,151.261108398438,213.216674804688,127.71110534668,102.733337402344,99.0944442749023,41.1666641235352
170.052963256836,85.6444396972656,186.979125976563,129.322219848633,83.0072937011719,48.7102127075195,58.0006713867188
80.2101974487305,149.338989257813,308.113647460938,135.490707397461,76.8944396972656,65.9827194213867,53.2884864807129
100.888137817383,135.503021240234,265.995941162109,142.471405029297,72.3809051513672,57.8841438293457,61.2698287963867
115.933418273926,91.7131042480469,215.827529907227,171.280334472656,68.7510070800781,52.8652992248535,106.10181427002
119.523475646973,75.0349197387695,219.824356079102,216.864013671875,54.8897132873535,55.5883598327637,100.569847106934
51.8400001525879,148.850006103516,182.550003051758,170.039993286133,123.580001831055,89.7099990844727,38.9799995422363
165.271102905273,87.7081527709961,210.732223510742,78.9851913452148,69.1055526733398,77.9807434082031,35.5833320617676
140.330978393555,55.1171722412109,209.89225769043,116.160949707031,108.58553314209,29.8979797363281,99.5121231079102
121.470001220703,92.9700012207031,260.320007324219,45.0800018310547,36.3199996948242,76.9599990844727,46.4799995422363
77.6306610107422,94.1179962158203,301.451110839844,109.696449279785,54.1993293762207,67.6011123657227,42.5999984741211
90.4091644287109,138.115997314453,238.435150146484,171.321853637695,36.5220832824707,160.470947265625,46.60888671875
183.28889465332,93.8333358764648,215.844451904297,164.688888549805,86.3777770996094,37.1777763366699,96.8888854980469
126.969688415527,132.639404296875,236.199798583984,109.697166442871,79.3517227172852,45.4351501464844,76.3701019287109
87.1940078735352,136.410140991211,298.631896972656,144.111846923828,77.2073287963867,85.658203125,43.1852684020996
80.5686111450195,102.974166870117,269.579711914063,145.121658325195,60.6158294677734,79.3419494628906,39.3891677856445
89.8054122924805,182.423843383789,182.649368286133,165.417770385742,142.011535644531,135.772262573242,31.7217121124268
88.6010360717773,192.355194091797,171.939865112305,229.596466064453,170.870391845703,183.076675415039,30.3110198974609
96.202018737793,126.176773071289,186.146469116211,50.7777786254883,76.6565704345703,69.4797973632813,57.2272720336914
114.670455932617,160.552154541016,199.679733276367,138.117477416992,167.501007080078,185.16471862793,39.7577018737793
71.2754592895508,119.385261535645,244.256805419922,101.49649810791,104.221450805664,119.722579956055,69.0875854492188
82.7975921630859,125.185821533203,174.821197509766,97.0632095336914,133.307739257813,83.6724395751953,46.6184730529785
111.832077026367,139.115997314453,224.827163696289,131.943176269531,206.274856567383,129.65901184082,38.8439865112305
95.7488021850586,139.324264526367,135.954971313477,95.0018997192383,108.525382995605,73.9081878662109,40.6993103027344
72.4466857910156,123.411193847656,181.090591430664,70.4304122924805,105.026588439941,97.2713623046875,58.4507751464844
96.8967742919922,121.870567321777,95.9744186401367,119.678665161133,233.516967773438,78.5129241943359,49.0013771057129
109.413589477539,114.162460327148,141.347503662109,113.364440917969,148.824356079102,68.6143951416016,40.7611122131348
116.569030761719,142.116363525391,157.233367919922,108.351364135742,196.161590576172,92.5504608154297,43.6273727416992
118.31111907959,152.342834472656,191.552932739258,160.00032043457,188.962371826172,159.658172607422,43.022289276123
97.6982650756836,150.156494140625,157.600814819336,137.569854736328,134.158966064453,155.680755615234,31.7835597991943
63.7942314147949,160.442398071289,227.764495849609,83.1781616210938,87.8526000976563,86.5024185180664,72.2417373657227
115.441680908203,125.37287902832,144.897277832031,157.780426025391,149.510070800781,110.872360229492,29.7486801147461
83.9228439331055,118.738220214844,95.7023773193359,186.154983520508,246.516403198242,69.9044952392578,46.3763961791992
94.9021148681641,121.403472900391,143.618499755859,85.4762268066406,95.240348815918,72.6067581176758,38.9048080444336
82.602783203125,94.0358123779297,66.1158599853516,85.9358291625977,201.159118652344,66.745361328125,60.9561614990234
91.3055572509766,115.010559082031,186.669998168945,57.2155570983887,88.3038940429688,78.4011077880859,64.2277755737305
64.2898330688477,165.621795654297,239.931549072266,74.548713684082,124.315643310547,123.768608093262,70.8180770874023
123.775444030762,157.91178894043,132.081237792969,181.273086547852,201.019485473633,129.777084350586,40.1604614257813
96.7667083740234,149.031753540039,262.056823730469,186.786117553711,113.584465026855,164.968536376953,36.4453201293945
72.1445693969727,133.150344848633,193.576644897461,63.013111114502,91.3132247924805,103.500030517578,70.6240539550781
63.3848991394043,135.894653320313,179.167633056641,208.489685058594,78.6776733398438,52.3060073852539,45.8663139343262
72.3513793945313,98.188835144043,67.9225997924805,77.9338912963867,183.705429077148,57.9198989868164,77.6714172363281
66.0866012573242,141.94140625,202.207580566406,45.3048362731934,72.8255081176758,116.810127258301,67.9485855102539
76.0568695068359,130.538772583008,84.634407043457,68.8860092163086,173.859146118164,67.5261154174805,61.0079193115234
92.0425415039063,132.927947998047,148.673797607422,87.4251098632813,93.3690414428711,81.3317413330078,48.4789085388184
110.75023651123,99.9490127563477,140.584075927734,127.096183776855,118.979393005371,79.7818069458008,37.5718383789063
107.659996032715,121.782424926758,163.157623291016,125.284194946289,177.630157470703,73.5800018310547,35.7878265380859
100.036361694336,185.728088378906,191.147369384766,140.337768554688,164.848785400391,173.338180541992,25.5975761413574
116.198989868164,145.892532348633,216.214141845703,120.299324035645,173.682312011719,153.489700317383,39.2274742126465
94.9319458007813,133.638290405273,153.855178833008,131.257217407227,177.372863769531,78.1447143554688,47.6334228515625
115.108512878418,157.040145874023,252.050033569336,152.559005737305,152.414642333984,171.381469726563,36.8022727966309
96.0711441040039,129.687850952148,125.876106262207,119.155540466309,268.205230712891,68.4308853149414,42.8913955688477
130.784606933594,141.87451171875,144.434112548828,109.256683349609,154.040237426758,93.6499938964844,24.066047668457
104.292205810547,134.021926879883,134.011962890625,143.975967407227,239.423599243164,80.8665542602539,48.7118339538574
110.45548248291,164.458221435547,132.33952331543,139.436737060547,172.539535522461,207.938507080078,27.9578456878662
72.0585174560547,136.020736694336,176.189071655273,213.258163452148,76.6990737915039,68.2707366943359,51.8872222900391
106.789039611816,119.683769226074,175.869720458984,109.676467895508,88.824104309082,47.5071411132813,41.3908348083496
108.039138793945,151.199310302734,147.105926513672,84.273193359375,203.436813354492,38.1160926818848,34.5400619506836
110.445541381836,141.447143554688,102.882049560547,219.933959960938,217.465850830078,86.8936309814453,42.5051574707031
85.181510925293,140.881973266602,224.315704345703,127.442825317383,132.793807983398,106.883346557617,77.6654739379883
62.6212387084961,173.46240234375,234.201187133789,80.02197265625,122.83903503418,134.368835449219,69.0529022216797
76.9396362304688,97.5368881225586,215.960845947266,179.205352783203,153.993011474609,122.729904174805,48.8470726013184
84.8444442749023,137.155548095703,173.433334350586,192.444442749023,66.2666702270508,91.7888870239258,49.6222229003906
84.4881362915039,132.297622680664,171.178268432617,120.238319396973,111.01912689209,106.423065185547,78.2183303833008
66.9314422607422,149.641937255859,220.596298217773,54.686107635498,87.8807220458984,109.330680847168,73.7888717651367
97.48291015625,148.442031860352,177.136459350586,142.707168579102,120.16886138916,122.442306518555,61.469913482666
99.3053131103516,150.843276977539,122.801605224609,93.3593978881836,169.35107421875,83.8477020263672,33.5453147888184
46.7355575561523,143.675552368164,217.718887329102,219.066665649414,66.1894454956055,52.5455551147461,50.9655532836914
79.4555358886719,126.389190673828,239.104797363281,76.076301574707,90.4986190795898,124.873207092285,73.565788269043
66.998893737793,141.998153686523,163.856674194336,185.483337402344,85.4614868164063,69.6114807128906,56.86962890625
36.351390838623,112.089012145996,109.251243591309,87.7810363769531,147.62907409668,88.6641082763672,41.6877593994141
85.2272796630859,160.659332275391,183.708587646484,173.01692199707,116.531059265137,101.699745178223,25.7358589172363
86.2912750244141,113.887481689453,193.249084472656,190.680511474609,93.2762298583984,118.836708068848,51.1727485656738
78.8428955078125,104.227104187012,212.399429321289,231.377990722656,87.0133666992188,137.439086914063,43.8466300964355
91.3050537109375,116.960510253906,195.738418579102,201.224243164063,192.387435913086,85.4683837890625,54.4603576660156
118.590972900391,119.743423461914,182.639938354492,161.022064208984,106.445068359375,91.3928680419922,37.2345428466797
102.575996398926,137.925415039063,109.758460998535,142.789077758789,162.915451049805,151.441680908203,30.3388633728027
95.6621551513672,165.514343261719,175.431671142578,163.781814575195,163.970840454102,196.097595214844,26.9212131500244
60.8237495422363,165.018051147461,196.918045043945,136.211120605469,93.1826400756836,87.792366027832,76.461669921875
67.9446487426758,106.869422912598,71.3401184082031,106.143203735352,169.718048095703,82.6038513183594,55.8689575195313
57.6829452514648,109.444351196289,80.6802139282227,87.5533294677734,140.770812988281,74.7982864379883,66.545295715332
99.4636383056641,187.668807983398,204.074066162109,210.689895629883,145.463836669922,173.497314453125,27.4378452301025
94.2182769775391,126.46435546875,98.3492431640625,79.8414993286133,210.341079711914,69.4149169921875,53.7562637329102
59.954532623291,100.002166748047,97.516227722168,132.06462097168,229.638748168945,75.639518737793,32.4960632324219
106.128494262695,126.949363708496,136.158554077148,83.9984664916992,226.380035400391,77.7235946655273,48.1211318969727
86.7380905151367,130.670303344727,229.492492675781,201.330978393555,164.62385559082,140.811660766602,38.909595489502
88.0277633666992,107.736663818359,246.774627685547,159.690689086914,146.970108032227,102.984931945801,70.2827682495117
76.5703735351563,179.221542358398,176.334671020508,263.069702148438,154.413467407227,153.491241455078,27.3680114746094
113.878379821777,136.312408447266,130.698440551758,166.317276000977,214.994262695313,95.7835388183594,47.0370864868164
51.3422355651855,154.260452270508,237.735443115234,139.251083374023,106.451095581055,98.9732360839844,64.0705490112305
127.381004333496,151.694854736328,165.774963378906,132.397201538086,179.561645507813,176.226516723633,36.3650970458984
48.9979362487793,104.546722412109,87.5537338256836,90.7532119750977,169.375045776367,93.2046051025391,39.6390266418457
98.41552734375,120.301086425781,192.04264831543,196.780685424805,270.554046630859,98.8722610473633,38.7076644897461
73.1980361938477,113.515701293945,208.318862915039,140.772308349609,135.007675170898,87.4739227294922,60.799388885498
81.4111175537109,106.599998474121,181.316665649414,273.149993896484,86.8888854980469,128.755554199219,41.9944458007813
92.679328918457,133.328399658203,171.898452758789,163.845611572266,105.257080078125,110.518730163574,66.0286178588867
117.606880187988,148.395080566406,149.080749511719,96.3586349487305,238.237533569336,66.1799850463867,39.4579849243164
129.614013671875,132.952575683594,135.506805419922,115.07381439209,130.154602050781,89.193473815918,26.5389575958252
97.6409912109375,130.523162841797,175.328262329102,71.1938095092773,80.8935623168945,61.551513671875,48.7564353942871
89.0716018676758,123.773742675781,105.496757507324,197.05322265625,189.220626831055,97.4064331054688,33.4221496582031
132.529830932617,124.484176635742,180.45588684082,157.730773925781,122.125930786133,104.505378723145,32.3143424987793
107.211784362793,131.986587524414,142.094253540039,99.2997970581055,197.762069702148,61.1073265075684,32.2790832519531
68.1357803344727,263.534606933594,226.237731933594,179.273071289063,33.0519371032715,67.3116989135742,27.5345897674561
67.4015426635742,247.003936767578,258.370544433594,173.793930053711,36.1165084838867,75.3300247192383,21.685037612915
71.1455078125,165.663650512695,242.463470458984,145.319946289063,42.0774230957031,49.6812133789063,19.7752532958984
79.2133865356445,219.9267578125,88.2323226928711,108.900253295898,114.438636779785,51.3911628723145,31.4199485778809
98.2555541992188,271.122222900391,119.722221374512,140.222229003906,135.777770996094,118.044441223145,28.5666675567627
55.8257789611816,194.353637695313,256.802124023438,149.803939819336,23.2097721099854,62.5715522766113,17.0548839569092
95.7813491821289,296.505035400391,63.1158332824707,210.777633666992,63.6139678955078,56.1095695495605,32.248966217041
254.840911865234,77.9204559326172,189.704544067383,251.227279663086,82.238639831543,91.1931838989258,109.022727966309
236.580001831055,158.204040527344,49.0858573913574,189.181655883789,47.2353515625,64.7865295410156,126.8232421875
215.285842895508,90.9791259765625,173.129638671875,204.836715698242,61.4245796203613,36.830638885498,121.653198242188
211.820602416992,198.547912597656,59.9908828735352,206.568786621094,82.396110534668,31.8456058502197,114.862373352051
302.666656494141,72.2666702270508,179.744445800781,271.677764892578,59.3666648864746,90.2555541992188,100.544441223145
210.8564453125,116.589279174805,92.7708282470703,186.390274047852,39.4604797363281,73.3622436523438,126.253158569336
212.844451904297,68.1999969482422,159.077774047852,151.233337402344,63.9555549621582,51.2666664123535,148.066665649414
279.266662597656,43.6444435119629,178.71110534668,258.333343505859,72.8777770996094,65.0555572509766,112.844444274902
196.36100769043,97.9165649414063,89.3731307983398,191.819183349609,50.9395980834961,76.3042373657227,129.577178955078
253.246459960938,165.159393310547,74.1838455200195,201.064239501953,39.1208076477051,98.4967651367188,125.466468811035
236.278900146484,125.783332824707,85.4250030517578,274.190002441406,57.6511116027832,43.4338912963867,119.620559692383
196.334548950195,93.8919448852539,184.700042724609,184.45671081543,116.164306640625,48.0559577941895,92.3742599487305
218.562622070313,87.0116119384766,95.1944427490234,185.814636230469,60.4373741149902,98.4181823730469,120.222732543945
310.655548095703,86.5,157.255554199219,265.255554199219,83,59.9000015258789,95.9444427490234
227.414138793945,237.909088134766,160.939392089844,68.1010131835938,43.575756072998,36.7777786254883,281.636352539063
157.794281005859,245.62565612793,135.60969543457,73.7348022460938,21.1678276062012,31.5518684387207,352.078552246094
135.808074951172,221.393936157227,102.212120056152,93.1616134643555,24.0505046844482,30.5252532958984,376.010101318359
145.716995239258,179.095626831055,105.920204162598,116.391075134277,41.2013473510742,19.8467998504639,269.309936523438
143.368698120117,248.970718383789,117.246803283691,69.217170715332,16.3037033081055,38.3905754089355,359.852172851563
150.5732421875,222.102157592773,105.216407775879,58.9882583618164,55.174747467041,39.7073211669922,287.026519775391
121.530624389648,200.62060546875,126.70174407959,109.847015380859,17.1204605102539,20.4874954223633,268.185394287109
127.924240112305,232.272735595703,152.353546142578,68.0707092285156,21.5252513885498,36.717170715332,316.954528808594
122.420196533203,199.663131713867,95.6489868164063,57.4328269958496,44.080810546875,35.8681793212891,338.880310058594
134.252883911133,189.608840942383,131.337768554688,115.290390014648,24.8208332061768,29.9462375640869,278.452758789063
75.7324447631836,89.3166656494141,110.394882202148,63.287109375,103.074668884277,92.8737716674805,66.7486724853516
66,120.309997558594,213.300003051758,120.23999786377,54.3600006103516,56.9000015258789,48.6500015258789
62.6509666442871,70.4380645751953,99.4852523803711,71.0583801269531,130.768814086914,93.281608581543,79.8277969360352
84.1800003051758,97.6600036621094,126.059997558594,55.5400009155273,101.559997558594,134.419998168945,75.7600021362305
60.1771392822266,122.745658874512,228.114791870117,103.215126037598,54.3380012512207,59.6290855407715,51.9912071228027
62.5595932006836,132.618438720703,236.402572631836,80.1549224853516,71.5501556396484,81.2776489257813,52.6834373474121
61.7799987792969,86.3499984741211,120.139999389648,49.9300003051758,123.230003356934,111.129997253418,63.1699981689453
49.4570121765137,84.9660263061523,99.4765396118164,61.0876617431641,121.727416992188,78.0368576049805,86.6058883666992
61.7658615112305,78.1500549316406,115.788345336914,59.6856498718262,146.407989501953,104.342628479004,71.5427474975586
34.6919174194336,140.997467041016,109.805557250977,184.017669677734,120.08585357666,53.6969680786133,89.8636322021484
17.5589447021484,158.082000732422,47.9357528686523,102.883865356445,102.208137512207,20.4675559997559,30.7136840820313
65.7482376098633,152.765625,138.676818847656,134.154647827148,113.044097900391,121.877319335938,45.0936088562012
40.9199142456055,138.199234008789,129.536346435547,104.995849609375,120.258407592773,92.0392303466797,68.3354110717773
52.0284538269043,134.581649780273,109.614143371582,170.472061157227,71.0767593383789,92.4306335449219,88.608757019043
25.0782871246338,167.961944580078,81.7468566894531,116.447463989258,120.481788635254,21.6585941314697,44.8483772277832
33.0247230529785,154.129257202148,89.9793472290039,97.8497085571289,58.3982353210449,26.261962890625,39.6568832397461
41.5876922607422,146.497161865234,125.387474060059,101.058494567871,124.365829467773,78.0706024169922,61.8938026428223
64.7350616455078,108.566223144531,163.913116455078,203.313720703125,120.83130645752,111.885856628418,66.952522277832
101.635078430176,131.032196044922,170.298980712891,142.792663574219,102.533805847168,98.6064071655273,37.867546081543
87.9464645385742,131.88525390625,121.00675201416,109.54914855957,112.373542785645,98.1587829589844,28.3344993591309
123.79125213623,134.947463989258,169.261947631836,113.888549804688,85.7912521362305,58.3461303710938,41.2673377990723
123.091972351074,123.576675415039,191.749710083008,145.689743041992,115.939102172852,101.315200805664,29.9052772521973
71.4944305419922,114.778938293457,158.490875244141,139.520980834961,104.254554748535,112.772491455078,46.3608016967773
52.742488861084,149.660583496094,81.3872375488281,78.3143081665039,131.277221679688,59.3755683898926,76.5420608520508
32.0658721923828,127.981513977051,94.5247268676758,99.7316741943359,119.593017578125,45.8019599914551,50.1715888977051
24.0553073883057,146.605484008789,71.337028503418,106.980445861816,115.626930236816,16.6598701477051,31.8963985443115
68.1269073486328,132.990249633789,116.909965515137,201.102493286133,122.006660461426,141.216445922852,60.8875961303711
19.6130065917969,138.78857421875,117.194381713867,100.207695007324,122.938064575195,74.0143356323242,31.7739868164063
60.7224006652832,157.451934814453,89.1090393066406,82.7238464355469,123.74626159668,82.7866668701172,54.0710067749023
39.0245094299316,141.414901733398,89.9699783325195,128.154144287109,79.4140625,96.7347030639648,79.7202453613281
24.7708339691162,121.208335876465,98.8645858764648,132.33332824707,114.385414123535,46.6770820617676,77.1875
132.664138793945,136.378784179688,195.289855957031,151.587875366211,103.501907348633,87.7956085205078,37.9964179992676
33.8617057800293,152.986663818359,122.717475891113,136.591400146484,125.022491455078,79.9601745605469,37.2917327880859
50.8923721313477,145.77766418457,118.945869445801,145.858108520508,124.004989624023,123.222808837891,64.2313613891602
44.5672798156738,133.581985473633,100.311080932617,100.226844787598,140.378784179688,74.3121948242188,53.2496566772461
122.056678771973,143.559707641602,151.697189331055,130.212341308594,85.9996566772461,83.2955093383789,39.6296272277832
28.5024929046631,175.239440917969,116.965026855469,77.6663131713867,64.5987167358398,82.4009475708008,47.2750549316406
32.509449005127,161.961090087891,95.6459197998047,101.316780090332,144.0361328125,32.0582389831543,57.2031517028809
27.4342937469482,123.247817993164,109.896415710449,95.7884063720703,99.8172988891602,81.0472946166992,44.5949440002441
28.0840091705322,139.15803527832,94.4043579101563,92.65234375,94.1417770385742,58.0960578918457,54.3630332946777
68.1050491333008,114.958587646484,131.504379272461,186.145797729492,112.285179138184,129.212783813477,54.8831634521484
31.9327640533447,126.682655334473,105.993049621582,103.042411804199,147.744735717773,78.5599746704102,33.3459587097168
43.8550491333008,133.672134399414,95.1064834594727,133.252868652344,90.6132125854492,105.467430114746,71.0416641235352
38.4133338928223,140.131484985352,138.085891723633,150.704605102539,127.817825317383,42.2801551818848,57.1549110412598
90.0056228637695,121.497344970703,182.642532348633,150.157806396484,114.324363708496,116.306671142578,37.4638442993164
29.7498931884766,172.905151367188,71.6433944702148,95.3804092407227,114.095336914063,43.050651550293,44.3058013916016
28.0713081359863,162.986907958984,87.548095703125,98.503303527832,137.012908935547,23.1934776306152,47.3458137512207
20.686897277832,187.7177734375,94.6108627319336,77.401496887207,64.9556427001953,41.1358489990234,33.321704864502
77.7524108886719,121.562705993652,170.135345458984,164.095397949219,124.140167236328,128.307769775391,36.6823234558105
51.8394775390625,146.082931518555,112.052574157715,90.8745422363281,108.372520446777,88.1534194946289,69.9891891479492
21.7537364959717,154.228530883789,93.8998413085938,97.1814346313477,128.736114501953,45.6276435852051,35.329761505127
167.613800048828,184.278717041016,43.7512092590332,84.5835418701172,33.9180068969727,14.4065732955933,137.730880737305
138.051895141602,206.190032958984,91.2861099243164,63.8766441345215,26.6265163421631,9.57701969146729,238.155807495117
135.805541992188,166.977783203125,82.1444396972656,107.738891601563,17.8777770996094,18.0555553436279,260.872222900391
171.703109741211,164.585708618164,65.8739395141602,56.2675399780273,24.3093605041504,10.8787202835083,170.868606567383
154.649993896484,114.112503051758,69.3375015258789,50.9500007629395,103.237503051758,28.0249996185303,98.7874984741211
182.750595092773,170.60319519043,63.9917488098145,126.364387512207,82.0273590087891,23.8516006469727,106.847816467285
135.795516967773,188.406051635742,80.5202026367188,82.1906204223633,22.7060585021973,13.8777780532837,258.006072998047
161.215911865234,175.780120849609,54.1620712280273,58.18505859375,23.3729801177979,10.1247978210449,172.013656616211
210.116333007813,194.310424804688,65.564811706543,105.552696228027,44.1719703674316,19.6989059448242,131.669952392578
145.786743164063,189.981582641602,76.3370590209961,93.1769866943359,28.5299377441406,8.83815765380859,205.105880737305
144.313140869141,172.364135742188,118.638885498047,63.9515151977539,29.5797996520996,14.9732322692871,255.872222900391
75.5874252319336,186.646926879883,345.369415283203,178.630355834961,47.8430328369141,23.9979362487793,41.5435447692871
102.714645385742,269.251953125,199.252105712891,131.166915893555,172.360321044922,66.8907089233398,42.4099731445313
107.415466308594,257.573577880859,189.476043701172,145.575744628906,215.1923828125,88.4153060913086,37.2778701782227
157.033920288086,174.216659545898,68.9446411132813,147.009094238281,91.6202087402344,23.6010112762451,80.3857498168945
108.733329772949,233.188888549805,193.366668701172,141.822219848633,77.1111145019531,109.266670227051,39.7555541992188
85.456169128418,206.080612182617,257.333526611328,168.018676757813,42.0287857055664,65.6808166503906,45.2393913269043
80.1481475830078,185.135803222656,286.765441894531,192.135803222656,76.5555572509766,27.3333339691162,48.7530860900879
88.8963012695313,245.391372680664,170.171173095703,296.470428466797,102.023231506348,128.867340087891,30.0508460998535
96.0724945068359,193.727508544922,265.078338623047,104.780143737793,83.8854217529297,42.3629150390625,44.1040267944336
74.0500030517578,302.619995117188,282.559997558594,283.119995117188,36.2799987792969,86.620002746582,50.689998626709
90.5546951293945,202.01318359375,228.239303588867,213.432220458984,46.2175064086914,67.5764083862305,52.0137977600098
111.690002441406,119.23999786377,242.820007324219,144.449996948242,155.399993896484,76.7300033569336,32.7599983215332
86.6457366943359,112.806953430176,183.000015258789,89.1050186157227,65.7626571655273,46.7864151000977,39.580150604248
53.1958465576172,113.754821777344,142.679916381836,113.904632568359,136.584823608398,83.4306869506836,43.2489204406738
57.2965087890625,105.855163574219,102.123779296875,115.078483581543,109.782127380371,108.838180541992,45.9610404968262
80.6105270385742,72.3571624755859,170.029739379883,51.0650901794434,66.3941040039063,56.8864860534668,35.7065467834473
103.252799987793,144.894668579102,119.434440612793,142.162750244141,137.989456176758,189.057800292969,26.5981178283691
101.966789245605,151.438247680664,154.156860351563,87.7935180664063,166.202056884766,103.898704528809,24.3942928314209
90.2717208862305,214.229476928711,160.814437866211,138.970413208008,189.544799804688,227.67985534668,20.3035068511963
44.7060928344727,77.5861968994141,101.067741394043,118.702278137207,104.816047668457,139.957794189453,34.6079864501953
70.3861465454102,129.365936279297,229.50634765625,108.627670288086,50.5255813598633,61.0751724243164,33.9027061462402
98.0920104980469,131.782867431641,155.030380249023,100.098342895508,148.864074707031,136.740539550781,29.1184463500977
97.4510879516602,119.283264160156,132.844848632813,141.987777709961,119.643333435059,153.606536865234,27.5802001953125
99.883186340332,170.32893371582,134.152816772461,146.793807983398,141.16667175293,133.129501342773,22.0814113616943
67.3316192626953,164.078063964844,254.280685424805,116.17578125,69.7786331176758,75.3297348022461,24.6693859100342
79.9457855224609,196.365341186523,251.092025756836,122.481788635254,52.5272178649902,81.2880554199219,18.8423442840576
95.5885543823242,79.4767074584961,203.755310058594,72.1992492675781,45.1717376708984,65.2663650512695,35.35595703125
91.1764831542969,104.024383544922,201.373840332031,107.472717285156,43.3586120605469,105.49365234375,31.322883605957
57.1979637145996,102.380500793457,126.613906860352,115.946426391602,97.8442459106445,99.7391738891602,40.9351539611816
81.3570098876953,201.775085449219,297.396270751953,92.9419631958008,47.2054061889648,53.5798454284668,19.5986461639404
90.7949981689453,101.440216064453,176.149337768555,67.8237228393555,69.4065170288086,42.6200294494629,31.8531246185303
36.2889213562012,91.9776382446289,94.4382476806641,117.851234436035,67.9456329345703,122.470756530762,34.1447525024414
73.3258895874023,270.685180664063,228.652252197266,92.7665557861328,114.401245117188,137.430755615234,14.9135398864746
60.301025390625,101.508728027344,135.431045532227,117.153541564941,112.211479187012,71.0503921508789,36.3379898071289
76.3235549926758,91.4191741943359,152.410110473633,108.289756774902,79.9256210327148,113.083374023438,29.7950172424316
79.6404800415039,217.809814453125,194.744155883789,178.569778442383,54.750862121582,107.620277404785,16.4839820861816
86.7389831542969,238.873733520508,221.995315551758,143.436660766602,96.3997039794922,181.658187866211,20.950403213501
73.8479766845703,210.884613037109,249.718811035156,162.111236572266,31.2542953491211,69.7542953491211,17.0946960449219
68.6951751708984,100.745132446289,147.339294433594,76.3392639160156,92.0044479370117,42.7772102355957,35.3074111938477
44.9097862243652,107.08846282959,145.812347412109,117.610816955566,122.736618041992,98.6295394897461,30.3712959289551
85.7823486328125,121.527221679688,150.543975830078,82.3999328613281,119.294281005859,85.9877395629883,32.2035903930664
101.373611450195,99.8517608642578,170.445388793945,120.911636352539,140.25715637207,99.6280670166016,24.0023460388184
82.9898986816406,196.550598144531,253.788619995117,176.438659667969,46.6404991149902,65.9951248168945,17.3912773132324
70.3376312255859,257.208099365234,316.163726806641,64.2745208740234,66.2672271728516,57.9016532897949,19.3953742980957
102.040878295898,215.338104248047,155.303924560547,91.365592956543,187.703506469727,101.089904785156,17.8144435882568
75.5265350341797,205.290557861328,239.599685668945,80.8099975585938,107.268692016602,107.893287658691,21.3682136535645
78.1131439208984,230.576553344727,270.191101074219,82.4140701293945,64.671272277832,54.7533531188965,28.0842761993408
58.7821769714355,85.1751174926758,157.431167602539,113.975761413574,99.1166839599609,142.223403930664,23.6144504547119
81.3149032592773,144.411056518555,208.260299682617,111.90153503418,67.2541732788086,109.711097717285,24.1437110900879
136.420455932617,99.8522720336914,185.306823730469,118.386360168457,104.784088134766,159.227279663086,130.863632202148
16.5507011413574,170.105682373047,86.9076461791992,48.3569641113281,40.2323112487793,13.5802965164185,25.429573059082
14.8648157119751,81.1494598388672,100.969161987305,71.1506118774414,51.0278091430664,92.3759841918945,33.3909606933594
21.9713554382324,188.273345947266,103.09447479248,88.8173904418945,55.1789436340332,20.7348899841309,33.5488624572754
16.4027462005615,160.656066894531,112.215507507324,44.6586570739746,49.8075180053711,15.5598611831665,30.1044082641602
22.3909015655518,139.072036743164,91.8758239746094,135.542343139648,40.7855110168457,25.7613964080811,29.6485824584961
23.018669128418,142.668472290039,98.2185516357422,151.279876708984,34.2601852416992,26.1850299835205,32.5567817687988
22.1629371643066,137.229797363281,110.864227294922,100.985748291016,50.5955696105957,109.395988464355,33.6894111633301
19.0110893249512,124.354827880859,82.0541458129883,105.330825805664,34.432918548584,75.6701507568359,37.2778739929199
13.4332094192505,175.479141235352,99.6185989379883,43.269344329834,47.7701683044434,20.7890453338623,36.0126533508301
17.0842437744141,189.306915283203,94.6817092895508,67.1163177490234,46.1667175292969,32.7777366638184,35.175407409668
12.1117868423462,175.11589050293,65.7853240966797,61.0946769714355,37.4679718017578,34.7247352600098,42.6277198791504
21.491024017334,145.859146118164,94.8284759521484,89.8335418701172,41.5973739624023,14.5580520629883,28.3446998596191
22.5790061950684,136.886856079102,93.9183044433594,130.607131958008,45.8757972717285,73.5165557861328,32.5593719482422
22.5633563995361,88.7451858520508,118.259712219238,73.6356964111328,48.0627937316895,51.5503883361816,45.4673538208008
6.9016261100769,126.690315246582,77.1882247924805,85.1762771606445,32.4909362792969,33.7983474731445,28.0702533721924
88.6770553588867,142.407653808594,318.449645996094,159.978927612305,77.4606094360352,45.3466110229492,61.4076461791992
98.2559051513672,135.828628540039,319.912200927734,178.175277709961,83.3717498779297,42.091178894043,65.0231552124023
130.99755859375,79.3718643188477,211.993927001953,133.968841552734,69.5984115600586,44.0099563598633,85.8060531616211
146.099746704102,72.8093414306641,282.518188476563,166.136871337891,64.8492431640625,52.2588386535645,84.4333343505859
140.415664672852,55.2064399719238,258.107421875,160.082321166992,90.5149002075195,45.2001266479492,91.3296737670898
102.030113220215,100.54940032959,188.625061035156,94.0443115234375,86.2765960693359,49.9444351196289,75.1433486938477
109.332122802734,96.6690902709961,212.448516845703,182.795852661133,75.3007583618164,36.0458641052246,80.0349273681641
64.8935928344727,146.054336547852,245.885330200195,115.409942626953,79.6160354614258,34.8610000610352,52.3089904785156
105.566665649414,112.444442749023,205.33332824707,132.477783203125,57.5111122131348,63.2111129760742,79.2444458007813
129.132446289063,42.9661598205566,238.081558227539,130.750122070313,75.9479751586914,63.0885124206543,82.9500045776367
62.6337776184082,125.022521972656,223.581451416016,133.605926513672,59.6557121276855,51.6111068725586,51.9323120117188
149.839630126953,64.0760116577148,279.117919921875,178.758331298828,73.4267654418945,44.8406562805176,89.194694519043
81.8164978027344,112.376098632813,228.026519775391,127.785888671875,69.612434387207,48.2340431213379,59.1707763671875
97.4349746704102,105.666320800781,261.200164794922,132.465713500977,63.6475715637207,46.3393669128418,72.2679748535156
72.6411209106445,141.377471923828,236.266159057617,133.499893188477,73.5909194946289,43.7718467712402,51.8628768920898
154.013732910156,46.1014175415039,229.831939697266,168.625457763672,119.164245605469,48.6224250793457,91.6460647583008
96.0388870239258,105.661117553711,177.177780151367,121.444442749023,104.883331298828,85.9055557250977,85.8111114501953
109.204551696777,112.162689208984,243.2451171875,149.213165283203,81.1486129760742,35.4553871154785,80.5202331542969
123.370330810547,66.6110458374023,268.801696777344,144.632400512695,77.9015197753906,57.2195701599121,78.6617431640625
115.335083007813,114.203399658203,206.685409545898,111.031959533691,65.0780563354492,55.2262573242188,78.4926528930664
88.7716522216797,154.882202148438,323.474334716797,226.024185180664,81.0291748046875,47.7081031799316,49.8959007263184
120.11742401123,94.4239959716797,205.171463012695,145.543426513672,71.9719696044922,49.8762626647949,95.0828247070313
129.904998779297,69.4594421386719,205.347229003906,118.798889160156,73.0822219848633,27.841667175293,98.1983337402344
79.805778503418,112.714637756348,263.127655029297,104.505157470703,83.904914855957,137.098815917969,58.9902648925781
75.8069763183594,150.001953125,305.372772216797,161.529357910156,90.6659164428711,46.1460914611816,52.2548294067383
122.342430114746,51.853443145752,188.112747192383,115.064727783203,71.8474731445313,65.9428787231445,66.0185470581055
142.195465087891,86.080810546875,224.091918945313,108.870712280273,83.7393951416016,30.8141422271729,97.6459579467773
94.1068115234375,140.275161743164,287.346557617188,170.556335449219,84.6791152954102,39.5183868408203,55.9162178039551
86.5078430175781,111.185707092285,229.400527954102,145.710021972656,102.834335327148,97.8342437744141,70.6319732666016
86.8902130126953,98.4633407592773,189.740142822266,137.101623535156,104.981033325195,70.1664733886719,73.2810516357422
107.72900390625,110.795608520508,275.915008544922,175.123321533203,82.1745300292969,45.011287689209,80.0678100585938
113.694541931152,96.7626190185547,198.352508544922,112.900405883789,67.8423233032227,61.9145431518555,78.1812210083008
85.6742248535156,155.676208496094,354.171630859375,236.368545532227,81.9413070678711,48.4548225402832,51.7687721252441
96.1818161010742,124.515151977539,182.33332824707,90.6262588500977,35.2222213745117,106.616165161133,79.7070693969727
61.8583869934082,135.269744873047,222.47900390625,119.399368286133,70.9062042236328,53.1730880737305,50.8876571655273
73.8786087036133,144.703506469727,218.439453125,131.452789306641,83.047477722168,72.5377807617188,54.4304809570313
88.2137298583984,102.67610168457,207.616058349609,115.435836791992,84.0802383422852,44.9345970153809,69.3730926513672
134.970001220703,279.779998779297,53.9700012207031,118.819999694824,68.3000030517578,69.4100036621094,18.5499992370605
96.3666687011719,300.122222900391,52.6111106872559,218.100006103516,61.6222229003906,82.7777786254883,33.8666648864746
50.7443161010742,70.3863677978516,199.653411865234,109.630676269531,38.9318161010742,190.596588134766,77.3181762695313
78.113639831543,95.0340881347656,248.25,68.6022720336914,79.2159118652344,108.852272033691,138.375
17.1933917999268,142.571533203125,119.792816162109,97.8119430541992,137.440902709961,46.4216995239258,40.518424987793
17.4224586486816,130.865631103516,96.0898056030273,123.937728881836,161.705535888672,44.9968338012695,35.2729682922363
12.4814348220825,184.85205078125,71.5653610229492,101.099838256836,92.405387878418,14.4742078781128,36.1437454223633
17.5487880706787,128.503860473633,86.0519714355469,153.589279174805,93.7042617797852,84.4885635375977,32.4388656616211
32.8904457092285,116.045608520508,74.849494934082,123.612869262695,82.1713714599609,112.805023193359,43.0248680114746
39.9590492248535,76.3125610351563,83.5569000244141,152.926284790039,117.81812286377,93.8184204101563,30.4245758056641
14.0304718017578,173.881576538086,73.5736999511719,91.4734878540039,99.8976287841797,20.4566078186035,24.2010517120361
17.8258285522461,115.60359954834,59.0039215087891,117.94384765625,124.077583312988,11.2371463775635,32.1371154785156
19.873233795166,109.121215820313,106.10913848877,124.6552734375,155.859375,27.2647953033447,44.5832977294922
15.8252067565918,173.844848632813,113.953002929688,91.2919082641602,110.725372314453,32.273624420166,30.8143920898438
38.7773208618164,125.485374450684,97.6275329589844,110.657829284668,120.455322265625,96.8774261474609,44.0541305541992
20.2421703338623,113.234115600586,114.966567993164,133.028198242188,124.818466186523,69.8903961181641,43.0541496276855
31.446928024292,97.9764022827148,95.6962890625,104.955787658691,177.441223144531,90.6133193969727,27.645206451416
33.3543167114258,102.756362915039,98.9657516479492,136.659759521484,106.594818115234,74.49365234375,43.5238838195801
30.9716053009033,121.003883361816,108.096809387207,119.397399902344,137.620834350586,66.7867736816406,51.9034194946289
23.8314380645752,128.965850830078,128.938369750977,144.544342041016,154.091217041016,59.6652908325195,38.5037689208984
11.9755897521973,170.564498901367,81.7431640625,73.7144393920898,115.068077087402,30.8500633239746,25.1104793548584
17.1636543273926,150.747619628906,58.6399040222168,110.500816345215,72.0002517700195,17.4104022979736,29.3026504516602
21.47727394104,134.673965454102,132.219650268555,95.1004486083984,106.637451171875,53.3649978637695,45.0266380310059
14.234673500061,161.703140258789,79.3026275634766,103.412895202637,100.442321777344,16.0336475372314,35.0055389404297
29.1153812408447,87.2867202758789,95.0021896362305,119.222732543945,144.196472167969,82.6551284790039,38.8454437255859
50.9358367919922,91.2315521240234,93.6121368408203,127.788787841797,137.795318603516,99.9715957641602,25.9160461425781
131.050094604492,186.104843139648,91.1145477294922,113.490921020508,95.85595703125,48.615348815918,79.6501007080078
135.122222900391,173.466659545898,52.7444458007813,97.7111129760742,144.577774047852,47.1777763366699,55.2666664123535
150.466003417969,193.306854248047,95.234748840332,122.149848937988,87.8233108520508,54.7766799926758,92.387077331543
132.395370483398,194.807815551758,81.223518371582,107.880088806152,109.180953979492,45.1079368591309,71.3532485961914
134.237716674805,187.640747070313,70.0969619750977,119.888885498047,115.844947814941,39.7392272949219,78.4132995605469
162.393936157227,149.717178344727,94.6666641235352,102.888885498047,210.929290771484,40.7474746704102,82.0202026367188
216.33088684082,182.274002075195,52.2591133117676,176.045547485352,79.60400390625,37.7375564575195,110.681335449219
173.16667175293,95.2814865112305,82.0259246826172,151.059265136719,24.6037044525146,80.6259231567383,120.140739440918
134.523254394531,189.520309448242,68.5550689697266,107.424118041992,148.737655639648,45.9376754760742,66.7660598754883
202.181411743164,185.28076171875,68.1167678833008,140.639587402344,81.4841690063477,51.9039421081543,108.896179199219
172.961288452148,207.76708984375,253.637725830078,21.6765022277832,75.4224319458008,117.245719909668,232.951522827148
72.8030242919922,122.631309509277,131.439392089844,81.717170715332,113.328285217285,96.217170715332,84.2575759887695
128.3310546875,111.795959472656,97.7047958374023,128.264144897461,111.665657043457,146.410354614258,52.6053009033203
115.784851074219,107.131652832031,93.2148208618164,122.236694335938,112.571380615234,140.120208740234,46.6784515380859
90.486946105957,127.560272216797,94.5538940429688,66.1599960327148,103.301116943359,117.08610534668,45.2013854980469
52.7724342346191,148.747344970703,166.420303344727,55.323070526123,92.2381591796875,122.489387512207,70.2552108764648
70.8454513549805,96.6909103393555,100.636360168457,37.8090896606445,98.4636383056641,126.636360168457,72.4272689819336
71.3030319213867,125.363639831543,128.979797363281,82.0707092285156,114.787879943848,99.3939361572266,87.3939361572266
58.0900001525879,107.870002746582,102.550003051758,72.0400009155273,134.229995727539,124.910003662109,77.0400009155273
57.5513381958008,120.692672729492,175.784225463867,85.1988906860352,90.9020004272461,138.702224731445,50.1866683959961
76.2522277832031,94.1849975585938,99.9855575561523,46.2666664123535,105.23388671875,117.228332519531,58.7622222900391
54.5252532958984,122.929290771484,141.272720336914,181.828277587891,174.323226928711,137.797973632813,73.1515121459961
168.241683959961,178.09587097168,48.6848831176758,121.303131103516,71.1677474975586,15.0623626708984,108.810752868652
117.892860412598,92.9047622680664,193.571426391602,137.214279174805,115.595237731934,162.892852783203,135.654754638672
143.519485473633,61.8441543579102,198.220779418945,139.571426391602,130.350646972656,142.220779418945,100.714286804199
152.354293823242,194.242385864258,56.7340126037598,135.745513916016,84.7117385864258,23.142370223999,81.0839309692383
54.0822219848633,89.96533203125,120.660446166992,75.2795562744141,87.7275543212891,73.2644424438477,67.1866607666016
83.9499969482422,122.327270507813,97.3681793212891,41.9772720336914,106.404541015625,176.218185424805,77.2363586425781
133.079467773438,231.650161743164,77.3400650024414,171.883163452148,36.894947052002,25.6905727386475,27.608419418335
82.2044372558594,105.047264099121,227.354965209961,61.0596961975098,64.3550491333008,67.4815139770508,40.1193962097168
127.838890075684,86.8882217407227,236.844680786133,69.9093399047852,71.0406646728516,100.597991943359,28.2651100158691
91.8088912963867,116.14722442627,282.374969482422,80.5779571533203,70.2753677368164,70.6011123657227,40.0720405578613
109.360832214355,167.7177734375,311.258880615234,112.317222595215,114.293334960938,110.074165344238,32.820556640625
62.7886085510254,183.039459228516,294.720550537109,125.207229614258,44.3836097717285,83.2206954956055,38.088752746582
150.64794921875,123.716781616211,277.642578125,94.47607421875,72.7349014282227,100.870758056641,31.9102268218994
76.4700012207031,113.910003662109,274.089996337891,110.544998168945,80.254997253418,132.645004272461,49.7849998474121
130.404144287109,77.8608703613281,213.691604614258,260.955505371094,68.1677398681641,38.6318969726563,117.432693481445
61.045280456543,146.762496948242,224.080551147461,111.021110534668,88.1683349609375,40.5733337402344,51.2236137390137
100.09619140625,127.598098754883,277.33251953125,139.083480834961,71.4065093994141,70.2463531494141,39.2276229858398
148.981658935547,80.1450042724609,277.698883056641,79.397216796875,80.3650054931641,75.6672210693359,51.7766647338867
87.7077407836914,131.206756591797,348.764404296875,162.308456420898,64.0727310180664,77.029899597168,39.0215492248535
137.214385986328,101.923782348633,267.683746337891,230.6376953125,55.203441619873,55.6211051940918,42.0210494995117
214.376770019531,88.6507568359375,215.927520751953,183.052276611328,60.6989898681641,29.592170715332,136.881317138672
57.1699981689453,179.339996337891,224.160003662109,149.289993286133,85.6800003051758,103.430000305176,42.4199981689453
89.1306610107422,128.672424316406,355.678161621094,210.64421081543,83.62109375,73.7413864135742,43.1659774780273
58.3099975585938,141.2802734375,310.944702148438,274.953338623047,53.4358291625977,105.03971862793,54.5616683959961
84.9708480834961,212.413330078125,156.911895751953,248.277725219727,172.502853393555,166.992233276367,30.6669139862061
91.5777816772461,129.635955810547,199.847473144531,203.852249145508,60.6881828308105,105.264312744141,42.897876739502
94.8845138549805,154.795959472656,184.509765625,116.152526855469,76.2895584106445,49.0488166809082,16.1481494903564
59.1385498046875,218.427932739258,144.70539855957,104.619529724121,114.727783203125,33.8986511230469,29.3321533203125
82.9393081665039,181.005584716797,179.899108886719,97.9933624267578,89.0779495239258,40.2910957336426,31.3064785003662
85.0888900756836,305.511108398438,117.972221374512,163.838897705078,119.949996948242,67.4833374023438,25.9722213745117
185.57112121582,136.784439086914,97.5222320556641,187.353332519531,69.5644454956055,28.5422248840332,120.435562133789
183.551834106445,147.944442749023,100.829627990723,216.400009155273,79.6777801513672,30.8481502532959,115.977783203125
296.016906738281,230.245590209961,188.33203125,61.7593078613281,153.588302612305,98.3989868164063,211.038528442383
285.133605957031,176.830307006836,165.481811523438,45.700252532959,80.7583312988281,51.8633880615234,238.670211791992
275.394958496094,165.52033996582,195.373001098633,81.9961853027344,140.420074462891,132.263916015625,240.884460449219
287.526153564453,176.270889282227,196.970458984375,73.0546722412109,145.575744628906,94.7440490722656,240.136199951172
68.4233322143555,80.836669921875,145.796676635742,52.6966667175293,118.5,154.636672973633,65.1600036621094
49.6269454956055,101.723052978516,111.741111755371,70.9205551147461,138.492767333984,78.1644439697266,55.5013885498047
29.5022983551025,125.731315612793,104.294631958008,121.602355957031,106.8173828125,78.9803009033203,46.654613494873
18.1013565063477,121.332633972168,86.2875671386719,135.543273925781,73.5182647705078,44.8492126464844,40.8421516418457
14.4547233581543,110.031608581543,98.323112487793,120.306907653809,37.22900390625,20.4207286834717,44.5839233398438
11.6628942489624,111.30012512207,97.2086715698242,123.330123901367,27.1276760101318,22.8056125640869,46.6855010986328
11.3794937133789,115.678436279297,79.607307434082,142.518997192383,116.86083984375,45.4622192382813,54.8617248535156
20.9586582183838,174.935134887695,99.3772811889648,73.181282043457,54.2525787353516,43.0309104919434,37.4939155578613
81.3986358642578,183.252243041992,204.540618896484,190.902206420898,48.1320953369141,47.4887657165527,51.9478988647461
82.1940765380859,146.594802856445,204.305908203125,202.293701171875,62.2496299743652,52.082592010498,57.8507385253906
181.089599609375,164.391983032227,72.3715896606445,187.041625976563,85.6239852905273,21.5279636383057,79.3881072998047
152.995590209961,166.840911865234,70.1880950927734,127.996604919434,77.3506774902344,20.8363170623779,90.7206649780273
164.107437133789,163.056930541992,85.9460678100586,222.166152954102,93.1573257446289,37.7838973999023,61.9361724853516
76.6032333374023,101.807403564453,104.48095703125,60.900074005127,86.1797103881836,58.6383056640625,35.1972236633301
110.839515686035,177.73323059082,132.448440551758,96.5928039550781,170.793518066406,139.947479248047,20.2596378326416
74.1225357055664,110.376518249512,163.881057739258,71.3643035888672,59.3178672790527,55.0252227783203,37.0999069213867
8.5106840133667,111.645812988281,67.2231674194336,117.445869445801,29.35791015625,45.653263092041,40.1062850952148
20.1099166870117,99.3255920410156,107.65453338623,71.74755859375,30.2567310333252,115.823356628418,34.7072372436523
8.13104152679443,207.873825073242,109.398460388184,56.9998741149902,69.9145355224609,19.8088779449463,33.8170585632324
19.5743846893311,148.703872680664,80.3325958251953,87.8970031738281,39.0359077453613,14.5323257446289,23.6784477233887
11.175087928772,195.317687988281,118.001358032227,50.9275779724121,46.0087699890137,9.69424629211426,27.9975757598877
13.7321138381958,82.236930847168,96.2723693847656,66.3528900146484,34.970458984375,51.6963691711426,32.6274337768555
8.12954139709473,85.489860534668,85.4779586791992,85.069938659668,32.1713371276855,60.1786193847656,42.9698867797852
14.4453468322754,77.3625030517578,93.5512847900391,57.1709632873535,71.9828338623047,78.815544128418,33.8974456787109
12.0288600921631,82.2828063964844,102.787139892578,73.4257049560547,35.9518814086914,95.0693893432617,44.854320526123
12.7202577590942,184.043746948242,106.13655090332,61.1035041809082,32.079833984375,12.0209722518921,20.4409770965576
11.9026966094971,91.677978515625,97.1528472900391,78.8392562866211,33.0071868896484,96.4004516601563,41.1589317321777
23.4230060577393,136.14631652832,101.088066101074,105.482421875,38.0697250366211,16.8704853057861,36.163501739502
107.688888549805,97.8777770996094,194.344451904297,102.577774047852,68.6444473266602,70.2777786254883,75.4444427490234
18.1206512451172,115.539924621582,92.2386093139648,111.886253356934,154.10302734375,11.9336681365967,37.3053016662598
12.6739187240601,134.475326538086,79.4860916137695,134.210144042969,93.0809555053711,9.2726354598999,34.0540199279785
15.6232128143311,151.376434326172,56.1073684692383,110.490768432617,50.6289367675781,21.9660339355469,35.8227729797363
81.8686904907227,131.101013183594,88.7272720336914,55.6969680786133,114.656562805176,127.303031921387,58
160.045455932617,61.2102279663086,131.460235595703,93.2272720336914,232.778411865234,49.2329559326172,2.03409099578857
78.1728744506836,113.681007385254,23.2690486907959,172.879440307617,169.356307983398,69.1134719848633,45.9686317443848
64.1693267822266,88.4968948364258,83.3188934326172,158.046890258789,116.166000366211,78.4440002441406,75.3091049194336
61.7999992370605,129.619995117188,24.8400001525879,177.279998779297,152.309997558594,70.7600021362305,49.1399993896484
65.8656539916992,106.029640197754,164.251724243164,162.204238891602,262.205505371094,65.5409088134766,70.6296005249023
62.9352874755859,108.372932434082,137.402633666992,136.872512817383,205.932510375977,65.2018814086914,53.319393157959
63.2774047851563,105.809997558594,38.9125938415527,177.121871948242,176.426681518555,66.728515625,27.3081493377686
88.9212493896484,94.5291213989258,141.092086791992,153.075332641602,156.429840087891,102.432006835938,58.906867980957
99.5857162475586,83.768669128418,67.4404373168945,202.554214477539,125.170112609863,67.4199142456055,61.9066314697266
141.682861328125,92.0506439208984,59.8968276977539,175.671112060547,207.175704956055,104.870468139648,61.6823806762695
117.432174682617,118.911598205566,28.9808540344238,151.338714599609,174.968887329102,159.433792114258,68.2869491577148
58.4431800842285,156.063522338867,110.79084777832,153.194442749023,162.117614746094,60.7398567199707,71.4426803588867
65.7594985961914,127.02222442627,83.9412078857422,208.125869750977,151.149597167969,87.6531295776367,45.2988929748535
103.681205749512,88.6891708374023,110.817962646484,161.866104125977,133.787033081055,69.9413833618164,95.4077758789063
145.428634643555,86.5301666259766,124.135467529297,178.456649780273,133.826400756836,72.562744140625,91.3982009887695
163.161926269531,94.3133392333984,53.0552825927734,204.2197265625,183.43359375,84.1122283935547,91.5704116821289
70.4373779296875,112.083885192871,107.774124145508,173.152313232422,211.737060546875,89.4889755249023,49.3357925415039
116.777778625488,144.088882446289,48.5222206115723,233.877777099609,250.933334350586,124.944442749023,60.6666679382324
54.4000015258789,98.7699966430664,63.7299995422363,182.860000610352,169.360000610352,75.0500030517578,63.6399993896484
118.52197265625,166.991409301758,93.4770202636719,266.003784179688,157.1103515625,77.7984848022461,31.5520172119141
80.0754928588867,91.853874206543,40.0141983032227,251.672576904297,125.33177947998,86.841552734375,36.8407783508301
46.8402214050293,105.85733795166,138.687561035156,203.677780151367,242.129104614258,93.1626739501953,88.8788909912109
82.8588943481445,98.0804138183594,26.7051391601563,180.98486328125,147.769439697266,60.1706924438477,82.245964050293
73.6923980712891,98.0061416625977,72.4397201538086,203.783065795898,154.98356628418,62.4421310424805,63.6996269226074
64.6102676391602,101.309257507324,128.864242553711,198.096435546875,252.48388671875,48.8627700805664,64.4823684692383
73.6538238525391,94.2634811401367,111.538970947266,201.578338623047,227.01904296875,89.4733352661133,51.5290565490723
148.370742797852,94.8727188110352,75.1255569458008,188.088150024414,199.817291259766,70.0455627441406,68.9661712646484
115.037223815918,135.486114501953,67.7905578613281,193.925003051758,247.493896484375,117.247779846191,61.7422218322754
62.618896484375,162.001388549805,93.430419921875,147.360137939453,109.891937255859,61.2498588562012,87.7550048828125
65.216667175293,92.2040023803711,97.2157821655273,205.984710693359,234.422729492188,108.004554748535,95.6150970458984
67.2476348876953,101.91805267334,103.736114501953,184.476104736328,182.451675415039,52.8259735107422,57.1984710693359
54.5250473022461,113.108337402344,153.914093017578,164.496429443359,231.761138916016,69.9941101074219,78.9165573120117
61.3959083557129,133.667083740234,166.9462890625,143.387084960938,237.390655517578,65.73486328125,65.6882171630859
52.4865303039551,112.846694946289,126.068481445313,196.272125244141,214.69841003418,100.215927124023,68.9833831787109
51.3208961486816,114.242141723633,74.2266159057617,188.695175170898,176.620559692383,83.914421081543,48.3844947814941
76.7852096557617,105.663681030273,70.5654678344727,153.249847412109,129.946243286133,67.5139236450195,71.5543594360352
93.3051834106445,98.7085189819336,45.1940727233887,209.507400512695,111.43074798584,79.0033340454102,44.2744445800781
122.193771362305,114.625999450684,39.6762199401855,193.526214599609,170.5,152.913330078125,76.6584396362305
137.188888549805,112.638885498047,57.2333297729492,160.483337402344,197.361114501953,133.233337402344,67.7222213745117
44.458610534668,99.6669464111328,117.684997558594,159.915832519531,242.902786254883,85.9883346557617,91.5194473266602
61.2312622070313,103.177528381348,40.7845306396484,163.329864501953,169.297912597656,76.3032608032227,64.5257797241211
68.4899978637695,102.98999786377,90.379997253418,150.220001220703,98.0999984741211,78.6999969482422,75.5800018310547
54.8819885253906,136.708908081055,102.683212280273,186.033020019531,174.572692871094,82.9144058227539,54.775806427002
68.0418014526367,109.703758239746,127.338333129883,195.298187255859,161.755981445313,57.5298614501953,55.5584716796875
93.663330078125,181.929443359375,45.6877784729004,152.980010986328,204.60888671875,187.907775878906,63.8238906860352
112.996971130371,97.5813369750977,52.6491661071777,201.897476196289,120.053970336914,85.5305786132813,61.5789375305176
72.8052139282227,88.0180969238281,46.8637542724609,226.160552978516,129.226257324219,67.7856369018555,26.4942951202393
115.513702392578,84.8483352661133,97.0455551147461,145.665191650391,122.679443359375,81.3822250366211,94.297966003418
61.0223045349121,114.167007446289,114.167190551758,139.20735168457,190.905456542969,63.1343612670898,60.8410224914551
49.406665802002,111.913330078125,99.283332824707,159.289993286133,196.650009155273,64.3433380126953,76.7766647338867
116.422225952148,159.511108398438,52.2555541992188,138.399993896484,276.155548095703,194.355560302734,40.2555541992188
85.7477340698242,120.276405334473,98.1260528564453,175.85546875,151.755828857422,89.6417846679688,57.212589263916
52.810001373291,104.769996643066,22.3199996948242,193.690002441406,107.190002441406,66.7099990844727,18.8299999237061
95.5438919067383,193,60.0922241210938,141.928329467773,210.435546875,171.206115722656,39.7383346557617
134.175689697266,100.22900390625,67.7138366699219,155.650009155273,197.684066772461,97.6695098876953,62.9166679382324
66.0955581665039,114.892776489258,136.451110839844,204.187774658203,247.64111328125,75.9844436645508,68.7327728271484
81.9679946899414,77.0846710205078,52.9649696350098,236.634475708008,113.991889953613,51.2166366577148,48.5321159362793
111.555061340332,90.1788940429688,81.8059234619141,177.224197387695,143.424072265625,66.1727142333984,83.1927108764648
95.2113342285156,154.5419921875,38.613109588623,167.452438354492,182.042877197266,178.104446411133,60.157112121582
55.4542083740234,88.0002059936523,136.873428344727,123.15795135498,168.834945678711,84.7330780029297,69.8842163085938
49.2136077880859,117.005554199219,73.3643493652344,179.138137817383,216.745101928711,96.2060165405273,63.1739807128906
89.2163848876953,90.1050872802734,132.118438720703,189.334106445313,144.527893066406,93.1548538208008,62.5637474060059
69.8315811157227,104.632934570313,96.0443572998047,189.021209716797,161.181427001953,61.7374610900879,56.7716636657715
109.726104736328,138.346755981445,51.486572265625,128.50749206543,237.094467163086,159.062118530273,51.2502746582031
131.33447265625,163.903182983398,126.855461120605,253.505172729492,136.181671142578,114.703567504883,29.6678695678711
71.1340713500977,111.379524230957,173.136108398438,167.108413696289,261.420837402344,77.9667587280273,65.3678665161133
61.3793334960938,99.9982147216797,111.334007263184,152.5791015625,156.783538818359,75.9704437255859,72.092887878418
36.5027084350586,102.517311096191,91.7153472900391,155.290863037109,217.21598815918,102.949905395508,99.5725402832031
71.7199859619141,80.5674057006836,97.4270095825195,51.9384117126465,143.158004760742,99.1469345092773,79.5604705810547
78.9688186645508,88.0148086547852,113.312232971191,46.5261116027832,120.909118652344,116.878440856934,85.9864044189453
87.0750350952148,79.5034103393555,130.875473022461,188.600814819336,189.727035522461,97.2549743652344,47.4991073608398
66.0982055664063,76.8895645141602,73.8114166259766,75.7743225097656,151.332702636719,128.021255493164,67.4299011230469
106.637466430664,77.9938507080078,149.584915161133,139.106781005859,161.531494140625,100.408950805664,78.3592529296875
89.7614822387695,66.4969787597656,150.422988891602,112.446220397949,157.460052490234,93.0098190307617,39.9367942810059
109.865005493164,74.7550048828125,194.214996337891,92.5849990844727,232.040008544922,84.1000061035156,45.2299995422363
98.0003280639648,76.2897567749023,170.090560913086,126.72135925293,126.060722351074,106.841987609863,62.1290473937988
124.088150024414,121.667434692383,99.9990386962891,173.247695922852,215.120071411133,79.9226760864258,45.6294326782227
146.268783569336,92.1762542724609,135.048950195313,149.97802734375,205.430786132813,137.113555908203,73.0037307739258
78.4963989257813,79.6861343383789,111.855331420898,81.2453536987305,175.678970336914,120.089653015137,86.7156295776367
149.200012207031,129.761108398438,69.6277770996094,234.194442749023,109.283332824707,64.3277740478516,17.2722206115723
88.4944458007813,75.8039932250977,112.04850769043,62.0476531982422,140.839569091797,90.8597259521484,132.076721191406
132.399993896484,74.4761123657227,162.814453125,99.9472198486328,155.188888549805,111.281112670898,64.0244445800781
112.382781982422,74.1413879394531,105.38249206543,115.637771606445,175.808334350586,98.2980499267578,74.6336135864258
146.248336791992,147.406112670898,63.4081535339355,214.790725708008,97.8292617797852,80.4527816772461,32.6385192871094
92.8138885498047,91.9808349609375,150.151107788086,101.855285644531,128.563613891602,114.953048706055,90.4905548095703
122.622406005859,93.3281936645508,131.254791259766,106.62085723877,187.181289672852,107.463218688965,63.301212310791
118.25569152832,91.0720748901367,119.895004272461,137.61653137207,169.946105957031,135.349731445313,83.9898529052734
113.11890411377,81.478759765625,153.75260925293,91.6406021118164,155.726608276367,95.8544769287109,69.9889144897461
97.9981002807617,73.4346084594727,145.050323486328,84.0785751342773,172.428100585938,94.0507888793945,58.3809547424316
132.850006103516,106.790000915527,111.199996948242,168.940002441406,158.100006103516,75.9599990844727,55.5099983215332
89.3341064453125,68.1129989624023,101.69799041748,198.195877075195,211.993774414063,113.085327148438,55.0912246704102
60.982234954834,73.9014511108398,82.5494689941406,62.4412002563477,163.67936706543,89.5882263183594,81.7502746582031
128.939270019531,123.852165222168,87.4755020141602,165.18180847168,213.03742980957,81.4997406005859,48.5193252563477
71.5244445800781,79.5529632568359,127.304077148438,60.0211067199707,149.740005493164,103.171112060547,95.3877792358398
94.7113342285156,102.435775756836,81.163330078125,121.409339904785,280.719787597656,93.1520004272461,104.034446716309
89.8505554199219,75.8127746582031,108.779998779297,72.836669921875,152.660552978516,98.5622253417969,121.396110534668
88.7386322021484,79.5986022949219,129.342971801758,85.2561416625977,160.319702148438,125.055313110352,81.6366806030273
77.42578125,88.9213409423828,109.530883789063,92.4748916625977,163.294891357422,117.849998474121,86.623779296875
100.10221862793,83.1213912963867,136.924163818359,80.7594528198242,165.003601074219,91.1544494628906,67.3372192382813
84.9573364257813,78.6251068115234,124.529335021973,217.063995361328,195.896667480469,97.9651107788086,49.160888671875
149.912536621094,129.89030456543,136.984344482422,188.768646240234,162.051605224609,67.5716171264648,34.0364151000977
94.6833343505859,83.2333374023438,49.8055572509766,145.061111450195,246.866668701172,83.2888946533203,82.272216796875
133.623901367188,161.236145019531,99.2413024902344,230.63883972168,123.722793579102,89.3745346069336,25.4224472045898
115.698371887207,69.383430480957,80.3158645629883,142.968383789063,227.939712524414,115.655265808105,61.7437362670898
78.6148223876953,77.4419250488281,96.0225067138672,80.3376312255859,187.76513671875,60.2695350646973,89.3513946533203
136.864852905273,74.8227767944336,149.222351074219,117.127212524414,180.294311523438,137.563262939453,66.561279296875
135.412857055664,80.6432418823242,113.124557495117,169.856369018555,189.563278198242,107.126724243164,64.6791229248047
69.6500015258789,108.930000305176,126.23999786377,78.4100036621094,207.179992675781,95.9599990844727,122.26000213623
129.638519287109,94.9874038696289,98.0692520141602,144.279251098633,190.41926574707,73.5003662109375,82.2759323120117
131.851181030273,81.3326568603516,108.773399353027,115.915489196777,145.971374511719,112.852180480957,68.6518478393555
131.449996948242,102.790000915527,145.740005493164,183.720001220703,117.669998168945,73.2699966430664,89.0500030517578
98.6360015869141,98.577995300293,158.663986206055,68.3953399658203,154.328002929688,94.6353302001953,75.122444152832
85.9089965820313,87.1720809936523,127.057250976563,166.575057983398,155.771713256836,92.6860961914063,47.3925704956055
151.755554199219,125.011108398438,77.4777755737305,223.888885498047,82.8333358764648,74.0666656494141,13.1888885498047
106.878379821777,69.4612121582031,98.4692916870117,84.0111083984375,162.100006103516,68.2436370849609,88.912727355957
88.9645309448242,62.5556755065918,116.056541442871,170.565292358398,182.67399597168,102.502784729004,46.31884765625
89.5074920654297,102.003883361816,165.513885498047,61.4663925170898,152.89111328125,111.438613891602,83.323616027832
106.728652954102,143.085525512695,29.3647079467773,150.310150146484,185.55810546875,146.037887573242,28.5981292724609
124.473281860352,148.772399902344,46.7189788818359,210.137725830078,199.767028808594,110.969581604004,33.5050926208496
32.6313133239746,119.772720336914,173.601013183594,195.611114501953,249.045455932617,284.868682861328,70.3383865356445
105.472778320313,180.1064453125,56.3420448303223,141.411560058594,143.325439453125,169.698287963867,50.9761390686035
59.4574012756348,87.2199630737305,166.352416992188,117.836181640625,192.748413085938,189.461685180664,40.9315490722656
50.7256317138672,95.0927581787109,189.79833984375,128.011825561523,162.696273803711,185.754257202148,46.3042144775391
82.9746856689453,137.634475708008,44.1991729736328,206.877731323242,168.577377319336,179.440612792969,26.1155815124512
44.2951164245605,103.416389465332,194.210830688477,173.65266418457,165.424697875977,259.040710449219,58.3773307800293
48.2139205932617,104.191307067871,169.006271362305,140.129669189453,144.903625488281,196.464202880859,41.9487762451172
155.370193481445,112.875122070313,42.8582992553711,145.465454101563,124.799118041992,218.236206054688,69.9104156494141
48.390308380127,102.02611541748,208.240844726563,149.045806884766,169.849197387695,251.955520629883,56.5734558105469
88.592414855957,126.76692199707,55.679443359375,159.883026123047,120.543441772461,161.943283081055,50.446460723877
91.8470077514648,148.051452636719,68.7686920166016,133.18424987793,132.625122070313,155.004898071289,55.4535331726074
118.905899047852,174.085189819336,38.1182289123535,190.998504638672,165.850723266602,151.398574829102,41.1844596862793
67.5890426635742,110.236267089844,169.896987915039,186.680816650391,201.237869262695,106.402488708496,71.569450378418
38.9099044799805,129.019485473633,164.032470703125,178.508728027344,156.020599365234,256.951904296875,57.5826568603516
144.120910644531,142.972991943359,50.5054550170898,92.2757415771484,105.82625579834,175.017211914063,68.11962890625
40.6772880554199,101.732833862305,175.028305053711,237.29768371582,234.225204467773,297.766021728516,66.9632415771484
163.053375244141,140.628280639648,85.0008544921875,104.632949829102,89.4771957397461,225.563903808594,87.1346588134766
36.8827781677246,113.269439697266,171.087219238281,195.135009765625,223.801116943359,247.895553588867,63.6894416809082
68.8714904785156,108.923065185547,151.643798828125,184.259948730469,218.178329467773,101.694694519043,76.2759857177734
117.004760742188,132.911773681641,44.2844047546387,130.923919677734,113.839218139648,145.082443237305,57.031005859375
85.1981811523438,129.904800415039,54.488452911377,178.996597290039,140.139755249023,138.565658569336,28.3814716339111
52.6130104064941,103.774543762207,173.100479125977,151.832107543945,137.578002929688,185.932662963867,46.1839408874512
58.2776794433594,118.53010559082,70.2339401245117,225.324340820313,189.524993896484,66.5320205688477,39.4257583618164
153.612564086914,167.697280883789,125.466781616211,116.687652587891,54.8593673706055,172.062530517578,71.9843063354492
57.6898307800293,118.996154785156,212.370315551758,178.021850585938,116.397888183594,157.239944458008,52.826904296875
120.363571166992,134.958297729492,86.1284942626953,142.910873413086,65.2198638916016,180.004669189453,73.9098892211914
43.4645462036133,116.424194335938,154.923919677734,180.208801269531,166.644729614258,233.601318359375,51.1331558227539
40.3794364929199,102.17456817627,203.275497436523,195.2392578125,208.59733581543,312.538269042969,66.8068695068359
42.9650955200195,124.692031860352,161.433685302734,151.242660522461,151.884689331055,229.405227661133,51.1416168212891
160.532333374023,181.798187255859,71.1777801513672,148.527786254883,210.300323486328,120.467483520508,51.4493942260742
79.7158889770508,156.298110961914,55.7682151794434,174.761642456055,130.084701538086,156.174560546875,38.8888206481934
53.109992980957,96.0210571289063,192.405029296875,103.915115356445,184.242965698242,168.124420166016,45.5791702270508
93.2675857543945,163.252532958984,45.6610298156738,140.706146240234,151.277435302734,162.728805541992,33.581226348877
52.4614372253418,127.351959228516,96.6750259399414,142.908843994141,172.330383300781,211.817260742188,27.9654350280762
43.5369186401367,130.769744873047,110.299491882324,163.079681396484,133.751678466797,263.695129394531,67.2460784912109
57.4832954406738,107.945350646973,154.621612548828,119.833587646484,190.057830810547,192.976715087891,37.5738830566406
144.347564697266,121.213729858398,30.242130279541,129.299209594727,140.392700195313,164.359313964844,47.2398834228516
51.4375915527344,113.760932922363,46.354076385498,199.04426574707,204.143905639648,61.656665802002,39.8188896179199
42.5412673950195,108.72193145752,170.74560546875,239.586059570313,246.995101928711,281.881072998047,73.3893280029297
63.2930030822754,101.796630859375,35.5766983032227,127.200736999512,101.974342346191,187.775695800781,53.4548835754395
131.402252197266,123.783920288086,48.4031448364258,116.142807006836,110.499824523926,135.573394775391,59.2275276184082
66.4279403686523,106.654853820801,113.056747436523,158.958190917969,211.205368041992,128.087265014648,50.8083457946777
70.5103302001953,97.0208587646484,164.241577148438,186.916046142578,162.562744140625,91.9877471923828,80.482551574707
64.4782562255859,98.6128234863281,80.1686019897461,156.613922119141,166.525421142578,145.139862060547,30.099250793457
53.0222206115723,111.388885498047,45,194.422225952148,205.5,45.5555572509766,50.3888893127441
54.3790435791016,122.463722229004,160.709030151367,150.769439697266,199.783065795898,80.6040573120117,53.5680274963379
63.3175392150879,108.711822509766,180.679382324219,168.665283203125,154.157684326172,136.366973876953,62.8049468994141
60.4348793029785,104.460868835449,60.8651542663574,198.6552734375,188.983871459961,66.1480331420898,49.3195381164551
71.9759902954102,116.076385498047,78.7964706420898,156.362823486328,99.285041809082,227.458450317383,83.0168304443359
59.3005561828613,81.7505493164063,13.5272216796875,175.619445800781,172.791656494141,64.3349990844727,51.7205581665039
63.1199493408203,97.559196472168,180.401779174805,136.363616943359,177.286819458008,188.025894165039,43.4311637878418
52.5785217285156,129.604064941406,105.902954101563,194.96516418457,213.837768554688,63.2618522644043,41.299259185791
114.668731689453,135.517990112305,91.5292663574219,62.3580894470215,63.473445892334,229.313339233398,52.4251480102539
93.3558044433594,110.329544067383,39.3535346984863,165.241668701172,123.971466064453,147.241912841797,27.0547981262207
62.3959693908691,86.668586730957,40.6301956176758,198.267303466797,165.788711547852,78.6175079345703,44.1233596801758
69.6990585327148,92.3050842285156,55.9665336608887,201.1953125,148.409255981445,119.493263244629,39.2340393066406
61.5706520080566,93.0540237426758,129.107528686523,122.002433776855,206.063095092773,182.531616210938,31.533239364624
42.6667938232422,116.716941833496,153.96208190918,218.316253662109,197.582290649414,274.747985839844,84.3027420043945
152.777252197266,130.373382568359,31.8062038421631,109.97501373291,112.091590881348,123.250244140625,33.2400588989258
151.439056396484,172.857833862305,58.7719841003418,263.243499755859,145.355285644531,119.936569213867,55.3836402893066
53.6862487792969,108.220001220703,147.596389770508,160.449722290039,204.327224731445,62.9322204589844,64.9415283203125
127.379661560059,146.884841918945,102.870140075684,95.2690277099609,75.7923278808594,223.019454956055,62.5475387573242
123.113624572754,156.862274169922,120.00218963623,98.8460006713867,64.3549728393555,214.769226074219,62.2600631713867
154.35986328125,164.417831420898,65.4571685791016,194.814636230469,208.831253051758,105.564849853516,46.7732620239258
124.33048248291,124.608695983887,53.3666458129883,140.675857543945,84.3977737426758,241.189361572266,72.4042587280273
137.227310180664,161.476089477539,75.6511001586914,58.8977851867676,95.2160034179688,151.248123168945,54.4620361328125
107.373031616211,99.5197830200195,28.4105319976807,153.548263549805,106.192077636719,185.4765625,61.846019744873
86.60546875,103.742172241211,91.8043365478516,190.327682495117,201.220275878906,195.938552856445,25.2976093292236
56.1758346557617,96.9800643920898,87.6680526733398,147.541625976563,191.673934936523,141.145431518555,43.1867752075195
102.211448669434,128.037033081055,50.2390556335449,172.426940917969,197.043090820313,109.687538146973,35.843433380127
118.829330444336,114.193618774414,58.7001457214355,142.924346923828,119.59098815918,161.811431884766,61.2658081054688
59.0035820007324,118.526443481445,142.648773193359,181.143249511719,234.416519165039,76.1687240600586,75.3472900390625
121.842544555664,154.190582275391,43.7913475036621,139.94596862793,132.901504516602,166.032363891602,54.6807022094727
123.407493591309,144.148452758789,76.571044921875,61.1442108154297,84.102668762207,193.190017700195,50.5040397644043
81.6125946044922,118.142944335938,68.0384521484375,168.014175415039,211.833587646484,257.809051513672,25.2478637695313
47.1053237915039,84.372932434082,152.839111328125,103.052803039551,178.458084106445,172.922302246094,35.7962303161621
78.1611175537109,111.294448852539,72.6833343505859,200.605560302734,128.666656494141,147.977783203125,27.6944427490234
53.6755065917969,124.990982055664,101.64803314209,170.058486938477,216.53564453125,50.5346870422363,50.4569396972656
61.1828346252441,137.573745727539,74.2263107299805,185.898132324219,160.319976806641,186.259582519531,43.3653907775879
50.4710578918457,106.039039611816,127.451538085938,216.156234741211,149.230850219727,244.482238769531,101.279571533203
36.5609703063965,107.079498291016,160.214904785156,238.251770019531,261.124389648438,279.761138916016,70.5588989257813
141.597427368164,147.778930664063,51.461051940918,77.8819808959961,119.324317932129,96.4856109619141,40.392879486084
38.328685760498,116.933403015137,159.443313598633,233.968902587891,169.841278076172,253.698043823242,92.6999359130859
49.6598510742188,151.203979492188,108.415321350098,134.72380065918,132.998825073242,230.403244018555,42.8576545715332
166.632705688477,180.188430786133,15.7404890060425,140.393112182617,191.95458984375,228.682876586914,54.1740760803223
174.030578613281,144.515380859375,23.1869812011719,117.24324798584,193.130661010742,244.733032226563,50.1282615661621
153.594528198242,178.096771240234,26.4016170501709,92.4044952392578,111.846862792969,104.270156860352,43.9414100646973
117.917938232422,173.562622070313,72.5020217895508,174.817916870117,179.497482299805,152.133331298828,46.5540428161621
81.0999984741211,151.655548095703,80.3111114501953,138.533340454102,231.488891601563,147.188888549805,46.4555549621582
163.399627685547,153.854034423828,29.4189643859863,113.444839477539,174.748626708984,149.824234008789,52.181022644043
121.668960571289,170.239181518555,66.2294082641602,129.97639465332,164.842483520508,171.86100769043,73.3816146850586
88.4204559326172,156.590911865234,109.568183898926,121.181816101074,112.431816101074,54.2272720336914,32.1363639831543
84.3272705078125,193.459091186523,146.626937866211,414.724945068359,148.744277954102,49.3749198913574,22.5432643890381
126.646141052246,147.222229003906,106.297309875488,314.503021240234,125.912117004395,82.7693557739258,16.561616897583
107.841171264648,155.140762329102,78.1179809570313,158.465270996094,173.406280517578,31.48828125,13.3993682861328
90.7111129760742,206.777770996094,110.422225952148,177.988891601563,137.966659545898,43.7888870239258,25.1666660308838
79.8811874389648,219.966415405273,82.4197006225586,367.560089111328,154.592544555664,53.0135116577148,16.8486099243164
121.222221374512,153.811111450195,67.2333297729492,196.199996948242,137.755554199219,68.4333343505859,29.6333332061768
101.188888549805,141.21110534668,74.8666687011719,266.088897705078,110.466667175293,53.5222206115723,29.1666660308838
69.0331344604492,285.597351074219,101.095962524414,339.25048828125,145.851303100586,74.3555526733398,14.2812118530273
81.9468688964844,239.225860595703,140.563232421875,403.048675537109,138.967269897461,36.7791938781738,20.2167663574219
89.4855575561523,186.814453125,87.5899963378906,416.438903808594,160.065551757813,42.1805572509766,16.9394454956055
139.379409790039,153.618286132813,69.6555099487305,274.819091796875,103.477416992188,90.6537933349609,33.8629302978516
63.3707084655762,254.955047607422,89.3368682861328,342.866668701172,149.995452880859,50.9191932678223,14.8550510406494
78.6222229003906,165.533340454102,103.766670227051,166.266662597656,113.688888549805,61.9888877868652,17.466667175293
87.0505065917969,80.1919174194336,177.121215820313,98.3434371948242,331.141418457031,73.6060638427734,0
97.4527740478516,91.5990905761719,124.336212158203,85.1135864257813,242.00505065918,63.6355056762695,16.1504039764404
82.3131332397461,99.282829284668,114.191917419434,91.2626266479492,256.494964599609,68.3333358764648,25.3939399719238
233.91162109375,75.0260925292969,128.958084106445,132.12727355957,213.104049682617,17.9961261749268,0.513468027114868
114.671379089355,94.8545455932617,126.529296875,86.584846496582,235.876770019531,44.8956184387207,12.052188873291
303.042541503906,74.970458984375,135.829925537109,162.711120605469,231.101257324219,13.1190662384033,2.48547983169556
245.570877075195,97.5525207519531,160.765121459961,163.165451049805,235.530731201172,30.3291358947754,5.53836107254028
279.156555175781,114.111114501953,151.631317138672,195.904037475586,244.222213745117,29.1919193267822,5.33838367462158
152.999496459961,62.0621185302734,138.771209716797,85.1489868164063,216.39697265625,26.8464641571045,11.778787612915
240.697326660156,84.184944152832,143.501174926758,149.825881958008,223.09309387207,26.5486259460449,2.06305575370789
79.2040023803711,82.9688873291016,20.9426670074463,99.2308883666992,147.453552246094,82.7806625366211,98.9708938598633
76.7600021362305,77.3499984741211,88.1100006103516,128.339996337891,131.970001220703,94.5899963378906,104.449996948242
60.6740531921387,43.8943061828613,63.5053596496582,75.8964080810547,149.558731079102,68.8122177124023,80.0825424194336
73.8399963378906,75.6999969482422,23.6700000762939,89.6900024414063,140.850006103516,86.9899978637695,95.0999984741211
71.1887741088867,89.9607772827148,54.4537010192871,118.150329589844,121.50952911377,97.9614944458008,98.3101577758789
67.2567138671875,74.7717895507813,41.2762603759766,89.4784088134766,118.496162414551,103.926719665527,98.2513122558594
65.9300003051758,64.5299987792969,59.6599998474121,93.2799987792969,157.339996337891,58.6399993896484,79.3899993896484
63.2293395996094,55.2201232910156,55.8116416931152,83.9018630981445,139.23616027832,69.2544326782227,84.1947402954102
59.098014831543,53.2936515808105,48.5083198547363,104.707633972168,148.296417236328,64.2387924194336,76.6726989746094
47.2070732116699,57.7222213745117,80.6641387939453,228.510101318359,165.489898681641,107.563125610352,60.1287879943848
67.7559127807617,37.0085716247559,20.5140228271484,206.628753662109,99.1860198974609,63.9200553894043,81.7147216796875
69.6779327392578,116.720352172852,124.542556762695,192.533538818359,173.289932250977,227.975555419922,113.873176574707
77.5780868530273,145.516525268555,118.472457885742,168.420440673828,197.861236572266,166.676620483398,93.372444152832
85.3261032104492,81.2067337036133,113.062957763672,132.466995239258,233.553039550781,113.186698913574,73.7851791381836
52.1616706848145,69.8365325927734,78.083122253418,183.61848449707,186.626510620117,102.721626281738,68.5666351318359
69.9626770019531,54.01708984375,64.5075225830078,165.292282104492,95.7900466918945,90.9682540893555,67.8125610351563
85.6508560180664,148.445755004883,97.1371612548828,182.919342041016,125.638565063477,146.655838012695,84.3099212646484
49.7066383361816,60.476188659668,127.778205871582,162.711685180664,199.884689331055,168.662063598633,70.9454498291016
45.7151527404785,106.150375366211,152.147888183594,185.913116455078,233.852798461914,228.296615600586,99.463249206543
65.0063171386719,105.066253662109,100.746788024902,201.560089111328,124.028251647949,219.868591308594,125.678657531738
44.0673408508301,122.141082763672,163.506057739258,185.576766967773,189.355895996094,284.650848388672,82.5784530639648
46.7664413452148,110.059417724609,129.682266235352,238.874328613281,161.306701660156,249.412628173828,115.695571899414
47.4127807617188,85.5175399780273,136.390106201172,148.382843017578,257.318389892578,217.889999389648,79.9818572998047
95.9525833129883,155.174697875977,125.023468017578,165.026992797852,66.1518936157227,149.966461181641,84.7458648681641
47.0472564697266,109.355644226074,108.211273193359,176.129409790039,198.250137329102,127.098968505859,68.0191421508789
57.7507133483887,41.5613822937012,52.0546646118164,172.052124023438,181.426910400391,97.8698959350586,76.7022933959961
59.6110572814941,101.387115478516,135.379196166992,173.916854858398,198.959762573242,216.507797241211,85.4836120605469
73.1669845581055,85.9324569702148,63.6732406616211,136.30290222168,152.770843505859,111.589210510254,60.8335800170898
89.6219024658203,140.27653503418,101.611305236816,198.599838256836,89.2802124023438,176.772308349609,106.95036315918
86.7146682739258,111.623435974121,142.907348632813,148.301239013672,249.781478881836,119.931625366211,80.3748245239258
50.5,62.2708320617676,75.125,241.36457824707,154.11457824707,85.84375,60.8854179382324
45.4323768615723,132.104751586914,154.125457763672,200.204330444336,154.495956420898,253.961151123047,104.896461486816
84.8049087524414,124.946022033691,81.8303298950195,124.527961730957,108.306831359863,132.490570068359,64.9646301269531
72.588996887207,123.071632385254,149.19775390625,152.561904907227,213.653137207031,168.712844848633,91.7557601928711
103.337219238281,152.1435546875,123.544807434082,95.9006805419922,68.9949417114258,181.461410522461,64.7582397460938
41.4644241333008,117.159141540527,168.503829956055,164.141525268555,168.563751220703,220.859832763672,74.9538726806641
67.7945938110352,42.3769302368164,60.3859024047852,185.667694091797,104.149696350098,95.7141571044922,77.5134811401367
43.051830291748,68.2114028930664,47.5631065368652,214.56184387207,124.605010986328,70.2394409179688,76.1462707519531
63.4076385498047,116.316596984863,86.5597381591797,149.807159423828,199.430328369141,122.979316711426,65.5065536499023
56.6765327453613,119.162155151367,115.129112243652,162.131317138672,237.223266601563,128.21516418457,71.3819732666016
48.4090881347656,88.5400619506836,129.800003051758,181.951858520508,229.75959777832,227.555557250977,82.0262680053711
100.065338134766,118.468544006348,93.6446762084961,91.0530319213867,62.5692329406738,203.664474487305,60.0024223327637
74.1079177856445,111.355728149414,140.872634887695,145.187469482422,217.60285949707,127.485862731934,87.8950347900391
41.4396743774414,78.282096862793,121.65062713623,194.228408813477,134.914306640625,135.36279296875,68.6702499389648
47.5240135192871,103.29866027832,114.66625213623,221.309555053711,246.830169677734,258.208374023438,94.4719467163086
56.6025924682617,50.779914855957,34.3224067687988,222.764190673828,105.033851623535,53.7368049621582,84.8441162109375
52.316722869873,65.4850234985352,51.3338394165039,215.373748779297,142.69221496582,86.3738098144531,79.0817947387695
54.6970138549805,33.2453498840332,39.7256889343262,176.096832275391,79.8515701293945,57.3431739807129,92.9177703857422
53.6777038574219,100.680236816406,105.164306640625,221.245223999023,231.305313110352,307.199249267578,92.0647201538086
88.3919677734375,161.525329589844,127.034469604492,216.525421142578,164.043075561523,176.949554443359,109.740264892578
62.8342208862305,67.1012191772461,75.5142364501953,135.132064819336,173.608383178711,104.99462890625,60.5580177307129
162.824798583984,101.282958984375,71.4789733886719,172.499603271484,141.85514831543,13.0903997421265,28.7977161407471
142.291152954102,51.713508605957,116.773612976074,115.287368774414,117.763885498047,14.4352264404297,5.05909061431885
159.072219848633,55.5055541992188,115.127777099609,88.8333358764648,172.466674804688,14.4555559158325,4.67222213745117
144.273727416992,49.1803970336914,101.210502624512,152.124923706055,117.136497497559,16.3251876831055,20.1888236999512
146.824996948242,61.7125015258789,82.7125015258789,79.0625,133.625,18.9750003814697,1.8125
167.580642700195,111.415824890137,58.4183540344238,106.003540039063,92.4514389038086,13.9166650772095,35.5233192443848
147.748916625977,57.6613273620605,114.330444335938,92.0699844360352,146.158432006836,12.3759021759033,5.0053391456604
168.192428588867,74.0671234130859,95.0360565185547,175.664428710938,133.435043334961,10.0322732925415,21.4121208190918
143.402770996094,93.3855209350586,58.6488227844238,120.206230163574,107.468597412109,21.3672561645508,35.8175926208496
151.42951965332,76.1891174316406,121.174377441406,139.848907470703,162.510757446289,8.80126476287842,8.26035594940186
181.596466064453,33.6277770996094,112.013130187988,117.672729492188,145.696960449219,25.7030296325684,5.28232288360596
88.2313766479492,112.061790466309,46.5368804931641,222.3583984375,190.814163208008,117.086334228516,29.5512809753418
117.716720581055,211.13850402832,105.195411682129,158.129974365234,70.1156311035156,150.343734741211,129.26985168457
127.811386108398,215.788208007813,99.9613342285156,120.695335388184,65.2279357910156,154.718597412109,97.1143188476563
93.6686935424805,174.123336791992,45.900806427002,98.0937423706055,168.946578979492,66.9888916015625,30.4986896514893
95.2666702270508,160.355560302734,50.8222236633301,230.155548095703,160.344451904297,147.633331298828,66.4333343505859
83.1566696166992,147.927780151367,45.3529319763184,249.736877441406,226.058685302734,109.047172546387,59.522216796875
115.753089904785,111.839508056641,53.0740737915039,150.790130615234,175.308639526367,174.185180664063,44.5185203552246
151.593597412109,132.402954101563,64.5199813842773,119.152481079102,192.129760742188,127.948616027832,61.039119720459
78.0872268676758,149.340972900391,39.5241661071777,214.861526489258,175.743194580078,135.538330078125,69.8198547363281
167.630004882813,279.019989013672,24.0200004577637,220.100006103516,204.460006713867,175.830001831055,59.3400001525879
67.9827499389648,138.223007202148,59.5199317932129,243.691497802734,208.685684204102,108.103691101074,68.0500793457031
109.23999786377,108.230003356934,17.6499996185303,248.770004272461,124.069999694824,106.470001220703,38.5
157.141616821289,113.170249938965,20.4521389007568,65.2531967163086,131.866180419922,69.8430023193359,8.557053565979
145.905990600586,175.570266723633,66.5110473632813,106.662101745605,69.625114440918,75.3237762451172,35.6792182922363
138.967132568359,138.877105712891,57.842716217041,122.800186157227,60.0201301574707,67.4030303955078,22.9846591949463
204.440689086914,86.5547943115234,32.6186370849609,102.22811126709,38.8933448791504,51.118480682373,6.98725414276123
177.179672241211,124.265655517578,38.8754043579102,125.684432983398,118.887413024902,176.996887207031,33.4334869384766
153.699829101563,179.864273071289,56.7793998718262,95.0731506347656,117.083213806152,127.639030456543,47.7244529724121
155.647399902344,187.51188659668,69.6838455200195,128.07551574707,222.684921264648,98.0711212158203,41.6675033569336
144.800170898438,151.863525390625,64.560905456543,53.1250915527344,79.6448593139648,131.547805786133,56.4931640625
116.251663208008,145.609954833984,14.3603239059448,76.5773468017578,89.2504119873047,83.6567535400391,30.5254154205322
153.465377807617,139.970321655273,106.593139648438,107.173950195313,101.266181945801,190.681777954102,44.9968452453613
154.799621582031,128.486206054688,83.56396484375,106.18962097168,120.697952270508,170.454299926758,40.9486656188965
177.817459106445,140.200759887695,152.568740844727,108.333518981934,133.129196166992,145.178771972656,29.2011566162109
111.331497192383,184.94758605957,11.2676582336426,78.1027069091797,93.5337066650391,63.4334602355957,62.7308044433594
121.482093811035,158.576858520508,45.2682189941406,80.6538467407227,139.274047851563,65.5275726318359,34.6782760620117
168.644287109375,127.812187194824,12.667272567749,135.644805908203,44.5512733459473,67.1154251098633,10.2961015701294
114.971084594727,170.902069091797,17.4847373962402,110.282585144043,57.783073425293,104.544525146484,33.450325012207
158.866241455078,197.114776611328,61.1858749389648,101.203552246094,26.1696453094482,82.0814361572266,37.777416229248
100.845802307129,157.233581542969,17.1207885742188,77.6228179931641,139.772399902344,61.7674903869629,46.2629852294922
193.126098632813,87.4528045654297,22.8570919036865,69.2280654907227,58.7134208679199,52.3744926452637,6.20171737670898
139.218444824219,144.472518920898,61.4142799377441,52.4184074401855,50.8243522644043,157.42268371582,44.6516876220703
126.795372009277,185.905609130859,53.9567108154297,125.1064453125,149.37287902832,83.0187072753906,49.6217880249023
138.767578125,141.798828125,58.02490234375,96.3532562255859,89.8416976928711,79.1144180297852,42.0796279907227
134.671310424805,155.383438110352,15.8050146102905,81.9270172119141,65.8016052246094,92.8659591674805,25.8551254272461
157.0693359375,148.157440185547,28.8606071472168,115.144737243652,219.745025634766,95.3378067016602,34.4617576599121
157.94792175293,196.886795043945,43.9792900085449,140.69938659668,212.442581176758,101.720252990723,44.885856628418
161.861358642578,139.266418457031,29.2561874389648,91.4385070800781,163.247970581055,87.1755065917969,35.8920440673828
220.484405517578,104.815635681152,58.7877807617188,74.5369873046875,40.1208152770996,44.1702079772949,3.40547823905945
133.521911621094,148.611312866211,51.0588455200195,71.3725433349609,67.4224243164063,83.1968612670898,48.5888328552246
154.267868041992,125.363227844238,54.6674270629883,111.343643188477,75.9507675170898,111.211959838867,45.4982986450195
137.564712524414,153.480331420898,18.0441627502441,75.9158096313477,99.8738479614258,105.669219970703,65.7191467285156
160.006713867188,124.991279602051,21.4371871948242,109.535987854004,172.393951416016,133.579605102539,49.4331436157227
112.56266784668,181.077667236328,30.247049331665,88.8803100585938,129.544311523438,64.3643951416016,62.4893493652344
163.426864624023,177.285949707031,128.357879638672,105.599472045898,156.626022338867,103.839431762695,32.5593910217285
120.963088989258,185.048614501953,20.4786357879639,95.2460479736328,117.128219604492,100.425216674805,60.7417526245117
119.791007995605,190.414688110352,10.4674415588379,79.5959396362305,148.041854858398,56.6872673034668,52.788459777832
131.272308349609,141.545501708984,76.0399551391602,40.8596572875977,129.392684936523,71.609619140625,58.1698875427246
108.11759185791,181.322326660156,13.0011749267578,96.1065979003906,71.4479217529297,105.184631347656,62.4382629394531
118.579544067383,144.590911865234,146.602279663086,192.75,118.625,316.375,237.045455932617
62.2186012268066,94.0884552001953,89.1278991699219,120.149307250977,73.4779434204102,79.6226119995117,34.1067924499512
51.4279632568359,70.5915145874023,109.578460693359,73.6552047729492,43.8123359680176,78.9541091918945,52.0466918945313
71.5015716552734,75.0444183349609,52.5161094665527,133.502029418945,65.5376434326172,109.4169921875,53.4588928222656
94.5074005126953,53.7410049438477,40.5025978088379,151.468643188477,70.5140380859375,55.5490875244141,14.1298093795776
54.9516830444336,89.9449691772461,100.112380981445,175.817581176758,86.0463562011719,80.5431671142578,35.3005638122559
63.4150772094727,82.1604537963867,110.520217895508,167.847640991211,94.0929183959961,101.503578186035,27.1786956787109
72.4634094238281,95.2052841186523,137.563919067383,232.944030761719,82.7341156005859,148.276672363281,30.5217914581299
65.880012512207,83.2591018676758,101.1171875,194.294708251953,83.1140060424805,104.096488952637,16.1915817260742
72.3678665161133,70.2680206298828,54.4505233764648,100.502586364746,108.627349853516,60.2654418945313,53.086742401123
72.5466003417969,42.7422981262207,38.0075721740723,135.353469848633,106.035934448242,75.8899536132813,67.9264984130859
70.026481628418,47.0115928649902,50.0416107177734,130.182357788086,114.99308013916,50.9800987243652,62.5432777404785
68.048210144043,98.0056762695313,88.207145690918,153.005172729492,92.1742706298828,111.30891418457,36.6458778381348
67.7712326049805,95.2216186523438,122.046569824219,236.491333007813,90.3511199951172,112.631881713867,27.7967376708984
87.2851028442383,57.9228744506836,83.5139083862305,88.4323654174805,34.5821876525879,108.814582824707,50.5157699584961
69.8751602172852,49.8556900024414,48.4893760681152,114.484550476074,67.4276504516602,57.8928604125977,13.1711406707764
77.1875839233398,85.3001480102539,124.779502868652,32.4012985229492,116.390037536621,89.7070770263672,79.5109710693359
63.7994155883789,70.7645416259766,73.3140106201172,34.8557777404785,134.854934692383,93.8359069824219,90.937385559082
75.0194778442383,90.0825347900391,86.0978317260742,81.8961029052734,163.752227783203,108.68701171875,68.5220794677734
95.1623764038086,108.906059265137,69.2613677978516,114.896713256836,163.343185424805,132.491912841797,74.0063171386719
109.446708679199,114.595710754395,64.1945648193359,110.99267578125,151.626007080078,84.1776504516602,55.983081817627
104.07112121582,97.5027770996094,81.4452514648438,42.0683059692383,101.083969116211,87.7513732910156,88.6457672119141
76.4845886230469,62.0327224731445,81.2598342895508,67.6594543457031,165.282135009766,65.5802917480469,74.6406707763672
83.7456741333008,74.8448181152344,106.650970458984,54.0434417724609,106.140769958496,113.775749206543,76.7620468139648
111.177780151367,81.0888900756836,103.366668701172,79.6111145019531,99.2222213745117,70,62.6777763366699
98.2250061035156,109.745712280273,51.185604095459,106.639144897461,120.745964050293,94.9608612060547,67.6565628051758
73.0389862060547,81.8926544189453,73.1077117919922,95.9287033081055,122.779113769531,103.31925201416,81.3369369506836
104.515151977539,96.4224700927734,75.1686859130859,105.256820678711,173.782073974609,110.417167663574,68.2790374755859
90.7301635742188,90.4411697387695,113.058204650879,28.4457015991211,89.5611724853516,82.690803527832,75.2014389038086
77.0312347412109,86.4485168457031,113.411460876465,42.8830223083496,128.227615356445,84.2503662109375,91.3067321777344
79.2825546264648,72.3589935302734,79.8707733154297,70.7502593994141,95.1542892456055,113.211990356445,69.4109344482422
122.98161315918,136.500213623047,73.3430328369141,124.148902893066,163.307281494141,63.4872665405273,48.3549423217773
109.638885498047,96.8388900756836,68.1611175537109,64.0111083984375,88.783332824707,91.7055511474609,78.0666656494141
64.825080871582,82.8974075317383,57.029125213623,45.324779510498,139.763320922852,87.7961654663086,87.8650817871094
80.6941299438477,104.374633789063,74.3883209228516,118.857315063477,132.042617797852,127.176399230957,79.4243698120117
74.3101043701172,78.0697860717773,112.193481445313,58.2297515869141,117.809646606445,104.451240539551,83.4838409423828
57.8235206604004,66.2741928100586,68.246467590332,41.8426818847656,155.545318603516,78.0084075927734,85.5624923706055
74.2992401123047,80.8727264404297,77.3055572509766,38.2224769592285,138.780044555664,77.3300552368164,63.2131309509277
88.5477752685547,91.5044403076172,99.6061096191406,102.957778930664,131.448883056641,82.6644439697266,61.0366668701172
84.2591247558594,73.4237518310547,48.8554840087891,71.7558898925781,107.34561920166,123.803863525391,76.4865341186523
77.7887344360352,77.6084747314453,109.112678527832,46.4585990905762,115.803970336914,117.517280578613,91.6035308837891
82.9101943969727,112.59300994873,64.4053268432617,93.7093734741211,99.2165298461914,94.773551940918,71.2248840332031
105.537879943848,84.2671661376953,84.9267730712891,105.834342956543,135.653030395508,81.9419174194336,77.272216796875
89.90380859375,85.2220611572266,149.344863891602,43.8816871643066,86.7988586425781,80.3764495849609,82.5424423217773
103.534851074219,93.8259887695313,57.4125900268555,71.2682952880859,86.6717834472656,115.518539428711,69.3092346191406
102.816757202148,98.9626693725586,63.1740760803223,53.4910469055176,92.330078125,96.0598754882813,75.0989837646484
60.7761878967285,68.0454559326172,55.2670974731445,37.5608329772949,125.740379333496,85.4393844604492,92.4244766235352
71.3315200805664,93.1072769165039,114.720504760742,85.406364440918,149.851318359375,102.990310668945,84.1947479248047
69.8496475219727,80.9430160522461,80.003791809082,35.6841011047363,137.526306152344,103.723014831543,87.1968078613281
92.4949493408203,86.5353546142578,53.7777786254883,72.6060638427734,76.3232345581055,107.202018737793,98.5454559326172
69.0869903564453,78.1413345336914,109.922645568848,77.4326934814453,102.072891235352,105.721572875977,76.4827880859375
93.7392883300781,79.9018478393555,50.6256561279297,55.5113563537598,94.1462020874023,147.369964599609,63.651912689209
94.1213607788086,85.7741928100586,95.689697265625,36.3832740783691,98.9391860961914,81.896614074707,83.4142837524414
118.720001220703,75.370002746582,60.7000007629395,127.660003662109,52.5999984741211,62.060001373291,120.209999084473
146.022216796875,163.722229003906,75.5666656494141,168.28889465332,159.277770996094,125.566665649414,123.900001525879
77.2670440673828,133.903411865234,86.2443161010742,130.931823730469,94.9318237304688,89.3125,28.8352279663086
102.75,99.2727279663086,63.7613639831543,100.295455932617,94.5568161010742,129.761367797852,19.5227279663086
117.570892333984,87.5705718994141,50.4208679199219,46.870906829834,104.989433288574,50.6324882507324,34.2591934204102
66.2008819580078,87.1088256835938,93.808967590332,153.049591064453,145.944671630859,91.8179016113281,64.0139846801758
100.769485473633,61.4126853942871,51.9839019775391,113.751312255859,81.950553894043,28.8710765838623,56.6430053710938
147.714462280273,108.833686828613,40.1800270080566,30.8148136138916,95.5119552612305,95.1346054077148,21.5378437042236
152.349838256836,185.557968139648,40.4364852905273,58.6026153564453,68.9616851806641,88.4207458496094,36.5949935913086
127.8720703125,136.94514465332,53.6271057128906,51.6279716491699,70.0383834838867,167.159469604492,55.0897331237793
102.337295532227,78.7815017700195,66.4416809082031,51.0862464904785,50.5527153015137,47.1570663452148,22.7229785919189
70.9275360107422,45.9322052001953,32.9583206176758,160.211761474609,161.582458496094,63.5473480224609,93.9513244628906
67.3288192749023,84.3029708862305,34.5110282897949,125.775993347168,131.020568847656,80.0236663818359,67.6516342163086
119.146087646484,84.2031478881836,51.3402328491211,34.4949607849121,61.8406982421875,53.6948890686035,23.0683994293213
119.953536987305,167.871231079102,46.1006164550781,47.304500579834,79.7202377319336,129.218414306641,55.7676887512207
75.5467224121094,133.292785644531,81.3011093139648,74.9218292236328,120.55158996582,84.5288391113281,63.8151473999023
109.188812255859,137.716156005859,50.988525390625,41.8580474853516,72.4858703613281,192.355697631836,59.5484886169434
88.2665100097656,155.247207641602,67.0651931762695,57.6476020812988,66.8995742797852,117.226898193359,52.9316024780273
102.150779724121,126.402809143066,71.3353729248047,74.6347045898438,57.3350639343262,176.232467651367,73.2181091308594
77.186897277832,117.919883728027,93.2306289672852,111.374450683594,126.457656860352,85.2085342407227,67.6568908691406
143.103210449219,63.5200004577637,57.2387428283691,34.9855842590332,67.8901519775391,63.0576591491699,17.9023571014404
69.6476593017578,33.7837600708008,28.7336959838867,164.150436401367,108.902214050293,60.4581451416016,83.8418350219727
122.5205078125,121.880493164063,55.0986137390137,56.4566764831543,107.315895080566,60.9996147155762,59.4967155456543
85.4472274780273,70.7421722412109,38.4429969787598,67.9366912841797,86.4180374145508,42.1846733093262,32.7457275390625
102.497802734375,137.552154541016,42.1008110046387,39.7392349243164,75.1355438232422,171.508911132813,49.9243202209473
132.968826293945,136.409072875977,76.8933792114258,49.5326728820801,86.1079025268555,132.582122802734,54.4450874328613
111.031112670898,143.402008056641,97.7462615966797,87.0654525756836,139.445037841797,32.6076736450195,18.5155544281006
150.66667175293,162.622222900391,71.033332824707,99.3444442749023,109.755554199219,24.966667175293,30.4444446563721
105.673416137695,133.162811279297,80.8555908203125,87.8052215576172,149.258911132813,35.6169700622559,15.2566738128662
114.254402160645,152.846176147461,112.282676696777,96.7135620117188,138.539688110352,26.4673881530762,24.5923500061035
122.443603515625,148.42155456543,90.0429382324219,88.7397384643555,154.741073608398,39.080638885498,26.9298000335693
103.858589172363,43.1313133239746,97.4646453857422,136.535354614258,163.141418457031,41.5252532958984,13.2121210098267
106.378883361816,142.874893188477,85.8133392333984,105.724655151367,169.220428466797,37.1177749633789,19.9631118774414
73.2259216308594,221.851852416992,77.022216796875,347.15185546875,142.21110534668,62.2407417297363,14.7518510818481
149.751388549805,173.125030517578,75.9465484619141,101.006423950195,139.359771728516,33.158447265625,33.3451499938965
102.902954101563,129.680786132813,81.2799682617188,89.2342910766602,166.291839599609,35.2621955871582,17.9720458984375
151.830337524414,156.677124023438,118.76570892334,64.4816360473633,212.507720947266,105.08731842041,11.8391342163086
62.6818199157715,86.5404052734375,124.116165161133,136.853546142578,157.277770996094,144.252532958984,52.5202026367188
45.8328247070313,87.1810607910156,131.890655517578,146.465667724609,154.947463989258,175.753021240234,111.694442749023
43.0643119812012,96.4276123046875,129.102020263672,107.780815124512,129.389907836914,213.97575378418,89.4548721313477
38.3394470214844,108.29638671875,107.756118774414,102.134719848633,116.366394042969,182.374176025391,84.7761077880859
50.0876579284668,106.950141906738,153.970657348633,156.918975830078,126.09935760498,109.572242736816,77.0660552978516
51.3636360168457,68.0363616943359,107.954544067383,145.136367797852,68.8272705078125,136.909088134766,80.8727264404297
64.4747467041016,88.0101013183594,120.050506591797,137.575759887695,154.727279663086,128.474746704102,51.0303039550781
69.5999984741211,63.5699996948242,136.570007324219,124.639999389648,77.8600006103516,127.349998474121,69.5899963378906
55.4931106567383,84.9571075439453,108.49666595459,157.692230224609,172.949325561523,98.4973373413086,90.9715576171875
49.7516632080078,76.212776184082,101.47777557373,123.058891296387,57.831111907959,145.174987792969,85.8050003051758
61.1717185974121,50.7777786254883,131.303024291992,142.030303955078,170.101013183594,186.424240112305,68.9292907714844
160.724151611328,118.977729797363,47.6727142333984,109.551300048828,96.0803985595703,20.365385055542,35.9460372924805
107.392860412598,160.309524536133,161.142852783203,175.357147216797,117.726188659668,312.678558349609,250.714279174805
93.7402572631836,129.415588378906,129.103897094727,111.025970458984,123.363639831543,408.753234863281,246.662338256836
174.108581542969,111.571174621582,57.9588851928711,123.329193115234,110.514770507813,16.9073734283447,45.5582122802734
70.697998046875,78.1382217407227,28.3691139221191,109.481552124023,149.449783325195,73.3268890380859,100.817771911621
46.5681838989258,76.9318237304688,137.977279663086,154.981811523438,111.431823730469,146.386352539063,77.2727279663086
92.4114456176758,106.86531829834,50.8804740905762,86.9215469360352,116.315155029297,109.498321533203,21.3781147003174
118.00171661377,77.8145446777344,90.354133605957,147.078994750977,144.744445800781,64.8036422729492,95.1339340209961
139.420455932617,91.1780014038086,82.9046630859375,161.365325927734,189.968231201172,69.226448059082,79.0228881835938
139.627777099609,79.9155578613281,60.928150177002,188.962600708008,157.713317871094,67.6933288574219,88.2122192382813
153.989166259766,97.4172210693359,72.008056640625,179.809173583984,182.221389770508,116.347503662109,91.2013931274414
59.0424995422363,105.921951293945,57.2250061035156,147.584594726563,202.853179931641,58.1158332824707,41.4427795410156
121.673301696777,138.848907470703,59.7068061828613,172.538436889648,176.574447631836,123.744651794434,47.4391403198242
62.8150024414063,104,104.919998168945,214.324996948242,220.705001831055,68.5200042724609,107.080001831055
142.497283935547,80.3957748413086,74.9946060180664,212.693084716797,221.991546630859,119.67448425293,80.8176727294922
96.9933319091797,82.5255508422852,106.376388549805,47.3402786254883,127.168327331543,96.8555603027344,73.6252746582031
84.6100006103516,82.2968292236328,106.322067260742,70.8928604125977,151.457778930664,102.715713500977,73.1477737426758
127.938331604004,101.954444885254,117.681663513184,178.650543212891,189.593322753906,102.402221679688,91.2577819824219
88.3351974487305,88.802116394043,155.773513793945,74.1189193725586,134.279830932617,117.659950256348,79.5727462768555
101.180519104004,90.4863128662109,125.351959228516,136.36328125,173.967178344727,113.6943359375,68.6119155883789
140.607070922852,151.816925048828,106.014389038086,277.292175292969,113.745452880859,76.0277786254883,23.3696975708008
87.5699996948242,110.900001525879,104.639999389648,95.4000015258789,305.829986572266,118.75,90.1500015258789
79.0916748046875,76.9918212890625,112.251281738281,67.5688934326172,118.145034790039,108.842483520508,76.9394989013672
58.8500022888184,93.5308380126953,27.1680545806885,142.946105957031,202.322509765625,45.3277778625488,43.5877799987793
110.897850036621,127.363052368164,44.2532005310059,181.926300048828,213.364044189453,118.438499450684,28.8290195465088
54.0614166259766,97.115852355957,45.0915489196777,184.232009887695,182.436965942383,40.6029319763184,41.8317184448242
101.763641357422,226.206405639648,32.9888877868652,127.708076477051,184.417526245117,85.1922607421875,70.0343399047852
140.370544433594,187.567184448242,25.1372051239014,128.490905761719,163.741760253906,68.385856628418,17.0924243927002
125.037803649902,203.155548095703,23.941858291626,126.011070251465,169.136428833008,65.0010833740234,38.8248977661133
142.572219848633,192.961120605469,114.177780151367,168.133331298828,182.483337402344,241.183319091797,49.9833297729492
117.308883666992,181.066680908203,88.2977752685547,392.711120605469,124.993324279785,41.2222213745117,7.29111099243164
108.874076843262,156.159255981445,76.9888916015625,251.496292114258,143.755554199219,33.6000022888184,5.71111106872559
178.921356201172,319.394256591797,168.435791015625,77.7891845703125,519.950012207031,99.7265472412109,11.9418468475342
146.34342956543,213.879791259766,157.921203613281,80.9275207519531,434.128784179688,103.363639831543,12.2760095596313
161.726150512695,313.440002441406,190.802169799805,104.987655639648,543.103393554688,142.710815429688,7.85458374023438
159.600692749023,272.532043457031,172.204193115234,160.574188232422,540.791809082031,102.882675170898,14.1750583648682
64.879997253418,67.9566650390625,51.1266670227051,72.6533279418945,154.029983520508,71.0400009155273,73.5400009155273
82.5744476318359,95.4558410644531,24.6350002288818,84.2852783203125,175.196929931641,71.2402801513672,90.7508316040039
53.6863327026367,84.2569808959961,162.567199707031,150.475555419922,81.5767974853516,141.679794311523,35.4643859863281
48.1189994812012,97.9485015869141,118.120208740234,146.704391479492,90.4841079711914,103.233833312988,31.5741481781006
40.6566162109375,89.8596420288086,78.2062911987305,153.676818847656,134.135787963867,83.1886367797852,39.9422454833984
40.5962753295898,82.10791015625,71.429328918457,142.169082641602,150.299377441406,76.5273132324219,37.4537696838379
40.2901039123535,102.505569458008,168.565231323242,116.57706451416,78.7553787231445,85.0302963256836,32.4908752441406
77.1965103149414,44.1881523132324,47.4752502441406,165.002456665039,102.486267089844,98.7130355834961,76.001823425293
82.4391403198242,125.260375976563,55.6356773376465,213.586410522461,268.797668457031,122.194442749023,56.0611114501953
67.4162979125977,119.831481933594,105.058891296387,124.060752868652,231.664077758789,95.3503723144531,47.1622200012207
95.3777084350586,185.930694580078,47.2121353149414,114.609802246094,190.868240356445,49.7137031555176,23.2105197906494
82.4955520629883,148.431976318359,66.299201965332,72.8518829345703,146.453399658203,65.0654907226563,24.5352611541748
117.955543518066,205.978958129883,26.4754734039307,146.908386230469,217.777038574219,53.7245483398438,24.2969150543213
186.441375732422,115.45255279541,68.9273223876953,95.3599472045898,48.5650253295898,24.9114646911621,10.0861873626709
184.542465209961,168.768692016602,123.624084472656,131.20832824707,206.92529296875,108.440490722656,33.4712104797363
149.119415283203,127.192390441895,20.1861114501953,57.429386138916,153.182540893555,100.680397033691,5.17541027069092
56.8036117553711,54.838939666748,81.1495208740234,140.304214477539,66.6088638305664,88.2814025878906,19.5521335601807
76.6489562988281,129.335922241211,146.593719482422,241.6845703125,104.267669677734,121.504371643066,25.6374568939209
106.815605163574,63.7532997131348,84.6855316162109,134.459030151367,119.534080505371,56.4787712097168,67.1339340209961
49.9033966064453,80.5267181396484,81.8512802124023,144.524658203125,88.1470489501953,82.2000122070313,17.297643661499
93.239372253418,81.1475372314453,85.982421875,121.508934020996,95.2568511962891,74.0337905883789,49.4053001403809
60.977237701416,57.8421974182129,83.8137664794922,97.2707977294922,33.4132919311523,78.6915435791016,26.5241432189941
55.6438941955566,52.2779502868652,88.2883377075195,121.038436889648,45.8172378540039,79.5630645751953,30.6431846618652
59.043270111084,83.4272613525391,107.53018951416,55.7470855712891,44.7757453918457,93.2389602661133,68.7919616699219
57.7142791748047,61.247486114502,115.329193115234,118.238304138184,57.8972816467285,66.3931045532227,59.8552856445313
67.0495986938477,65.1876983642578,63.1170043945313,136.747024536133,74.5757446289063,74.393669128418,22.1794528961182
62.3474311828613,73.3075866699219,117.057395935059,154.95491027832,75.8746795654297,81.2683029174805,46.9691505432129
55.455883026123,92.7313079833984,75.314208984375,151.208602905273,92.6425857543945,102.35230255127,33.1181869506836
71.3000030517578,85.533332824707,124.422225952148,81.8333358764648,132.322219848633,108.911109924316,79.8333358764648
68.5827331542969,59.0294494628906,33.2877006530762,108.364318847656,125.642799377441,64.3725967407227,72.062141418457
69.3481597900391,52.3756904602051,36.5440368652344,128.274368286133,118.388763427734,45.215518951416,57.5083961486816
66.769645690918,36.6741333007813,40.2356033325195,166.802764892578,82.0064849853516,52.5420227050781,65.7543640136719
36.4646453857422,101.545455932617,113.010101318359,90.5252532958984,93.080810546875,161.737380981445,74.1717147827148
103.630676269531,118.829544067383,221.204544067383,149.022735595703,185.181823730469,153.806823730469,73.4772796630859
175.265182495117,125.073997497559,80.0447158813477,52.0761108398438,103.887344360352,17.8461227416992,127.102584838867
166.78645324707,127.807334899902,189.522888183594,223.457794189453,37.4942245483398,5.51844453811646,165.621551513672
195.210006713867,145.309997558594,71.9100036621094,62.060001373291,108.029998779297,18.8799991607666,113.889999389648
168.255081176758,106.186882019043,114.455909729004,184.489517211914,53.6026763916016,6.65277719497681,200.563949584961
157.296020507813,125.036468505859,102.751091003418,264.106475830078,54.6347618103027,12.0502147674561,119.219612121582
200.540725708008,127.567405700684,42.5296287536621,60.1362915039063,61.1714820861816,14.3688888549805,133.927032470703
156.645278930664,134.827911376953,52.0495147705078,77.7172622680664,80.9915618896484,28.0328483581543,128.975799560547
188.188674926758,149.588165283203,60.0137710571289,119.448249816895,46.5309410095215,16.3557567596436,116.267707824707
225.282241821289,143.969512939453,69.761100769043,97.4109573364258,35.3973007202148,23.6876182556152,138.242065429688
230.655578613281,118.78401184082,80.1756820678711,89.4739761352539,47.5751914978027,34.0317535400391,76.6303939819336
165.760803222656,111.320098876953,110.804595947266,209.903854370117,47.9033813476563,5.6057071685791,229.456344604492
138.819091796875,82.663932800293,39.8808097839355,74.909797668457,81.5172805786133,15.4384851455688,112.255958557129
190.268417358398,162.039352416992,58.976016998291,98.904899597168,22.3647232055664,11.5692586898804,134.446472167969
197.950012207031,170.996734619141,95.5913619995117,90.9046173095703,19.2674350738525,7.65461540222168,140.247344970703
219.951110839844,184.784881591797,81.3123626708984,96.4447250366211,32.1909713745117,18.1650009155273,137.326812744141
128.73046875,108.931358337402,117.243644714355,85.6399993896484,129.274215698242,33.8988914489746,111.436027526855
289.5,77.4555587768555,97.3333358764648,99.2777786254883,35.033332824707,24.7555561065674,125.577774047852
156.380004882813,121.319999694824,42.189998626709,187.580001831055,73.3899993896484,6.69999980926514,131.440002441406
313.468444824219,96.0176849365234,74.1704559326172,65.1010131835938,61.2671737670898,32.3138885498047,82.2628784179688
224.18505859375,130.929489135742,85.3010635375977,73.8856353759766,52.5671043395996,12.0105466842651,82.4175491333008
168.320007324219,112.887329101563,122.986228942871,147.079986572266,65.1384429931641,18.6026649475098,166.396438598633
162.103897094727,91.1443023681641,47.5601387023926,94.4963836669922,119.479301452637,10.3184719085693,136.380828857422
162.33967590332,94.6933670043945,45.8348693847656,133.335922241211,71.5569839477539,18.8903179168701,132.37580871582
164.284408569336,94.9896240234375,107.88158416748,163.984954833984,46.2904319763184,16.658317565918,170.186401367188
141.666442871094,141.345626831055,167.679641723633,88.9638748168945,116.841278076172,55.7480812072754,126.603691101074
229.703582763672,160.011596679688,83.9793853759766,93.4450607299805,42.8493804931641,26.5888900756836,151.894821166992
258.941101074219,87.3577728271484,101.214447021484,82.2716674804688,29.1133346557617,14.9966659545898,126.016662597656
155.117782592773,106.218193054199,119.911247253418,181.778472900391,55.3595848083496,10.9877786636353,225.117218017578
130.384994506836,109.782165527344,125.437118530273,176.368927001953,79.5801696777344,29.5886688232422,150.269683837891
158.585144042969,103.270141601563,79.2631912231445,126.78931427002,60.7873573303223,13.4094438552856,149.061798095703
194.336883544922,106.70344543457,94.4592132568359,168.47883605957,54.4861145019531,7.71849966049194,192.739471435547
169.600128173828,120.575912475586,99.2746276855469,225.865386962891,33.7690582275391,5.03912019729614,209.83576965332
145.352645874023,102.582588195801,129.311706542969,122.956153869629,76.1529922485352,22.3251438140869,122.049613952637
150.278411865234,81.837287902832,36.6256332397461,115.799255371094,73.9579010009766,12.8024921417236,124.852249145508
164.200256347656,149.019317626953,41.0007705688477,102.816246032715,64.3239288330078,14.5156402587891,136.604263305664
208.33869934082,158.992416381836,76.260368347168,90.2907409667969,61.033519744873,16.7862949371338,121.237403869629
236.095123291016,138.021331787109,96.3415679931641,119.14176940918,69.2708892822266,45.877555847168,95.9477767944336
235,134.588897705078,71.6055526733398,85.5555572509766,31.8055572509766,17.1222229003906,92.0833282470703
188.433319091797,89.2138900756836,79.2469482421875,126.388053894043,40.4324989318848,10.8844442367554,136.247787475586
166.058044433594,117.690063476563,42.3345146179199,130.49919128418,90.5396423339844,7.8403148651123,126.756385803223
163.75,121.5,193.5,231.350006103516,43.3300018310547,7.40000009536743,169.089996337891
122.440475463867,70.7458190917969,77.8850708007813,70.7625122070313,99.1958999633789,24.2320404052734,89.8906860351563
150.644165039063,75.8415222167969,58.4638862609863,136.143463134766,55.5905532836914,71.9862442016602,149.011657714844
254.674987792969,124.260559082031,61.6511116027832,59.9238891601563,60.9355545043945,11.9333324432373,73.4394454956055
208.048202514648,156.612457275391,76.2056579589844,114.543319702148,51.3716697692871,21.0201072692871,128.101348876953
207.696395874023,147.158874511719,47.7337188720703,65.9497222900391,49.6844291687012,5.66267490386963,107.09001159668
193.465744018555,155.861282348633,59.0418510437012,133.822036743164,27.0818500518799,16.968334197998,181.105361938477
165.537857055664,124.915214538574,104.23983001709,243.479141235352,38.6290588378906,8.68085384368896,151.553939819336
199.940002441406,101.166664123535,76.8233337402344,144.280014038086,43.1833343505859,7.48000001907349,136.943344116211
276.333343505859,122.166664123535,98.3888854980469,70.3777770996094,54.6222229003906,18.5222225189209,123.033332824707
148.756790161133,128.416229248047,38.0525894165039,85.1309356689453,72.5663833618164,23.0489597320557,142.350646972656
190.389999389648,164.649993896484,63.0900001525879,57.0800018310547,68.8499984741211,12.6499996185303,102.269996643066
301.065002441406,108.936111450195,66.2038879394531,76.9555511474609,68.5038909912109,14.9899997711182,68.4261169433594
206.413436889648,138.861236572266,77.6009826660156,94.9292526245117,41.6486396789551,26.8920974731445,139.292724609375
163.126113891602,101.508888244629,115.948333740234,205.637222290039,36.7544441223145,22.147777557373,133.535552978516
185.998275756836,140.618194580078,61.817813873291,110.747337341309,46.6755981445313,8.32556915283203,119.929069519043
194.364074707031,153.748886108398,60.5496292114258,111.459999084473,33.4753074645996,14.6671600341797,146.00309753418
247.641326904297,131.971771240234,71.7519989013672,80.2266693115234,54.64599609375,20.1422214508057,73.2666702270508
140.803497314453,135.722244262695,134.587585449219,250.794387817383,58.4495239257813,5.07764291763306,128.300918579102
158.609237670898,78.3432464599609,52.7433319091797,121.091400146484,80.6123123168945,23.2866668701172,105.221473693848
182.411636352539,178.415374755859,96.5869522094727,68.8174819946289,88.7691192626953,37.3425750732422,116.480812072754
156.189437866211,104.84546661377,51.7155456542969,157.17626953125,67.4169082641602,16.9541263580322,137.10905456543
254.471862792969,115.109443664551,89.7086181640625,70.0209274291992,52.7691650390625,31.0947208404541,86.1787948608398
301.491333007813,81.7808837890625,67.9769287109375,77.6658554077148,41.8163566589355,25.5019550323486,109.01342010498
175.817138671875,131.13249206543,109.45694732666,213.641036987305,39.3872261047363,14.2025918960571,154.050933837891
152.687561035156,132.575775146484,147.601989746094,221.085540771484,36.952220916748,5.68377780914307,145.407775878906
170.726028442383,79.0966644287109,94.2689056396484,77.5843048095703,53.9168395996094,23.3067283630371,114.339431762695
124.870124816895,212.063598632813,151.572738647461,141.439865112305,68.5362167358398,56.4916343688965,74.6017456054688
124.14714050293,203.988830566406,138.677261352539,122.671691894531,77.8374481201172,56.0119247436523,67.4907913208008
153.850372314453,158.586669921875,159.536819458008,117.276664733887,127.833251953125,54.1220741271973,119.179191589355
156.471481323242,200.787826538086,155.276321411133,107.378890991211,63.2226486206055,48.3990173339844,96.9057006835938
179.215438842773,187.585861206055,132.036392211914,177.582931518555,49.8936080932617,14.6609239578247,119.535499572754
122.861526489258,170.363143920898,203.793563842773,168.843276977539,90.1639099121094,46.2300567626953,93.6437454223633
132.459991455078,172.625,215.725006103516,205.229995727539,102.129997253418,43.8400001525879,92.6500015258789
143.861099243164,210.45849609375,159.093002319336,205.084503173828,52.754207611084,31.6563453674316,110.574523925781
129.41960144043,179.416259765625,89.3978881835938,143.754974365234,18.9342555999756,26.9832820892334,111.307754516602
134.007369995117,184.623641967773,181.706848144531,174.585113525391,69.0423126220703,52.4542999267578,128.163787841797
140.215103149414,197.642517089844,215.763488769531,146.605316162109,39.2384376525879,51.9502105712891,99.874267578125
247.166656494141,155.388885498047,106.783332824707,204.022216796875,33.1888885498047,68.9388885498047,113.466667175293
99.832145690918,153.688140869141,53.3210067749023,94.4315948486328,72.3032379150391,61.6419448852539,105.33568572998
105.371109008789,206.929443359375,154.337219238281,219.646667480469,54.179443359375,58.7972221374512,99.211669921875
112.982215881348,152.440567016602,145.267486572266,163.061401367188,82.7508316040039,64.5288848876953,109.656661987305
272.045562744141,122.934631347656,112.416297912598,92.2594528198242,42.9537048339844,54.5703735351563,88.9038925170898
154.92805480957,206.544158935547,152.561950683594,193.238067626953,37.3783340454102,50.6383323669434,107.561943054199
114.777160644531,207.815277099609,151.936584472656,224.679443359375,44.2010078430176,29.1566200256348,94.8879547119141
185.471939086914,165.174575805664,144.310699462891,168.122222900391,41.6334762573242,17.8556938171387,114.287925720215
105.199928283691,206.942474365234,190.085174560547,219.482055664063,37.895149230957,58.433967590332,84.5235595703125
140.243179321289,199.72380065918,194.838104248047,204.408233642578,78.8274612426758,47.4587326049805,87.2820663452148
152.470001220703,228.860000610352,162.399993896484,101.540000915527,39.5800018310547,79.620002746582,115.720001220703
148.796997070313,118.933776855469,122.441673278809,137.504348754883,92.4932174682617,37.9786682128906,141.813568115234
106.276809692383,203.474868774414,157.958755493164,119.325073242188,51.3606910705566,42.3463363647461,90.4278030395508
169.958999633789,165.859634399414,90.2001266479492,102.150184631348,25.0762405395508,28.1690883636475,119.193344116211
102.362968444824,133.56852722168,69.3551864624023,160.78630065918,69.4366683959961,58.3274078369141,91.1100082397461
133.20866394043,109.022888183594,82.8359909057617,145.379119873047,53.2033309936523,45.0695571899414,177.623992919922
98.4022216796875,165.261657714844,61.4722213745117,93.0033264160156,75.820556640625,72.6272201538086,127.468887329102
144.382659912109,191.982696533203,202.193954467773,161.027709960938,42.1067390441895,50.9561157226563,98.1565093994141
105.845115661621,133.633331298828,80.8639984130859,196.088226318359,72.6737823486328,57.2037773132324,108.458450317383
129.266662597656,187.35139465332,182.071395874023,186.52360534668,80.1958312988281,43.924446105957,88.8675003051758
146.920227050781,134.912673950195,148.724456787109,116.86043548584,113.342002868652,52.6313362121582,135.662445068359
141.428344726563,190.491119384766,117.483383178711,189.657775878906,52.4912109375,69.4142456054688,107.967681884766
128.733337402344,100.444442749023,81.8388900756836,178.894439697266,53.1611099243164,27.3222236633301,166.938888549805
310.936370849609,100.794044494629,78.0731811523438,106.552757263184,68.1844024658203,41.0556678771973,84.8521881103516
125.689079284668,125.924240112305,116.296363830566,163.768692016602,86.104248046875,50.6023178100586,124.430000305176
98.4467697143555,186.424880981445,184.218719482422,140.203643798828,40.1920166015625,50.957103729248,83.3525619506836
100.535568237305,206.256652832031,148.124786376953,241.938659667969,54.2611618041992,57.5274658203125,113.887084960938
112.563484191895,160.729904174805,167.392669677734,177.467514038086,55.4803886413574,57.3354873657227,124.765426635742
94.9400024414063,125.639999389648,56.0400009155273,162.660003662109,84.7399978637695,56.2400016784668,126.870002746582
154.920364379883,149.983703613281,78.8633346557617,117.666664123535,34.8377799987793,25.5933322906494,145.253707885742
138.943771362305,182.634689331055,136.468017578125,155.621887207031,75.6542129516602,71.8198623657227,123.538047790527
177.809997558594,166.770004272461,115.75,107.849998474121,23.9799995422363,11,128.800003051758
113.634666442871,194.22265625,163.17643737793,186.655548095703,74.4222259521484,46.9357757568359,86.1031112670898
175.481231689453,180.256973266602,129.606872558594,95.4043502807617,110.421279907227,51.6470527648926,102.997734069824
177.555557250977,112.777778625488,73.5,112.055557250977,113.5,72.8666687011719,120.955558776855
92.8606109619141,211.007476806641,206.234771728516,179.904449462891,50.1248474121094,65.2785873413086,81.5286865234375
145.008224487305,137.321762084961,167.929183959961,137.5078125,87.7731552124023,38.0140724182129,107.548583984375
124.895004272461,201.337219238281,180.114166259766,164.415557861328,73.0280609130859,53.5911102294922,77.138053894043
107.752502441406,143.390823364258,84.7489929199219,28.9696426391602,128.253112792969,92.7294616699219,155.520553588867
109.327682495117,119.600929260254,120.191444396973,40.7417449951172,95.3817367553711,71.2755584716797,168.754592895508
155.479797363281,101.404037475586,136.520202636719,122.303031921387,52.1515121459961,33.6060600280762,166.969696044922
95.3843460083008,150.69856262207,66.2592239379883,73.2787933349609,165.204284667969,63.8366737365723,143.139068603516
141.539520263672,91.8358383178711,88.2450866699219,70.3806838989258,55.4274482727051,23.4147930145264,135.364700317383
121.148468017578,81.2386932373047,124.272193908691,72.7151641845703,50.2433204650879,36.0195236206055,167.659332275391
121.873687744141,111.036331176758,74.3810501098633,47.8775901794434,83.1771545410156,63.8781127929688,160.109680175781
126.909622192383,108.843879699707,177.452392578125,173.349761962891,40.7829475402832,42.6136894226074,157.499252319336
120.601455688477,79.7057342529297,139.678787231445,130.271850585938,39.3550758361816,27.5770778656006,160.877624511719
98.2539749145508,114.636253356934,58.771858215332,29.0004634857178,156.072631835938,73.3504867553711,110.234085083008
110.34211730957,87.8283386230469,173.187103271484,100.150344848633,55.1318130493164,67.2081146240234,140.750640869141
114.209701538086,111.018508911133,54.4134826660156,49.0735855102539,112.708389282227,67.3840942382813,144.674499511719
94.8079452514648,127.526069641113,48.5849151611328,94.5888977050781,149.049560546875,74.3861312866211,139.774887084961
106.131851196289,147.138854980469,84.8066864013672,42.3597412109375,139.259735107422,72.1353149414063,148.739654541016
143.437469482422,110.532241821289,88.8813400268555,165.373458862305,51.0429725646973,38.0130844116211,101.190299987793
122.114471435547,109.986640930176,104.608940124512,81.9468612670898,87.8707733154297,48.6226043701172,165.316497802734
95.5471649169922,108.117782592773,74.3523101806641,27.6287536621094,156.167465209961,81.2532196044922,122.412719726563
130.684906005859,117.459419250488,179.038619995117,189.575164794922,42.030158996582,51.7258987426758,162.941986083984
94.0767059326172,107.173202514648,82.9438781738281,21.2239398956299,173.190338134766,80.7898635864258,99.6299896240234
142.562774658203,91.9355621337891,158.2177734375,168.319442749023,37.3505554199219,34.156665802002,140.623901367188
155.663375854492,102.294784545898,119.093002319336,173.675033569336,59.3177032470703,37.0048217773438,92.087890625
93.8361434936523,141.749816894531,61.8201370239258,84.6327133178711,199.932113647461,115.648178100586,145.149307250977
111.265464782715,121.052680969238,70.1587066650391,52.3602714538574,103.450073242188,75.053581237793,140.881683349609
120.715614318848,77.7089233398438,181.151596069336,166.296829223633,40.1684837341309,20.6267948150635,163.692276000977
141.31005859375,61.1452560424805,44.7050514221191,113.469299316406,45.7452545166016,94.2353515625,108.684143066406
88.6585845947266,119.70255279541,120.165901184082,16.3776340484619,228.90348815918,86.8332824707031,101.055000305176
126.722267150879,86.2397232055664,146.733108520508,217.225540161133,79.4549865722656,15.0481977462769,151.668243408203
76.8023223876953,106.670692443848,100.889175415039,24.1163635253906,198.912567138672,84.7006530761719,104.990768432617
118.413047790527,94.3486099243164,174.329437255859,191.489242553711,33.0669174194336,34.0223503112793,157.259292602539
128.015899658203,104.86442565918,139.524169921875,157.784164428711,58.6204986572266,55.0128135681152,155.126022338867
106.922828674316,97.2416763305664,149.960968017578,63.422981262207,85.59130859375,54.2062149047852,147.539947509766
127.959693908691,116.974746704102,141.030914306641,96.971923828125,88.6368713378906,43.6377792358398,179.489807128906
119.285865783691,120.153198242188,47.374683380127,74.0151443481445,99.8049163818359,62.8971710205078,149.247604370117
112.818572998047,92.6922149658203,134.09733581543,70.2544326782227,87.7199478149414,38.8103866577148,159.478240966797
106.720191955566,150.463272094727,65.0201110839844,70.2118759155273,148.342910766602,61.4805564880371,147.465560913086
111.308448791504,99.2666625976563,104.105995178223,30.9040203094482,105.376159667969,56.7398109436035,145.606170654297
109.099662780762,108.936080932617,81.8042678833008,51.2628440856934,114.995849609375,50.8850708007813,146.997177124023
113.583610534668,103.448539733887,127.123832702637,55.0042533874512,105.512718200684,56.8722114562988,140.916763305664
122.634941101074,143.439315795898,98.0404434204102,69.5914916992188,121.232490539551,101.196098327637,160.622619628906
140.995559692383,78.413703918457,45.35888671875,100.700187683105,51.2024116516113,101.321105957031,110.137214660645
137.056060791016,108.990905761719,123.050498962402,128.796173095703,55.0380210876465,44.5919876098633,178.859527587891
102.445457458496,92.3680114746094,69.4375762939453,19.7000007629395,128.248825073242,50.316764831543,129.133941650391
92.4738159179688,126.230659484863,53.4594116210938,72.5766754150391,193.951202392578,87.3941040039063,127.523666381836
123.248664855957,100.707572937012,63.424388885498,65.2161636352539,79.8879470825195,19.5824584960938,98.3965530395508
143.341400146484,110.548210144043,121.795127868652,169.494979858398,60.1070213317871,25.1346206665039,100.46891784668
106.50431060791,95.4239959716797,59.4391403198242,50.6879844665527,119.695686340332,46.4849472045898,135.111068725586
141.322219848633,86.5666656494141,32.3111114501953,26.7555561065674,48.0888900756836,92.0222244262695,131.755554199219
120.472007751465,103.014747619629,82.2338333129883,118.086524963379,52.5275917053223,32.2595100402832,104.474922180176
143.270446777344,108.673851013184,130.28791809082,159.566665649414,57.1058311462402,18.2820568084717,116.553421020508
118.189811706543,99.2017364501953,45.6379661560059,42.661262512207,73.3067932128906,46.0733375549316,109.402656555176
88.1640930175781,95.4155731201172,84.9262619018555,41.7155990600586,163.73974609375,57.6683349609375,124.498275756836
157.817230224609,62.5622215270996,36.1433334350586,67.0694427490234,53.4961090087891,92.4505615234375,123.142227172852
149.365234375,102.480186462402,113.441917419434,120.380004882813,50.592456817627,17.6029300689697,129.055419921875
135.463333129883,74.913703918457,67.4663009643555,127.153709411621,51.4862976074219,96.38037109375,118.436302185059
94.7394256591797,77.4773330688477,88.0927886962891,23.7847785949707,150.200012207031,89.0809860229492,120.029220581055
92.1674194335938,111.083839416504,69.8638916015625,36.4724731445313,117.106819152832,85.9790420532227,139.096969604492
128.59440612793,84.0488204956055,54.5454902648926,24.0871257781982,68.9712219238281,57.3374404907227,109.918670654297
140.373397827148,83.8181838989258,73.0880508422852,25.5186214447021,79.3487167358398,54.782657623291,109.999359130859
109.398727416992,112.244483947754,80.4716262817383,45.309684753418,113.714584350586,35.9696464538574,135.287734985352
131.601577758789,107.022254943848,108.767364501953,139.311126708984,72.2399597167969,59.0557136535645,171.579437255859
101.506286621094,135.786911010742,78.3413772583008,63.8128547668457,188.39616394043,97.6281127929688,130.453079223633
108.071113586426,128.190795898438,124.538063049316,62.0292930603027,108.025520324707,60.5554885864258,183.469223022461
123.148056030273,100.842361450195,112.98388671875,174.809722900391,32.367359161377,60.2301406860352,105.301239013672
99.8879241943359,98.683464050293,116.144142150879,25.1983661651611,147.724700927734,89.4567337036133,118.105995178223
97.2754745483398,102.121688842773,92.6718368530273,19.6904182434082,167.549057006836,83.3970031738281,121.431915283203
117.152725219727,99.1691589355469,138.803756713867,94.6378326416016,88.8243789672852,50.3476104736328,192.896636962891
82.1855392456055,97.0085678100586,77.0983963012695,19.1358089447021,206.338287353516,72.0112762451172,107.830085754395
104.260673522949,107.301620483398,66.4870376586914,22.9295272827148,161.51789855957,93.4790496826172,133.584899902344
101.858100891113,108.619644165039,58.1836738586426,22.1951885223389,156.253677368164,65.3884582519531,132.437454223633
115.443656921387,125.875770568848,93.7742767333984,71.0715408325195,107.123870849609,83.9200744628906,149.990386962891
124.523101806641,90.8845062255859,65.5655822753906,63.4461822509766,102.559303283691,34.0980110168457,119.433990478516
131.817855834961,104.543098449707,130.35319519043,38.0296325683594,79.4845199584961,52.537036895752,154.492599487305
98.9354095458984,121.423721313477,47.8232498168945,71.0022735595703,155.11003112793,79.2870941162109,132.090606689453
137.618530273438,98.2516860961914,114.147506713867,178.350738525391,34.8756065368652,78.6182479858398,105.642959594727
101.444679260254,142.763809204102,83.878532409668,64.2928466796875,154.901382446289,85.9153594970703,154.712249755859
104.56071472168,95.873664855957,85.8461685180664,24.9651908874512,138.201065063477,95.7351455688477,119.231704711914
120.932579040527,119.115707397461,76.8297500610352,67.5111618041992,90.0297622680664,54.046459197998,166.542205810547
121.88639831543,87.7061309814453,93.5525970458984,72.5562286376953,84.1045837402344,27.809154510498,160.071472167969
146.53889465332,100.338882446289,71.5500030517578,29.7888889312744,100.577774047852,58.3499984741211,114.088882446289
121.73371887207,102.803573608398,58.2506523132324,89.212532043457,73.8185882568359,62.8216361999512,120.930648803711
116.46662902832,107.297515869141,82.8376922607422,28.4696960449219,109.533248901367,64.0505065917969,159.273742675781
98.8827743530273,93.3127822875977,91.7562484741211,76.682014465332,103.840530395508,58.9786720275879,138.212738037109
148.92919921875,110.863037109375,140.619079589844,113.682693481445,52.7160034179688,34.2338943481445,183.279006958008
93.6201324462891,116.102722167969,59.1401176452637,36.702823638916,196.272674560547,82.0007247924805,131.720809936523
129.533538818359,102.066802978516,93.7444534301758,108.655876159668,91.6694183349609,63.3476066589355,164.638931274414
112.377861022949,93.9338073730469,108.78067779541,26.8303909301758,106.989219665527,46.0484008789063,135.371292114258
169.065872192383,131.647842407227,138.24299621582,56.2295799255371,163.871047973633,38.2389640808105,99.5236892700195
161.460205078125,88.8192291259766,89.6402053833008,32.372013092041,101.05184173584,42.1379013061523,120.916885375977
128.198196411133,123.979232788086,79.0998382568359,47.0118179321289,42.0798416137695,64.0212631225586,134.885711669922
168.956558227539,95.7661590576172,82.3833312988281,46.8297996520996,62.7734870910645,56.2886390686035,65.9250030517578
214.66667175293,162.83332824707,141.744445800781,214.300003051758,195.533340454102,57.9777793884277,111.511108398438
145.478042602539,105.500221252441,66.9881820678711,33.7909126281738,52.6967697143555,47.0070915222168,128.227935791016
151.962188720703,134.368041992188,114.105422973633,26.4699878692627,121.447273254395,70.3055191040039,97.4580383300781
84.0568161010742,156.477279663086,122.613639831543,109.931816101074,81.2045440673828,68.9659118652344,133.954544067383
131.233489990234,129.857238769531,155.374572753906,91.8180160522461,210.512283325195,65.1053848266602,201.263809204102
105.046119689941,131.947479248047,81.956901550293,96.3582458496094,106.419532775879,101.502021789551,163.241073608398
176.689483642578,132.186721801758,120.156112670898,105.267166137695,137.770156860352,28.6266422271729,100.616539001465
70.3666687011719,154.144439697266,151.777770996094,103.011108398438,110.577774047852,98.1999969482422,158.011108398438
140.620697021484,132.281692504883,152.042434692383,103.463638305664,325.148864746094,92.6584548950195,124.450386047363
143.655548095703,223.266662597656,117.655555725098,109.800003051758,90.6333312988281,129.877777099609,180.111114501953
158.33332824707,129.522216796875,128.866668701172,93.7777786254883,74.6444473266602,147.022216796875,129.544448852539
144.579193115234,179.409088134766,167.316162109375,112.452125549316,265.717590332031,118.205665588379,110.040000915527
155.449295043945,141.836959838867,159.179397583008,96.2331314086914,308.291320800781,78.1911087036133,187.976165771484
117.386108398438,127.912216186523,157.735565185547,74.8649978637695,133.95166015625,69.1677780151367,197.245559692383
195.609100341797,119.162307739258,84.8364715576172,62.559253692627,96.0037155151367,68.1642456054688,119.631652832031
132.492431640625,201.973739624023,173.064147949219,104.321716308594,257.025268554688,115.412628173828,127.745452880859
92.4111099243164,137.5,157.522216796875,98.9777755737305,126.711112976074,74.7444458007813,174.522216796875
258.818176269531,136.101013183594,221.525253295898,149.121215820313,271.363647460938,0,65.3333358764648
206.405456542969,141.870147705078,185.399230957031,106.099899291992,234.466766357422,16.2777271270752,56.100456237793
196.575759887695,144.626266479492,194.202026367188,118.828285217285,283.989898681641,19.7575759887695,57.0404052734375
186.356063842773,119.565650939941,178.613632202148,95.2415771484375,232.618347167969,21.2466335296631,68.240234375
201.599655151367,147.897644042969,167.305725097656,107.569358825684,198.14208984375,13.0952863693237,55.9232330322266
228.025634765625,127.679916381836,198.245330810547,133.774490356445,217.434585571289,19.3353538513184,62.9409065246582
171.81672668457,119.044326782227,213.144012451172,123.516998291016,256.468414306641,18.8683624267578,65.1107330322266
188.510101318359,139.989898681641,227.095947265625,123.313125610352,236.1767578125,19.7020206451416,66.83837890625
202.648986816406,165.886352539063,195.285339355469,136.040405273438,198.754043579102,15.0080814361572,58.3808059692383
179.301177978516,127.14168548584,199.357559204102,104.401763916016,225.268600463867,19.2046699523926,72.4044952392578
163.603546142578,45.1780014038086,146.320220947266,63.7897758483887,39.7600021362305,14.1193332672119,194.252227783203
126.919998168945,116.669998168945,69.4000015258789,122.559997558594,73.9599990844727,57.4300003051758,95.9199981689453
167.378845214844,78.1291885375977,169.802597045898,71.4200744628906,62.7615509033203,34.20263671875,87.4836196899414
162.410003662109,46.1599998474121,300.149993896484,58.3400001525879,42.5400009155273,15.3000001907349,195.270004272461
103.093360900879,110.271492004395,75.7263259887695,81.5518951416016,60.1585998535156,37.9376258850098,82.7533798217773
84.1976776123047,129.562377929688,80.5644454956055,85.6039581298828,65.7185363769531,32.7324485778809,71.8928756713867
175.410003662109,47.1500015258789,181.149993896484,44.310001373291,77.4400024414063,16.8999996185303,123.930000305176
154.293762207031,81.0886306762695,148.738540649414,81.8446350097656,78.6848297119141,28.1059799194336,85.878059387207
167.781677246094,60.1160583496094,168.011611938477,53.2781753540039,64.8048095703125,21.4598484039307,102.883781433105
112.41667175293,89.6767654418945,87.2601013183594,98.6414108276367,160.398986816406,103.967178344727,126.085861206055
66.2815628051758,69.0672760009766,107.82642364502,45.5177230834961,174.062515258789,126.93473815918,45.6224899291992
106.318031311035,92.008903503418,107.106369018555,127.166206359863,122.149375915527,66.5804061889648,134.515884399414
117.725486755371,120.479598999023,82.2220001220703,75.8140716552734,187.421905517578,72.1991958618164,141.901275634766
118.168006896973,119.697135925293,92.0899047851563,94.8141403198242,166.53923034668,59.0658264160156,136.388549804688
67.9394378662109,88.914680480957,80.0325088500977,50.304931640625,260.514678955078,112.187278747559,63.3616828918457
46.3496856689453,37.5337677001953,82.0467834472656,50.629337310791,75.0703125,103.599319458008,33.0094947814941
101.998611450195,119.00227355957,97.7419509887695,68.161735534668,176.355590820313,68.6121520996094,141.586608886719
142.986862182617,151.146606445313,89.5363616943359,132.736358642578,142.086578369141,54.6630554199219,112.087585449219
119.672470092773,109.938255310059,121.848152160645,108.913795471191,92.8175735473633,60.6490249633789,115.298583984375
89.308464050293,79.9926071166992,119.523651123047,106.227699279785,89.1605072021484,54.1304740905762,128.696914672852
126.082489013672,105.787208557129,142.995956420898,92.7979736328125,61.7057228088379,51.149829864502,175.529296875
109.832824707031,93.0254211425781,122.282997131348,120.212738037109,92.1404495239258,72.1408996582031,140.255264282227
117.680656433105,137.267837524414,102.884696960449,129.32292175293,122.48592376709,53.3225898742676,114.440361022949
87.5904312133789,117.583030700684,119.244575500488,30.0273628234863,188.258682250977,77.2435760498047,119.136901855469
100.489044189453,79.0623626708984,96.9390563964844,59.86767578125,272.443450927734,90.3066940307617,99.8438034057617
64.0858001708984,91.8572387695313,69.9430999755859,38.303596496582,201.647872924805,113.972015380859,55.4296722412109
125.02912902832,108.985908508301,99.7610321044922,124.060600280762,164.559631347656,56.8024139404297,114.46800994873
93.9902191162109,120.161109924316,72.0222244262695,78.9636993408203,195.61979675293,67.9775848388672,81.1077728271484
82.5784225463867,91.7986907958984,111.04695892334,58.552173614502,123.14289855957,69.6636962890625,120.145118713379
126.871604919434,112.142066955566,80.4187393188477,83.4541168212891,189.650177001953,63.3743057250977,147.950469970703
103.979164123535,90.75,80.78125,114.114585876465,177.51042175293,106.708335876465,103.8125
123.201721191406,99.5738754272461,134.397827148438,128.233856201172,79.5320281982422,80.4499969482422,151.353240966797
98.1131439208984,113.32527923584,109.72859954834,75.5811233520508,176.905044555664,69.8697967529297,117.845481872559
122.324249267578,120.236686706543,82.1061859130859,88.1290435791016,202.173309326172,67.2037887573242,126.043823242188
95.5277328491211,96.2699584960938,118.627288818359,27.3397006988525,175.200622558594,73.558235168457,129.820098876953
139.819519042969,138.51301574707,170.316360473633,103.905838012695,101.83837890625,52.8319854736328,126.762069702148
69.5395965576172,56.4234390258789,118.281227111816,76.68359375,156.834182739258,119.641395568848,41.6449699401855
78.0626831054688,85.0033645629883,116.856628417969,59.2457656860352,206.850296020508,109.841743469238,59.5208625793457
109.138298034668,99.5045623779297,83.8326568603516,75.0356063842773,224.571060180664,62.7186851501465,128.60237121582
111.952972412109,83.7459487915039,88.3881301879883,61.0006675720215,290.733306884766,69.2588806152344,124.045471191406
120.52725982666,128.060256958008,99.1599349975586,131.404037475586,144.70573425293,49.9360237121582,110.662292480469
78.2260131835938,74.7490539550781,91.8732070922852,25.7261180877686,156.1845703125,75.8439559936523,106.656463623047
124.704032897949,113.44856262207,85.5110244750977,82.398063659668,196.042861938477,60.0494117736816,128.698059082031
93.583381652832,91.2620849609375,93.8306198120117,55.6511611938477,196.812347412109,105.659538269043,88.3330688476563
108.12525177002,116.770195007324,113.140647888184,119.329048156738,112.652412414551,59.7998390197754,117.450225830078
72.2002334594727,80.9057998657227,108.084609985352,45.2881011962891,201.120208740234,122.594802856445,50.6082000732422
77.6875457763672,88.3646392822266,89.6567687988281,50.4269027709961,217.28678894043,115.716041564941,59.9479446411133
64.5976638793945,58.1938552856445,120.171699523926,37.73046875,140.012756347656,130.758499145508,38.9484100341797
101.173377990723,104.886100769043,113.039115905762,136.61833190918,118.078475952148,57.806713104248,122.90843963623
103.47615814209,105.901741027832,84.8098297119141,81.8101272583008,124.490341186523,78.7439117431641,124.34806060791
72.4512557983398,96.1689605712891,64.7740783691406,59.7935905456543,233.486373901367,93.3672943115234,69.8339004516602
175.836730957031,151.466506958008,132.703994750977,58.5964241027832,227.547439575195,36.0964164733887,46.3564338684082
232.693572998047,130.196350097656,174.320083618164,117.901390075684,220.748336791992,59.1747436523438,43.6781578063965
186.794448852539,124.861106872559,153.149993896484,82.1166687011719,234.800003051758,29.716667175293,59.5722198486328
168.96240234375,100.641807556152,155.099197387695,85.7249908447266,214.035690307617,41.6010131835938,32.2949485778809
154.9375,131.75,211.037506103516,58.0999984741211,177.100006103516,24.3875007629395,73.9250030517578
159.747207641602,172.389389038086,132.283660888672,61.2951164245605,239.321899414063,59.6424255371094,51.180721282959
220.385864257813,130.152954101563,165.776626586914,103.553672790527,221.255996704102,44.8432884216309,52.3422813415527
185.538543701172,111.854187011719,134.103393554688,88.7477798461914,222.868621826172,42.9441413879395,39.9168663024902
156.194534301758,132.816299438477,126.639984130859,51.1961326599121,219.51676940918,48.5409965515137,38.9145622253418
174.431625366211,100.833694458008,150.111038208008,102.57935333252,264.675964355469,38.428825378418,47.9492874145508
262.124267578125,179.865142822266,233.635864257813,74.3292922973633,199.665649414063,42.2176742553711,49.1904067993164
215.384475708008,159.516693115234,124.623413085938,109.554130554199,76.673210144043,16.3392467498779,101.682327270508
371.212219238281,206.131134033203,156.988296508789,92.5703964233398,203.484100341797,56.9926223754883,121.686622619629
356.638580322266,221.925750732422,142.380737304688,68.8765411376953,248.424072265625,42.3043518066406,110.004348754883
201.044860839844,141.989288330078,115.756965637207,77.6661529541016,92.9980850219727,10.2447471618652,56.2735328674316
204.466659545898,118.777778625488,110.188888549805,178.522216796875,258.344451904297,57.966667175293,128.611114501953
185.195053100586,94.2918167114258,167.917892456055,153.685455322266,190.448089599609,26.267578125,117.978073120117
245.41975402832,196.037033081055,112.456787109375,91.1481475830078,186.592590332031,19.2098770141602,170.58024597168
155.872283935547,77.6507034301758,181.839096069336,98.2543869018555,77.63232421875,44.5164680480957,129.101913452148
222.611389160156,100.793472290039,155.525543212891,110.273880004883,240.364028930664,39.7081985473633,129.351943969727
194.479995727539,133.110000610352,137.600006103516,82.4499969482422,229.899993896484,56.9799995422363,104.440002441406
194.898544311523,98.0904769897461,240.627548217773,84.8842010498047,119.066261291504,21.749137878418,118.009544372559
219.289993286133,142.399993896484,109.849998474121,66.1399993896484,56.1399993896484,11.7700004577637,51.1399993896484
109.669403076172,178.221008300781,44.6453971862793,114.663436889648,98.8273620605469,80.0774230957031,132.001983642578
152.487777709961,103.650573730469,19.1352710723877,73.8086624145508,176.183670043945,82.2730178833008,147.05729675293
130.59098815918,99.1409149169922,22.6766681671143,56.5081901550293,146.897567749023,82.640007019043,106.18189239502
83.4636306762695,137.280944824219,43.2283668518066,93.7078247070313,133.089385986328,74.1493759155273,76.3616790771484
113.331214904785,133.033966064453,85.3855056762695,85.4924697875977,190.67756652832,98.619873046875,110.720321655273
118.229759216309,136.629104614258,90.344367980957,88.3591918945313,171.224655151367,80.3144760131836,118.368064880371
97.4222259521484,163.884368896484,152.513671875,88.4504470825195,88.5657272338867,65.6816482543945,183.635406494141
141.547637939453,107.534156799316,28.5583152770996,37.0591735839844,176.195220947266,90.9005279541016,123.400077819824
107.39030456543,154.212539672852,43.4964752197266,73.8866424560547,92.0974273681641,75.8800659179688,111.443946838379
113.090347290039,132.268051147461,80.1566009521484,80.4368057250977,158.288421630859,79.6009979248047,98.774169921875
113.088600158691,119.365036010742,71.4352951049805,49.6083793640137,196.814422607422,76.7258911132813,101.94255065918
101.269515991211,137.952072143555,91.3452911376953,79.6390533447266,147.459487915039,91.4864654541016,112.348045349121
85.9318618774414,150.833480834961,55.5061225891113,64.1551132202148,91.7523345947266,68.1765289306641,101.538993835449
101.869361877441,129.437408447266,95.9207992553711,74.2477188110352,82.8971176147461,98.1774063110352,136.731491088867
88.2740936279297,163.419998168945,56.1198883056641,98.0520401000977,174.477752685547,83.5068130493164,103.113868713379
89.2335357666016,153.980926513672,59.1899337768555,101.763557434082,163.983764648438,74.3654479980469,95.1206970214844
108.481864929199,114.213844299316,5.8988995552063,108.814125061035,160.336837768555,86.6202239990234,135.492340087891
96.0392150878906,170.338226318359,57.2901725769043,46.2120933532715,76.9301605224609,83.9106674194336,97.0997009277344
98.3983459472656,172.110900878906,41.1170539855957,131.044586181641,89.4026107788086,64.2309722900391,85.3937835693359
138.781555175781,103.754936218262,23.5306377410889,38.35791015625,194.889541625977,96.2120895385742,142.78010559082
94.6769943237305,163.911407470703,141.780395507813,109.948860168457,101.774627685547,89.5987396240234,120.759872436523
114.702613830566,102.616050720215,42.851016998291,57.0517768859863,153.177124023438,79.984130859375,95.3211898803711
96.9522399902344,130.038208007813,61.2565689086914,64.5757446289063,175.017700195313,74.2986450195313,98.6616592407227
124.576545715332,94.0472564697266,98.2628402709961,64.4409103393555,76.8230133056641,45.1480484008789,166.232192993164
112.490921020508,130.38005065918,124.935707092285,95.8376846313477,91.5350875854492,53.76025390625,165.144607543945
123.75,107.499618530273,78.0518951416016,50.2750015258789,50.5146522521973,59.1217193603516,181.647094726563
94.1329803466797,133.427658081055,27.9910011291504,127.144515991211,101.253868103027,69.101936340332,64.4949798583984
124.600952148438,112.152954101563,26.352014541626,41.5280151367188,213.781295776367,91.8021011352539,122.245994567871
127.174346923828,121.247451782227,42.8585586547852,82.61181640625,176.503265380859,73.8202743530273,110.669486999512
113.577598571777,139.042251586914,79.8945846557617,78.0724334716797,213.127227783203,62.4204139709473,105.66805267334
146.697250366211,81.8327865600586,94.1622543334961,36.85693359375,63.5639152526855,50.3751182556152,142.61735534668
89.0532379150391,160.588577270508,74.181396484375,57.0439682006836,82.5335006713867,62.8179512023926,98.9325408935547
105.583854675293,162.471145629883,92.6750564575195,74.7185974121094,115.465789794922,97.6040878295898,130.714797973633
92.0141372680664,143.575881958008,109.7470703125,128.776092529297,130.348587036133,59.9652938842773,112.410850524902
81.2619247436523,163.804214477539,36.679141998291,61.2613677978516,75.627799987793,67.5733032226563,76.196159362793
121.403137207031,118.260459899902,38.3157043457031,34.233039855957,219.774490356445,84.6539306640625,101.68628692627
87.9533843994141,137.872650146484,74.6294097900391,114.835403442383,149.013397216797,61.5075874328613,105.923751831055
120.659088134766,186.375,134.045455932617,164.818176269531,239.636367797852,87.0909118652344,61.9204559326172
41.7567291259766,34.4506568908691,60.526912689209,32.1159400939941,77.83056640625,119.096572875977,6.81500482559204
16.080171585083,19.1456470489502,69.3910064697266,23.8598804473877,51.7436485290527,62.8830299377441,0.719983696937561
39.7882118225098,29.3476829528809,85.0051498413086,46.4214324951172,56.4376411437988,120.602767944336,16.6246604919434
19.7734470367432,20.866268157959,57.7993125915527,59.9656829833984,116.678596496582,52.2320938110352,3.32148361206055
45.3240127563477,32.1386947631836,172.560470581055,25.0533676147461,30.8552799224854,136.194534301758,6.68500995635986
37.921947479248,35.7631797790527,116.309959411621,28.1296253204346,59.5037727355957,84.8606872558594,3.45754504203796
10.5235042572021,34.5954170227051,69.3748016357422,54.0557708740234,19.3717613220215,98.2314300537109,10.2022466659546
16.6342506408691,24.9344387054443,83.7792587280273,28.3771152496338,49.226261138916,60.7986793518066,2.92728281021118
51.991626739502,44.3777961730957,64.9574279785156,29.4250297546387,97.715446472168,86.459358215332,15.1055698394775
65.1013565063477,40.8070373535156,89.808235168457,48.6820983886719,120.459350585938,112.606971740723,34.1523551940918
50.6765480041504,44.2278671264648,83.5285339355469,32.5902519226074,113.988822937012,100.8583984375,20.8636779785156
46.0315361022949,46.2817420959473,141.312255859375,58.8159217834473,53.9296379089355,93.5685958862305,3.16370248794556
20.4968585968018,34.0691070556641,112.214157104492,37.1438903808594,35.5478744506836,106.276344299316,7.21091318130493
23.2238311767578,24.9393825531006,40.4780921936035,15.1546039581299,57.2325859069824,79.7484588623047,1.83236229419708
22.6866493225098,15.879677772522,90.8561782836914,21.8043308258057,99.4253311157227,59.0204772949219,0.713377773761749
97.3972625732422,198.640548706055,142.322067260742,205.297698974609,56.6307373046875,38.267822265625,77.7826766967773
93.9836807250977,198.849227905273,173.266387939453,198.399017333984,63.943920135498,31.8652305603027,80.9001541137695
117.39119720459,133.054702758789,130.65007019043,164.85368347168,86.3823928833008,60.8594551086426,106.776054382324
120.28157043457,163.959075927734,150.43359375,180.719451904297,90.7358627319336,79.3265075683594,149.316421508789
136.322479248047,100.968307495117,183.204788208008,134.169815063477,75.5448226928711,70.5968475341797,122.946594238281
91.5382461547852,166.986480712891,122.258499145508,159.834014892578,43.2636260986328,49.5394058227539,98.0544738769531
94.4149398803711,185.606658935547,153.367340087891,147.217620849609,38.6050987243652,43.5215454101563,84.4440078735352
106.025749206543,147.734573364258,133.98876953125,129.951126098633,53.4384078979492,66.8389663696289,61.6835479736328
114.377777099609,131.522216796875,106.577774047852,282.688903808594,54.0111122131348,55.1333351135254,91.7333297729492
124.102142333984,108.466163635254,179.277526855469,180.219314575195,70.0165405273438,73.9814453125,142.817047119141
105.659652709961,115.45166015625,96.2336578369141,106.727638244629,60.0499877929688,54.4984359741211,77.6523208618164
118.425498962402,133.092926025391,202.536117553711,123.432579040527,81.2686920166016,53.2934341430664,125.242919921875
101.452293395996,167.705184936523,131.416046142578,190.937240600586,57.8860816955566,59.2327499389648,75.4215621948242
100.909507751465,158.799301147461,163.746032714844,200.470153808594,43.917652130127,50.9894218444824,78.6145629882813
97.9330062866211,157.478042602539,141.953414916992,132.721420288086,54.5108070373535,63.140983581543,67.09912109375
162.531524658203,114.574142456055,191.00080871582,119.510093688965,53.4670715332031,89.8448486328125,128.958984375
117.594444274902,140.861114501953,99.6166687011719,151.355560302734,48.3555564880371,34.8944435119629,119.127777099609
108.377784729004,150.381973266602,179.771179199219,168.042358398438,72.9538345336914,40.5612106323242,92.4791564941406
119.120452880859,149.588958740234,132.573486328125,233.884399414063,92.2537841796875,71.4254379272461,133.342407226563
91.4678573608398,136.611389160156,148.829849243164,194.725982666016,46.2145080566406,43.2226829528809,98.743896484375
90.9283065795898,217.466079711914,159.913711547852,159.54231262207,39.5508079528809,42.813648223877,79.4961471557617
107.293441772461,174.769439697266,157.251007080078,149.847229003906,73.8840942382813,52.7209587097168,104.894195556641
120.723335266113,167.70832824707,168.797225952148,148.289993286133,59.3655548095703,67.7200012207031,121.99333190918
95.1203002929688,120.79566192627,98.4465637207031,107.665649414063,56.1735801696777,55.3596687316895,85.054931640625
103.083763122559,194.095428466797,148.163726806641,164.55339050293,67.7395172119141,60.5988121032715,64.2050628662109
119.611846923828,94.6974334716797,136.078430175781,218.850936889648,55.6971473693848,65.5860443115234,121.430763244629
116.348991394043,185.318176269531,166.222717285156,148.734848022461,77.4949493408203,66.5580825805664,105.974243164063
107.797973632813,190.117736816406,135.516143798828,170.024566650391,71.9171600341797,49.3648109436035,81.0430221557617
101.163108825684,156.242492675781,116.40291595459,170.20573425293,64.8760528564453,34.2496299743652,91.0335388183594
105.890617370605,170.368804931641,100.114318847656,176.792297363281,56.2962112426758,52.0527420043945,96.0302124023438
102.401336669922,167.392883300781,180.106170654297,181.467575073242,83.9908065795898,38.8431854248047,101.618942260742
99.9037322998047,115.166549682617,126.152420043945,157.108581542969,77.5490875244141,48.8825225830078,104.923843383789
107.915748596191,213.67106628418,142.785568237305,157.224044799805,55.9368896484375,51.7944450378418,67.1579284667969
99.7373733520508,161.323226928711,116.262626647949,120.535354614258,25.8989906311035,28.6262626647949,85.2727279663086
122.740249633789,126.088134765625,88.2738418579102,120.631332397461,60.7334365844727,71.6689071655273,72.9692687988281
87.0340194702148,155.747329711914,136.809844970703,159.569946289063,52.9168281555176,53.0166664123535,87.8749923706055
92.6313323974609,172.340530395508,126.282981872559,198.068405151367,42.5642242431641,57.4441146850586,87.5182952880859
135.960006713867,85.0500030517578,49.2900009155273,86.0299987792969,99.0500030517578,60.9300003051758,130.149993896484
163.122222900391,105.188888549805,55.5111122131348,36.6222229003906,100.155555725098,72.3333358764648,117.722221374512
95.7102279663086,100.721588134766,102.664772033691,104.721588134766,203.369323730469,71.2386322021484,75.9204559326172
74.6818161010742,136.477279663086,134.113632202148,137.159088134766,268.965911865234,81.9772720336914,97
45.7528190612793,45.1839790344238,76.2727127075195,106.764259338379,99.0505065917969,126.149726867676,38.0901069641113
59.2378692626953,99.298583984375,53.0328903198242,121.917610168457,132.123397827148,124.85782623291,62.3432540893555
37.9480361938477,37.1375198364258,82.3048934936523,51.5033721923828,70.5776901245117,82.331413269043,23.0125217437744
83.7750396728516,50.2794609069824,25.5763492584229,39.0586051940918,125.04402923584,105.210296630859,22.166597366333
84.1917724609375,78.3134307861328,24.7171669006348,37.0710487365723,132.56559753418,104.991218566895,60.221305847168
125.793487548828,100.602508544922,50.5292701721191,34.6462554931641,146.587966918945,88.5950546264648,115.569465637207
28.6259269714355,21.7009887695313,76.4962387084961,76.0815200805664,84.8833541870117,72.4464645385742,22.4802188873291
66.9241333007813,75.5201721191406,91.6561050415039,54.2816734313965,170.634887695313,121.159027099609,50.0027389526367
51.8070297241211,76.5214080810547,87.246940612793,91.616813659668,114.598320007324,129.354675292969,66.6348037719727
29.0620193481445,28.0022296905518,83.1784591674805,69.4765090942383,66.6846084594727,96.1418991088867,25.1317462921143
90.1542434692383,75.182373046875,72.2906265258789,35.4805870056152,121.489860534668,69.2932052612305,79.4343185424805
70.2775192260742,87.3416366577148,53.3531265258789,71.3704528808594,108.737327575684,108.327613830566,68.6123123168945
107.379051208496,84.9246139526367,90.7409439086914,28.3801937103271,172.317733764648,83.0358047485352,108.030517578125
85.375862121582,82.2987213134766,67.516716003418,57.2379150390625,143.995895385742,73.4064102172852,70.4913330078125
84.5389862060547,79.0162811279297,81.1336898803711,31.4692096710205,150.979263305664,71.5608139038086,95.1641159057617
74.1668930053711,92.617073059082,62.9698677062988,66.2038955688477,131.56819152832,91.4008483886719,77.503532409668
36.7034950256348,20.2656784057617,87.2754592895508,80.0821838378906,149.170120239258,68.1156311035156,22.0779666900635
56.6669158935547,51.7733726501465,97.748779296875,45.7339096069336,136.197616577148,124.73210144043,38.143440246582
62.0487365722656,53.4640121459961,38.7708206176758,112.071029663086,124.485977172852,105.956199645996,40.6976356506348
33.0639343261719,32.0109672546387,104.089416503906,61.2353897094727,79.8976287841797,103.156921386719,30.5261421203613
105.941795349121,80.1545639038086,101.266593933105,31.9214935302734,166.339935302734,65.709098815918,103.318199157715
111.430351257324,119.023368835449,52.8988914489746,32.3038444519043,169.850997924805,98.3729400634766,119.012535095215
123.751914978027,122.160606384277,79.4499053955078,108.051315307617,245.087478637695,24.3470706939697,91.6179809570313
148.611114501953,107.711112976074,100.300003051758,159.111114501953,240.444442749023,26.8999996185303,104.47777557373
141.643692016602,130.485336303711,111.545783996582,135.744277954102,195.837005615234,23.4223136901855,103.400993347168
140.754837036133,127.180809020996,83.1506500244141,112.754981994629,252.143890380859,34.8678207397461,92.5820999145508
140.736190795898,129.553695678711,109.521209716797,127.495796203613,174.005386352539,25.5414123535156,91.0639724731445
170.33332824707,189.363632202148,170.808074951172,174.636367797852,214.353530883789,91.363639831543,172.323226928711
164.680221557617,116.655113220215,103.195556640625,123.74666595459,138.578674316406,24.9255561828613,94.9208908081055
146.429626464844,129.959274291992,153.199996948242,100.259254455566,341.54443359375,72.1592636108398,116.462959289551
161.996520996094,127.992248535156,112.486427307129,140.586151123047,194.667602539063,26.2430305480957,101.391632080078
150.138290405273,116.308738708496,113.263664245605,146.00666809082,167.030258178711,27.6940155029297,89.2320175170898
115.131187438965,96.2018661499023,137.93522644043,35.284797668457,532.369995117188,52.2647895812988,62.5260543823242
147.818176269531,131.202026367188,160.16162109375,71.3888854980469,104.75252532959,38.6969680786133,121.171722412109
153.300262451172,87.7325744628906,181.223236083984,172.567932128906,65.4669189453125,17.4755058288574,93.9492416381836
158.951843261719,96.7683486938477,175.686874389648,123.436363220215,97.6262588500977,53.5010070800781,102.91650390625
167.252777099609,85.6016693115234,167.928894042969,102.916656494141,89.8011016845703,73.4533386230469,86.2566680908203
127.288627624512,111.931831359863,154.84228515625,220.47004699707,65.6096038818359,11.4562644958496,142.792663574219
146.072723388672,74.4727249145508,170.218185424805,81.2909088134766,108.772727966309,46.7000007629395,92.0272750854492
148.030303955078,127.040405273438,165.909088134766,63.1313133239746,98.5858612060547,39.3333320617676,113.909088134766
131.229995727539,60.4000015258789,145.229995727539,113.959999084473,116.730003356934,32.4799995422363,89.0100021362305
161.316665649414,131.771331787109,163.755111694336,218.767120361328,76.6199951171875,7.93355560302734,141.739105224609
145.485000610352,64.5661163330078,133.692779541016,88.0205535888672,116.768333435059,43.2555541992188,85.853889465332
110.292930603027,174.868682861328,113.272727966309,69.1616134643555,141.242431640625,44.1313133239746,110.787879943848
163.809753417969,191.197723388672,143.355926513672,58.9654808044434,230.152908325195,53.5156898498535,52.4964828491211
128.535720825195,153.571426391602,122.738098144531,168.738098144531,231.345245361328,95.4523773193359,64.8333358764648
66.3766250610352,185.766235351563,115.571426391602,223.337661743164,208.818176269531,84.363639831543,81.3506469726563
154.446685791016,216.285842895508,175.376327514648,126.004364013672,267.742004394531,50.2601776123047,42.5072860717773
149.050216674805,55.8677787780762,95.6924438476563,48.6471138000488,43.4053344726563,35.0746650695801,153.111328125
135.881805419922,91.6636352539063,219.199996948242,82.6136322021484,102.12272644043,88.2545471191406,91.0681838989258
139.873062133789,113.712463378906,71.2993240356445,62.6006736755371,111.585182189941,88.4319839477539,31.1427612304688
202.752624511719,163.832214355469,79.6291961669922,91.7498016357422,29.7987861633301,11.0616159439087,164.144653320313
191.89665222168,155.2080078125,70.439338684082,98.3091201782227,70.8337783813477,27.3539981842041,155.21533203125
214.816848754883,179.312973022461,77.647216796875,82.3088836669922,37.1222229003906,14.053147315979,169.373321533203
221.386108398438,163.75,82.7686157226563,83.6994476318359,39.3252792358398,10.9638891220093,104.522499084473
174.415557861328,91.2804107666016,32.2737503051758,121.010559082031,74.7509689331055,10.0745840072632,121.872360229492
238.051651000977,109.443328857422,87.7040786743164,75.0619659423828,38.0387687683105,15.3319263458252,128.548004150391
140.970001220703,106.585006713867,55.2449989318848,220.684997558594,81.7149963378906,19.9249992370605,191.550003051758
125.022415161133,168.513153076172,175.504730224609,132.170791625977,57.6990127563477,55.2995986938477,97.372200012207
123.495559692383,160.614730834961,107.201393127441,92.7786102294922,67.0072174072266,70.8088836669922,66.875
148.2626953125,210.221435546875,152.087142944336,132.59619140625,53.0349197387695,54.1615905761719,79.0672988891602
133.586669921875,170.51611328125,90.1350021362305,123.986114501953,24.9844436645508,22.3744449615479,115.244995117188
144.71159362793,225.90690612793,162.935073852539,152.124069213867,56.3487396240234,44.3870048522949,72.0878372192383
162.347579956055,180.772323608398,125.475738525391,178.18424987793,54.0606803894043,25.9346904754639,126.059036254883
149.660095214844,142.295959472656,89.2664184570313,138.890151977539,93.2919158935547,93.7929306030273,141.737884521484
122.459999084473,106.790000915527,72.2900009155273,174.770004272461,52.6199989318848,44.4799995422363,149.100006103516
137.162872314453,199.888031005859,149.831970214844,128.480590820313,63.7202033996582,51.6485176086426,73.7929458618164
147.656402587891,62.6236114501953,71.4091644287109,35.0563888549805,72.4333343505859,61.5769424438477,116.736114501953
117.096084594727,126.881507873535,123.714172363281,25.5385723114014,84.2330093383789,74.5151214599609,146.764114379883
139.479110717773,72.1495971679688,31.9165325164795,14.7468004226685,43.0676765441895,97.4023208618164,135.094131469727
116.456565856934,156.071716308594,86.3794555664063,48.3286170959473,88.6239013671875,76.6848449707031,98.6983108520508
89.5227279663086,155.945617675781,60.0464630126953,55.7508430480957,63.9745788574219,60.1412467956543,50.5693550109863
91.4969863891602,179.374633789063,68.0307235717773,60.6527519226074,55.8146324157715,79.7868957519531,54.972900390625
162.038879394531,138.805557250977,80.9888916015625,28.3777770996094,48.6388893127441,83.5611114501953,102.266662597656
159.124435424805,160.566680908203,134.459991455078,124.982223510742,174.364456176758,45.2488899230957,145.046661376953
171.411117553711,146.251846313477,146.825927734375,103.114814758301,147.381469726563,42.533332824707,107.240745544434
176.686874389648,269.787567138672,245.125396728516,150.750503540039,314.518310546875,15.4878787994385,99.6721420288086
239.873977661133,232.721969604492,229.303787231445,122.802276611328,332.446716308594,4.95580768585205,77.9080810546875
242.247055053711,333.076110839844,270.562927246094,155.566680908203,472.112060546875,6.92399024963379,66.4247817993164
94.8550872802734,289.262512207031,236.555969238281,130.247711181641,378.7666015625,16.8599548339844,95.0913009643555
162.533340454102,43.0566673278809,261.160003662109,37.1900024414063,55.4766654968262,14.5,160.293334960938
147.946380615234,45.9797210693359,65.1483306884766,24.700834274292,45.5772247314453,53.1616630554199,198.376663208008
23.1283054351807,35.7968139648438,66.1146545410156,35.2286720275879,14.9264230728149,122.141761779785,16.0862293243408
29.2596797943115,31.2755317687988,96.5116577148438,29.4997463226318,24.1164894104004,142.061553955078,16.3276958465576
32.1541481018066,35.879768371582,110.3291015625,32.5932388305664,37.8673973083496,143.792175292969,14.4106950759888
25.4380359649658,35.9430770874023,101.434928894043,25.5006237030029,47.8110580444336,137.55842590332,17.4091167449951
25.4411087036133,22.3962421417236,95.577751159668,27.9020290374756,20.8095760345459,151.07307434082,25.7702217102051
66.2099685668945,39.859691619873,91.7894821166992,71.2267379760742,130.280303955078,122.651306152344,39.2500495910645
163.895294189453,90.9263000488281,231.744079589844,83.5901260375977,129.487411499023,16.1482715606689,101.52604675293
148.728149414063,81.5933303833008,210.098510742188,104.107780456543,102.613708496094,33.5896301269531,119.717407226563
197.479263305664,147.038223266602,91.1614227294922,90.8860168457031,80.8518371582031,6.80832481384277,80.0057907104492
164.527847290039,123.827842712402,107.933372497559,82.3534393310547,92.3279113769531,14.0385179519653,67.324462890625
245.004211425781,185.715576171875,71.9507369995117,87.8879470825195,61.110050201416,7.44209432601929,62.894603729248
88.7099990844727,100.633964538574,39.0039672851563,70.7304306030273,98.0080337524414,76.5224990844727,71.4991607666016
99.5924682617188,151.707611083984,79.4897308349609,94.7111129760742,114.91170501709,104.761619567871,139.991744995117
104.9990234375,172.390197753906,88.8636322021484,114.85457611084,67.6399993896484,63.6639213562012,109.943817138672
23.9774379730225,17.3042583465576,91.1506195068359,29.3877906799316,57.4908332824707,51.7662811279297,1.95112490653992
12.1534481048584,32.0741920471191,82.7371063232422,49.2209587097168,58.8902549743652,82.792594909668,9.97922611236572
34.4804077148438,54.8609466552734,56.129337310791,43.3782272338867,90.9399108886719,89.7105178833008,15.6028728485107
42.8779258728027,29.4248275756836,82.8192291259766,29.4983425140381,72.9399108886719,71.174934387207,0.475810408592224
41.8685569763184,34.6017837524414,47.4977798461914,32.3352661132813,83.0895309448242,99.8630523681641,10.0145473480225
13.3192329406738,15.647912979126,52.7327194213867,29.7789268493652,60.8586349487305,45.0983963012695,1.12909924983978
19.3290023803711,21.1802463531494,77.1827239990234,34.5950508117676,56.0849952697754,56.2241020202637,2.10866379737854
14.0364189147949,25.8625507354736,54.3141632080078,5.60604667663574,33.8236427307129,86.7589950561523,3.08281254768372
14.4641990661621,21.0252914428711,72.3495178222656,29.5563926696777,56.4059829711914,73.359489440918,2.86887574195862
36.1294631958008,21.1451416015625,67.1861724853516,21.5341415405273,91.7120666503906,74.833854675293,2.64081883430481
12.0422763824463,21.4068603515625,67.4814147949219,25.9858303070068,52.9380836486816,66.2527313232422,4.03922033309937
42.109432220459,31.1836414337158,121.585388183594,53.5067329406738,25.6970729827881,152.430587768555,6.83199548721313
107.099998474121,125,119.433334350586,163.988891601563,63.7666664123535,41.9222221374512,113.755554199219
59.9422416687012,56.0504722595215,115.321243286133,62.1890106201172,115.084053039551,144.268157958984,51.766357421875
40.778678894043,38.1042633056641,103.395172119141,47.1112251281738,94.6612854003906,121.577453613281,30.6400833129883
53.0360984802246,44.2816009521484,96.2623596191406,39.9694175720215,103.526321411133,117.490615844727,24.5226993560791
136.303024291992,57.7575759887695,179.181823730469,84.8383865356445,98.1616134643555,85.4444427490234,78.7373733520508
128.840911865234,172.772735595703,110.965911865234,172.721588134766,214.397735595703,78.1079559326172,27.0227279663086
27.3927268981934,62.6863479614258,76.2511978149414,114.893920898438,173.786590576172,136.972427368164,144.010528564453
45.1764450073242,152.225997924805,251.442901611328,66.1651077270508,159.457550048828,206.697998046875,139.634674072266
41.9500007629395,74.4300003051758,73.9400024414063,132.100006103516,160.559997558594,129.419998168945,126.830001831055
30.6985855102539,136.260726928711,165.935897827148,113.905242919922,139.851715087891,95.923583984375,99.3054504394531
34.1740264892578,132.529998779297,240.313491821289,85.2475357055664,207.119369506836,182.95915222168,149.501327514648
64.0359268188477,102.150001525879,101.268890380859,139.279251098633,206.505920410156,69.1014785766602,116.155181884766
58.0468444824219,90.7158203125,182.408325195313,110.217208862305,102.395973205566,125.184928894043,87.0973892211914
68.6111221313477,82.9745254516602,209.539978027344,151.723083496094,126.071853637695,64.3116455078125,78.4059143066406
77.680793762207,66.9654006958008,219.356811523438,111.853019714355,160.439682006836,217.7880859375,85.06396484375
80.2847900390625,77.4076690673828,170.820907592773,84.7768325805664,162.337966918945,152.04216003418,73.9728775024414
31.7600517272949,171.138229370117,212.592758178711,61.4609603881836,116.592765808105,94.1248016357422,119.647026062012
59.7565574645996,76.4278717041016,132.104141235352,104.595756530762,77.7113037109375,84.8760604858398,147.275955200195
81.1480560302734,88.2575988769531,204.092666625977,115.256202697754,72.9146347045898,128.911865234375,74.5737991333008
122.179740905762,114.031951904297,177.99853515625,91.4574432373047,99.8557281494141,164.546844482422,102.57795715332
89.5773620605469,53.4830551147461,214.431793212891,160.625823974609,147.977081298828,134.884155273438,79.2154235839844
56.3168258666992,61.8042030334473,172.865158081055,83.1962661743164,91.591194152832,84.3734893798828,118.799278259277
88.5777740478516,124.97777557373,115.366668701172,73.5222244262695,97.1555557250977,241.899993896484,79.8888854980469
32.939998626709,58.1699981689453,91.0599975585938,90.0299987792969,143.559997558594,141,137.089996337891
118.707824707031,160.367172241211,155.848236083984,42.3558120727539,39.7873764038086,186.570709228516,113.41869354248
60.4442863464355,131.046951293945,89.4270706176758,95.6446380615234,158.171844482422,39.4104232788086,93.5050811767578
44.8940010070801,87.2104415893555,147.893997192383,60.4020004272461,129.666900634766,75.6815567016602,113.017990112305
27.0137481689453,57.8731956481934,122.491943359375,72.4501342773438,171.024719238281,166.74040222168,175.675155639648
27.496524810791,77.2271118164063,108.474189758301,47.4716377258301,138.485824584961,158.752899169922,147.047454833984
27.1756954193115,108.520362854004,139.35661315918,92.2342147827148,159.780746459961,125.052947998047,94.3496551513672
53.0137557983398,57.1516494750977,141.803970336914,62.8469581604004,95.522590637207,87.6263275146484,122.550888061523
84.9609909057617,76.7745666503906,217.553833007813,127.148765563965,159.831237792969,187.213821411133,108.832229614258
75.0427780151367,95.9716644287109,132.558334350586,61.1294441223145,113.922775268555,264.357238769531,76.3055572509766
40.3762512207031,204.797241210938,209.710845947266,55.0687522888184,130.211242675781,103.369445800781,132.273483276367
48.2180023193359,60.2458305358887,126.799942016602,62.7464408874512,96.8754959106445,83.4625625610352,108.204345703125
27.5676383972168,90.8616714477539,120.868881225586,86.8199920654297,142.957641601563,154.56999206543,98.3697204589844
34.0200538635254,116.381492614746,168.711502075195,83.045654296875,102.873397827148,73.8897705078125,105.406997680664
28.8684253692627,160.542556762695,221.953277587891,89.5542297363281,135.94660949707,103.752021789551,115.105529785156
46.7388496398926,72.731071472168,184.076080322266,73.6272201538086,95.300422668457,72.2615280151367,126.502403259277
56.7548904418945,81.5503540039063,122.382385253906,115.31812286377,113.453727722168,89.5780639648438,140.053588867188
63.3040161132813,66.7806091308594,169.735290527344,137.945983886719,85.2125625610352,105.376670837402,95.564697265625
67.0220413208008,102.531303405762,102.654815673828,131.179626464844,141.945739746094,46.6948204040527,95.9848098754883
84.5642242431641,97.4020004272461,125.637771606445,99.8579940795898,138.446670532227,91.0422210693359,64.7873382568359
74.2833404541016,69.4888916015625,222.477783203125,96.0555572509766,177.555557250977,183.911102294922,78.4555511474609
37.4916648864746,139.110260009766,163.699722290039,68.6902770996094,92.8861083984375,91.9047241210938,98.7972259521484
37.0767364501953,65.5992889404297,111.186096191406,78.3725967407227,184.212814331055,164.954559326172,150.78190612793
45.4799995422363,173.690002441406,227.589996337891,49.5400009155273,123.110000610352,209.529998779297,147.699996948242
49.2935523986816,61.0661430358887,134.597900390625,69.747184753418,88.2293548583984,70.623649597168,151.489639282227
30.3187484741211,82.215690612793,127.47639465332,40.1920852661133,185.560836791992,143.051666259766,121.109710693359
78.7833404541016,121.789443969727,124.177780151367,125.317779541016,151.216674804688,175.067779541016,76.7638854980469
69.6805419921875,90.2790908813477,155.37760925293,132.967010498047,137.601104736328,59.3657417297363,79.1763916015625
70.713981628418,110.412857055664,80.680061340332,155.6728515625,189.796325683594,64.3586273193359,106.551963806152
86.2629623413086,65.1387023925781,167.695007324219,150.079635620117,83.5475845336914,100.653327941895,72.0190734863281
32.6427307128906,160.496658325195,264.981262207031,77.2539367675781,195.224105834961,145.225891113281,136.971099853516
36.0133361816406,106.903343200684,115.75333404541,61.7466621398926,114.900001525879,128.793334960938,123.583335876465
93.5444412231445,141.83332824707,150.622222900391,91.6777801513672,147.366668701172,218.022216796875,84.9333343505859
61.6041564941406,66.3819122314453,144.581146240234,119.19596862793,70.1810455322266,100.651466369629,92.9918594360352
47.8300018310547,91.2900009155273,73.3300018310547,118.26000213623,148.369995117188,76.2200012207031,129.360000610352
89.2677764892578,142.514999389648,150.060546875,128.591110229492,141.392211914063,180.25,79.0261077880859
78.0992584228516,78.2650604248047,195.636795043945,91.8174133300781,161.121719360352,243.626037597656,101.743698120117
25.7661094665527,124.70166015625,157.881652832031,66.2016677856445,197.48388671875,122.119995117188,142.013885498047
67.9178771972656,91.880729675293,147.925323486328,139.588241577148,140.569274902344,87.5789794921875,98.2029724121094
80.5551910400391,72.1692581176758,204.480606079102,155.648880004883,108.458282470703,87.0932159423828,70.0422134399414
75.3719940185547,113.156661987305,120.081558227539,105.374671936035,167.451553344727,170.046005249023,65.4995574951172
36.4122924804688,134.715484619141,235.907241821289,87.846305847168,209.330856323242,210.302627563477,146.243896484375
51.1942596435547,103.800926208496,112.212608337402,84.2038803100586,137.180648803711,64.5711059570313,140.057968139648
74.5959701538086,102.434852600098,168.791015625,84.8429183959961,116.473503112793,127.451225280762,99.9994735717773
28.6733360290527,64.4872970581055,106.251342773438,66.957145690918,153.848892211914,152.311264038086,129.761978149414
74.9771347045898,111.635841369629,163.263870239258,81.1371231079102,178.758041381836,197.47981262207,87.3836975097656
94.958740234375,147.392318725586,141.705657958984,51.2954750061035,61.6956787109375,235.075988769531,100.03352355957
29.426851272583,146.077590942383,182.992691040039,94.7782363891602,182.843338012695,151.193893432617,132.895095825195
35.0546646118164,142.491119384766,269.704650878906,75.7268829345703,197.739334106445,188.38932800293,149.193115234375
40.9520988464355,89.7479705810547,135.668716430664,52.5462455749512,96.6531295776367,72.1106262207031,110.375
72.0921478271484,82.7058792114258,192.25407409668,110.915008544922,173.451293945313,59.5096893310547,106.988410949707
69.8184509277344,95.0244293212891,166.837905883789,95.142204284668,184.471313476563,42.9302139282227,90.1278533935547
61.5377807617188,83.7480697631836,168.233337402344,68.317626953125,143.679260253906,81.5784454345703,142.114807128906
88.7348480224609,59.746337890625,160.865676879883,150.374420166016,192.170822143555,147.115829467773,117.969848632813
102.657028198242,62.8665504455566,157.045211791992,69.5275344848633,141.19450378418,200.878768920898,81.364372253418
67.4909133911133,92.2661666870117,164.558227539063,99.093620300293,171.248275756836,96.7869644165039,132.804306030273
70.8399963378906,85.3950042724609,140.385009765625,142.489990234375,208.050003051758,108.540000915527,130.205001831055
84.6365814208984,57.2473068237305,135.524215698242,87.7807846069336,147.45475769043,151.29069519043,100.528564453125
82.8766860961914,72.9797515869141,189.769439697266,76.3656158447266,75.4004974365234,193.31884765625,95.8580322265625
132.484985351563,93.6393737792969,200.607360839844,114.652725219727,124.230255126953,148.725219726563,86.3268890380859
95.9458923339844,33.8676109313965,150.771011352539,148.956649780273,153.233810424805,170.357543945313,95.5108871459961
97.0611114501953,118.550003051758,202.877777099609,109.483337402344,44.3666687011719,242.861114501953,82.0111083984375
81.4658050537109,145.209091186523,116.014083862305,95.1069412231445,127.04027557373,54.7253570556641,143.685501098633
120.812774658203,71.0411071777344,146.030548095703,136.766662597656,138.416107177734,159.612777709961,84.3655548095703
75.2541656494141,92.3502807617188,109.876663208008,84.1811065673828,142.448608398438,57.9844436645508,129.074722290039
93.7270278930664,199.733520507813,219.089614868164,66.0005569458008,41.9146270751953,227.446487426758,91.1222229003906
98.6175003051758,42.1888885498047,140.838607788086,106.154441833496,135.222778320313,140.092224121094,74.5558319091797
116.880439758301,71.4715423583984,158.435791015625,170.20964050293,163.819046020508,192.449417114258,97.5691070556641
122.878196716309,58.6143035888672,175.463073730469,81.9543075561523,144.494445800781,187.792343139648,93.1901397705078
109.336296081543,63.8786544799805,169.945449829102,137.630218505859,154.18586730957,176.774002075195,89.5161972045898
77.887939453125,63.2753982543945,169.625091552734,166.478256225586,214.529190063477,111.612854003906,115.63809967041
117.839996337891,102.379997253418,167.789993286133,85.8199996948242,98.6100006103516,158.809997558594,83.5899963378906
53.3121109008789,85.8215484619141,140.169769287109,46.9052200317383,116.079551696777,67.699333190918,119.133666992188
107.515502929688,66.1249084472656,138.680099487305,113.367111206055,137.048416137695,118.982818603516,101.755409240723
84.9797515869141,90.907356262207,206.488021850586,73.1728363037109,68.5904998779297,223.324081420898,99.5615615844727
78.8025894165039,136.45703125,80.0544509887695,94.5155563354492,155.062591552734,53.8559265136719,123.077415466309
56.4526672363281,119.755111694336,85.1548843383789,75.3000030517578,121.57844543457,77.1806640625,130.443572998047
75.9949951171875,176.716674804688,132.492218017578,79.0338897705078,139.137786865234,58.8355560302734,142.451110839844
92.7421417236328,38.9468421936035,152.085113525391,140.630386352539,139.14045715332,154.870086669922,89.8718643188477
77.8666687011719,139.584884643555,82.5833282470703,97.9264450073242,147.390655517578,52.5028915405273,141.415786743164
70.850830078125,77.5908355712891,157.021392822266,150.721939086914,200.215560913086,80.1588897705078,123.858337402344
53.8722229003906,69.1251068115234,157.570663452148,64.2211074829102,142.207992553711,70.552001953125,124.557777404785
106.772979736328,113.318229675293,201.083038330078,79.4443969726563,118.025856018066,169.321655273438,93.9684829711914
47.3222198486328,114.944442749023,91.4888916015625,59,125.199996948242,76.716667175293,120.655555725098
102.217842102051,169.77799987793,169.18798828125,69.6334457397461,38.6254730224609,196.862197875977,94.151741027832
66.8879776000977,87.932014465332,126.332733154297,61.1548500061035,120.993232727051,69.8434371948242,133.82829284668
107.355857849121,60.8640365600586,143.274124145508,131.820648193359,144.675018310547,163.352569580078,83.2345199584961
131.624145507813,76.4515991210938,154.285354614258,138.908798217773,146.93798828125,142.969665527344,85.1341781616211
129.576812744141,81.3380126953125,183.658279418945,120.464492797852,97.1586456298828,147.519668579102,91.5258560180664
78.8000030517578,163.600006103516,86.2300033569336,119.790000915527,132.229995727539,46.0299987792969,165.759994506836
93.0781478881836,97.4759292602539,200.30110168457,88.1462936401367,109.713706970215,217.467407226563,107.669624328613
138.403030395508,111.365661621094,113.260597229004,108.965324401855,102.544456481934,186.675415039063,76.7835083007813
121.860000610352,103,180.509994506836,87.1600036621094,101.379997253418,195.139999389648,111.209999084473
66.808219909668,108.775123596191,99.0064468383789,122.097999572754,227.854888916016,50.8282241821289,133.773788452148
66.5674438476563,102.037727355957,167.284027099609,78.4941635131836,106.849014282227,106.609451293945,122.618225097656
88.7333297729492,193.466659545898,197.78889465332,82.7333297729492,36.6777763366699,198.755554199219,87.3000030517578
116.882019042969,69.8727264404297,149.050918579102,154.992523193359,161.695159912109,222.413940429688,97.63818359375
63.9803009033203,92.6133117675781,167.3271484375,63.5673027038574,140.14875793457,65.6421203613281,141.405838012695
68.6127777099609,97.9111099243164,125.016662597656,126.230560302734,235.740005493164,44.3469467163086,110.998062133789
29.7428817749023,116.035362243652,232.0439453125,24.5165786743164,183.388076782227,188.526947021484,107.658699035645
26.2305145263672,88.768798828125,218.290313720703,34.854808807373,188.966903686523,186.557830810547,133.463592529297
88.2121200561523,236.353530883789,211.217163085938,84.4545440673828,166.186859130859,280.803039550781,126.540405273438
42.5476608276367,112.755241394043,268.019195556641,23.9586486816406,191.845336914063,165.603607177734,105.544639587402
28.9143199920654,124.559898376465,180.718978881836,71.4295272827148,231.241958618164,245.284378051758,112.631248474121
47.7097587585449,98.6489944458008,194.06819152832,75.6643829345703,257.984558105469,276.709808349609,133.783721923828
53.0299644470215,102.731147766113,275.437530517578,42.8249282836914,193.285736083984,161.624816894531,106.90111541748
59.1041069030762,148.604598999023,269.084167480469,76.1672515869141,282.415832519531,308.9921875,137.641494750977
36.2893257141113,131.137557983398,215.583786010742,86.3989639282227,242.4443359375,287.889404296875,134.541854858398
72.2421112060547,110.372634887695,226.486419677734,60.4646530151367,178.1240234375,231.258270263672,63.382438659668
64.7520751953125,126.680480957031,209.095092773438,80.4818344116211,322.830627441406,300.109161376953,116.738693237305
64.4729766845703,109.020309448242,273.895446777344,47.5421752929688,277.025054931641,150.373931884766,90.7899475097656
55.501953125,89.959602355957,278.726409912109,35.0954856872559,215.29899597168,162.689956665039,90.5870132446289
22.3950576782227,98.1525421142578,255.035614013672,25.4132232666016,201.096420288086,152.693450927734,106.813461303711
24.8964862823486,110.11075592041,160.202850341797,52.8656234741211,245.884399414063,175.394256591797,182.396209716797
104.574127197266,172.277725219727,294.733245849609,111.655426025391,191.182876586914,254.044921875,112.539138793945
71.8066940307617,109.385269165039,241.74674987793,56.6518936157227,133.127349853516,203.444610595703,65.8471755981445
83.100456237793,209.045654296875,267.389495849609,87.5436859130859,251.87776184082,280.350158691406,118.828094482422
73.0175247192383,123.960540771484,274.614318847656,69.7111892700195,118.347686767578,283.362243652344,55.7688369750977
70.3955535888672,220.580001831055,189.797210693359,90.1977767944336,185.982223510742,313.982238769531,149.391662597656
26.252857208252,115.127426147461,175.202560424805,51.9826278686523,245.391525268555,160.789703369141,184.140396118164
39.9867401123047,87.4052047729492,240.95735168457,55.6053314208984,226.041717529297,143.654174804688,71.0414733886719
38.0283737182617,121.186058044434,272.708221435547,19.1600894927979,154.33837890625,170.822387695313,87.0222244262695
40.7264633178711,144.236251831055,190.959777832031,94.8061447143555,240.238159179688,278.226348876953,156.445007324219
23.2541427612305,86.5804595947266,133.969192504883,37.3705558776855,204.506561279297,132.18798828125,122.846969604492
80.76416015625,147.743072509766,324.079315185547,79.1464920043945,155.902526855469,264.837585449219,62.3019218444824
46.7760276794434,138.987716674805,176.883361816406,89.6075057983398,255.054733276367,225.525039672852,182.763488769531
105.320114135742,177.748596191406,270.620483398438,95.3952331542969,156.51838684082,243.749969482422,64.0024566650391
52.6910514831543,165.043487548828,221.329864501953,87.8211059570313,244.1279296875,300.128967285156,132.381423950195
87.3573226928711,180.938064575195,264.244049072266,86.3271102905273,233.487152099609,267.082305908203,112.067420959473
98.5842819213867,150.300872802734,204.588088989258,82.4789428710938,242.194412231445,268.395690917969,106.435752868652
14.8870716094971,96.2299041748047,190.993850708008,87.6216201782227,128.432327270508,195.957275390625,135.837158203125
54.3744125366211,103.245529174805,274.952301025391,28.3208084106445,198.628036499023,151.26774597168,102.602691650391
46.0650825500488,95.0693283081055,203.715301513672,78.6308441162109,248.847076416016,260.157958984375,115.841247558594
47.0006713867188,119.262298583984,266.217834472656,21.3673400878906,164.73258972168,164.287872314453,105.673156738281
73.6571197509766,135.632522583008,264.266998291016,56.6397972106934,246.98681640625,211.323196411133,114.433403015137
110.900726318359,169.786804199219,282.177673339844,101.51594543457,171.723297119141,268.008514404297,94.2625122070313
60.5439376831055,112.551811218262,209.85905456543,80.7800903320313,248.198547363281,234.788772583008,108.947135925293
20.7015151977539,105.81388092041,266.909729003906,44.0675392150879,241.14501953125,157.586944580078,69.0135726928711
17.0490741729736,109.529632568359,133.63037109375,45.3446311950684,179.60481262207,143.382034301758,128.2392578125
94.9388885498047,195.910766601563,254.102951049805,89.8627777099609,198.328353881836,228.749633789063,123.94278717041
86.833610534668,145.218292236328,253.493942260742,62.4279441833496,221.44189453125,193.12922668457,91.2398681640625
43.43017578125,104.904884338379,197.227981567383,57.9993476867676,189.641937255859,150.590103149414,63.857852935791
19.9235000610352,121.16397857666,172.031707763672,97.0372848510742,216.863510131836,186.96257019043,137.215515136719
29.0217189788818,104.613487243652,216.923629760742,73.9359893798828,234.557235717773,172.451568603516,176.781188964844
26.6502838134766,101.746604919434,268.528259277344,39.744930267334,159.071960449219,267.592041015625,118.15779876709
13.7666664123535,127.733329772949,143.477783203125,62.5555572509766,158.222229003906,160.100006103516,137.677780151367
20.6527767181396,99.7379684448242,164.766189575195,70.8219528198242,229.161193847656,160.230926513672,166.152038574219
27.1877517700195,137.21549987793,165.989059448242,82.3755264282227,254.923522949219,204.849182128906,162.716888427734
15.1147480010986,111.621635437012,179.748428344727,82.8727264404297,186.750457763672,177.473175048828,152.086807250977
90.9771499633789,151.967224121094,243.497863769531,92.6811981201172,142.904510498047,240.623931884766,81.4474029541016
15.65944480896,77.8744430541992,99.6116638183594,55.5655555725098,133.339447021484,155.693878173828,147.794998168945
26.1240234375,127.836242675781,205.90055847168,78.6899948120117,220.89697265625,236.930160522461,121.113792419434
23.2618503570557,116.867034912109,140.00666809082,45.8477783203125,187.878890991211,151.805923461914,132.890365600586
75.4038848876953,97.0085525512695,325.559539794922,71.4804611206055,161.157241821289,209.931991577148,80.1955261230469
25.174243927002,124.895706176758,203.60302734375,16.9633827209473,147.408828735352,177.620956420898,89.8153991699219
15.5268402099609,94.6987075805664,200.966751098633,57.5460586547852,153.239608764648,180.725662231445,144.02507019043
21.5852527618408,95.0182189941406,231.709884643555,25.5341739654541,133.593139648438,206.472045898438,160.841979980469
35.9983787536621,101.109664916992,257.48193359375,76.2433090209961,226.053726196289,232.911102294922,100.610717773438
99.9511947631836,191.115768432617,233.584762573242,87.01318359375,152.52604675293,223.944000244141,113.061935424805
32.290657043457,120.243995666504,213.574508666992,55.6525993347168,181.658294677734,141.900772094727,67.0138626098633
15.1185178756714,92.1573181152344,195.57878112793,69.8946228027344,178.37744140625,178.009094238281,124.181930541992
22.1306953430176,112.103889465332,168.834182739258,53.5491676330566,201.933197021484,167.706817626953,154.412628173828
101.677223205566,126.442428588867,305.684875488281,67.4605026245117,137.124954223633,267.863067626953,62.5100898742676
84.3465881347656,116.179962158203,341.121612548828,67.9957580566406,157.777359008789,236.802719116211,68.1577911376953
16.5749492645264,104.946128845215,163.228286743164,64.2014083862305,136.024307250977,173.775833129883,139.299118041992
107.466468811035,155.145004272461,271.714477539063,93.5636444091797,155.772720336914,273.621704101563,71.7254867553711
55.4337844848633,91.1408386230469,237.58984375,59.9361000061035,129.981338500977,178.1181640625,81.9993667602539
88.1681518554688,122.96085357666,282.276062011719,75.9136657714844,204.221618652344,199.915130615234,76.1188354492188
38.11279296875,119.412757873535,399.577575683594,20.8678112030029,170.005676269531,240.819030761719,85.3752136230469
20.4841556549072,120.216781616211,196.491119384766,81.9056625366211,220.602478027344,222.075241088867,136.173980712891
27.6255893707275,128.05419921875,174.292602539063,30.6996631622314,213.752197265625,156.304382324219,164.663299560547
49.404598236084,95.5460968017578,213.341506958008,58.9157791137695,232.589324951172,152.222595214844,69.9194488525391
29.050048828125,123.879676818848,151.450790405273,41.4751892089844,197.759490966797,151.813140869141,166.049545288086
35.3833694458008,93.2071075439453,266.988220214844,29.5678596496582,226.656341552734,150.303359985352,85.0391082763672
66.2637634277344,99.9715118408203,297.140258789063,65.8927688598633,148.567260742188,231.897659301758,81.4198455810547
54.4807662963867,117.627510070801,367.327667236328,63.5419731140137,215.527252197266,228.322402954102,105.937721252441
31.3486194610596,118.675201416016,175.070251464844,62.9382476806641,251.061813354492,246.021148681641,119.21110534668
24.4055557250977,102.366668701172,235.672225952148,12.25,114.511108398438,196.850006103516,132.594436645508
17.5039901733398,120.042785644531,150.665237426758,66.868049621582,187.55110168457,165.771942138672,149.388168334961
83.8169860839844,136.053024291992,282.368743896484,45.2614784240723,296.909149169922,174.204208374023,110.472724914551
94.7843627929688,153.473693847656,282.062805175781,121.514785766602,115.853096008301,243.605010986328,83.7558288574219
87.5863342285156,217.751510620117,253.801651000977,88.0982131958008,196.777816772461,259.194946289063,125.567237854004
40.2803649902344,96.5211791992188,208.017852783203,45.5771179199219,147.775238037109,139.28498840332,72.9819183349609
109.975143432617,180.252380371094,270.464172363281,110.148895263672,142.652801513672,232.532943725586,106.70027923584
99.4215469360352,157.483795166016,231.564712524414,61.2411994934082,210.098831176758,222.56950378418,101.035102844238
28.6598491668701,103.535179138184,151.195022583008,51.2934837341309,136.166061401367,76.3660507202148,177.075942993164
20.6285915374756,86.5604019165039,140.244659423828,52.7519340515137,193.121917724609,132.613739013672,172.12353515625
25.5560626983643,102.578796386719,156.553268432617,55.1670227050781,113.648376464844,203.146118164063,146.180023193359
39.0361099243164,121.657325744629,76.2421722412109,135.997711181641,123.051010131836,79.4320678710938,210.793426513672
35.3333320617676,110.188888549805,74.7222213745117,52.533332824707,139.177780151367,107.688888549805,369.255554199219
29.1674652099609,87.2286682128906,114.250129699707,42.8307647705078,161.360870361328,156.101303100586,157.095642089844
58.9339904785156,122.281829833984,150.312316894531,135.547302246094,72.4715042114258,88.2362823486328,189.392379760742
107.943183898926,145.136367797852,131.340911865234,221.215911865234,154.511367797852,367.261352539063,117.693183898926
106.185691833496,184.405883789063,136.993438720703,75.6988296508789,104.864471435547,150.335510253906,119.074745178223
104.421546936035,207.964660644531,194.335342407227,64.5218811035156,61.8740730285645,173.125595092773,124.974754333496
138.774505615234,182.730072021484,76.9548492431641,48.0414428710938,68.7454528808594,184.966644287109,135.001998901367
114.47777557373,206.255554199219,154.144439697266,147.377777099609,109.588890075684,274.299987792969,111.511108398438
113.512496948242,175.978271484375,120.608589172363,75.338005065918,152.804916381836,149.266403198242,138.922225952148
84.4777755737305,126.922225952148,169.399993896484,109.544441223145,140.544448852539,213.811111450195,119.833335876465
108.044441223145,146.633331298828,141.433334350586,159.022216796875,126.677780151367,247.233337402344,100.633331298828
122.174758911133,174.025451660156,125.88020324707,102.705459594727,122.335754394531,146.156158447266,135.962020874023
112.582015991211,201.015350341797,130.460205078125,79.7505035400391,202.737579345703,157.466461181641,154.889099121094
141.309448242188,175.393341064453,170.923889160156,77.4366683959961,57.0638885498047,164.908889770508,107.632781982422
125.661033630371,191.888748168945,186.430541992188,47.5470123291016,36.4688491821289,185.849822998047,117.229187011719
117.085357666016,167.222717285156,117.664138793945,99.2434387207031,119.149993896484,160.401519775391,128.196975708008
114.744445800781,206.455551147461,139.78889465332,161.888885498047,173.488891601563,257.888885498047,136.522216796875
120.808082580566,28.8383846282959,75.9797973632813,93.8888854980469,91.1919174194336,141.424240112305,118.808082580566
132.134399414063,72.3087921142578,63.5583801269531,75.290153503418,92.2989959716797,145.535308837891,135.315963745117
157.878784179688,75.636360168457,59.3636360168457,81.3131332397461,81.5151519775391,163.171722412109,117.545455932617
125.080810546875,80.6040420532227,124.513130187988,92.2633056640625,110.03148651123,94.433837890625,170.111953735352
132.454544067383,77.1922607421875,55.7205390930176,81.5427627563477,114.16162109375,168.719863891602,151.212112426758
126.096336364746,93.8419189453125,102.03409576416,110.279289245605,99.2709503173828,117.886489868164,119.00732421875
116.572334289551,67.8556442260742,122.009941101074,74.0542526245117,115.727958679199,102.756439208984,183.881240844727
114.424240112305,83.7121276855469,81.282829284668,89.6262664794922,103.595962524414,102.984848022461,187.015151977539
162.788391113281,91.9222259521484,53.863639831543,137.962615966797,122.121215820313,174.397476196289,121.478790283203
121.135581970215,68.2771377563477,117.926124572754,73.4456024169922,99.0255661010742,95.4093933105469,190.936080932617
78.4753341674805,95.2337799072266,113.714881896973,37.6786651611328,171.681762695313,99.728889465332,84.1668853759766
95.25,187.240005493164,83.5500030517578,74.1999969482422,142.380004882813,70.5999984741211,119.910003662109
118.633430480957,64.2336730957031,38.771354675293,46.2324981689453,183.314575195313,59.5539588928223,84.1514053344727
83.4000015258789,123.099998474121,90.6100006103516,34.3499984741211,202.949996948242,96.1600036621094,93.25
99.3369445800781,173.097640991211,70.9797134399414,48.9012908935547,106.084037780762,72.0152740478516,110.465026855469
92.3682098388672,161.442169189453,64.4843902587891,60.1976737976074,80.8512344360352,84.0830612182617,103.532447814941
90.0199966430664,73.7399978637695,57.4199981689453,44.060001373291,173.740005493164,87.5299987792969,75.7900009155273
120.778511047363,73.5695724487305,53.9464454650879,54.1226539611816,156.783676147461,69.7500228881836,74.0803833007813
91.0735855102539,76.6324768066406,43.7263603210449,41.622802734375,177.161834716797,77.3693084716797,73.5787353515625
39.9090881347656,43.0075759887695,101.474746704102,116.560607910156,169.901519775391,76.5656585693359,109.888885498047
30.4466037750244,33.2871475219727,132.908157348633,165.255142211914,57.3407707214355,57.8362503051758,78.8126831054688
82.3978576660156,130.417724609375,274.941375732422,117.065269470215,120.276473999023,209.508758544922,76.7600250244141
71.2362213134766,110.930679321289,287.623779296875,129.627716064453,100.252006530762,171.927886962891,73.0989685058594
55.3782806396484,107.011451721191,165.240249633789,102.857414245605,59.1863594055176,133.376754760742,75.7191848754883
48.9211921691895,34.3517417907715,212.818374633789,141.067657470703,83.8764572143555,120.915748596191,88.7754364013672
14.6592998504639,42.8334465026855,135.63232421875,105.702674865723,68.1095809936523,65.5488433837891,72.9048309326172
73.8133087158203,134.558364868164,261.425476074219,117.856552124023,124.990684509277,178.676620483398,71.9479370117188
52.8324661254883,119.030151367188,140.532333374023,87.3782119750977,88.6272735595703,177.902877807617,91.958869934082
77.2863388061523,173.181137084961,172.088577270508,97.8529968261719,96.0815582275391,190.441299438477,97.1283416748047
73.0265731811523,148.012771606445,243.360107421875,118.156494140625,98.9035949707031,194.415863037109,78.7729263305664
97.5996704101563,189.26496887207,236.623580932617,82.9841766357422,155.766662597656,189.177108764648,119.117851257324
92.8306427001953,163.038543701172,224.309387207031,109.166900634766,106.610382080078,205.710739135742,91.6834411621094
67.9670944213867,141.015518188477,159.686248779297,71.7037506103516,81.0302734375,204.455535888672,107.677864074707
82.1899871826172,156.395111083984,275.493377685547,82.7953872680664,158.80632019043,199.483413696289,65.4065933227539
46.7592010498047,47.2436485290527,185.841430664063,172.788604736328,73.3828277587891,120.814849853516,89.4509353637695
42.5900726318359,25.5359268188477,160.085144042969,111.979904174805,96.1094360351563,84.9895706176758,77.5525894165039
65.1757507324219,106.424049377441,196.267028808594,104.721466064453,97.9206237792969,197.044082641602,73.4393997192383
61.9116821289063,83.2825775146484,224.402709960938,196.232177734375,90.0405883789063,190.693481445313,77.0030364990234
84.8934478759766,164.850463867188,260.815185546875,107.433029174805,149.627151489258,186.626770019531,70.8647689819336
61.7219200134277,76.6567153930664,186.500259399414,107.41780090332,67.7718887329102,133.811462402344,78.7687072753906
33.2083320617676,41.4583320617676,130.73957824707,104.520835876465,141.48957824707,80.8020858764648,112.34375
96.6802062988281,187.430450439453,201.136184692383,97.0438385009766,122.335159301758,186.180450439453,102.961608886719
63.1685371398926,94.5549240112305,287.839508056641,164.792114257813,130.883941650391,175.504638671875,74.3095169067383
68.233512878418,96.9735107421875,251.765655517578,122.996879577637,73.4793701171875,185.044219970703,75.6615829467773
69.7743072509766,110.043212890625,299.561798095703,101.131660461426,165.15412902832,185.889373779297,70.3290100097656
85.4948425292969,158.706405639648,186.617492675781,78.0453414916992,93.37890625,200.475769042969,104.808074951172
16.5045967102051,27.8822479248047,152.08642578125,121.189956665039,53.0252265930176,52.8708000183105,67.6275787353516
22.6846523284912,38.5424461364746,175.056686401367,127.185470581055,90.9155044555664,67.0373229980469,79.6624298095703
56.2135772705078,92.2681198120117,240.93376159668,193.194488525391,81.452751159668,173.980545043945,69.4174499511719
58.5083389282227,71.6906890869141,234.619537353516,178.490386962891,68.9160385131836,163.366424560547,78.0565719604492
66.6956253051758,118.271705627441,152.106399536133,100.120872497559,104.275085449219,193.317504882813,84.3255920410156
72.1918182373047,97.423713684082,289.876678466797,91.2512741088867,149.558715820313,162.933502197266,71.9853744506836
56.8420867919922,88.6252593994141,202.257400512695,122.866416931152,72.9654083251953,164.414474487305,80.5134658813477
31.4048748016357,37.1736602783203,160.180908203125,139.084548950195,81.5651779174805,82.1690826416016,96.0983963012695
82.3020401000977,157.514617919922,182.120620727539,93.5605545043945,119.820236206055,199.680160522461,91.0441207885742
25.8402462005615,40.3327560424805,152.054260253906,155.947174072266,86.6369781494141,57.6309509277344,72.6454315185547
33.0870208740234,34.6320838928223,168.455718994141,147.261627197266,100.946731567383,71.5989074707031,82.8977584838867
18.7128162384033,42.3509674072266,143.465255737305,161.448623657227,49.506778717041,53.6277656555176,71.4508514404297
79.3480224609375,137.797973632813,200.144088745117,103.486175537109,110.850028991699,225.334136962891,83.0974578857422
83.3463592529297,146.971450805664,294.961944580078,109.514091491699,144.303985595703,176.946990966797,72.5592422485352
62.2205200195313,55.2549209594727,217.985321044922,154.698532104492,88.6637420654297,160.019683837891,78.9172134399414
169.885650634766,90.8566741943359,107.529479980469,93.733772277832,158.342987060547,127.494888305664,129.883316040039
136.114273071289,66.0010070800781,78.7624969482422,70.2620010375977,128.965667724609,167.982452392578,133.18913269043
129.766662597656,78.75,114.616668701172,88.5666656494141,151.816665649414,126.477783203125,163.266662597656
137.538162231445,113.844375610352,99.2003326416016,71.9970321655273,141.568557739258,215.784225463867,109.23274230957
176.25,103.162498474121,45,117.574996948242,52.4500007629395,169.012496948242,58.9749984741211
194.737197875977,114.711791992188,125.67626953125,89.8188552856445,99.3755874633789,163.373901367188,127.282997131348
133.420196533203,71.6145706176758,101.847770690918,79.5121231079102,140.874313354492,154.079803466797,148.908660888672
144.711898803711,94.7357559204102,115.538131713867,84.7176284790039,147.785369873047,174.420913696289,119.914291381836
169.059432983398,129.89436340332,117.493522644043,65.2358551025391,96.605224609375,206.70085144043,114.117340087891
139.207305908203,79.4273071289063,109.764518737793,89.2528076171875,168.685287475586,135.135223388672,140.146118164063
142.305053710938,109.910598754883,75.6287841796875,157.239898681641,92.598991394043,131.636352539063,109.180809020996
20.9421997070313,87.1061935424805,99.4735336303711,54.297191619873,154.899475097656,84.46484375,163.234069824219
44.5692100524902,119.929832458496,61.4842720031738,62.4730606079102,192.316314697266,68.4470672607422,86.4308395385742
52.9284248352051,102.202194213867,73.5517578125,75.5630569458008,198.27978515625,61.8303070068359,99.203369140625
132.91242980957,176.560119628906,65.7624206542969,10.3441400527954,189.478179931641,132.925765991211,150.730712890625
42.3555564880371,105.5,98.5,91.0444412231445,125.311111450195,52.7111129760742,138.977783203125
23.8791923522949,67.3014221191406,78.8115158081055,63.394947052002,155.008285522461,39.6239395141602,133.798477172852
27.4691352844238,117.950614929199,144.308639526367,52.5308647155762,91.0617294311523,56.7654304504395,202.246917724609
25.0756187438965,82.0595397949219,113.836364746094,38.3528633117676,181.1552734375,124.723045349121,185.921691894531
28.7729167938232,112.450561523438,133.592651367188,80.5445785522461,97.7430572509766,115.040550231934,88.7402801513672
29.2900009155273,124.199996948242,118.430000305176,52.25,164.139999389648,35.8899993896484,256.100006103516
14.3947353363037,60.507381439209,54.3763771057129,83.8175811767578,161.374206542969,70.5247344970703,105.621757507324
43.810001373291,144.350006103516,145.720001220703,33.1699981689453,130.100006103516,47.9199981689453,100.849998474121
27.8239078521729,89.6535949707031,163.558349609375,54.953254699707,134.130081176758,124.031158447266,95.9707107543945
64.9017868041992,80.9267730712891,214.20002746582,154.038116455078,75.4842224121094,67.0913772583008,86.4197387695313
28.2058353424072,82.5484848022461,242.227340698242,93.4322052001953,82.4529800415039,87.401611328125,81.9738922119141
40.1137237548828,162.034912109375,135.217361450195,103.629173278809,86.5043106079102,44.9153213500977,76.9541778564453
34.0861129760742,142.199615478516,242.570892333984,60.9424476623535,132.010757446289,153.897979736328,63.6189613342285
17.5655822753906,64.2486953735352,238.55126953125,65.4282684326172,109.364448547363,120.410140991211,72.2643814086914
11.226619720459,61.8984527587891,189.199295043945,79.5645904541016,133.804946899414,170.629272460938,108.14900970459
72.9200592041016,81.1452026367188,331.798706054688,123.407287597656,73.084342956543,63.0139961242676,78.9073791503906
23.9740581512451,70.1410293579102,172.95231628418,76.2603302001953,128.310409545898,143.242431640625,103.104049682617
21.490385055542,78.2051086425781,301.783996582031,90.5680389404297,99.7389221191406,115.098388671875,71.7268981933594
26.1813259124756,90.4277496337891,336.335906982422,68.4618148803711,114.463539123535,114.330688476563,58.7344169616699
14.5972948074341,86.3922805786133,259.125457763672,65.5616912841797,112.767822265625,137.710372924805,58.1538467407227
20.7374439239502,63.7021713256836,159.864288330078,64.5373687744141,100.670913696289,153.015777587891,102.641525268555
20.9203052520752,114.587097167969,177.198974609375,71.2492141723633,115.69197845459,176.216751098633,130.291000366211
32.973762512207,147.740661621094,129.976150512695,78.499626159668,119.422515869141,57.8003425598145,85.4097061157227
22.6418190002441,115.806625366211,155.371032714844,98.2871322631836,107.916717529297,95.1460723876953,93.1249313354492
74.1885833740234,88.1783981323242,173.671463012695,152.564849853516,85.6470108032227,85.3591384887695,75.2611846923828
25.8374557495117,93.0047760009766,187.051574707031,93.6379623413086,104.594879150391,174.789733886719,120.944343566895
39.6250228881836,105.573608398438,130.701385498047,104.503051757813,109.812156677246,87.7342681884766,91.4627380371094
80.1200332641602,80.7743301391602,270.499145507813,167.545333862305,77.2541809082031,55.1239852905273,83.9557495117188
15.6868143081665,69.6127014160156,205.957702636719,68.0756988525391,109.14030456543,184.903076171875,95.1377105712891
34.7332000732422,71.2512893676758,247.980239868164,110.668045043945,59.8783416748047,78.9662170410156,82.9130630493164
24.0340785980225,116.400871276855,196.953948974609,96.3923797607422,124.255386352539,73.7687759399414,87.6235275268555
23.4526672363281,119.39631652832,137.014785766602,55.9891090393066,150.734481811523,167.727340698242,153.286209106445
15.3715648651123,72.7576293945313,153.832427978516,57.1245002746582,127.163879394531,165.701263427734,133.495208740234
27.2650241851807,124.361480712891,136.820449829102,62.995964050293,163.068313598633,160.275634765625,159.3125
38.1136016845703,116.774444580078,145.967590332031,96.1212844848633,112.411865234375,83.1457138061523,88.5151672363281
56.4559707641602,71.3336334228516,250.442947387695,141.228210449219,65.264892578125,49.6457252502441,85.3163299560547
20.518196105957,86.161750793457,272.440887451172,95.4211196899414,89.4847564697266,97.7293853759766,79.9053192138672
19.9241333007813,101.323776245117,237.765075683594,74.4591445922852,110.756927490234,87.0350189208984,83.0715484619141
22.5460071563721,90.0628128051758,123.503471374512,52.514965057373,187.118362426758,159.068862915039,161.578979492188
19.1266670227051,68.9113235473633,168.56591796875,78.2427139282227,103.756286621094,178.509399414063,96.7299346923828
12.9899940490723,70.6640548706055,223.301986694336,83.9827575683594,103.539169311523,163.852661132813,67.6127624511719
16.0460529327393,68.8918304443359,228.857543945313,54.2097282409668,109.800437927246,137.712127685547,82.506965637207
25.6773853302002,72.0006484985352,151.434234619141,68.4113616943359,104.859199523926,161.072952270508,120.066612243652
50.5535354614258,63.213508605957,285.969268798828,83.9291076660156,75.2444152832031,72.264533996582,75.2202453613281
18.0901374816895,87.1587524414063,221.84114074707,71.954963684082,108.961990356445,100.986747741699,86.1746215820313
132.102279663086,144.613632202148,214.977279663086,217.465911865234,140.806823730469,214.943176269531,51.2272720336914
12.3963441848755,65.3323211669922,116.310317993164,141.681121826172,99.4050827026367,46.511344909668,72.8147506713867
1.17358815670013,38.5384178161621,155.29443359375,54.8627395629883,29.0815753936768,29.9778537750244,42.2691955566406
16.3197269439697,31.1999187469482,115.972633361816,97.7290573120117,120.968627929688,71.1020126342773,84.1863098144531
23.239595413208,82.0924911499023,110.723541259766,79.0829849243164,39.4123420715332,67.4348907470703,38.3035545349121
12.1481056213379,48.1369857788086,115.279815673828,72.9888763427734,40.8972930908203,47.0802383422852,84.3442077636719
7.60644245147705,59.6054458618164,105.400550842285,68.1792678833008,15.0346822738647,41.0881652832031,60.4881248474121
4.14090442657471,58.403133392334,72.478271484375,60.3364448547363,26.0974864959717,44.5593757629395,65.5120315551758
0.943592667579651,55.9983825683594,90.3915634155273,45.0699996948242,21.4261245727539,29.2338466644287,45.5547332763672
13.2091941833496,39.1892433166504,117.356475830078,134.929138183594,49.1246795654297,53.034839630127,71.6048889160156
17.3741760253906,24.5205669403076,126.637817382813,136.783325195313,76.9643783569336,51.4800415039063,67.1006622314453
13.7509431838989,28.3451652526855,104.75341796875,171.144454956055,47.001407623291,57.5138168334961,69.7598419189453
23.3836879730225,47.0496101379395,99.0467376708984,70.9602355957031,103.564102172852,57.4838562011719,86.6035003662109
5.39473438262939,58.4173240661621,88.0697479248047,64.2459487915039,22.5002670288086,45.2382049560547,71.1779251098633
2.75769710540771,49.9601669311523,153.941497802734,38.5854187011719,26.1813831329346,30.8784103393555,35.9611549377441
0.16399572789669,49.3968544006348,117.285385131836,55.2714157104492,12.8357830047607,30.1040573120117,39.8330154418945
91.1246795654297,66.2497787475586,176.477066040039,89.84228515625,108.305488586426,85.0187606811523,118.607353210449
105.991256713867,71.0209274291992,140.008819580078,87.0390167236328,110.015037536621,111.017723083496,105.489135742188
120.529289245605,96.2103881835938,157.441543579102,70.762336730957,115.334053039551,171.422225952148,70.2633514404297
144.449249267578,107.618690490723,167.297973632813,116.557319641113,136.435089111328,172.278533935547,65.9522705078125
127.643051147461,99.0430526733398,158.112884521484,117.353164672852,122.786743164063,159.549758911133,79.9330749511719
108.762084960938,104.566551208496,126.239418029785,73.0654907226563,89.7783508300781,98.3992233276367,120.299034118652
118.186111450195,89.4744415283203,119.350242614746,133.133865356445,120.05859375,163.109771728516,78.0478591918945
73.1914138793945,136.256942749023,119.245574951172,65.8537902832031,140.629135131836,40.8508758544922,85.2198181152344
150.588882446289,128.966659545898,173.322219848633,85.1333312988281,104.877777099609,169.899993896484,99.533332824707
133.853790283203,126.967041015625,166.343048095703,119.19229888916,127.964767456055,155.420440673828,72.0472259521484
84.4872894287109,169.432220458984,102.680908203125,60.371654510498,147.777099609375,56.6593551635742,92.8336715698242
137.506820678711,100.726264953613,179.739898681641,115.29167175293,120.40657043457,145.491149902344,70.1972198486328
91.3955764770508,84.2907409667969,142.057144165039,80.0667953491211,111.039985656738,58.9184722900391,115.257957458496
100.381530761719,88.5986557006836,141.618881225586,96.2447738647461,103.352668762207,93.2568435668945,105.731330871582
70.9240417480469,128.507705688477,135.424911499023,54.9799270629883,151.350784301758,54.3574905395508,87.3395614624023
129.028076171875,104.844039916992,173.254745483398,131.097381591797,113.857376098633,162.18180847168,76.3355560302734
100.722221374512,106.794448852539,113.644439697266,59.9000015258789,128.361114501953,107.100006103516,114.116668701172
112.509254455566,79.2791213989258,127.047302246094,94.6902694702148,105.622825622559,130.081985473633,77.4438095092773
128.896392822266,127.355934143066,168.738632202148,101.96036529541,141.357955932617,188.355804443359,72.8293533325195
110.426536560059,88.3438034057617,140.574096679688,78.5880661010742,90.1362686157227,96.9611587524414,101.133247375488
99.9413757324219,74.6686630249023,132.008239746094,105.45378112793,110.952766418457,105.405937194824,110.426170349121
118.855560302734,109.629043579102,98.158332824707,116.210098266602,132.234085083008,153.556564331055,77.8143997192383
135.840545654297,106.693328857422,119.858337402344,106.847229003906,115.982223510742,203.090545654297,74.8094482421875
87.1548538208008,126.645896911621,170.912414550781,23.9804611206055,112.54647064209,68.7870864868164,98.1889038085938
74.8259201049805,111.410385131836,161.992645263672,81.2054824829102,163.007461547852,49.0720863342285,92.7328262329102
151.193588256836,120.627365112305,203.246734619141,102.308639526367,132.646728515625,143.568405151367,76.7626266479492
144.762634277344,97.3550567626953,142.665649414063,139.024749755859,109.430297851563,218.766159057617,80.6833343505859
70.4041213989258,82.4374237060547,157.242691040039,74.3360595703125,141.707855224609,66.2539138793945,119.928703308105
99.7596740722656,120.590423583984,143.167327880859,35.2131423950195,147.622573852539,76.0090255737305,105.631317138672
95.5416717529297,104.043006896973,138.792144775391,52.368522644043,117.48804473877,82.2227020263672,115.400917053223
115.934494018555,85.8317413330078,116.792297363281,92.3361434936523,114.677871704102,137.844528198242,76.6792602539063
108.306564331055,88.5526275634766,198.151000976563,73.3232345581055,91.8003082275391,135.713439941406,76.5239410400391
69.1858444213867,76.6234664916992,194.416198730469,98.8386306762695,147.229690551758,65.1498718261719,102.865119934082
152.65657043457,118.969696044922,115.575759887695,74.1313095092773,94.5050506591797,179.858581542969,107.080810546875
83.2076416015625,171.29768371582,95.6236419677734,79.1936798095703,146.969604492188,47.4179000854492,98.3714752197266
87.3057327270508,137.918151855469,176.559051513672,39.3743667602539,129.282989501953,55.820686340332,103.156730651855
97.0765838623047,92.8377151489258,120.451835632324,75.0612411499023,98.2936477661133,81.4010314941406,112.758201599121
60.9199981689453,86.129997253418,152.270004272461,45.2900009155273,132.820007324219,71.8600006103516,170.619995117188
60.6333351135254,93.3111114501953,162.988891601563,109.800003051758,88.6111145019531,69.9555587768555,198.71110534668
97.2443237304688,141.732955932617,120.823860168457,220.755676269531,343.511352539063,176.164764404297,70.75
131.897720336914,144.25,144.840911865234,336.897735595703,355.488647460938,165.420455932617,73.5568161010742
57.3379249572754,36.337574005127,104.055763244629,69.4459686279297,59.7937202453613,76.3301696777344,58.6483764648438
55.3366355895996,34.0294456481934,170.61506652832,177.330429077148,98.280876159668,122.675201416016,63.1894950866699
19.5741195678711,26.5946998596191,71.2781295776367,114.548477172852,38.5835266113281,67.3028793334961,67.0597457885742
56.7274475097656,52.5457649230957,148.722640991211,74.8085708618164,65.0867004394531,84.9121017456055,60.724536895752
59.0950889587402,55.3109970092773,170.125549316406,124.439971923828,81.210563659668,127.275688171387,65.864990234375
72.9725799560547,84.7740478515625,313.817596435547,87.6686782836914,86.4448852539063,119.429740905762,79.5074310302734
33.517765045166,28.0776481628418,103.286102294922,119.388305664063,33.6131324768066,93.0236511230469,52.1394004821777
38.4216156005859,43.7299575805664,111.528289794922,105.514419555664,49.4272918701172,70.6620330810547,70.8491287231445
39.460865020752,41.7440452575684,122.292533874512,88.8388366699219,100.54322052002,78.8168640136719,50.907283782959
46.2038116455078,40.0273170471191,138.843933105469,100.171600341797,53.2157783508301,79.7674026489258,64.3443756103516
90.6074523925781,51.3041648864746,243.270477294922,70.1692733764648,89.8899307250977,179.355484008789,65.0406875610352
74.5244827270508,53.5541305541992,177.789459228516,93.6479644775391,83.1739883422852,133.413238525391,59.4676132202148
78.8339309692383,85.3269653320313,268.783142089844,76.4434585571289,153.499145507813,186.249557495117,79.5562057495117
78.0425033569336,49.5779304504395,217.464309692383,67.0652160644531,123.210479736328,152.754425048828,63.9672584533691
97.8253402709961,66.2542724609375,273.359252929688,74.3863830566406,126.666748046875,176.442352294922,68.4043197631836
71.2808532714844,54.2363510131836,248.293365478516,110.876487731934,91.3329315185547,161.809478759766,64.2966079711914
46.3605880737305,63.612060546875,139.657836914063,76.8966751098633,19.2796726226807,106.411407470703,39.9913749694824
23.6944980621338,52.9968528747559,108.547569274902,166.121520996094,40.1548004150391,57.8856582641602,80.7531661987305
62.9251327514648,28.7622489929199,139.290420532227,56.9613571166992,63.1099433898926,74.2008209228516,62.1829109191895
28.298469543457,32.6930313110352,75.2281341552734,94.6105422973633,46.0738830566406,69.0822067260742,59.0169258117676
83.0078430175781,68.6361923217773,258.978271484375,67.0490570068359,126.600685119629,169.926712036133,70.9175415039063
62.1860122680664,89.7735977172852,279.475128173828,66.6761474609375,119.44841003418,155.07470703125,84.3690567016602
151.395156860352,141.371505737305,106.696762084961,131.297164916992,92.2193984985352,243.628692626953,151.209701538086
170.78889465332,104.433334350586,139.777770996094,78.6999969482422,63.2222213745117,203.577774047852,125.755554199219
146.054779052734,183.454940795898,96.0270309448242,84.4938812255859,71.3280868530273,240.650955200195,148.740127563477
149.922088623047,117.346321105957,101.007934570313,84.0606079101563,99.4382400512695,224.835479736328,139.00505065918
158.824569702148,151.394271850586,91.5867004394531,48.6156578063965,114.175254821777,186.476760864258,144.719863891602
210.111114501953,108.373741149902,156.555557250977,43.1818199157715,89.1717147827148,184.373733520508,75.5151519775391
130.288436889648,195.088882446289,85.3926620483398,56.3382186889648,73.2020034790039,191.535766601563,131.835342407227
125.640739440918,177.511108398438,95.1222229003906,80.640739440918,132.659255981445,140.170364379883,117.14444732666
158.764984130859,126.983863830566,115.796920776367,62.5982437133789,92.9220428466797,197.566375732422,168.449432373047
137.473861694336,188.009719848633,95.3947219848633,56.9063377380371,60.7958831787109,211.293716430664,134.528106689453
54.340705871582,59.7179756164551,175.650466918945,66.9260559082031,60.7604103088379,260.220458984375,161.801010131836
64.4747467041016,75.9393920898438,141.535354614258,44.4595947265625,113.520202636719,181.66162109375,145.454559326172
65.1047973632813,213.046722412109,175.926010131836,76.0303039550781,275.203552246094,166.889129638672,124.347724914551
90.6289596557617,187.943435668945,115.836364746094,103.220207214355,311.63232421875,127.258247375488,132.375747680664
101.851104736328,204.768051147461,80.9933319091797,94.6252822875977,261.997497558594,130.020278930664,127.564720153809
37.5232315063477,136.346084594727,177.154037475586,103.450927734375,229.06787109375,263.61474609375,172.50163269043
85.0090942382813,121.254547119141,89.7818145751953,103.354545593262,177.990905761719,83.6727294921875,111.772727966309
61.7474746704102,71.717170715332,144.353530883789,46.3838386535645,111.818183898926,177.151519775391,147.606063842773
112.639999389648,102.699996948242,120.139999389648,75.5899963378906,138.419998168945,128.070007324219,148.979995727539
48.0086669921875,140.703338623047,227.47509765625,72.8188934326172,199.88801574707,234.313766479492,123.808212280273
83.3722229003906,124.467224121094,63.2122230529785,84.0149993896484,190.890563964844,80.3594436645508,123.183334350586
34.9090919494629,78.6565628051758,98.8181838989258,66.1818161010742,128.555557250977,134.454544067383,102.848487854004
198.234878540039,92.1806259155273,115.593383789063,91.1808395385742,101.902641296387,162.354904174805,140.752914428711
135.142852783203,169.107147216797,223.345245361328,196.130950927734,117.571426391602,240.988098144531,57.0476188659668
136.363632202148,174.68830871582,162.038955688477,246.623382568359,122.610389709473,111.948051452637,48.2077903747559
211.18115234375,88.5403594970703,94.8850555419922,72.3407974243164,67.7438049316406,160.054656982422,142.116775512695
80.0640029907227,109.49422454834,87.9420013427734,40.1760025024414,134.968444824219,105.245994567871,80.3902282714844
109.37272644043,188.759094238281,118.345458984375,93.8636322021484,219.354553222656,118.563629150391,126.486366271973
37.1518516540527,132.944778442383,140.60807800293,108.283172607422,84.0346755981445,65.1629638671875,206.16194152832
123.82738494873,95.9779739379883,218.110900878906,124.916984558105,93.8420181274414,128.127471923828,88.3462600708008
93.1300048828125,110.974891662598,228.698211669922,119.370887756348,150.675109863281,199.121109008789,111.948669433594
128.790725708008,71.4496307373047,229.793334960938,157.86833190918,123.48592376709,135.954071044922,81.8475952148438
82.4397201538086,62.1419448852539,210.646377563477,123.640274047852,171.030838012695,143.165283203125,72.4288940429688
64.7144470214844,89.0408325195313,115.862922668457,113.417366027832,172.827087402344,75.8543090820313,127.231376647949
71.872184753418,84.2691268920898,206.568420410156,77.8434371948242,127.905342102051,261.001831054688,89.505012512207
49.0250015258789,62.0200004577637,179.419998168945,52.2300033569336,125.089996337891,76.25,93.8000030517578
113.637496948242,103.658058166504,186.826141357422,112.082885742188,103.09432220459,184.084197998047,87.8056793212891
79.3947143554688,146.671112060547,113.89111328125,64.0844421386719,139.336944580078,32.0702781677246,90.9380569458008
78.0619049072266,52.4431762695313,170.399536132813,158.710800170898,183.868270874023,131.281585693359,106.676025390625
90.1294403076172,53.5694427490234,194.276672363281,92.8861083984375,82.8261108398438,189.910003662109,94.2261123657227
70.3154373168945,80.2550354003906,156.702133178711,127.0224609375,164.328353881836,67.4441757202148,115.452362060547
104.439430236816,82.2872009277344,207.958541870117,78.1971969604492,160.493469238281,194.707046508789,99.3143615722656
95.7103576660156,189.889389038086,203.697723388672,74.845458984375,57.4578285217285,216.886627197266,104.916412353516
63.8800010681152,137.979995727539,79.2300033569336,78.6800003051758,123.449996948242,67.8899993896484,145.630004882813
72.5959625244141,70.3976287841797,190.691375732422,128.688446044922,165.730102539063,74.7216796875,113.053604125977
12.4886112213135,67.444450378418,78.4852752685547,66.8183288574219,150.889434814453,167.610000610352,140.027221679688
25.4747047424316,119.856239318848,219.576065063477,21.5798282623291,217.687728881836,188.92626953125,143.827011108398
10.1727952957153,106.714149475098,151.829940795898,52.3621215820313,182.031509399414,139.807006835938,133.382217407227
24.5771045684814,136.961608886719,145.866668701172,68.6484832763672,133.290573120117,183.849487304688,150.062286376953
25.9271030426025,98.6402359008789,184.61784362793,76.0880508422852,108.427612304688,143.77490234375,146.180969238281
28.365385055542,74.5011444091797,161.783920288086,89.1935882568359,131.049743652344,152.379974365234,138.45686340332
49.6444473266602,119.672225952148,138.744445800781,153.433334350586,92.1333312988281,119.916664123535,229.755554199219
172.517776489258,162.259994506836,98.2599945068359,57.3400039672852,89.2266616821289,165.922210693359,129.362213134766
172.344436645508,187.066665649414,83.1037063598633,53.114818572998,64.8777770996094,181.455551147461,140.159255981445
102.153823852539,14.8479070663452,60.4190406799316,197.126708984375,139.552658081055,247.841278076172,151.113555908203
106.158843994141,10.3616161346436,76.1237411499023,180.077529907227,71.8154067993164,220.074249267578,132.353546142578
86.8397445678711,39.9201278686523,96.5817718505859,144.646743774414,82.8662414550781,308.870422363281,129.736389160156
86.3780517578125,46.0951347351074,93.2174606323242,211.1201171875,126.83464050293,301.374328613281,235.564376831055
81.9266662597656,81.696662902832,50.8400001525879,40.9766693115234,199.140014648438,96.0266723632813,92.2533340454102
81.9847259521484,98.9588928222656,113.55721282959,20.9572219848633,106.229995727539,140.838333129883,110.19361114502
5.07282257080078,60.631275177002,88.6560211181641,45.3207893371582,38.7904357910156,63.463134765625,66.3389282226563
10.1187677383423,63.1475105285645,95.5746917724609,53.6761932373047,37.8803405761719,53.8857727050781,80.5960388183594
11.6806869506836,51.6614685058594,129.923721313477,52.7850341796875,51.1274070739746,68.5713424682617,91.8757019042969
14.9775886535645,55.2391357421875,116.295852661133,50.1631851196289,60.8740043640137,71.1675109863281,97.572883605957
6.93232536315918,59.5132141113281,67.9165420532227,44.8609046936035,47.0204887390137,72.5876159667969,75.5962066650391
16.4583015441895,26.1158294677734,152.551681518555,122.658683776855,59.8463935852051,53.2141418457031,67.5036392211914
15.044322013855,63.6087646484375,61.8719825744629,87.8866806030273,197.891738891602,42.0343208312988,134.101989746094
14.897777557373,70.0937042236328,70.5944442749023,57.6781463623047,175.875183105469,56.8785209655762,204.195556640625
131.557434082031,189.092590332031,71.5823287963867,23.0741157531738,144.834915161133,155.944793701172,149.182830810547
136.932678222656,199.319900512695,56.8359413146973,16.2237224578857,164.561660766602,151.375686645508,146.966491699219
132.529724121094,145.944519042969,85.4635925292969,20.1693344116211,132.110397338867,138.397323608398,137.308258056641
31.826488494873,153.663940429688,146.49787902832,110.425399780273,71.9403533935547,46.8664665222168,72.8524703979492
12.4370803833008,84.8038711547852,260.443206787109,69.621337890625,131.566955566406,173.834518432617,70.0350570678711
22.8368663787842,75.390495300293,170.092514038086,68.1328506469727,105.109725952148,166.859451293945,107.379791259766
0.0487049520015717,55.5893936157227,135.372131347656,42.3695030212402,22.3992137908936,29.2959671020508,32.8352890014648
5.80634784698486,54.1187477111816,90.4224548339844,58.900634765625,33.6820945739746,49.1102905273438,63.4969940185547
14.7746047973633,45.6939544677734,98.2942504882813,156.040481567383,34.8231239318848,82.2768325805664,61.4126853942871
8.1203556060791,61.7882194519043,111.156967163086,83.0499649047852,55.8926544189453,34.4178161621094,60.204402923584
19.8427715301514,73.5136108398438,87.1537322998047,170.314834594727,50.441032409668,67.3185501098633,59.2824058532715
1.00860095024109,40.326473236084,139.30793762207,35.0532302856445,33.7165374755859,29.4579067230225,31.5752582550049
0,47.0667839050293,158.237854003906,45.1523971557617,35.6469535827637,37.6141166687012,34.2282218933105
2.7549295425415,54.8437232971191,165.202270507813,67.7178268432617,26.7101440429688,31.6170864105225,46.9930686950684
0,46.1409797668457,209.614074707031,46.9207229614258,50.971019744873,39.3971519470215,46.922233581543
10.2927331924438,84.6595153808594,106.610847473145,118.784690856934,71.4185028076172,35.4899787902832,48.4435882568359
1.44233071804047,55.6463317871094,168.833374023438,33.0662841796875,39.7835121154785,37.7979393005371,38.5718574523926
14.917875289917,41.7394676208496,90.6876449584961,57.2908134460449,89.4360198974609,65.160514831543,90.5469131469727
106.266670227051,87.0555572509766,186.233337402344,67.1333312988281,102.666664123535,128.533340454102,80.9888916015625
35.9852638244629,58.1927604675293,103.388496398926,67.3496856689453,67.9367828369141,78.0197372436523,60.2990531921387
30.6802616119385,56.7879028320313,64.3884506225586,128.307495117188,68.0934982299805,61.6768760681152,62.856128692627
19.5802669525146,37.3248596191406,86.5486907958984,200.372528076172,43.1760139465332,55.7304611206055,72.8928070068359
105.24242401123,189.696975708008,103.060607910156,101.010101318359,199.707077026367,130.070709228516,117.444442749023
