TMAX1,TMAX2,TMAX3,TMAX4,TMAX5,TMAX6,TMAX7
26.9448852539063,31.1917152404785,33.0478210449219,34.5053176879883,33.6184005737305,30.1430854797363,26.8161659240723
19.6914863586426,23.379566192627,27.3783416748047,28.9068794250488,28.0383396148682,27.915843963623,19.5511684417725
16.2480068206787,21.3888206481934,25.1290473937988,27.099063873291,26.3229866027832,25.211799621582,17.1419563293457
19.6135005950928,23.4888706207275,27.3225002288818,28.7117748260498,28.0209674835205,27.9118328094482,19.5914516448975
17.8632221221924,22.6174964904785,26.0696487426758,27.1467342376709,26.5813846588135,26.3368759155273,18.12864112854
17.4655666351318,21.892879486084,25.880428314209,27.2449798583984,26.7509479522705,26.1352500915527,17.7605876922607
19.4673633575439,23.9674377441406,27.3762722015381,28.6044254302979,28.2748165130615,28.2245388031006,19.9238586425781
18.403205871582,24.5680274963379,27.136962890625,28.0950622558594,27.7749347686768,27.386739730835,19.6356086730957
19.2049198150635,24.5477104187012,28.0452995300293,29.1970520019531,28.7251720428467,28.3618144989014,20.7856254577637
19.5885105133057,25.2560939788818,28.7070159912109,30.0734043121338,29.2109775543213,28.2675762176514,20.980396270752
20.2580642700195,25.248010635376,28.8314094543457,30.4257488250732,29.2575302124023,28.2509136199951,21.3272876739502
16.7797908782959,21.8828372955322,25.3976745605469,27.0482044219971,26.2557754516602,25.4603824615479,17.4903583526611
18.6025810241699,24.148889541626,27.2688827514648,28.197229385376,27.9493408203125,27.790943145752,19.7468013763428
18.5717525482178,24.7169551849365,27.3607654571533,28.4216079711914,28.1598873138428,27.422212600708,20.0573596954346
18.4528331756592,24.8252124786377,27.396821975708,28.4667339324951,28.3328514099121,27.3274116516113,20.0977668762207
19.1451740264893,24.968677520752,28.2375545501709,29.5981788635254,29.0166702270508,28.0533809661865,20.7242317199707
18.1139469146729,24.1608486175537,26.86159324646,27.9348258972168,27.5273265838623,27.3964557647705,19.0691967010498
20.1990737915039,25.0680999755859,28.5444450378418,30.3557357788086,28.8553771972656,27.8840732574463,20.9896049499512
19.1714992523193,23.7587089538574,27.1709995269775,28.2649993896484,27.7416133880615,27.974666595459,19.5633869171143
20.4334259033203,25.2378921508789,29.4206886291504,30.712329864502,29.1198883056641,28.3372611999512,21.6722259521484
19.7542724609375,24.4686603546143,28.0208854675293,29.3281555175781,28.7358665466309,28.343656539917,20.3985862731934
17.7805862426758,23.3177623748779,26.4033546447754,27.9195156097412,27.1839294433594,26.8863945007324,18.3426380157471
19.445161819458,23.1650428771973,27.2177238464355,28.660099029541,27.8021907806396,27.8201904296875,19.2328853607178
18.9685039520264,23.2123317718506,26.9949798583984,28.2578773498535,27.3834266662598,27.6674308776855,18.9721202850342
18.0887641906738,22.8554553985596,26.4802684783936,27.5981826782227,26.8882312774658,26.7485656738281,18.3384265899658
17.8255367279053,23.9339847564697,26.5475425720215,27.8087043762207,27.4082813262939,26.9376029968262,18.754753112793
19.3521595001221,25.1743221282959,28.5227870941162,29.8180713653564,29.191520690918,28.1657276153564,20.9245128631592
20.0181007385254,25.037410736084,28.3699531555176,30.218433380127,28.7800979614258,27.8328247070313,20.8412628173828
16.5512409210205,21.9079456329346,25.3592491149902,27.3561325073242,26.3936290740967,25.3607234954834,17.4635028839111
17.2978973388672,23.2096061706543,26.0667324066162,27.7271480560303,27.1761932373047,26.5362663269043,18.1115341186523
18.3786449432373,23.1266231536865,26.6041965484619,27.688138961792,26.9983196258545,27.1952819824219,18.7388572692871
17.9720039367676,23.0611724853516,26.3251686096191,27.6256561279297,26.9908332824707,26.6901149749756,18.397590637207
17.3228397369385,22.1279258728027,25.6952018737793,26.9290561676025,26.3559589385986,25.8769607543945,17.7261028289795
18.1918869018555,23.8461399078369,26.8443698883057,28.025857925415,27.446382522583,27.3904285430908,18.8018741607666
19.1333179473877,24.1645832061768,27.4734516143799,28.5206050872803,28.3349418640137,28.1599578857422,19.9849090576172
18.8632431030273,24.3007431030273,27.4830894470215,28.5331554412842,28.2957038879395,27.9396877288818,20.1077041625977
19.4330615997314,24.4087085723877,28.0140380859375,29.1827239990234,28.6125087738037,28.2892150878906,20.5380172729492
20.0862998962402,25.1096134185791,28.8513603210449,30.313549041748,29.2408866882324,28.354944229126,21.4148750305176
19.61962890625,24.982795715332,28.3278694152832,29.8800182342529,28.8755378723145,27.9557418823242,20.7811813354492
18.5016250610352,23.6022357940674,26.8973808288574,27.9634780883789,27.421573638916,27.2926349639893,18.9765090942383
19.2710189819336,23.5609359741211,27.1684036254883,28.3383483886719,27.6591682434082,27.9140663146973,19.4787178039551
16.3886661529541,21.6708068847656,25.2556667327881,27.3333873748779,26.4840316772461,25.3138332366943,17.3820972442627
18.464147567749,24.1137180328369,27.2075366973877,28.1350269317627,27.7546787261963,27.786600112915,19.4263877868652
18.4842376708984,23.0562515258789,26.8563747406006,28.0843963623047,27.2035350799561,27.3191413879395,18.5111904144287
20.9265937805176,25.3116226196289,29.4075088500977,31.075267791748,29.568531036377,28.3633422851563,21.4333953857422
19.2963771820068,24.6078319549561,28.3491306304932,29.5161323547363,28.8648223876953,28.4245147705078,21.0920715332031
19.4616870880127,24.1457099914551,27.5708675384521,28.7815856933594,28.3718776702881,28.2437496185303,20.074987411499
18.6440029144287,24.4913005828857,27.4607467651367,28.6015682220459,28.3230075836182,27.7838153839111,20.2584247589111
17.143087387085,21.8027877807617,25.7119541168213,27.1207294464111,26.5879898071289,25.8481845855713,17.6295795440674
18.7443332672119,23.6834411621094,27.1391677856445,28.1754837036133,27.6956996917725,27.7267761230469,19.3787631988525
20.2387027740479,24.9826164245605,28.4275932312012,30.3562717437744,28.8372764587402,27.6777782440186,20.7684593200684
18.5402565002441,24.39040184021,27.2895946502686,28.2806797027588,28.0007381439209,27.6373043060303,19.8711204528809
19.888500213623,24.1680641174316,27.767333984375,29.201774597168,28.6391944885254,28.5750007629395,20.2261295318604
21.1210289001465,25.448673248291,29.6836948394775,31.4626159667969,29.7308864593506,28.3973979949951,21.4634857177734
19.6275634765625,25.2898540496826,28.8884963989258,30.1283168792725,29.2045822143555,28.3091049194336,21.1426620483398
18.1235656738281,22.7775802612305,26.6024265289307,27.8030109405518,27.0967292785645,26.6818695068359,18.1815490722656
19.3340587615967,24.3013324737549,27.7300643920898,28.8682403564453,28.5176620483398,28.2556705474854,20.2798690795898
18.9100856781006,24.5634689331055,27.7813663482666,28.9821128845215,28.6154136657715,28.140962600708,20.60325050354
20.8126583099365,25.434627532959,29.3841361999512,30.9953460693359,29.6367225646973,28.4873390197754,21.6062870025635
16.9207897186279,21.4429168701172,25.5043563842773,27.0438003540039,26.5333461761475,25.8055019378662,17.4828472137451
19.0683307647705,24.1065769195557,27.4927062988281,28.4858093261719,28.2537059783936,28.1960678100586,19.8949851989746
18.1795215606689,24.5509147644043,26.9855213165283,27.9319458007813,27.6971187591553,27.1463985443115,19.4722652435303
18.8455219268799,23.3750858306885,26.9115905761719,28.0864849090576,27.2832889556885,27.6491203308105,19.0205059051514
20.3060302734375,25.1366901397705,28.6783962249756,30.4425258636475,29.0640811920166,27.950532913208,21.0488529205322
20.1098003387451,25.3970203399658,29.2598857879639,30.5986251831055,29.1836681365967,28.4912910461426,21.582857131958
17.8227443695068,22.4248352050781,26.1621265411377,27.355920791626,26.8714199066162,26.3747158050537,17.9793167114258
16.7992706298828,21.4948062896729,25.5274066925049,27.0903129577637,26.5662727355957,25.7313957214355,17.4500541687012
18.6011009216309,23.8711128234863,27.1865997314453,28.1299228668213,27.6954460144043,27.6903076171875,19.2757225036621
16.8135643005371,24.0424957275391,25.7459659576416,27.3761348724365,27.0296630859375,26.1429195404053,18.0823440551758
16.6979789733887,23.8519401550293,25.6726951599121,27.2933902740479,26.9840755462646,26.0697059631348,17.9083366394043
17.399866104126,23.8785133361816,26.3763179779053,27.5331363677979,27.3141555786133,26.6096382141113,18.6205444335938
16.9597492218018,24.0731735229492,25.8579387664795,27.3274211883545,26.7478675842285,26.0110340118408,18.105073928833
17.4183082580566,24.2235450744629,26.6589508056641,27.6849155426025,27.0703563690186,26.4236907958984,18.9514350891113
17.0935344696045,24.1843376159668,26.3463878631592,27.6084766387939,27.3610763549805,26.8259334564209,18.5504741668701
16.9150848388672,24.2023391723633,26.1580829620361,27.4991931915283,27.1930656433105,26.7257499694824,18.3304023742676
17.2617950439453,24.2375202178955,26.471752166748,27.5639305114746,27.1358337402344,26.6103801727295,18.7717723846436
19.9227733612061,25.4624919891357,28.8796539306641,29.8450164794922,29.048999786377,28.2886962890625,21.2900924682617
18.7971534729004,25.2121334075928,27.4145736694336,28.4569835662842,27.5476379394531,27.0936412811279,19.9815902709961
17.214542388916,24.2409954071045,26.150785446167,27.5026779174805,26.7605495452881,26.0974197387695,18.3055992126465
20.2136116027832,25.4877243041992,29.0791664123535,30.0180110931396,28.932975769043,28.1551856994629,21.2898750305176
16.2646198272705,22.9968795776367,25.3738746643066,26.8835182189941,26.2844142913818,25.4859447479248,17.4197807312012
17.9044628143311,24.7919998168945,26.7751312255859,27.9398651123047,27.0316123962402,26.7233333587646,19.180591583252
16.658670425415,23.8433990478516,25.8505268096924,27.2542610168457,26.9682426452637,26.3511867523193,17.8577289581299
20.1481418609619,25.4956512451172,29.472448348999,30.4312076568604,29.19407081604,28.4136943817139,21.5993175506592
17.3951892852783,24.3246421813965,26.4453887939453,27.6678638458252,27.149694442749,26.4912090301514,18.6602153778076
17.8358993530273,24.6397113800049,26.8039722442627,27.9743518829346,27.139612197876,26.6659965515137,19.1021480560303
17.6885147094727,24.3012256622314,26.8832511901855,28.0170726776123,27.3298759460449,26.5270347595215,19.2163944244385
17.4203510284424,24.4205665588379,26.4190044403076,27.6150417327881,26.732421875,26.3628273010254,18.7305641174316
16.9719505310059,24.2413749694824,26.1342887878418,27.4897308349609,27.1344509124756,26.6155567169189,18.377758026123
19.7691669464111,25.6812896728516,28.6458339691162,29.6295166015625,28.699031829834,27.818000793457,20.865161895752
16.9843788146973,23.4847679138184,26.0277824401855,27.5027198791504,27.2348823547363,26.3576908111572,18.151927947998
17.0184154510498,24.1841907501221,25.933012008667,27.4020156860352,26.8623065948486,26.1348781585693,18.313081741333
19.9023456573486,25.5135402679443,29.0773277282715,30.0391330718994,29.2002658843994,28.4449977874756,21.4430465698242
16.4772033691406,23.233190536499,25.5522403717041,27.0854187011719,26.5240230560303,25.6878452301025,17.5955905914307
16.1406593322754,22.7449493408203,25.332389831543,27.2608604431152,26.5265808105469,25.5665187835693,17.3866062164307
16.0797119140625,22.8422584533691,25.2290000915527,26.7137184143066,26.1623115539551,25.3716011047363,17.2594356536865
17.3224029541016,24.2804832458496,26.3113307952881,27.5993404388428,26.9701080322266,26.3050422668457,18.4503765106201
16.4784145355225,23.3120536804199,25.5699939727783,27.12255859375,26.616153717041,25.7925510406494,17.5307731628418
16.8023071289063,24.1150188446045,26.0019207000732,27.3843822479248,27.0617427825928,26.4993648529053,18.1799507141113
17.3170127868652,23.6235466003418,26.2352294921875,27.6522216796875,27.3497066497803,26.5219917297363,18.3697700500488
19.6777324676514,25.1947975158691,28.3601531982422,29.4880065917969,28.6399002075195,27.6081199645996,20.6397457122803
16.2799072265625,22.8222236633301,25.4744453430176,27.3404121398926,26.7093200683594,25.7377777099609,17.5417556762695
20.2182655334473,25.4257984161377,29.5734424591064,30.6642284393311,29.1888904571533,28.5091075897217,21.6809253692627
16.7638072967529,23.6530647277832,25.8632335662842,27.3651924133301,27.0484256744385,26.3237361907959,17.9439830780029
17.187686920166,24.338888168335,26.1909446716309,27.4383144378662,26.6799221038818,26.1733150482178,18.5053482055664
18.1638565063477,24.8933296203613,26.9354496002197,28.0620040893555,27.1551856994629,26.8543930053711,19.4069442749023
18.5898990631104,25.1282215118408,27.4103183746338,28.5111179351807,27.6026439666748,27.3041248321533,20.0511150360107
16.3623332977295,23.0232257843018,25.4950008392334,27.1293544769287,26.4330635070801,25.5961666107178,17.4237098693848
19.6492404937744,25.4518032073975,28.7197113037109,29.8311996459961,29.2970733642578,28.4099140167236,21.2350292205811
17.994197845459,25.0150814056396,26.8976535797119,28.0618953704834,27.2208099365234,26.6918277740479,19.2349910736084
18.3646659851074,24.8601608276367,27.3280010223389,28.3270969390869,28.2874202728271,27.3901672363281,20.0011291503906
16.6464862823486,23.8973064422607,25.8342132568359,27.19362449646,26.8989677429199,26.1985359191895,17.9829654693604
17.8405170440674,24.341136932373,26.7762355804443,27.7452201843262,27.5065574645996,26.9470825195313,19.1631469726563
20.5861110687256,25.6587810516357,29.6794452667236,30.7485656738281,29.1931896209717,28.4027767181396,21.6516132354736
17.3476619720459,24.4931125640869,26.3847236633301,27.4600944519043,26.6637020111084,26.3396701812744,18.7124271392822
17.0502376556396,23.8045558929443,26.2008972167969,27.4873561859131,27.2949142456055,26.5594863891602,18.3649501800537
16.5548152923584,23.6621284484863,25.5741081237793,26.9378719329834,26.6001091003418,25.7787132263184,17.7671051025391
17.2456169128418,20.7533893585205,26.6932506561279,28.1484470367432,26.3857479095459,25.8205795288086,18.395320892334
17.4980125427246,20.7414970397949,27.044490814209,28.5709800720215,26.8177223205566,26.0660457611084,18.7145442962646
16.0446128845215,20.6821441650391,25.2904052734375,27.0187358856201,25.9092540740967,25.4008407592773,16.9138965606689
16.9931831359863,20.3135986328125,26.4325332641602,27.6354427337646,25.8307437896729,25.3343448638916,17.9232711791992
17.2219085693359,21.3741855621338,26.0735282897949,27.5954513549805,26.0553226470947,26.2795295715332,17.6277236938477
16.7990894317627,20.9925422668457,26.0748329162598,27.4520320892334,25.9280738830566,26.2126140594482,17.4347152709961
17.1901817321777,20.9041728973389,26.3016033172607,27.6647834777832,25.8601303100586,25.9941596984863,17.9373569488525
16.2516918182373,20.5018882751465,25.8155479431152,27.1850261688232,25.7247409820557,25.921329498291,17.1150074005127
16.6715335845947,20.8932762145996,25.8239593505859,27.2119178771973,25.7942390441895,25.9739875793457,17.2265720367432
16.6892032623291,20.3136959075928,26.3416805267334,27.7211647033691,25.5228233337402,25.1551780700684,17.7819194793701
16.3538627624512,20.5287780761719,25.9563694000244,27.4373321533203,25.7833213806152,26.1031837463379,17.246654510498
16.8967838287354,20.377893447876,26.2554740905762,27.5212898254395,25.5461044311523,25.5038528442383,17.9525871276855
16.9543781280518,20.2266178131104,26.3658638000488,27.5253391265869,25.7025680541992,25.3364429473877,17.8390140533447
17.3575134277344,20.7304344177246,26.9012203216553,28.3330192565918,26.5074310302734,25.9292259216309,18.5877876281738
17.8227081298828,22.2122230529785,26.5021419525146,27.8438625335693,26.7717247009277,26.4959106445313,17.9928283691406
15.776216506958,19.9540138244629,25.667818069458,27.3287792205811,25.4604682922363,25.5667610168457,16.8451976776123
17.0569972991943,20.6348686218262,26.7405204772949,28.0366764068604,25.8510627746582,25.2950286865234,18.2252578735352
15.8290910720825,20.1441440582275,25.5292491912842,26.9909267425537,25.4949207305908,25.5484580993652,16.8271465301514
16.7477359771729,20.564811706543,26.4823551177979,28.2115135192871,25.7802639007568,25.2824363708496,17.7494449615479
16.1621284484863,20.78346824646,25.275806427002,26.9685859680176,25.9060668945313,25.4581489562988,16.9069805145264
17.7063903808594,22.1502799987793,26.2779331207275,27.6233310699463,26.8097534179688,26.3788032531738,17.8782596588135
17.0616092681885,20.3015613555908,26.6331901550293,27.7749805450439,26.0070114135742,25.3417148590088,18.099214553833
17.5057334899902,21.2689647674561,26.6375617980957,28.1386280059814,26.3580150604248,26.1904792785645,18.2209434509277
16.4902229309082,20.7579975128174,25.4796504974365,26.9560394287109,25.733922958374,25.6655025482178,17.0037403106689
18.7313423156738,22.8186950683594,27.021915435791,28.3718147277832,27.3167419433594,27.322359085083,18.4937400817871
16.3349075317383,20.1501579284668,26.1258335113525,28.15260887146,25.6180763244629,25.1201095581055,17.2837104797363
16.5024089813232,20.7305793762207,25.2432727813721,26.8167953491211,25.872407913208,25.3423595428467,16.8838901519775
16.1803169250488,20.1000003814697,26.0081996917725,27.7019329071045,25.4303722381592,25.051887512207,17.1696090698242
16.1892852783203,20.4591770172119,25.5967140197754,26.9431571960449,25.5991172790527,25.7307014465332,16.9845657348633
15.8192768096924,20.0573539733887,25.5870552062988,27.1569023132324,25.4683723449707,25.6178092956543,16.8451251983643
16.2142448425293,20.2563571929932,25.8884620666504,27.4597930908203,25.6183223724365,25.9215145111084,17.1291809082031
18.2040309906006,21.3468074798584,28.2513313293457,29.7071723937988,27.8716983795166,27.1952571868896,19.9315433502197
17.2138786315918,20.793888092041,26.4430541992188,27.7428874969482,25.8735466003418,25.8046989440918,18.0968322753906
16.6269359588623,20.7519989013672,25.959436416626,27.4205417633057,25.6780471801758,26.1707916259766,17.303617477417
17.1487426757813,20.719856262207,26.5317840576172,27.835958480835,26.0256042480469,25.7056579589844,18.1190738677979
16.7242164611816,20.5037040710449,26.0004959106445,27.4627361297607,25.5882091522217,25.9107513427734,17.5592479705811
15.8929634094238,20.003381729126,25.7872543334961,27.3832817077637,25.367546081543,25.3486576080322,16.9544258117676
16.6431217193604,20.6148929595947,25.9923572540283,27.4557342529297,25.6367111206055,26.1339015960693,17.3360500335693
17.7406349182129,21.1050186157227,27.6087970733643,28.9772548675537,27.0925331115723,26.2754440307617,19.2158985137939
18.689172744751,22.6395263671875,27.0017185211182,28.4272785186768,27.3609447479248,27.2205448150635,18.4944972991943
15.3451814651489,19.7408447265625,25.279878616333,26.8526515960693,25.1855945587158,25.1484527587891,16.507287979126
16.6051368713379,20.3166084289551,26.1277751922607,27.6066303253174,25.5259685516357,25.5772686004639,17.6670227050781
16.778923034668,20.2250804901123,26.5365409851074,27.6698799133301,25.8014259338379,25.1956939697266,18.0942897796631
17.7332725524902,21.8121871948242,26.320499420166,27.9395523071289,26.5065288543701,26.5796775817871,17.971363067627
17.4536476135254,21.8506259918213,26.0102367401123,27.4193229675293,26.6856212615967,26.161018371582,17.7039794921875
17.6574554443359,21.4446449279785,26.2431716918945,27.8504848480225,26.1957511901855,26.3698806762695,17.8141670227051
18.5779628753662,22.3580646514893,26.8651847839355,28.458065032959,27.1557350158691,26.9161109924316,18.3727588653564
18.0481128692627,22.3316440582275,26.6797122955322,28.2004528045654,26.9788837432861,26.7987842559814,18.1652812957764
17.3445987701416,21.5476970672607,26.0383281707764,27.4466800689697,26.3238105773926,26.0859184265137,17.5750408172607
18.1684951782227,22.0898036956787,26.5993213653564,28.2371845245361,26.8793773651123,26.7686061859131,18.2188682556152
16.2538642883301,20.3145084381104,26.1109886169434,27.6688365936279,25.5686225891113,25.3463859558105,17.3234748840332
19.0814437866211,22.6757431030273,27.0553894042969,28.5668640136719,27.6742649078369,27.4686107635498,18.793628692627
17.3716278076172,21.6003265380859,26.1888427734375,27.7050113677979,26.3153076171875,26.2789840698242,17.6579971313477
18.5213642120361,22.7585430145264,27.0136661529541,28.3793926239014,27.3135204315186,27.2184391021729,18.4138011932373
17.4694442749023,20.6297607421875,26.6826305389404,28.7614212036133,26.2346267700195,25.4838085174561,18.1593170166016
17.5966796875,21.2415237426758,26.8428268432617,28.4361572265625,26.6825141906738,26.2262763977051,18.4084930419922
18.2572460174561,21.9093914031982,26.6035079956055,28.2847995758057,26.806547164917,26.6848888397217,18.1963024139404
18.1239852905273,21.7016506195068,26.5234451293945,28.2027187347412,26.6826248168945,26.5418090820313,18.1796627044678
17.0983009338379,21.0801048278809,26.06760597229,27.5487480163574,25.7862892150879,26.2557926177979,17.4816570281982
15.2576513290405,19.5402355194092,25.210823059082,26.851921081543,25.048152923584,25.0982074737549,16.4060497283936
17.7215404510498,21.0593891143799,27.6108741760254,28.8259124755859,27.0197410583496,26.1402454376221,19.2056922912598
17.7352046966553,20.932580947876,27.4806537628174,29.0287666320801,27.1594009399414,26.4941024780273,19.202974319458
18.1574478149414,22.6462154388428,26.8385066986084,28.1577625274658,27.1460342407227,26.8978214263916,18.2536506652832
17.1571922302246,20.7456836700439,26.7097091674805,28.3643321990967,25.8497505187988,25.3386478424072,18.0307865142822
16.7349281311035,20.1821575164795,26.2825393676758,28.2898006439209,25.6557884216309,25.2030239105225,17.4451580047607
17.9972763061523,21.0489521026611,27.7735996246338,29.2783832550049,27.4939155578613,26.735689163208,19.3911743164063
16.5400104522705,20.3793888092041,26.2307052612305,27.8329753875732,25.5842056274414,25.3451614379883,17.5340538024902
17.868896484375,21.208890914917,27.2358684539795,28.6519889831543,26.5181350708008,25.6941394805908,18.8817901611328
16.7381000518799,20.3528022766113,26.2692985534668,27.7039756774902,25.5147228240967,25.4355754852295,17.7745876312256
17.5591735839844,21.3572444915771,26.379020690918,27.9412155151367,26.2280673980713,26.2534141540527,18.0383739471436
17.5344371795654,21.4516906738281,26.1012859344482,27.713695526123,26.138973236084,26.3950214385986,17.7080688476563
17.743371963501,20.8285369873047,27.0968074798584,28.6251316070557,26.9811248779297,26.1996974945068,18.5861072540283
16.7623844146729,20.1498374938965,26.3122463226318,27.5127601623535,25.5892581939697,25.2150497436523,17.8815250396729
17.9920387268066,22.5557079315186,26.6134433746338,27.8332252502441,26.9359378814697,26.6278877258301,18.1214828491211
17.3178958892822,20.6388034820557,26.8428993225098,28.1060695648193,26.2779750823975,25.6628570556641,18.3569145202637
17.928186416626,21.2354297637939,27.1112194061279,28.883825302124,26.4382801055908,25.6915550231934,18.6767330169678
17.1486549377441,21.0198001861572,26.1675720214844,27.6432018280029,25.8644390106201,26.1681632995605,17.7269325256348
17.0022621154785,21.0907764434814,25.9709510803223,27.4693546295166,25.7770557403564,26.262622833252,17.4796180725098
18.1103706359863,21.5884399414063,26.666202545166,28.3807334899902,26.7723121643066,26.4891662597656,18.3397846221924
18.2367305755615,22.3945446014404,26.7678337097168,28.3061084747314,27.0608348846436,26.9072437286377,18.2785129547119
16.8397674560547,20.4553451538086,26.1268997192383,27.5102844238281,25.5036373138428,25.6847763061523,17.8386058807373
15.6185111999512,19.9545459747314,25.6783981323242,27.3109588623047,25.2831439971924,25.1293716430664,16.7767181396484
15.8339357376099,20.3453636169434,25.3366527557373,26.9820423126221,25.6891651153564,25.3951950073242,16.8650760650635
17.5625820159912,20.9538478851318,27.3190898895264,28.4519367218018,26.5861301422119,25.758337020874,18.9743194580078
15.3220691680908,19.6044864654541,25.3442420959473,27.043249130249,25.1373271942139,25.1345767974854,16.4908008575439
16.3254699707031,20.1983489990234,25.9286251068115,27.4490127563477,25.4760799407959,25.665397644043,17.3113040924072
19.5397911071777,22.1259059906006,29.1521911621094,30.2399749755859,28.9659786224365,27.9140491485596,20.886438369751
19.0453453063965,21.8706836700439,28.7001342773438,29.8952140808105,28.5296058654785,27.8113498687744,20.6800994873047
18.5591011047363,21.5232200622559,28.6986122131348,29.9630279541016,28.8712921142578,28.3828620910645,21.0553741455078
20.6183338165283,22.5705413818359,31.9542236328125,32.9595184326172,30.3779773712158,30.3463878631592,22.5805969238281
20.0090732574463,22.3863792419434,29.4890747070313,30.5806446075439,29.025806427002,27.5144443511963,20.4804649353027
18.5887508392334,21.4131946563721,28.4418697357178,29.6581554412842,28.4717407226563,27.9126033782959,20.6957321166992
22.1170883178711,23.0121364593506,32.6161880493164,32.9710540771484,31.0582752227783,30.4712047576904,23.4445724487305
19.1534080505371,26.2016124725342,28.4293556213379,29.1044731140137,28.2747440338135,27.2642040252686,19.9204540252686
21.6748657226563,26.1679534912109,29.9967269897461,31.3792629241943,29.5136127471924,28.6024723052979,21.6196994781494
20.8952007293701,25.7366352081299,29.5566005706787,30.7772388458252,29.0240535736084,28.1873016357422,21.5540084838867
21.7230587005615,25.5343894958496,30.6670341491699,31.6938667297363,29.8930053710938,28.8454113006592,21.862813949585
19.8061103820801,25.9686374664307,28.6233329772949,29.2444438934326,28.3247318267822,27.2401847839355,20.0512542724609
21.5970973968506,26.5128784179688,30.1201972961426,31.3976345062256,29.590892791748,28.6249618530273,21.7748107910156
20.8475933074951,25.9259853363037,29.2053699493408,30.1456985473633,28.9589595794678,28.0027770996094,21.0521507263184
20.0418510437012,25.9682788848877,28.9488887786865,29.6261653900146,28.5575275421143,27.3555545806885,20.3618278503418
21.4749794006348,26.5544548034668,29.9750461578369,31.2448482513428,29.4817142486572,28.4809608459473,21.7554206848145
21.5741634368896,26.3087959289551,30.0194187164307,31.3790378570557,29.5688133239746,28.5820503234863,21.6121788024902
21.8445472717285,26.0962371826172,30.0703315734863,31.4401512145996,29.4464683532715,28.6579360961914,21.7824020385742
20.7681465148926,25.4826107025146,29.7691993713379,30.9101963043213,29.1094722747803,28.398229598999,21.7152538299561
21.5542182922363,26.6667976379395,30.1014823913574,31.4518661499023,29.6402492523193,28.5792083740234,21.8558502197266
19.7077770233154,25.9489250183105,28.7520370483398,29.3182792663574,28.4129028320313,27.2918510437012,20.0709686279297
25.8191909790039,29.240795135498,32.1806411743164,34.6972961425781,34.2293891906738,32.3614463806152,27.4547080993652
25.4672241210938,29.0526847839355,32.3881378173828,34.6702842712402,34.5043869018555,32.7794036865234,27.4567184448242
25.4622898101807,28.9962520599365,32.2638053894043,34.4661140441895,34.2745208740234,32.6540412902832,27.3341484069824
24.7690124511719,28.6121349334717,32.4431953430176,34.4640846252441,34.3119621276855,32.4915962219238,26.667387008667
25.3262634277344,29.0334186553955,32.6328201293945,34.7305488586426,34.7246856689453,32.9687004089355,27.503812789917
25.0330352783203,28.90185546875,32.6269989013672,34.605842590332,34.4264450073242,32.6134185791016,26.9122753143311
24.6540832519531,28.2625713348389,32.2281227111816,34.3596801757813,34.4011459350586,32.5108184814453,26.6740665435791
24.9306411743164,28.6289520263672,32.472053527832,34.5570220947266,34.4782485961914,32.6695289611816,26.8822898864746
25.3037109375,29.1629848480225,32.6858673095703,34.5856552124023,34.4763031005859,32.80126953125,27.2305393218994
24.7871398925781,28.4829006195068,32.3924522399902,34.4772682189941,34.3639068603516,32.5536994934082,26.7291870117188
14.3188629150391,21.9411010742188,24.3746509552002,27.1431884765625,25.6229057312012,24.2826499938965,15.4364185333252
15.6966667175293,23.0538711547852,25.2345008850098,27.0529041290283,26.6279029846191,25.8111667633057,17.2466125488281
11.6143455505371,20.4970397949219,22.4604949951172,26.1177368164063,24.6893310546875,23.7945537567139,14.5142784118652
13.8116664886475,21.7643547058105,24.2848339080811,26.997257232666,25.4422588348389,23.720666885376,15.1787099838257
15.7563505172729,23.4683399200439,25.3078937530518,27.512321472168,26.9573230743408,26.0971927642822,17.5658321380615
15.4339160919189,23.2925224304199,25.2459468841553,27.7039566040039,27.0409412384033,26.0016040802002,17.5500545501709
13.796667098999,22.3053226470947,24.5518341064453,27.5324192047119,25.8256454467773,24.7773342132568,15.676290512085
12.1669683456421,21.3120746612549,23.0816440582275,26.631591796875,25.2920970916748,24.506706237793,15.0712404251099
13.2814502716064,21.9088745117188,24.0436630249023,27.1474380493164,25.4585304260254,24.6253776550293,15.2802963256836
14.4514312744141,18.9856624603271,24.9672985076904,27.2750492095947,25.0908279418945,23.6233596801758,14.8513765335083
16.1019477844238,19.0477962493896,25.9578304290771,28.1187076568604,26.2573375701904,25.2002296447754,16.5598640441895
15.9241781234741,20.2762870788574,26.0585098266602,27.7281303405762,25.6506862640381,25.0622596740723,16.8312797546387
15.9842481613159,20.0406665802002,26.1038303375244,28.0460968017578,25.8743076324463,25.2400398254395,16.7793216705322
14.7374429702759,19.1082363128662,25.3961887359619,27.2205352783203,25.4115142822266,24.0960540771484,15.6408052444458
16.2126045227051,19.9664287567139,26.5110416412354,28.5064811706543,26.1380748748779,25.7863960266113,17.0909099578857
15.505298614502,18.6706295013428,25.3902034759521,27.9325408935547,26.4329032897949,24.3266372680664,15.6228771209717
15.869402885437,19.5774421691895,25.6860446929932,27.7002449035645,25.2962493896484,24.8466854095459,16.544677734375
15.0265111923218,19.6466178894043,25.2677936553955,27.2092266082764,25.4374332427979,24.3889827728271,15.9108076095581
14.6434288024902,19.0925636291504,25.0020313262939,26.5690422058105,24.766674041748,24.4860916137695,15.9609069824219
15.8729467391968,20.3181171417236,25.9858436584473,27.6045227050781,25.5416145324707,25.2210178375244,17.0009994506836
14.9404039382935,19.4250030517578,25.0156726837158,26.5667057037354,24.8898067474365,24.7758083343506,16.2410354614258
15.108081817627,19.5240097045898,25.3460426330566,26.9386425018311,25.035493850708,24.9111557006836,16.4549942016602
14.7479562759399,19.2474269866943,24.9161281585693,26.6453952789307,24.9132919311523,24.2104778289795,15.7481851577759
15.9697952270508,19.6779155731201,25.7124080657959,27.7355937957764,25.3066921234131,24.836275100708,16.7590446472168
15.2198219299316,19.3259620666504,25.6856460571289,27.5460796356201,25.424446105957,24.866569519043,16.099178314209
16.5082683563232,19.6952590942383,26.5357913970947,28.5847759246826,26.2282562255859,25.6629695892334,17.2376098632813
15.2968101501465,19.6376037597656,25.6678485870361,27.3441486358643,25.5001831054688,24.6562328338623,16.2795143127441
16.3249778747559,19.7861061096191,26.1756401062012,28.5198249816895,25.8410682678223,25.3964824676514,16.9543533325195
16.0863189697266,20.1638698577881,26.0176601409912,27.7074947357178,25.5298728942871,25.0745220184326,17.0078353881836
14.7838611602783,19.0424518585205,25.4697532653809,27.2223968505859,25.3866329193115,24.3188343048096,15.7293367385864
14.3605899810791,18.8870964050293,25.0609378814697,27.4637088775635,25.2116928100586,23.760763168335,14.7920026779175
14.7188539505005,19.109395980835,24.9365406036377,26.4894065856934,24.616626739502,24.6186771392822,16.0092487335205
16.0397300720215,19.4581527709961,25.6815738677979,27.7626075744629,25.1905765533447,24.6092109680176,16.4699897766113
15.5222330093384,19.7124710083008,25.8789253234863,27.5601196289063,25.6851119995117,24.6928482055664,16.2432632446289
16.3439083099365,19.6990566253662,25.8712501525879,27.9175205230713,25.3690643310547,24.8283634185791,16.8871650695801
14.8914642333984,19.5454349517822,25.1277847290039,26.6253337860107,24.8557300567627,24.378059387207,15.9138221740723
14.941309928894,18.4382171630859,24.7872428894043,27.3034820556641,25.61399269104,24.1042976379395,15.2594499588013
15.2913570404053,19.0766506195068,25.4583492279053,27.592306137085,25.4880218505859,24.5396842956543,15.6496858596802
16.1989631652832,20.0963172912598,26.363826751709,28.5369186401367,26.1472339630127,25.7007141113281,17.0737323760986
15.6048831939697,19.6777400970459,26.0600776672363,27.9891014099121,25.851541519165,25.2704696655273,16.5933685302734
14.9946794509888,19.3654499053955,25.3660717010498,27.0834140777588,25.3339748382568,24.6567001342773,16.21510887146
16.9319362640381,19.9922657012939,26.1566104888916,28.2940673828125,25.7922649383545,25.061408996582,17.4902973175049
15.1086740493774,19.353816986084,25.6926288604736,27.3587608337402,25.5538902282715,24.4572772979736,15.901180267334
14.6067571640015,18.809103012085,25.0272655487061,27.0795459747314,24.9685230255127,24.0117931365967,15.1907320022583
14.8972616195679,19.3007888793945,25.3160171508789,26.9293460845947,25.1326847076416,24.830005645752,16.3668193817139
15.8123426437378,19.2253284454346,25.7933654785156,27.949499130249,25.9885749816895,24.9992179870605,16.1870384216309
16.0319366455078,19.6605892181396,26.253246307373,28.23215675354,25.9750671386719,25.4400005340576,16.6491794586182
16.017240524292,19.0800228118896,25.6822605133057,27.9715766906738,26.2952270507813,25.0793743133545,16.3359355926514
15.2860107421875,19.6864204406738,25.6310577392578,27.2514591217041,25.3960933685303,25.000768661499,16.6210136413574
16.0286922454834,20.0768642425537,25.9708576202393,27.8357830047607,25.6658229827881,25.0632724761963,16.7889633178711
16.4385261535645,19.9266624450684,26.4369564056396,28.7304515838623,26.14768409729,25.7271385192871,17.2474937438965
23.945032119751,27.8301620483398,32.151237487793,33.6872253417969,33.1910400390625,31.7797336578369,25.5767707824707
24.8300609588623,28.6487808227539,32.1993598937988,34.1065101623535,34.0489120483398,32.4068260192871,26.4011611938477
24.7169456481934,28.5935478210449,32.4167594909668,34.2776870727539,34.2077941894531,32.4080581665039,26.4557342529297
24.3359909057617,28.2052936553955,32.0225067138672,33.8670654296875,33.5454521179199,32.1406631469727,26.0624866485596
24.2470836639404,28.323184967041,31.9352073669434,33.8580665588379,32.8820571899414,30.4872913360596,25.1580638885498
23.9131641387939,27.6838760375977,32.1277275085449,33.5341911315918,32.4914894104004,31.2267379760742,25.229284286499
24.7852573394775,28.6563167572021,32.3234367370605,34.2424736022949,34.1669082641602,32.4457168579102,26.451208114624
24.204927444458,28.1179962158203,32.1261787414551,33.7869529724121,33.5187225341797,32.119701385498,25.9567050933838
24.084451675415,27.9970684051514,32.200382232666,33.7826805114746,33.0700798034668,31.7254638671875,25.6748180389404
24.3871612548828,28.2746105194092,32.2109565734863,33.9733657836914,33.825122833252,32.2773818969727,26.1881160736084
25.0931396484375,28.9752769470215,32.4824752807617,34.4463577270508,34.3948745727539,32.5125923156738,26.607421875
19.8008632659912,23.1235408782959,27.6896667480469,29.3640766143799,28.3431415557861,27.9809589385986,20.1055488586426
20.4101314544678,23.5607032775879,29.828311920166,31.3535766601563,29.6599369049072,28.2560615539551,21.5593681335449
20.3101692199707,23.6233806610107,29.6381683349609,31.2268295288086,29.4494132995605,28.1359672546387,21.4141044616699
21.98073387146,26.0515060424805,31.5028057098389,32.5709838867188,30.3684501647949,29.2492065429688,22.7841529846191
20.2242584228516,22.8501796722412,29.1774082183838,30.8035850524902,29.2449817657471,27.8201847076416,20.5057353973389
20.0433731079102,22.7356243133545,28.5860157012939,30.1957778930664,28.9120769500732,27.9786128997803,20.3186721801758
20.5088481903076,23.3094387054443,28.3975315093994,30.1953411102295,28.8373165130615,27.9726333618164,21.0368385314941
18.5234260559082,21.2338008880615,27.9638423919678,29.3199729919434,27.7670154571533,26.9497623443604,19.4266090393066
20.3344039916992,22.9494915008545,28.5965118408203,30.314733505249,28.9227333068848,28.0367984771729,20.7232341766357
19.783332824707,22.2151622772217,28.9586658477783,30.0182266235352,28.8150005340576,27.7241668701172,20.5990314483643
20.2098979949951,22.9936676025391,28.5568237304688,30.1258430480957,28.7841014862061,28.158805847168,20.3348922729492
20.4890003204346,25.0200004577637,28.804500579834,30.2833862304688,29.336612701416,28.5224990844727,20.9382247924805
18.1036205291748,20.7574024200439,28.322380065918,30.4782695770264,28.8552837371826,28.2622718811035,20.7646045684814
17.6939945220947,20.2333583831787,26.9048461914063,29.1488876342773,27.0452728271484,25.6872329711914,19.3391990661621
17.6774749755859,20.3203983306885,26.9327602386475,29.2299652099609,27.0369548797607,25.8032093048096,19.5283660888672
17.8742198944092,20.3851261138916,27.9437389373779,30.5929050445557,28.6498222351074,27.8877372741699,20.3031139373779
17.9258651733398,21.2312831878662,27.8032608032227,29.2847061157227,27.3655166625977,26.3672409057617,19.6940574645996
17.7332019805908,20.695837020874,27.3556385040283,29.2781620025635,27.4101696014404,26.2631416320801,19.9786224365234
18.0077037811279,21.0644130706787,28.0539360046387,29.6327114105225,27.766357421875,27.0066833496094,19.8305130004883
17.9453830718994,20.8303680419922,27.2624168395996,28.8287582397461,27.0131988525391,25.5401382446289,19.2114734649658
18.3412227630615,21.1527767181396,28.4676246643066,30.335994720459,28.7797966003418,28.1159782409668,20.9083576202393
17.8368873596191,20.877815246582,27.308572769165,29.1869926452637,27.3099803924561,26.0700416564941,19.9329242706299
17.7785224914551,20.9270534515381,27.319278717041,28.948299407959,27.1368408203125,25.9707145690918,19.6939716339111
17.941011428833,21.0723209381104,27.6358604431152,29.3645534515381,27.4699687957764,26.4058971405029,20.009593963623
18.4343910217285,21.4346008300781,28.3825798034668,30.0201148986816,28.5134162902832,27.8949375152588,20.9205493927002
18.2749652862549,21.3533039093018,28.3308048248291,29.7512264251709,28.5332317352295,27.9776782989502,20.8050556182861
18.0372581481934,20.6835632324219,28.1077346801758,30.4990062713623,28.662914276123,27.7418403625488,20.5384349822998
18.0938358306885,20.8791694641113,28.0486850738525,30.014404296875,28.3274726867676,27.369291305542,20.6087551116943
17.607536315918,19.8224983215332,27.1185626983643,29.870418548584,27.9159641265869,26.3060855865479,19.0363292694092
18.5286140441895,21.6557636260986,28.6886177062988,30.1791572570801,28.9055957794189,28.4320507049561,21.210319519043
17.8541126251221,20.3539161682129,28.07248878479,30.3725528717041,28.6734218597412,28.2166690826416,20.5280418395996
17.743989944458,20.341854095459,26.9600200653076,28.7284336090088,26.8005523681641,25.3155326843262,18.973539352417
18.1678657531738,21.1645011901855,28.1780395507813,29.803731918335,28.2350749969482,27.2951984405518,20.4498481750488
17.5862731933594,20.4775638580322,26.8322315216064,28.8463096618652,26.8484649658203,25.515453338623,19.5515174865723
18.1313915252686,20.8674755096436,27.881160736084,30.0122661590576,28.1680450439453,26.9482707977295,20.494441986084
18.4773578643799,21.5725193023682,28.4350605010986,29.7757129669189,28.2401275634766,27.701587677002,20.3972454071045
18.2768306732178,21.3506603240967,28.3527774810791,29.8344326019287,28.1888542175293,27.4707489013672,20.2236709594727
18.2825336456299,21.2983932495117,28.2148494720459,29.507942199707,28.2791709899902,27.8328437805176,20.5507926940918
17.793041229248,20.128978729248,28.0710716247559,30.3846950531006,28.6375427246094,28.2024478912354,20.4085559844971
17.614236831665,20.3944969177246,26.8341217041016,28.6938781738281,26.8102226257324,25.3529434204102,19.2582492828369
17.7717990875244,20.6736888885498,27.1337871551514,29.1756801605225,27.1995143890381,25.9264373779297,19.8870182037354
17.9084663391113,20.7866916656494,27.5083198547363,29.4531745910645,27.6075439453125,26.4759006500244,20.2789840698242
18.7879066467285,21.7821884155273,28.5603275299072,29.8476676940918,28.4153671264648,27.8817768096924,20.6124496459961
18.3838691711426,21.439525604248,28.3151187896729,29.8585395812988,28.4715843200684,27.7963371276855,20.8890399932861
17.9278106689453,20.9141044616699,27.7464179992676,29.521167755127,27.6478061676025,26.6727657318115,20.0513305664063
18.0815086364746,21.0963878631592,27.9327507019043,29.6188297271729,27.9718055725098,26.9579830169678,20.5056343078613
18.6472568511963,21.7041893005371,28.9790935516357,30.5673751831055,29.1062412261963,28.6576137542725,21.3019351959229
17.5762023925781,20.5971393585205,26.9214382171631,28.5639266967773,26.8766193389893,25.3662738800049,19.3573303222656
18.1451873779297,21.0940475463867,27.9965724945068,29.7588806152344,28.089412689209,27.1438694000244,20.6488361358643
22.3143939971924,27.5942077636719,31.774242401123,31.9957847595215,30.6193180084229,28.1994323730469,22.6708202362061
15.5160675048828,18.3945598602295,25.4325389862061,27.8347454071045,26.8465194702148,24.5255641937256,15.7707710266113
13.6891021728516,18.2436466217041,24.7648010253906,27.6110191345215,27.3707160949707,22.6466159820557,14.0756864547729
16.0742282867432,18.7955055236816,25.7462730407715,28.1845207214355,26.9707317352295,24.716739654541,16.1650199890137
15.4252319335938,18.118049621582,25.3239727020264,28.3936138153076,27.9263305664063,25.5636463165283,16.0156116485596
14.6562471389771,18.281099319458,24.88134765625,27.2666797637939,26.716682434082,23.7069225311279,14.9722585678101
13.8368463516235,17.5718936920166,24.373779296875,26.5515365600586,26.2409782409668,23.2905673980713,14.2408046722412
13.9748134613037,18.5719013214111,24.3285102844238,27.0119895935059,26.4451503753662,23.0964393615723,14.0046634674072
13.1748685836792,17.6358222961426,24.1266613006592,26.6189804077148,26.3076457977295,22.8907279968262,13.4755439758301
16.4145107269287,18.9147090911865,25.9998474121094,28.5712718963623,27.1357669830322,25.0335521697998,16.5336627960205
16.2369575500488,18.8809394836426,25.7083721160889,28.3171520233154,26.8905200958252,25.084659576416,16.4339904785156
16.3184757232666,18.6947574615479,25.9326095581055,28.5987968444824,27.0440483093262,25.0878982543945,16.5164165496826
14.9160232543945,18.0716514587402,24.9393196105957,27.163818359375,26.5106353759766,23.8786220550537,15.1343212127686
13.9336929321289,18.1697025299072,24.4292449951172,26.9313735961914,26.4706974029541,23.2095222473145,14.1544752120972
14.0710592269897,18.2430381774902,24.8123607635498,27.8272705078125,27.9804573059082,23.1476764678955,14.5073499679565
14.4961090087891,18.406322479248,25.0897254943848,27.8377285003662,28.0340728759766,24.3838634490967,14.9344778060913
16.8257598876953,24.3238182067871,25.93088722229,27.4060802459717,27.1253604888916,26.3575687408447,18.47021484375
16.884557723999,24.3867778778076,25.9642696380615,27.306941986084,26.9474697113037,26.409481048584,18.5707321166992
16.7926959991455,24.7842254638672,26.0970268249512,27.1420993804932,26.6567344665527,26.3161888122559,18.6276302337646
17.1979541778564,24.8560237884521,26.2538890838623,27.2380466461182,26.5783233642578,26.218677520752,18.7565689086914
17.8878269195557,25.362361907959,26.8326416015625,27.6817626953125,26.8480663299561,26.3323574066162,18.9469718933105
16.2210254669189,24.3711853027344,25.9238529205322,27.557596206665,27.0873680114746,26.0979766845703,17.8735961914063
17.2920036315918,24.5708503723145,26.3631057739258,27.4834041595459,26.8663749694824,26.4924507141113,18.8956050872803
16.5382862091064,23.7619705200195,25.8028888702393,27.5323123931885,27.2592391967773,26.4209861755371,18.0173187255859
17.7242584228516,25.1806449890137,26.5644454956055,27.8376350402832,27.5094985961914,26.4307403564453,18.6949825286865
17.7683525085449,25.408390045166,26.7267169952393,27.6784648895264,26.9635581970215,26.4715843200684,18.9440116882324
16.0304317474365,23.6216583251953,25.5551280975342,27.5084285736084,27.123119354248,26.2819519042969,17.7577743530273
17.5617294311523,25.0915031433105,26.5162010192871,27.5031890869141,26.7385425567627,26.3092765808105,18.9086799621582
16.6462020874023,24.3979015350342,25.9363956451416,27.4264392852783,27.2064933776855,26.1734085083008,18.4207992553711
16.6312160491943,24.5528717041016,26.0296573638916,27.3461608886719,27.0339965820313,26.2809906005859,18.4334449768066
16.4978618621826,24.0444793701172,25.8328037261963,27.6267070770264,27.3879585266113,26.3875064849854,18.2230052947998
18.0318622589111,25.575267791748,27.00537109375,27.7525825500488,26.9701595306396,26.4351997375488,18.9799690246582
15.7980556488037,24.0104827880859,25.6463890075684,27.4258060455322,27.0639801025391,25.9186115264893,17.6993732452393
16.7411098480225,24.6014995574951,26.0134868621826,27.1969013214111,26.8275012969971,26.4582767486572,18.5994243621826
17.3506107330322,25.0660648345947,26.453857421875,27.445915222168,26.929126739502,26.3694095611572,18.8055667877197
16.6948680877686,24.7909183502197,26.2545471191406,27.5954418182373,27.251220703125,26.2683887481689,18.4227924346924
16.980525970459,24.2723255157471,25.9763011932373,27.3751945495605,26.9547805786133,26.3434810638428,18.5336608886719
17.0293769836426,24.6797943115234,26.1977787017822,27.2813301086426,26.7817974090576,26.5307540893555,18.8741359710693
17.7319164276123,24.8813896179199,26.7686576843262,27.7704124450684,27.0167922973633,26.6352767944336,19.1742744445801
15.5835418701172,23.6324863433838,25.4031829833984,27.5611572265625,27.287223815918,25.8867492675781,17.8345775604248
16.6991443634033,24.01389503479,25.8587894439697,27.6607265472412,27.3822650909424,26.5380420684814,18.1894226074219
18.1922264099121,25.8889904022217,27.001916885376,28.0987071990967,27.5865592956543,26.8706378936768,19.2012424468994
17.570125579834,24.7058734893799,26.6588134765625,27.6867713928223,26.8751220703125,26.5224571228027,18.9656810760498
16.8063278198242,24.2910709381104,25.9507522583008,27.5805931091309,27.3521194458008,26.4138679504395,18.4880657196045
15.8339099884033,23.9477958679199,25.5623607635498,27.48655128479,27.252405166626,25.9729709625244,17.9036540985107
16.0680027008057,24.1490821838379,25.7308483123779,27.4774208068848,27.1867656707764,26.014440536499,17.9272613525391
16.855827331543,24.4975280761719,26.0528106689453,27.2214794158936,26.8172645568848,26.4506282806396,18.6391181945801
16.8883113861084,24.9388046264648,26.3229179382324,27.4796714782715,27.147008895874,26.3681297302246,18.6325454711914
16.8082447052002,24.1592082977295,25.8535785675049,27.5031414031982,27.2032337188721,26.4173965454102,18.3017711639404
16.0629634857178,24.5400791168213,25.7425918579102,27.5294895172119,27.3613548278809,25.7567348480225,17.4017601013184
16.1924095153809,23.4356822967529,25.6401615142822,27.3939914703369,27.0446281433105,26.1857109069824,17.6878795623779
16.2788867950439,24.1084785461426,25.6923847198486,27.5633525848389,27.3932762145996,26.0768337249756,18.1725044250488
16.5212955474854,24.5490188598633,26.0649166107178,27.5780811309814,27.219575881958,26.2025470733643,18.2819805145264
22.0330009460449,23.3820972442627,32.7413330078125,33.484676361084,32.6374206542969,31.1153335571289,23.885160446167
22.2749996185303,23.2768821716309,32.8175926208496,33.2550163269043,31.5562725067139,30.5687046051025,23.6505374908447
17.7891101837158,26.4104652404785,26.8002853393555,28.8853569030762,28.9727821350098,26.4451713562012,17.9487724304199
17.2327651977539,25.9833202362061,26.2174243927002,28.5196113586426,28.5311584472656,26.1142044067383,17.5304260253906
18.0035781860352,19.931770324707,27.1818675994873,29.7380027770996,27.573091506958,25.8876247406006,17.9198875427246
16.1540393829346,18.8241386413574,25.4188632965088,27.7884731292725,25.2400341033936,24.3776702880859,16.4558563232422
17.2199287414551,19.0837230682373,26.6927661895752,29.3241481781006,27.0597038269043,25.4020957946777,17.1827526092529
17.8533115386963,19.5756015777588,27.4327392578125,30.3327693939209,28.4933319091797,26.4234943389893,18.3728923797607
18.0954113006592,20.0580825805664,27.6091613769531,30.2169380187988,28.3832302093506,26.5373935699463,18.8094959259033
18.4274387359619,21.4446697235107,27.6571502685547,29.265718460083,27.3355484008789,26.0966644287109,19.3734664916992
17.267765045166,18.9074535369873,26.6397533416748,29.6791381835938,27.1872501373291,25.4079360961914,17.3592739105225
15.9941673278809,18.6217403411865,25.7319984436035,28.0564193725586,26.0190010070801,24.9395885467529,16.5387287139893
16.043909072876,18.470645904541,25.561710357666,27.9495658874512,25.6389102935791,24.4788341522217,16.3914985656738
17.5004425048828,19.2584590911865,26.8856525421143,29.8768177032471,27.619026184082,25.7688274383545,17.7292499542236
18.3575115203857,20.7895278930664,27.5514335632324,29.5095958709717,27.4524269104004,26.2309818267822,18.9615535736084
16.8635139465332,19.3198890686035,25.8057518005371,27.9471683502197,25.643253326416,24.8366069793701,17.0042839050293
17.9499816894531,20.987699508667,27.0141124725342,28.9236068725586,26.6723861694336,25.651538848877,18.7133026123047
17.6928310394287,20.1835632324219,26.627197265625,28.5964088439941,26.407527923584,25.5538444519043,18.0713081359863
17.2626934051514,20.0772571563721,26.2529582977295,28.3469009399414,26.0292358398438,25.1382656097412,17.7932319641113
16.6188278198242,19.37278175354,25.7089653015137,27.9449825286865,25.4663219451904,24.6915168762207,16.9941368103027
16.8102283477783,18.7373275756836,26.2073707580566,29.8331604003906,27.9019432067871,25.7207221984863,17.1952056884766
15.9716854095459,18.5944938659668,25.641040802002,28.1717319488525,26.5104503631592,25.0548801422119,16.4350814819336
18.3400764465332,20.4703102111816,27.4090938568115,29.77219581604,27.7508792877197,26.1387596130371,18.349910736084
17.6509017944336,19.3896541595459,27.0082111358643,29.5951271057129,27.1423282623291,25.6702117919922,17.5805931091309
18.067943572998,20.8444766998291,27.1762771606445,28.9944171905518,26.8338088989258,25.7634868621826,18.7753162384033
18.3192749023438,21.4298095703125,27.5354824066162,29.0390491485596,27.0816383361816,25.9838962554932,19.2735576629639
22.386890411377,26.1938285827637,31.2018013000488,32.4199600219727,30.2728366851807,29.1417808532715,22.7619323730469
22.9362964630127,26.5948028564453,31.3890743255615,32.7569885253906,30.8467750549316,29.3648147583008,23.3249111175537
22.2230358123779,26.0065307617188,31.0526599884033,32.1980514526367,30.1383953094482,29.1021003723145,22.3637504577637
22.4747676849365,26.2337627410889,31.25510597229,32.4841346740723,30.3511180877686,29.1363201141357,22.9417514801025
22.3542575836182,26.11203956604,31.3468246459961,32.4664878845215,30.3191585540771,29.2262191772461,23.1449584960938
22.6831645965576,27.4925060272217,31.358585357666,32.2042999267578,30.1987609863281,28.0148143768311,22.8365917205811
21.779260635376,25.5988597869873,30.8536891937256,31.8042812347412,29.8364353179932,28.9615478515625,21.9425487518311
21.5331478118896,26.4908599853516,30.0332717895508,31.3037624359131,29.5612888336182,28.6585178375244,21.7436065673828
22.6288795471191,26.3143157958984,31.3824062347412,32.6451873779297,30.5918464660645,29.2711143493652,23.2734622955322
21.9605178833008,25.7025814056396,30.7918128967285,31.9019107818604,29.8921527862549,28.968282699585,21.8862781524658
27.0514869689941,29.5040950775146,32.1555061340332,34.7086372375488,35.255256652832,31.8788051605225,29.4511280059814
13.6736526489258,19.7542343139648,23.5233154296875,26.130989074707,23.6132278442383,23.1690235137939,14.0961227416992
15.4135227203369,21.1236114501953,24.9228210449219,26.7605972290039,25.6517486572266,24.9798622131348,16.3202018737793
14.5301132202148,20.7867431640625,24.6396732330322,26.5159301757813,25.1778697967529,24.4228000640869,15.7152223587036
13.9670133590698,20.6287689208984,24.4854507446289,26.7850933074951,24.9663314819336,24.0249481201172,15.4150543212891
16.4198398590088,20.9678783416748,25.0712070465088,26.7763004302979,26.1274394989014,25.3309116363525,16.9342098236084
11.399242401123,18.2999992370605,22.1828784942627,25.8612899780273,24.2353382110596,22.6542415618896,15.4117298126221
13.5627946853638,19.7227115631104,23.4281139373779,26.1122512817383,23.5353527069092,23.0954551696777,13.978494644165
13.4523334503174,20.6343555450439,23.6644992828369,26.9096775054932,24.8377418518066,23.9903335571289,15.0601615905762
15.9265670776367,20.9515724182129,24.9140853881836,26.6928901672363,25.9964904785156,25.1849880218506,16.7394618988037
11.6159076690674,18.6052055358887,22.4191570281982,25.9385929107666,24.4078140258789,22.9765377044678,15.6479749679565
14.3516836166382,19.4092540740967,24.358585357666,26.6093196868896,24.4718151092529,23.4121208190918,14.9504728317261
23.7956199645996,27.5540580749512,32.129280090332,33.495189666748,32.5347633361816,31.2734260559082,25.1183338165283
22.3551597595215,27.647274017334,31.8130950927734,32.075267791748,30.6173191070557,28.2638893127441,22.776496887207
22.0904769897461,27.0519485473633,31.1047611236572,31.4499378204346,30.3525352478027,28.2051944732666,22.5412654876709
23.5577030181885,27.0992870330811,31.9483470916748,33.1586761474609,31.8516712188721,30.6948184967041,24.5011596679688
14.7425584793091,22.3564510345459,24.7313270568848,27.4169311523438,26.0272827148438,25.1358337402344,15.9349317550659
12.9867420196533,20.266056060791,23.805606842041,27.0388565063477,24.9969940185547,23.8501510620117,15.2136363983154
22.7837772369385,23.4431457519531,33.5428619384766,34.1737937927246,32.7103652954102,31.8129634857178,24.1542263031006
18.7250080108643,24.7540225982666,27.5880355834961,28.791109085083,28.5272769927979,27.5918521881104,20.3116016387939
19.4584445953369,25.3179378509521,28.5635890960693,29.7881622314453,29.317174911499,28.2650547027588,21.0372676849365
18.9950008392334,24.9125518798828,28.0332584381104,29.3711566925049,28.9694080352783,27.9458599090576,20.6692562103271
19.3449954986572,24.9158992767334,28.278564453125,29.6778354644775,28.8910293579102,28.0920314788818,20.7953319549561
19.3650722503662,24.1116199493408,27.4726715087891,28.5987510681152,28.3687858581543,28.260461807251,19.9987487792969
19.984432220459,25.3809509277344,28.9179935455322,30.4054737091064,29.1550159454346,28.3313121795654,21.2367420196533
16.9695014953613,22.7491931915283,25.9173316955566,27.8833065032959,27.1288719177246,26.3226661682129,17.8121776580811
19.1636505126953,25.4104290008545,27.8685245513916,28.9280548095703,28.0760078430176,27.6127872467041,20.5865001678467
16.4392547607422,23.3935222625732,25.5041122436523,26.9760551452637,26.6934623718262,25.8154716491699,17.6464576721191
16.9272804260254,24.1247234344482,25.9432353973389,27.3494358062744,26.9004058837891,26.2381381988525,18.1778087615967
19.5968055725098,25.2860660552979,28.4950180053711,29.5812091827393,28.9023838043213,28.0107040405273,20.991756439209
16.7327079772949,23.973669052124,25.7827663421631,27.1748580932617,26.8503017425537,26.0504016876221,17.9994602203369
17.5002117156982,24.2868843078613,26.7397327423096,27.6575984954834,27.2499217987061,26.689525604248,19.1399574279785
20.6453704833984,25.6297416687012,29.3010406494141,30.4177589416504,28.8851051330566,28.1350383758545,21.4847412109375
16.3994998931885,23.0472583770752,25.4860000610352,27.2612895965576,26.6109676361084,25.7043323516846,17.4785480499268
16.7973461151123,23.9831237792969,25.7506713867188,27.2624168395996,26.8674716949463,26.0018405914307,18.0364570617676
19.1903514862061,22.2445487976074,27.1522598266602,28.6206188201904,27.4972038269043,27.0304164886475,18.4970970153809
17.4286975860596,20.7431125640869,26.8728008270264,28.3892517089844,26.6952056884766,25.9682312011719,18.49733543396
18.6880397796631,22.2526016235352,26.8629970550537,28.4683456420898,27.1635990142822,26.8934631347656,18.4227161407471
19.2215747833252,22.238639831543,30.3368968963623,31.7909603118896,30.1181812286377,29.3909378051758,21.8375644683838
19.1199512481689,21.7751865386963,29.9151172637939,31.7067642211914,30.0691585540771,29.629358291626,21.7802448272705
18.7615756988525,21.7523097991943,29.5898323059082,31.1466941833496,29.6085357666016,29.2283668518066,21.5012588500977
21.6800003051758,22.723747253418,32.4109268188477,32.815860748291,30.47607421875,30.3951835632324,23.1628131866455
21.9115905761719,25.7867374420166,30.4798526763916,31.7901802062988,29.7496757507324,28.6353721618652,21.6475620269775
21.7125930786133,25.5647563934326,30.5152492523193,31.70041847229,29.7726993560791,28.6511096954346,21.714635848999
26.0037651062012,29.2657890319824,31.588924407959,34.0421371459961,33.5834465026855,31.0060024261475,27.6504077911377
25.9044876098633,29.2053146362305,31.8070583343506,34.3295288085938,33.8418960571289,31.4043884277344,27.5443954467773
25.7512836456299,29.175817489624,31.6334571838379,34.1314544677734,33.5413513183594,31.0082931518555,27.4883365631104
26.2009353637695,29.3643226623535,31.9036598205566,34.2954978942871,33.6876792907715,31.0758380889893,27.8058986663818
13.6161661148071,22.1820964813232,24.5580005645752,27.695161819458,25.9586563110352,24.3561096191406,15.6114511489868
15.0056533813477,22.1896057128906,24.5677032470703,27.281810760498,25.8742752075195,24.9299621582031,15.778736114502
14.0449886322021,18.7436008453369,24.4368019104004,27.017053604126,26.1976051330566,23.0639915466309,13.9239387512207
14.1736373901367,18.5486392974854,24.5223407745361,26.8825168609619,26.1092681884766,23.163049697876,14.3220052719116
14.6334714889526,18.5458221435547,24.84787940979,27.2273254394531,26.2898941040039,23.684440612793,15.0668077468872
14.0560369491577,18.2441520690918,24.4663257598877,26.778751373291,25.6860580444336,23.2090263366699,14.6524610519409
13.1325902938843,17.8881225585938,23.7845916748047,26.3062801361084,24.8949222564697,22.1542186737061,13.2399129867554
15.7669801712036,18.793285369873,25.3276767730713,27.875581741333,26.3324222564697,24.7401103973389,15.9811658859253
20.0489540100098,22.7555255889893,28.5620193481445,30.0889854431152,28.8934764862061,28.0813446044922,20.2752952575684
19.8025875091553,22.5834407806396,28.4081420898438,29.9837875366211,28.6497669219971,27.9627017974854,20.0837383270264
21.9465942382813,25.9408626556396,31.2968368530273,32.3794441223145,30.3468074798584,29.2241439819336,22.508768081665
22.0942306518555,26.1201457977295,31.6040172576904,32.5692100524902,30.4154014587402,29.4138870239258,22.8978881835938
21.8271751403809,25.8003520965576,31.0807628631592,32.2976760864258,30.2415370941162,28.9650096893311,22.3322887420654
18.0196800231934,20.0192832946777,28.1145210266113,30.7004947662354,28.7392520904541,27.9859809875488,20.4322605133057
17.8309726715088,20.9570007324219,27.7694873809814,29.4321956634521,27.4465560913086,26.6205215454102,19.786491394043
18.254566192627,20.9087543487549,28.6776542663574,30.7095489501953,29.218225479126,28.7288551330566,20.9448566436768
13.6656217575073,18.0260734558105,24.6042041778564,27.2773284912109,27.2640151977539,23.5082397460938,14.0640592575073
12.7932100296021,17.4791564941406,23.6917057037354,26.1492862701416,25.7706241607666,22.4200820922852,12.9091367721558
16.3209972381592,18.4251194000244,25.75048828125,28.4694919586182,26.7306842803955,24.847146987915,16.2217140197754
14.5534219741821,17.8743190765381,24.8675708770752,27.060375213623,26.56298828125,23.9751319885254,14.9872207641602
15.6809101104736,18.1720695495605,25.4113464355469,28.1065654754639,26.7427215576172,24.6793651580811,15.8555870056152
14.0114421844482,18.398754119873,25.1536998748779,28.2136688232422,28.253625869751,23.9292373657227,14.7174100875854
13.5389308929443,18.0421123504639,24.6838817596436,27.5878276824951,27.5650329589844,23.6078319549561,14.1006889343262
14.0043811798096,18.3220958709717,24.8376998901367,27.6650142669678,27.7027683258057,22.2669773101807,14.2427921295166
12.7507724761963,17.4214057922363,23.983814239502,26.798900604248,26.3911819458008,22.6607151031494,13.1596412658691
14.7188673019409,17.8977012634277,24.883415222168,27.5621280670166,26.9751014709473,24.4311676025391,15.2861585617065
12.8938598632813,17.5497970581055,23.9359226226807,26.6442451477051,26.3009185791016,22.6653823852539,13.1436548233032
15.3922672271729,18.5163097381592,25.3114681243896,27.6739463806152,26.7635402679443,24.1897163391113,15.6301708221436
17.0735187530518,25.1435489654541,26.5566673278809,27.6901435852051,27.4456977844238,26.4811115264893,18.758960723877
15.5956592559814,18.0216102600098,25.1936874389648,27.8148078918457,25.6823673248291,24.4325466156006,16.0828189849854
15.6180191040039,18.0715808868408,25.2484130859375,27.9802875518799,26.0534114837646,24.509973526001,16.0140819549561
15.5179281234741,18.0709648132324,25.3157138824463,28.0147247314453,26.3870849609375,24.5836143493652,16.0079612731934
13.8062286376953,20.7616481781006,24.3892250061035,27.0998687744141,25.2137508392334,24.1582489013672,15.4312477111816
25.8382568359375,29.9813041687012,33.3552093505859,34.5943908691406,33.6769638061523,32.8340911865234,29.8277130126953
18.1501502990723,22.5141868591309,30.9425086975098,29.4176788330078,29.1787624359131,27.8913917541504,21.6485729217529
14.4926881790161,21.1898250579834,27.2191867828369,28.2828483581543,28.1815223693848,25.4030075073242,18.188928604126
18.1860008239746,22.5029029846191,30.8245010375977,29.2943553924561,29.0777416229248,27.7759990692139,21.7175807952881
15.8149728775024,21.8852062225342,28.5553455352783,28.0623092651367,28.2468700408936,26.4526996612549,19.8235492706299
15.3093223571777,21.9925537109375,28.0757064819336,28.2515926361084,28.5634269714355,26.1657962799072,19.4335460662842
18.3517837524414,22.6439533233643,30.7669887542725,29.3034420013428,29.2127666473389,27.8928203582764,21.8838653564453
17.5825862884521,22.3334102630615,29.6230659484863,28.6316909790039,29.0836410522461,27.5674953460693,21.709545135498
18.8130054473877,22.9128265380859,30.8831233978271,29.6334247589111,29.6670246124268,28.2810344696045,22.3947410583496
19.5269412994385,22.8304119110107,31.3404731750488,30.4829063415527,30.4338550567627,28.7683219909668,23.2487373352051
20.307653427124,23.1193866729736,31.6411056518555,30.8826789855957,30.630651473999,28.5113143920898,23.2494506835938
14.9057006835938,21.3252487182617,27.4762706756592,28.0441951751709,28.1437854766846,25.7857055664063,18.7299613952637
17.737606048584,22.6157932281494,30.0743103027344,29.1170825958252,29.2999095916748,27.7129325866699,21.5817432403564
18.093542098999,22.4337253570557,29.9399795532227,28.9164428710938,29.3081893920898,27.8670406341553,21.9283695220947
18.2739276885986,22.5081768035889,29.8743515014648,29.0108966827393,29.4814929962158,27.8596935272217,21.9636535644531
19.0753402709961,22.6820259094238,31.105016708374,30.1199645996094,30.2589073181152,28.5528297424316,22.8612022399902
16.8686027526855,22.0980491638184,29.4971103668213,28.6940402984619,29.0686893463135,27.2801055908203,21.1749248504639
20.4981479644775,22.9512538909912,31.3237037658691,30.9829750061035,30.3046588897705,28.6809253692627,23.6534042358398
17.5048332214355,22.3011283874512,30.048999786377,28.5891933441162,28.7404842376709,27.3444995880127,20.9662895202637
20.9731254577637,23.1817722320557,31.378303527832,31.3733177185059,30.7201538085938,29.3785667419434,24.2054500579834
19.3578643798828,22.9440212249756,31.3325080871582,30.0008869171143,29.6889743804932,28.3130550384521,22.4423828125
16.1862335205078,21.949914932251,28.9401912689209,28.7974338531494,28.9957313537598,26.8006343841553,19.8718605041504
17.5933380126953,22.3042182922363,30.5392322540283,28.9732322692871,29.0726261138916,27.7541961669922,21.1618099212646
17.1113014221191,22.2257518768311,30.0676422119141,28.5825309753418,28.8441162109375,27.5324192047119,20.7879524230957
16.1231460571289,22.1695232391357,29.1060180664063,28.2351551055908,28.4855155944824,26.7601451873779,20.0928001403809
16.3613967895508,21.7482681274414,29.1179237365723,28.4512062072754,28.858247756958,27.0457649230957,20.8277111053467
19.2973365783691,22.8196640014648,31.1059398651123,30.1381874084473,30.2718334197998,28.5920848846436,23.0911617279053
20.2501487731934,22.7710037231445,31.2750358581543,30.7900543212891,30.225456237793,28.5674896240234,23.4304580688477
14.8665132522583,21.3127841949463,27.4803256988525,28.4200782775879,28.4787445068359,25.7509670257568,18.6684226989746
15.6803302764893,21.4458351135254,28.6717224121094,28.5613346099854,28.7797966003418,26.6528472900391,20.0570030212402
16.6201171875,22.0120315551758,29.4210186004639,28.183708190918,28.3972396850586,26.9971504211426,20.299732208252
16.172046661377,22.0546684265137,28.747013092041,28.5710792541504,28.6733512878418,26.6494026184082,19.8006782531738
15.2331523895264,21.595043182373,27.8889293670654,27.9164543151855,28.1280097961426,26.0778999328613,19.2763919830322
16.8141708374023,22.2564220428467,29.5686950683594,28.9924182891846,29.2094287872314,27.1901988983154,20.5821018218994
18.0428867340088,22.7400646209717,30.3147659301758,29.1861801147461,29.2316646575928,27.8443622589111,21.7881851196289
18.101224899292,22.6168746948242,30.2679233551025,29.2339649200439,29.3192520141602,27.8686199188232,21.8770790100098
19.0906620025635,22.9054260253906,31.1001949310303,29.6949234008789,29.5951404571533,28.2768707275391,22.3740615844727
20.1021022796631,23.1560745239258,31.5161895751953,30.60595703125,30.3768730163574,28.4196472167969,23.016731262207
19.6073150634766,22.6041221618652,31.2232398986816,30.3912200927734,30.2892456054688,28.3777770996094,22.9082431793213
16.9215087890625,22.4460029602051,29.5773277282715,28.8832340240479,28.9632797241211,27.1354675292969,20.557674407959
17.5770130157471,22.2591037750244,30.1755676269531,28.6801013946533,28.7394504547119,27.4136981964111,21.0557174682617
14.7363328933716,21.2696781158447,27.3903331756592,28.5045166015625,28.3787097930908,25.5943336486816,18.3909683227539
17.4306735992432,22.5605926513672,30.0373306274414,29.1828956604004,29.4125461578369,27.5708045959473,21.266077041626
16.6388549804688,22.332633972168,29.8227939605713,28.530611038208,28.8272552490234,27.259952545166,20.3991279602051
21.0689430236816,23.6794357299805,31.8771858215332,31.4688529968262,30.7649192810059,28.9475555419922,23.8387279510498
19.2068920135498,23.0406341552734,31.1130332946777,29.7444305419922,29.8042678833008,28.4114570617676,22.6032562255859
18.6827621459961,22.7758960723877,31.0262660980225,29.5173416137695,29.4201755523682,28.1447525024414,22.1397190093994
18.1673450469971,22.4300785064697,30.2377300262451,29.2115268707275,29.4345550537109,27.9578323364258,21.9976291656494
15.1115627288818,21.729118347168,27.7797412872314,28.1538562774658,28.3666553497314,25.9917163848877,19.1276206970215
17.1040554046631,22.3050537109375,29.7929439544678,28.5680637359619,28.7972564697266,27.1917209625244,20.7203750610352
20.5257415771484,23.0338706970215,31.5046291351318,30.996057510376,30.2713260650635,28.3716659545898,23.4134407043457
17.7881126403809,22.5292911529541,29.9149894714355,28.9604969024658,29.224027633667,27.7315540313721,21.7541065216064
18.726167678833,22.9650001525879,31.3950004577637,29.9229030609131,29.7380638122559,28.33766746521,22.2999992370605
21.4255275726318,23.8922386169434,32.0847778320313,31.7931537628174,30.9920692443848,29.2265090942383,24.1265506744385
19.6364498138428,22.8757724761963,31.2319602966309,30.4438095092773,30.4726333618164,28.8824367523193,23.4642658233643
15.9996852874756,22.5407619476318,29.0836296081543,28.4713077545166,28.7055740356445,26.6333618164063,20.1373023986816
18.6065998077393,22.8040466308594,30.8103408813477,29.4954891204834,29.4312133789063,28.1111812591553,22.137092590332
18.5122604370117,22.6260604858398,30.6267604827881,29.51589012146,29.6337451934814,28.1744441986084,22.2536640167236
20.9097595214844,23.610143661499,31.9890632629395,31.3955574035645,30.8450012207031,28.9046325683594,23.7648830413818
14.8764724731445,21.6461963653564,27.5657520294189,28.0299606323242,28.2772312164307,25.7108840942383,18.7667560577393
17.7689456939697,22.7420654296875,30.2342014312744,29.1132946014404,29.2773571014404,27.6570606231689,21.4538879394531
17.3753929138184,22.1245231628418,29.4081516265869,28.4632015228271,29.0415363311768,27.4511966705322,21.5163192749023
17.07834815979,22.1874809265137,29.8965148925781,28.4393863677979,28.6409111022949,27.3522186279297,20.6910343170166
20.4841747283936,23.0852909088135,31.622465133667,31.0222320556641,30.4916610717773,28.4862880706787,23.4115219116211
20.5663776397705,23.0860691070557,31.5519580841064,31.2617664337158,30.8989868164063,29.4416065216064,24.192419052124
15.6505613327026,22.1673450469971,28.5761108398438,28.3424606323242,28.6378231048584,26.5070247650146,19.9251461029053
14.8511552810669,21.5832462310791,27.5524406433105,28.1328735351563,28.3055877685547,25.7184600830078,18.700267791748
17.2712059020996,22.5891742706299,29.950647354126,29.1759948730469,29.3179321289063,27.39306640625,20.8727321624756
15.7337446212769,21.2719058990479,28.1372451782227,29.2004833221436,29.209587097168,26.618143081665,19.999885559082
15.5071840286255,21.2336597442627,27.8585548400879,29.3015098571777,29.248218536377,26.4004402160645,19.7404308319092
16.0943603515625,21.3703269958496,28.7368907928467,28.0626888275146,28.6875228881836,26.9037895202637,20.5776481628418
16.3918533325195,21.4357528686523,28.2050132751465,28.8380908966064,29.0905132293701,26.7951164245605,20.2371921539307
17.232400894165,21.407751083374,28.3927516937256,28.23313331604,28.9881629943848,26.9634265899658,21.0049591064453
16.4181880950928,21.4820156097412,28.671630859375,28.4344253540039,29.2207164764404,27.0058116912842,20.4390029907227
16.3597507476807,21.4469356536865,28.5140838623047,28.5933074951172,29.2226619720459,26.8857498168945,20.2672576904297
16.9158554077148,21.4430332183838,28.4193248748779,28.135425567627,29.0302619934082,26.9121589660645,20.6609134674072
20.0161418914795,22.9504947662354,30.6021614074707,30.0021381378174,30.198694229126,28.8327083587646,23.5836620330811
18.6062335968018,21.9232788085938,29.1327743530273,28.9179306030273,29.5088024139404,27.5800933837891,21.8675193786621
16.9339981079102,21.6201152801514,28.4144382476807,28.8716773986816,29.2263259887695,27.0157241821289,20.5744037628174
20.281759262085,22.7962379455566,30.5805549621582,30.2268810272217,30.2863807678223,28.9156475067139,23.815860748291
15.0254716873169,21.0633983612061,27.4675674438477,28.7857646942139,28.8697738647461,25.6344528198242,18.8479766845703
17.6966857910156,21.5427513122559,28.7549533843994,28.7431983947754,29.4252681732178,27.3147048950195,21.1074466705322
15.6489067077637,21.156925201416,28.2421741485596,28.533655166626,28.9597587585449,26.516134262085,19.8450126647949
20.3312606811523,23.0715923309326,31.098970413208,30.6791210174561,30.6390533447266,29.2707424163818,24.1471500396729
17.2863330841064,21.6780548095703,28.5278511047363,28.5418243408203,29.216402053833,26.9656200408936,20.685546875
17.7659797668457,21.7123317718506,28.8145885467529,28.7866954803467,29.3313827514648,27.2673511505127,21.1057586669922
17.7007122039795,21.5477523803711,28.6639995574951,28.5644931793213,29.2628746032715,27.1955814361572,21.410514831543
17.3485202789307,21.418436050415,28.4623470306396,28.5972900390625,29.2060527801514,27.0993690490723,20.7880210876465
16.5864067077637,21.4785556793213,28.4235095977783,28.5335216522217,29.2166442871094,26.8413200378418,20.2956485748291
19.9526672363281,22.8270969390869,30.1598339080811,30.0891933441162,30.3959674835205,28.4983329772949,23.2903232574463
15.6402072906494,21.1366844177246,28.5128974914551,28.2088356018066,28.7212867736816,26.7305870056152,20.2167263031006
16.4010486602783,21.45924949646,28.362865447998,29.0880546569824,29.1888027191162,26.8775634765625,20.2960681915283
19.9855937957764,23.0421619415283,30.9072647094727,30.1624794006348,30.3668842315674,28.9894676208496,23.7045383453369
15.1906671524048,21.1693725585938,27.6590118408203,28.8211002349854,28.9648971557617,25.8354644775391,19.11794090271
14.9730043411255,20.7887554168701,27.7440853118896,28.4690551757813,28.5889778137207,26.0166873931885,19.39328956604
14.9174165725708,20.9276523590088,27.2678050994873,28.6889343261719,28.6828136444092,25.4529457092285,18.6336097717285
17.1029529571533,21.6835823059082,28.5189056396484,28.7454261779785,29.2478294372559,26.9983730316162,20.6186866760254
15.1982297897339,21.0509967803955,27.7752017974854,28.6395835876465,28.857946395874,25.9706153869629,19.2650814056396
16.2292633056641,21.3591938018799,28.2363338470459,28.6515789031982,29.1506099700928,26.6606979370117,20.0731773376465
15.8452043533325,21.3432807922363,28.7663669586182,28.239330291748,28.7308139801025,26.8434658050537,20.4495048522949
19.8422737121582,22.5353584289551,29.9396381378174,29.8204498291016,30.1620407104492,28.4571189880371,23.3117446899414
15.0825004577637,20.8680992126465,28.0002784729004,28.4911289215088,28.6396064758301,26.2405548095703,19.6166667938232
20.6340923309326,23.093391418457,31.3809947967529,31.1929702758789,30.9076881408691,29.5115795135498,24.3166732788086
15.6085758209229,21.090202331543,28.3892383575439,28.3640193939209,28.8285331726074,26.6314277648926,20.0157699584961
16.8375053405762,21.5625171661377,28.4276847839355,28.9355545043945,29.2320747375488,27.024019241333,20.5327339172363
17.9161968231201,21.5919418334961,28.822208404541,28.6757678985596,29.3282299041748,27.350715637207,21.256477355957
18.5414447784424,22.049503326416,29.3320484161377,29.0413875579834,29.5976543426514,27.6697483062744,21.8325748443604
15.0508337020874,21.0599994659424,27.6574993133545,28.6903228759766,28.8922576904297,25.7746658325195,19.0408058166504
19.764253616333,23.083532333374,30.89528465271,29.9959487915039,30.3173236846924,28.7367153167725,23.2917556762695
17.7616271972656,21.6234645843506,28.8801441192627,28.9378890991211,29.6763553619385,27.3227100372314,21.2341213226318
18.3016662597656,22.6170978546143,29.7983341217041,28.989839553833,29.58274269104,27.8304996490479,21.9014511108398
15.8172149658203,21.25608253479,27.8573150634766,28.7717628479004,29.0637760162354,26.3505668640137,19.7535152435303
16.8520469665527,21.7769470214844,29.0712604522705,28.2215518951416,28.9440574645996,27.2040367126465,21.095422744751
20.8009262084961,23.1937274932861,31.174259185791,30.9247303009033,30.715950012207,29.3427772521973,24.4682788848877
17.1168403625488,21.5196285247803,28.4548435211182,28.6907711029053,29.2321968078613,27.0642852783203,20.7167587280273
15.9001579284668,21.1993446350098,28.5822296142578,28.1206188201904,28.8311386108398,26.8362789154053,20.3106174468994
15.5952644348145,21.0382308959961,27.4857082366943,28.6826801300049,28.827579498291,26.0224113464355,19.4793910980225
16.7292976379395,21.1409111022949,29.9234867095947,28.2202377319336,27.7347660064697,25.9171810150146,20.1395092010498
17.2124519348145,21.2564735412598,30.0671539306641,28.4823360443115,27.9862613677979,26.2203178405762,20.3781852722168
14.7059764862061,20.9777603149414,27.0374565124512,27.2935810089111,27.0320129394531,23.7803039550781,17.7183933258057
16.1289596557617,20.8747329711914,29.7358932495117,27.8736782073975,27.3585433959961,25.2890110015869,19.4213924407959
15.8047323226929,21.6667652130127,29.0359325408936,27.8438568115234,27.902889251709,25.6627407073975,19.1505756378174
15.4213066101074,21.5953426361084,28.5195827484131,27.5639533996582,27.5534858703613,25.0112571716309,18.7338981628418
16.5501899719238,21.5270404815674,29.8401107788086,28.2291431427002,27.7604351043701,25.7413578033447,19.4848785400391
14.8445739746094,21.2872753143311,27.79221534729,27.2093677520752,27.1712303161621,24.3627986907959,18.1985054016113
15.0540542602539,21.4946231842041,28.127462387085,27.3543701171875,27.5260314941406,24.774393081665,18.4826812744141
15.1977033615112,21.3637351989746,29.2284030914307,27.9700984954834,27.1023063659668,24.701774597168,18.0025444030762
15.1199550628662,21.2602462768555,28.1672477722168,27.4000854492188,27.1955261230469,24.7054023742676,18.3836326599121
15.921971321106,21.205638885498,29.5242309570313,27.9065284729004,27.169994354248,25.0574626922607,18.7936210632324
15.9401416778564,21.0114231109619,29.7819576263428,27.9174861907959,27.2862739562988,25.1529579162598,19.0524921417236
16.9316673278809,21.281982421875,30.1433048248291,28.3394050598145,27.9293155670166,26.0135307312012,20.1972103118896
15.8384523391724,22.2191963195801,29.13623046875,28.0372219085693,28.4753303527832,26.3639278411865,19.8373470306396
14.7131614685059,20.7537403106689,27.7156772613525,27.1986312866211,26.755916595459,24.2224311828613,17.7564258575439
15.5630598068237,21.7171592712402,29.5432376861572,28.4097595214844,27.5428733825684,24.8630046844482,18.131965637207
14.5183849334717,20.8967533111572,27.1955146789551,26.9986305236816,26.8053569793701,23.8943309783936,17.7150020599365
14.9235897064209,21.5367012023926,28.8549156188965,28.1742210388184,27.2451152801514,24.6213359832764,17.7639293670654
14.6739902496338,21.0703315734863,27.1590366363525,27.3169803619385,27.2451515197754,23.938304901123,17.9071311950684
15.4736680984497,22.2274036407471,28.662410736084,28.0527973175049,28.4677829742432,26.1839218139648,19.6219062805176
15.9655475616455,21.177059173584,29.9571132659912,28.1385116577148,27.5522556304932,25.2123737335205,19.0125312805176
16.9969291687012,21.7725257873535,30.3975067138672,28.6357879638672,28.2139587402344,26.2417583465576,19.9506397247314
14.6376113891602,21.1953659057617,27.6659564971924,27.0926666259766,27.4919300079346,24.5819530487061,18.2753505706787
16.8353576660156,22.0628795623779,30.2130699157715,28.4122924804688,28.6752967834473,27.1924667358398,20.4654178619385
14.5286045074463,21.1400375366211,28.1561298370361,27.9452228546143,27.0049228668213,24.1703414916992,17.2568225860596
14.3570203781128,21.0443744659424,27.3377780914307,26.9794769287109,27.4579620361328,24.5287780761719,18.2074584960938
14.7063179016113,21.0929737091064,28.1761798858643,27.7026920318604,26.8788108825684,24.2736225128174,17.4471874237061
14.6807651519775,21.1893749237061,27.5220985412598,27.0867977142334,27.1434326171875,24.1690883636475,18.0089588165283
14.5610284805298,20.8683109283447,27.4344444274902,27.0746669769287,26.7422618865967,24.0851058959961,17.7655124664307
15.1700839996338,20.9863758087158,28.3028926849365,27.4523735046387,27.1026725769043,24.7931118011475,18.3105239868164
18.5366535186768,22.3419075012207,31.235897064209,29.3708305358887,28.8385200500488,27.0833129882813,21.0794296264648
16.5463809967041,21.455192565918,30.1093654632568,28.2949562072754,27.6816787719727,25.6264572143555,19.4094371795654
15.5226192474365,21.2941360473633,28.7041435241699,27.538257598877,27.363224029541,25.0977973937988,18.7374935150146
16.5323123931885,21.2567501068115,30.051176071167,28.2108745574951,27.651481628418,25.6921539306641,19.7077903747559
15.8724298477173,21.2371444702148,29.0022163391113,27.7916412353516,27.3578205108643,25.2729549407959,18.9999141693115
14.9112415313721,20.7932281494141,28.013463973999,27.4266033172607,26.8178005218506,24.4094161987305,17.8314685821533
15.6632766723633,21.2034511566162,28.8998050689697,27.6598968505859,27.3720474243164,25.2439613342285,18.8542633056641
17.2122840881348,21.9909648895264,30.9506759643555,29.1144485473633,28.4483470916748,26.0433349609375,20.004093170166
16.9594268798828,21.9737014770508,30.2595825195313,28.4303131103516,28.7145385742188,27.2344532012939,20.5190467834473
14.1296615600586,20.5433654785156,26.6618747711182,26.822717666626,26.4690265655518,23.4102077484131,17.1132736206055
15.4168767929077,21.2158451080322,28.8572959899902,27.8763198852539,27.0949192047119,24.9321231842041,18.4192199707031
15.6715650558472,21.3842811584473,29.7522792816162,28.1734752655029,27.4832706451416,25.0097599029541,18.5123634338379
16.3188056945801,21.7764644622803,29.6411800384521,28.2587909698486,28.4451732635498,26.5221843719482,19.8366718292236
15.132776260376,21.9911117553711,28.3194999694824,27.9117851257324,28.3474655151367,25.9445095062256,19.305362701416
16.5024070739746,21.4972534179688,29.6002311706543,28.1547317504883,27.9910278320313,26.0456657409668,19.6653137207031
16.9205551147461,21.8367385864258,30.1718521118164,28.4693546295166,28.6188163757324,27.1377773284912,20.4641571044922
16.4167919158936,22.1904392242432,29.8785877227783,28.3765411376953,28.7104587554932,26.8380374908447,20.1361503601074
15.1795072555542,21.8184070587158,28.4576282501221,27.6095142364502,28.1010494232178,25.6784114837646,19.2611389160156
16.6444206237793,21.8443088531494,29.9566421508789,28.4987373352051,28.6799335479736,26.9669818878174,20.2657432556152
15.0862865447998,21.1507091522217,28.3954467773438,27.8587226867676,27.1127967834473,24.6563549041748,17.9255752563477
17.2890186309814,21.9265670776367,30.4312133789063,28.5602951049805,28.8232612609863,27.4248142242432,20.7406806945801
15.7003021240234,21.9530010223389,28.9773273468018,27.9216156005859,28.1452941894531,25.7386493682861,19.2483310699463
16.7209758758545,22.1543197631836,30.1823139190674,28.4215412139893,28.76438331604,27.1585483551025,20.4261054992676
15.2173042297363,21.6573371887207,28.9939098358154,28.8869609832764,27.8760433197021,24.5712890625,17.2994060516357
16.9743309020996,21.5201511383057,30.1619606018066,28.4440441131592,28.165584564209,26.3729763031006,20.2999668121338
16.7692279815674,21.7099342346191,29.9256839752197,28.4979362487793,28.4768085479736,26.7106132507324,20.2124137878418
16.842456817627,21.6639385223389,29.914924621582,28.4406147003174,28.2931652069092,26.4773654937744,20.1031284332275
16.0654239654541,21.3785400390625,29.266695022583,27.8798828125,27.6421527862549,25.6136741638184,19.2382926940918
14.0671625137329,20.4523258209229,26.8386726379395,26.8209819793701,26.3802051544189,23.5272922515869,17.0747737884521
16.8654747009277,22.1363620758057,30.9056549072266,29.2948760986328,28.5071983337402,25.8367958068848,19.5566272735596
17.7318248748779,21.7355327606201,30.5401096343994,28.7816505432129,28.3547115325928,26.5430431365967,20.603084564209
16.2975788116455,22.3870410919189,29.6513805389404,28.3257274627686,28.7353782653809,26.8186721801758,20.1545028686523
15.2459735870361,21.5991897583008,29.0134906768799,28.3250427246094,27.4223575592041,24.582332611084,17.7315349578857
14.7091417312622,21.1133346557617,28.3024959564209,28.1145706176758,27.1992092132568,24.1812496185303,17.1610431671143
18.0496406555176,21.8773670196533,30.6888847351074,28.9695472717285,28.4896564483643,26.7803001403809,20.7602291107178
15.0212526321411,21.3629131317139,28.7624893188477,27.9991512298584,27.0851211547852,24.7142925262451,17.9420833587646
16.1180591583252,22.1945762634277,29.9702110290527,29.2038707733154,28.1945323944092,25.1759014129639,18.3308811187744
15.35218334198,21.3132305145264,29.1622467041016,27.9561557769775,27.0668792724609,24.8540458679199,18.2432727813721
16.7896022796631,21.7423934936523,29.9172592163086,28.421745300293,28.1520137786865,26.1733264923096,19.9009380340576
16.2269382476807,21.3823089599609,29.4144077301025,27.9990921020508,27.9651565551758,26.0548324584961,19.5159549713135
17.2450122833252,21.1540851593018,29.9278240203857,28.5455417633057,27.9959659576416,26.2042179107666,20.2848587036133
15.6267013549805,21.1469669342041,29.5678768157959,27.8909702301025,27.1622524261475,24.9150161743164,18.5265350341797
15.9532508850098,22.4366779327393,29.0761184692383,28.2012977600098,28.5490112304688,26.4660663604736,19.9766139984131
16.5069313049316,21.2873973846436,30.1684055328369,28.28835105896,27.8097801208496,25.603687286377,19.6025333404541
15.7617416381836,22.0587520599365,29.5156402587891,29.0897121429443,28.028284072876,24.8803100585938,17.814868927002
16.3364791870117,21.5238151550293,29.5480079650879,28.109338760376,27.8158302307129,25.7447261810303,19.4874610900879
15.8118629455566,21.3658657073975,28.9806861877441,27.70090675354,27.5862293243408,25.4599952697754,19.0213279724121
17.1250915527344,21.7643356323242,30.1288890838623,28.617115020752,28.4823474884033,26.6751861572266,20.3517036437988
16.6166706085205,22.0442199707031,30.0467433929443,28.4342975616455,28.7146511077881,27.0632286071777,20.3179149627686
15.8841667175293,21.2334823608398,29.2075214385986,27.8545093536377,27.1609382629395,25.1128005981445,18.83571434021
14.664927482605,20.6778125762939,27.6531848907471,27.3074474334717,26.6849174499512,24.0625019073486,17.4163951873779
14.570255279541,20.853401184082,26.9130325317383,27.1142520904541,26.8330497741699,23.6537189483643,17.5341567993164
16.4433403015137,22.1524448394775,30.4556350708008,29.224796295166,28.3652000427246,25.521312713623,18.9465160369873
14.2579412460327,20.4200611114502,27.2102088928223,26.9568691253662,26.447925567627,23.7128276824951,17.1512184143066
15.3375511169434,21.0083065032959,28.4861583709717,27.6051540374756,27.0530700683594,24.8520603179932,18.3953609466553
19.9535140991211,22.4349384307861,31.8927783966064,30.7262706756592,29.8882389068604,27.4219741821289,22.1378269195557
19.6749572753906,22.4923763275146,31.8948364257813,30.2605247497559,29.6113243103027,27.4074954986572,21.8086452484131
19.5510597229004,22.3776969909668,32.0094375610352,30.795337677002,29.7088718414307,27.397481918335,22.2119216918945
21.2688255310059,23.2576866149902,32.5535545349121,33.2357177734375,31.3646125793457,28.4242553710938,24.2430152893066
20.25537109375,22.4508953094482,31.5553703308105,31.0967750549316,30.2105731964111,27.3792591094971,22.5519714355469
19.4098110198975,22.156587600708,31.7342376708984,30.2967433929443,29.4077377319336,27.2070865631104,21.6865425109863
22.1764373779297,24.0661506652832,33.1304321289063,34.1115570068359,32.2186660766602,29.4212665557861,25.2562351226807
20.3312492370605,22.2762088775635,29.4706439971924,30.1656894683838,30.7434024810791,29.0814399719238,23.383430480957
22.0845813751221,23.8360080718994,31.0200862884521,31.8128452301025,31.0009841918945,29.6540908813477,25.4004287719727
21.1044788360596,23.1360874176025,30.936279296875,31.0123767852783,30.6672840118408,29.2615146636963,24.5539455413818
22.0617523193359,24.3620929718018,31.5448608398438,32.341724395752,31.199987411499,30.0690402984619,25.5287284851074
20.5903701782227,22.5715045928955,29.8083324432373,30.4075260162354,30.6691761016846,28.9531478881836,23.5575275421143
22.1830043792725,23.7395820617676,31.1003341674805,32.0101623535156,31.4873886108398,30.0215358734131,25.3758735656738
20.9950008392334,22.5991039276123,30.4601860046387,30.7724018096924,30.771146774292,29.2201862335205,24.3612899780273
20.4774074554443,22.6980285644531,29.9662971496582,30.4333324432373,30.7736568450928,28.9077777862549,23.7426528930664
22.2485790252686,23.6295356750488,30.9411201477051,31.9015159606934,31.5780391693115,30.0838470458984,25.2700099945068
22.0184078216553,23.7099113464355,30.9843635559082,31.8414363861084,31.175724029541,29.7268829345703,25.2977409362793
22.2391204833984,24.025411605835,31.256175994873,31.9444541931152,30.9379920959473,29.8336296081543,25.5764427185059
21.1951866149902,23.2964668273926,31.2667179107666,31.4540138244629,30.7803859710693,29.5046691894531,24.556734085083
22.4267597198486,23.8432140350342,31.1322212219238,32.0210914611816,31.6687774658203,30.2202682495117,25.4080486297607
20.4309253692627,22.5724010467529,29.8466663360596,30.3704299926758,30.7448024749756,28.9872226715088,23.5919361114502
25.7895622253418,28.5301399230957,31.8656558990479,33.9089279174805,32.9996757507324,32.2912445068359,29.2139129638672
25.4976902008057,28.4009208679199,32.1295394897461,34.3237571716309,33.3346252441406,32.5710105895996,29.3790016174316
25.3368682861328,28.259693145752,32.0013465881348,34.1511878967285,33.1508636474609,32.4262619018555,29.1756267547607
25.1089458465576,28.1615123748779,32.7300148010254,34.425422668457,33.391845703125,32.843677520752,29.205904006958
25.5721607208252,28.4467144012451,32.4676208496094,34.6421012878418,33.6381797790527,32.8924598693848,29.7135391235352
25.4687881469727,28.5570545196533,32.8950119018555,34.5637512207031,33.6920547485352,33.0268478393555,29.4649276733398
24.8858699798584,27.7891616821289,32.5935821533203,34.5102157592773,33.3003997802734,32.6827621459961,29.1881103515625
25.2219696044922,28.1900463104248,32.6648178100586,34.5289993286133,33.4752349853516,32.7715492248535,29.3710479736328
25.5851783752441,28.5852642059326,32.6443099975586,34.5131378173828,33.6748695373535,33.0125732421875,29.5123329162598
25.0210151672363,27.9958190917969,32.6247596740723,34.4520263671875,33.3396110534668,32.7230110168457,29.2227268218994
11.9367265701294,20.900411605835,26.4410552978516,28.794490814209,28.7958736419678,24.122859954834,17.5215587615967
14.4796667098999,20.9159679412842,27.6071662902832,29.2717742919922,28.8598384857178,25.6691665649414,18.6411285400391
9.03915023803711,19.0725440979004,24.2638931274414,27.2596607208252,27.6972370147705,23.3782291412354,16.6316833496094
11.5380001068115,20.936128616333,26.1633338928223,28.7216129302979,28.5340328216553,23.7836666107178,17.1687088012695
14.2663221359253,21.3637104034424,28.0765018463135,29.9050750732422,29.4598217010498,25.96018409729,18.9621849060059
13.5845584869385,21.4076900482178,28.1917419433594,30.1283321380615,29.8748931884766,25.9359035491943,18.9020233154297
11.5063333511353,21.2569351196289,26.4728336334229,28.9329032897949,28.7327423095703,24.408332824707,17.6295166015625
9.84273052215576,19.3217449188232,24.763879776001,27.4818439483643,28.034273147583,23.685941696167,16.7708606719971
10.9587516784668,20.7241325378418,25.876392364502,28.4395523071289,28.3905372619629,24.1295356750488,17.3458938598633
12.0031566619873,20.7650299072266,25.2464237213135,26.9780883789063,26.3894195556641,21.3581657409668,14.8685245513916
13.6221895217896,22.1414852142334,27.5936698913574,27.6609992980957,27.068115234375,22.4663391113281,15.4027109146118
14.7593469619751,21.2783489227295,27.600118637085,27.8155288696289,27.0753402709961,23.8825759887695,16.9407520294189
14.65647315979,21.4131565093994,27.4472808837891,28.0133724212646,27.1575374603271,23.4424858093262,16.4183902740479
13.587890625,21.0526885986328,26.3663177490234,27.6654758453369,26.7695922851563,22.7121486663818,15.8152875900269
14.431604385376,22.3563079833984,27.6780681610107,28.0831508636475,27.272289276123,22.996129989624,16.0970401763916
11.4890022277832,22.2107944488525,25.7742671966553,27.191291809082,26.8381595611572,21.8700714111328,14.1425933837891
14.3430442810059,20.8850517272949,27.286994934082,27.5471477508545,26.7372722625732,23.2038726806641,16.2552738189697
13.5476303100586,20.9839172363281,26.1948375701904,28.0699100494385,26.9421234130859,23.0265369415283,16.3221397399902
13.568211555481,20.4627342224121,26.3081035614014,26.9265365600586,26.4743938446045,23.1981201171875,16.4385280609131
14.8349828720093,21.0974407196045,27.7932567596436,27.6652221679688,26.9992179870605,24.1604232788086,17.3317928314209
13.8129234313965,20.3761501312256,26.2044677734375,26.6980895996094,26.264196395874,23.0739612579346,16.6471710205078
14.1550693511963,20.4544506072998,27.0570049285889,27.0383262634277,26.5772609710693,23.6754760742188,16.9050598144531
13.3625288009644,20.5486946105957,26.0182590484619,27.2213020324707,26.5268039703369,22.8480529785156,16.2235870361328
14.3217239379883,20.7721576690674,27.5511837005615,27.5925598144531,26.7526988983154,23.6325626373291,16.6831150054932
13.5596370697021,21.3165187835693,26.392936706543,27.2535171508789,26.6313304901123,22.3507919311523,15.4124822616577
14.5331983566284,22.4078636169434,28.3544597625732,28.4551753997803,27.4294528961182,22.9648189544678,16.145170211792
14.2637014389038,21.0856628417969,26.9070987701416,27.6852912902832,26.9723453521729,23.3916625976563,16.4669914245605
14.5030469894409,21.6723976135254,27.9643135070801,28.3106994628906,27.2227115631104,23.1448669433594,16.241626739502
14.7524156570435,21.1082248687744,27.8997497558594,27.7494697570801,27.0056190490723,24.082820892334,17.1636810302734
13.6417741775513,20.9799690246582,26.3382472991943,27.3886642456055,26.5968418121338,22.6126174926758,15.6243906021118
11.8876733779907,20.78125,25.1140632629395,26.9578285217285,26.3875999450684,21.1755199432373,14.6444892883301
13.5983304977417,20.2248001098633,26.3472900390625,26.6583499908447,26.1740055084229,23.1392517089844,16.4790840148926
14.1269969940186,20.8522891998291,27.5310325622559,27.6910209655762,26.6389083862305,22.9470558166504,16.1479721069336
14.3612966537476,21.157865524292,27.0020999908447,27.7047443389893,26.8850765228271,23.1422958374023,16.1610507965088
14.3679828643799,20.8244590759277,27.84326171875,27.8609580993652,26.9190349578857,23.5667324066162,16.6140460968018
13.4968299865723,20.6194381713867,26.1510810852051,27.0264644622803,26.4977684020996,22.9722690582275,16.5049266815186
11.902530670166,21.4087867736816,25.4984169006348,26.7672328948975,26.3874931335449,21.5667724609375,14.0993528366089
12.9452695846558,21.5129241943359,26.2006149291992,27.0594120025635,26.5520629882813,21.8759517669678,15.0720176696777
14.7620048522949,21.8036460876465,27.6610374450684,28.2402038574219,27.3514137268066,23.431001663208,16.3796539306641
14.2526187896729,21.592306137085,26.9831695556641,27.7504463195801,26.974157333374,22.9064235687256,15.8629636764526
13.9953355789185,20.9322299957275,26.7052307128906,27.6150646209717,26.977518081665,23.44411277771,16.5611553192139
14.6904153823853,21.264669418335,28.4139251708984,28.4096546173096,27.4258480072021,23.9580764770508,16.7968616485596
14.0208988189697,21.0280342102051,26.6150455474854,27.5587940216064,26.7319297790527,22.7989406585693,15.7987270355225
12.4451017379761,20.8083419799805,25.4682445526123,26.7440490722656,26.2667045593262,21.5063133239746,14.7785787582397
14.0216674804688,20.7190971374512,26.8145732879639,27.2397994995117,26.8516311645508,23.6721363067627,16.7951946258545
13.3764724731445,22.0242576599121,26.9478187561035,27.3809814453125,26.9242553710938,22.366662979126,15.2870407104492
14.0282793045044,22.2599830627441,27.3916988372803,27.7302742004395,27.0714778900146,22.6809539794922,15.8207759857178
13.2591886520386,22.1574001312256,27.0589714050293,27.4660682678223,27.1165218353271,22.6088752746582,15.1431865692139
14.4264574050903,20.9775657653809,27.2003612518311,27.4965744018555,27.0306282043457,23.8746681213379,16.9718837738037
14.6706094741821,21.2132015228271,27.6685543060303,27.9545650482178,27.1267490386963,23.7569522857666,16.7396659851074
14.6581134796143,22.1628227233887,28.1462726593018,28.5568046569824,27.4735145568848,23.2038078308105,16.2781009674072
23.8011341094971,26.9343643188477,32.3984756469727,33.5062713623047,32.7818794250488,32.8560523986816,28.5713443756104
24.7530212402344,27.9002418518066,32.7135047912598,34.0864486694336,33.4331016540527,33.3368225097656,29.1996669769287
24.9109268188477,28.095609664917,32.7901840209961,34.2930107116699,33.3559150695801,33.0397186279297,29.0796585083008
24.1749801635742,27.3430862426758,32.5988082885742,33.6895523071289,33.3492088317871,33.3034553527832,29.0696468353271
24.3254165649414,27.8274192810059,33.5325012207031,34.6284294128418,34.015323638916,33.7410430908203,29.3760070800781
23.7249126434326,26.7497711181641,32.7583084106445,33.5297317504883,32.9268684387207,32.9292488098145,28.3650512695313
24.8865814208984,28.0393390655518,32.7954635620117,34.2200736999512,33.390682220459,33.1608734130859,29.1238765716553
24.0703887939453,27.2782859802246,32.5318717956543,33.6672744750977,33.1470985412598,33.1817512512207,28.9621524810791
23.9181518554688,27.0666809082031,32.788818359375,33.6916084289551,33.217643737793,33.197078704834,28.7861633300781
24.3733310699463,27.5531272888184,32.5264129638672,33.9644546508789,33.1351585388184,33.072998046875,28.9089031219482
25.2320442199707,28.3706817626953,33.0905151367188,34.4714736938477,33.6461715698242,33.3579216003418,29.403600692749
19.3126792907715,22.7269763946533,31.2025527954102,30.1203384399414,29.3322143554688,27.8909378051758,22.1283645629883
21.416633605957,22.9536666870117,31.393030166626,31.8205680847168,31.2088165283203,28.6637382507324,23.9829845428467
21.2232704162598,22.8846626281738,31.2213516235352,31.7399291992188,31.1123905181885,28.7581367492676,24.0065059661865
22.5759963989258,25.097936630249,32.1709480285645,32.8609657287598,31.4986877441406,30.9411602020264,26.2127494812012
20.3966674804688,22.8426513671875,31.4881477355957,31.1367378234863,30.2768821716309,27.8972225189209,22.9471321105957
19.6370182037354,22.7678680419922,31.2525310516357,30.5737800598145,29.7917919158936,27.8018207550049,22.3947525024414
20.3820991516113,22.9603748321533,31.0590534210205,30.6772193908691,29.6696529388428,27.7242794036865,22.902229309082
18.3985576629639,21.9461650848389,30.9975910186768,29.3524932861328,28.8913974761963,26.9358978271484,20.9355907440186
20.1455955505371,22.7659549713135,31.0108222961426,30.6789531707764,29.953577041626,27.8905181884766,22.6823196411133
19.8115005493164,22.5517749786377,31.7534999847412,30.8216133117676,29.942419052124,27.2931671142578,22.1304836273193
19.5135822296143,22.9509029388428,31.1717281341553,30.4245891571045,29.7109146118164,27.951940536499,22.3578281402588
20.2988338470459,23.4116134643555,31.7631664276123,30.9545154571533,30.3587093353271,28.6613330841064,23.0308074951172
18.1772232055664,21.5858726501465,31.6173915863037,30.9654369354248,29.3357009887695,26.1309814453125,21.8386783599854
16.1462421417236,21.4751071929932,29.8327388763428,28.7343769073486,28.060676574707,24.8434295654297,19.7322597503662
16.9293975830078,21.5344848632813,30.1855983734131,28.6798572540283,27.8391132354736,25.0271110534668,20.0075550079346
17.5698184967041,21.3169441223145,31.2416343688965,30.5307102203369,29.1875057220459,26.1521492004395,21.6030979156494
17.2847633361816,22.2969856262207,31.164644241333,29.4759407043457,28.5946979522705,25.9359169006348,19.9483528137207
17.9579830169678,22.0798797607422,30.5661334991455,29.5332508087158,28.3639297485352,25.9926910400391,20.2649822235107
18.3808765411377,22.165340423584,31.0933303833008,29.3784294128418,28.7059879302979,26.7580413818359,20.7919979095459
15.8063135147095,21.8542003631592,30.0558032989502,29.4859886169434,28.2392749786377,24.9247932434082,18.5399150848389
18.5821323394775,21.9519519805908,31.79541015625,30.7551307678223,29.2145957946777,26.2762241363525,21.8411293029785
17.5847225189209,22.1221828460693,30.6603927612305,29.3722457885742,28.4224433898926,25.830997467041,20.1585502624512
17.075740814209,22.1208400726318,30.7333335876465,29.2616329193115,28.4622993469238,25.6696166992188,19.8043632507324
17.7217826843262,22.3212242126465,31.0924053192139,29.575927734375,28.6160316467285,26.1311702728271,20.3245239257813
18.8580360412598,22.1250228881836,31.7065277099609,30.3506355285645,28.9312839508057,26.5416831970215,21.7523460388184
19.1417179107666,22.2649326324463,31.7196369171143,30.27756690979,29.3565998077393,27.1493091583252,21.8352794647217
17.9348125457764,21.744197845459,31.495044708252,30.5546932220459,29.1405048370361,26.0223274230957,21.5294361114502
18.2546634674072,21.8904666900635,31.3908348083496,30.325080871582,28.8420448303223,25.9364852905273,21.2745895385742
15.6700458526611,21.3316860198975,29.9216442108154,29.5546016693115,28.9404449462891,25.0355205535889,19.5396327972412
19.3833389282227,22.4190502166748,32.0327110290527,30.7024612426758,29.4578533172607,27.195671081543,22.2187480926514
17.7560958862305,21.1546535491943,31.2417335510254,30.8415107727051,29.1362571716309,26.1329746246338,21.7831897735596
15.4122276306152,21.363883972168,29.5729160308838,29.0676612854004,27.8416690826416,24.5001411437988,18.4333381652832
18.7670459747314,22.3565578460693,31.3938827514648,29.7999973297119,28.9425926208496,26.9471263885498,21.2527256011963
16.7009162902832,21.6274375915527,29.9679508209229,28.5950736999512,27.8031749725342,24.9805660247803,19.6674575805664
18.1584091186523,22.1008586883545,31.2209911346436,30.063383102417,28.583179473877,25.7748241424561,20.9193534851074
19.0795078277588,22.5277843475342,31.7483711242676,29.8100566864014,29.2778377532959,27.3401393890381,21.5165519714355
18.692325592041,22.3124122619629,31.4154014587402,29.5894527435303,28.9969673156738,27.1406707763672,21.3002281188965
19.1209163665771,22.2021713256836,31.6415710449219,30.0741443634033,29.3093585968018,27.1275653839111,21.5916175842285
17.5056133270264,20.8366279602051,30.8757228851318,30.5627613067627,28.91725730896,26.1630172729492,21.8396472930908
16.0044975280762,21.5501289367676,29.7241401672363,28.761962890625,27.8137321472168,24.7298965454102,19.140417098999
17.4294662475586,21.9300651550293,30.4100112915039,29.1353969573975,28.0967330932617,25.4547748565674,20.0295391082764
18.1358165740967,22.0820655822754,30.7516269683838,29.748176574707,28.3994255065918,25.8227024078369,20.4836750030518
19.4911689758301,22.7241077423096,32.0028228759766,30.0752239227295,29.5854549407959,27.4887714385986,21.7439365386963
19.0173435211182,22.2780094146729,31.6737518310547,30.172815322876,29.0068855285645,26.9029598236084,21.7076168060303
18.1617069244385,22.3532218933105,31.1093406677246,29.6654167175293,28.6016731262207,26.4032039642334,20.5342216491699
18.5765857696533,22.2270450592041,31.0373497009277,29.7865447998047,28.6559352874756,26.4945468902588,20.9751987457275
19.3911533355713,22.3842754364014,32.1336402893066,30.9216003417969,29.3747272491455,26.9721012115479,22.3267803192139
16.2634258270264,21.8126106262207,30.1534481048584,28.9868755340576,28.1147651672363,25.07666015625,19.1031684875488
18.5275192260742,22.1256313323975,31.229284286499,30.0554313659668,28.6925296783447,26.1658935546875,21.1095886230469
21.8151512145996,25.2386360168457,30.28125,33.2234230041504,32.4098243713379,28.9702644348145,24.2677783966064
11.2261381149292,21.8201961517334,25.8247852325439,27.3010921478271,26.9101276397705,21.8157596588135,14.2067441940308
11.3254585266113,21.212760925293,24.7093696594238,26.2573165893555,27.5039768218994,20.5111808776855,11.8391284942627
11.4672451019287,22.5409851074219,26.210599899292,27.5685272216797,27.3045234680176,22.3239154815674,14.4772815704346
12.7238073348999,21.1069927215576,26.7509536743164,28.0933284759521,27.8984680175781,21.8151931762695,15.1351709365845
9.90915012359619,21.6269760131836,24.6830463409424,26.3765068054199,26.6322078704834,21.1272716522217,13.0924835205078
9.47205543518066,20.9002265930176,24.3336296081543,25.723123550415,25.8402271270752,20.4771175384521,12.6576910018921
9.09645843505859,21.7201538085938,23.8352661132813,25.6615715026855,26.0855255126953,20.5220508575439,12.0880212783813
8.92461681365967,20.7457408905029,23.8346672058105,25.2297267913818,25.6142349243164,20.029182434082,12.0026950836182
12.3007411956787,22.4691524505615,26.7340087890625,28.1818656921387,27.622953414917,22.709939956665,15.1205129623413
12.7265748977661,22.4479560852051,26.8594055175781,27.8682270050049,27.4752864837646,22.7179203033447,14.9207162857056
12.7922983169556,22.1911773681641,27.0073661804199,28.0781421661377,27.5902404785156,22.6973896026611,15.3051681518555
10.2317399978638,21.4418430328369,25.0295753479004,26.4894123077393,26.4441204071045,21.2033672332764,13.3995656967163
9.26728248596191,21.4573593139648,24.121187210083,25.8140182495117,26.2327289581299,20.6073246002197,12.3722038269043
11.9743881225586,21.2931251525879,25.2463474273682,27.1262874603271,28.2007923126221,20.7617378234863,12.3009405136108
11.0543279647827,21.3678932189941,25.3840751647949,26.8169231414795,27.1876277923584,20.8595447540283,13.4508771896362
15.5341176986694,21.4436588287354,28.2478046417236,29.6101970672607,29.7496452331543,26.7562217712402,20.1575489044189
16.049861907959,21.3871173858643,28.402135848999,29.4886569976807,29.610818862915,26.9161891937256,20.3053569793701
16.4902534484863,21.0655460357666,28.3323020935059,29.2129611968994,29.5593700408936,27.0003032684326,20.2739372253418
16.8263893127441,21.044921875,28.3997192382813,29.0357093811035,29.4212265014648,27.0200080871582,20.5200080871582
17.669225692749,21.2286224365234,28.6358604431152,29.1962490081787,29.6413822174072,27.309965133667,21.2592754364014
15.0245189666748,21.1452445983887,28.0001773834229,29.6938991546631,29.9097442626953,26.5609321594238,19.7357349395752
16.9610729217529,21.6675128936768,28.6044158935547,29.2628517150879,29.5554275512695,27.1195602416992,20.6624221801758
15.2200813293457,21.3705825805664,28.1895599365234,29.9543495178223,29.5760116577148,26.4547863006592,19.669921875
17.7227783203125,21.7154121398926,28.7142601013184,29.5537643432617,30.3096771240234,27.6255550384521,20.6474914550781
17.6577491760254,21.3012180328369,28.697660446167,29.2845630645752,29.8397960662842,27.4468479156494,21.1302394866943
14.6611270904541,21.3418655395508,28.2021980285645,29.918701171875,29.4465141296387,26.1425666809082,19.2354869842529
17.1862201690674,21.1748867034912,28.5656204223633,29.1329536437988,29.5369758605957,27.1419773101807,20.862699508667
15.2776918411255,21.5340576171875,28.2435245513916,29.7554569244385,29.9914360046387,26.6962413787842,20.0483913421631
15.7354927062988,21.2768115997314,28.2533626556396,29.5329532623291,29.8495025634766,26.8278408050537,20.180305480957
14.980375289917,21.5961513519287,28.41872215271,30.0739192962646,29.880615234375,26.5171051025391,19.8097057342529
18.1305961608887,21.2619361877441,28.6623115539551,29.2417659759521,29.756628036499,27.6181602478027,21.4975852966309
14.2425918579102,20.9058246612549,27.7103691101074,29.7422943115234,29.7445335388184,26.2491664886475,19.5927429199219
16.1926403045654,21.1606292724609,28.3782577514648,29.4519634246826,29.7102203369141,26.9668426513672,20.3225154876709
17.015796661377,21.2963562011719,28.5450172424316,29.2939510345459,29.7673835754395,27.2099132537842,20.6431636810303
15.9338235855103,21.4676856994629,28.3968257904053,29.7293338775635,30.1250476837158,27.0747184753418,20.234260559082
16.2420196533203,21.4866466522217,28.4587459564209,29.3692855834961,29.3891716003418,26.9360580444336,20.3150482177734
16.7049140930176,21.3862934112549,28.5093173980713,29.3912887573242,29.6920185089111,27.0933151245117,20.5061092376709
17.4137229919434,21.7138366699219,28.7838973999023,29.2195243835449,29.7895240783691,27.1885833740234,21.0191307067871
13.7151803970337,21.1935482025146,28.1429824829102,30.1984844207764,30.001558303833,26.178731918335,19.4816303253174
15.3512716293335,21.4710731506348,28.2732124328613,29.9286937713623,29.7351112365723,26.6851196289063,19.9604396820068
18.2570209503174,21.8533554077148,28.9672069549561,29.6960163116455,30.5134201049805,28.026575088501,21.4540004730225
17.2708854675293,21.550537109375,28.5609016418457,28.7905006408691,29.4389209747314,27.0251274108887,20.8763999938965
15.3660564422607,21.6298904418945,28.3352165222168,29.8507328033447,29.9425220489502,26.7757015228271,20.1403617858887
14.0976867675781,21.1584739685059,28.0911560058594,30.0836715698242,29.9670276641846,26.3518676757813,19.6666774749756
14.5152950286865,21.1837711334229,28.0299797058105,29.8941764831543,29.9287967681885,26.4186859130859,19.6959838867188
16.2626323699951,21.2697143554688,28.4038543701172,29.4093265533447,29.5885372161865,26.94358253479,20.3254508972168
16.3964786529541,21.3974876403809,28.484188079834,29.5797157287598,29.9646396636963,27.1506462097168,20.4287376403809
15.5812120437622,21.3965072631836,28.2899703979492,29.5927295684814,29.5228939056396,26.7655715942383,20.1080074310303
15.4377107620239,20.9822425842285,27.6052188873291,29.6912670135498,30.0114040374756,26.5456218719482,19.3507652282715
14.9707307815552,21.1867122650146,28.0198516845703,29.708740234375,29.2071418762207,26.1331367492676,19.1936740875244
14.5500736236572,21.6119365692139,28.4241046905518,30.1520538330078,30.0572509765625,26.4208545684814,19.7146968841553
15.3734865188599,21.4341812133789,28.2873039245605,29.8402156829834,30.1039257049561,26.8535404205322,20.0423698425293
22.6121673583984,24.8466129302979,33.4436683654785,34.6667747497559,33.4862899780273,30.1550006866455,26.0295162200928
22.4635181427002,24.4557342529297,33.3829650878906,34.308780670166,32.590145111084,29.9285182952881,25.7231178283691
16.5934677124023,20.8508987426758,27.560037612915,30.8762817382813,30.4342002868652,27.0906257629395,19.7410182952881
16.216287612915,20.684383392334,27.2352275848389,30.7710781097412,30.1383800506592,26.8598480224609,19.1722869873047
14.9804534912109,22.0149765014648,29.172966003418,30.2027492523193,29.1074600219727,24.0050048828125,17.4572696685791
13.8147106170654,20.7246055603027,27.501859664917,27.8090114593506,26.712215423584,22.3292617797852,15.6487073898315
13.9045810699463,22.3647975921631,28.0416564941406,28.8311576843262,28.2301025390625,23.2204360961914,16.2996444702148
14.9289350509644,21.5298824310303,29.6901931762695,30.9564609527588,29.8497142791748,24.8489742279053,18.455415725708
15.3179931640625,21.7047729492188,29.9285793304443,30.629976272583,29.7008285522461,25.0820503234863,18.5588665008545
16.0192317962646,22.3352203369141,30.3984832763672,30.1411533355713,28.7999744415283,25.311185836792,18.3136196136475
14.3246583938599,21.7960624694824,28.0629272460938,29.3885860443115,29.2285747528076,23.6617641448975,16.8337364196777
13.6850070953369,21.6479969024658,27.7579154968262,28.0051651000977,27.0504245758057,22.147834777832,15.4061717987061
13.762544631958,20.7965812683105,27.4482383728027,28.0572395324707,26.9201316833496,21.9664249420166,15.373743057251
14.7675065994263,21.5214042663574,28.5885925292969,30.0675392150879,29.4392166137695,24.2262668609619,17.5196475982666
15.4585990905762,22.0822982788086,30.1341514587402,30.2400703430176,29.0627155303955,24.9811229705811,17.9248504638672
14.2087707519531,20.9221496582031,28.0308036804199,28.2866611480713,27.2502403259277,23.147575378418,16.1089210510254
15.4585666656494,21.9511699676514,29.577672958374,29.4954795837402,28.3071575164795,24.7697238922119,17.4580841064453
14.895435333252,21.5545921325684,29.1432991027832,29.2786140441895,28.2037563323975,24.282901763916,16.9361515045166
14.7421503067017,21.4288787841797,28.6998519897461,28.7586116790771,27.7334880828857,24.0571422576904,16.7355060577393
14.209864616394,21.0037498474121,27.998104095459,28.0821170806885,27.0973815917969,23.1747627258301,16.2144508361816
14.5392084121704,21.3120574951172,28.1652126312256,30.0463600158691,29.5136108398438,23.9243259429932,17.0425109863281
13.2364864349365,21.9070873260498,27.3986511230469,27.7790336608887,27.2233562469482,22.337516784668,15.168176651001
15.2018461227417,22.1040344238281,29.7116031646729,30.5367794036865,29.2615413665771,24.4568347930908,17.6428108215332
14.6420745849609,22.1214504241943,28.6776504516602,29.6026134490967,28.8418273925781,23.6000461578369,16.9593372344971
15.3698348999023,21.9567985534668,29.7933292388916,29.7426338195801,28.5043621063232,24.780632019043,17.5312633514404
16.1820240020752,22.3281688690186,30.2745838165283,29.8288135528564,28.635103225708,25.3381862640381,18.3672790527344
22.5081634521484,24.8946495056152,31.7242622375488,32.6080589294434,31.4885406494141,30.9396324157715,26.656005859375
22.8579635620117,25.5589599609375,32.1757392883301,33.0191764831543,32.0700721740723,31.6727771759033,27.225269317627
22.32057762146,24.6638526916504,31.604621887207,32.5835952758789,31.3991069793701,30.6807537078857,26.2927322387695
22.5830726623535,25.0444793701172,31.766674041748,32.584098815918,31.5264377593994,31.1224365234375,26.8409881591797
22.5762634277344,25.102144241333,31.7341823577881,32.4188117980957,31.3938808441162,31.1016845703125,26.9086666107178
23.0962963104248,25.9591064453125,32.2462959289551,33.117790222168,32.1482582092285,31.7466335296631,27.311014175415
22.0835399627686,24.4083042144775,31.4403419494629,32.3757286071777,31.1454620361328,30.2580718994141,25.7210140228271
22.1967258453369,23.715051651001,31.0383319854736,32.0025672912598,31.4998798370361,30.0420989990234,25.330286026001
22.6820526123047,25.3388252258301,31.9630889892578,32.6374168395996,31.682336807251,31.3786277770996,27.0944881439209
22.0696144104004,24.4226589202881,31.4682769775391,32.4801788330078,31.2673225402832,30.3394775390625,25.8619232177734
26.8514080047607,29.0216960906982,32.4799270629883,34.7130317687988,33.6772270202637,33.1148719787598,30.8743667602539
10.9624576568604,19.9116153717041,24.6203708648682,26.3608665466309,25.7964324951172,21.7268524169922,15.237455368042
13.3978538513184,20.983470916748,26.6618957519531,27.8244209289551,27.5245666503906,24.0418434143066,17.3372402191162
12.720516204834,20.7700443267822,26.2159652709961,27.715051651001,27.5420436859131,23.7378845214844,16.8538074493408
12.2778329849243,20.8218765258789,26.0415878295898,27.9834098815918,27.7947940826416,23.7338981628418,16.8473663330078
14.3802833557129,21.2781352996826,27.0350036621094,27.475378036499,27.7286701202393,24.7497119903564,18.0254611968994
9.20045471191406,18.3322582244873,23.8668174743652,26.4926681518555,26.57155418396,22.7171211242676,15.8249263763428
10.8616161346436,19.8823719024658,24.5590915679932,26.3067779541016,25.750732421875,21.6449489593506,15.1041059494019
10.4731664657593,20.2403221130371,25.0261669158936,27.022741317749,27.0667743682861,22.99049949646,16.0403232574463
14.103666305542,21.0030784606934,26.8810234069824,27.8614139556885,27.8650817871094,24.9407157897949,17.8270606994629
9.50403690338135,18.5605659484863,24.0708694458008,26.7191486358643,26.6860046386719,22.8653335571289,15.9926519393921
12.3026933670044,20.3497886657715,25.1154880523682,27.0910720825195,26.2396545410156,21.9848480224609,15.4586181640625
23.5929126739502,26.5933647155762,32.5408630371094,33.3884124755859,32.6270027160645,32.6647071838379,28.1838874816895
21.8704357147217,25.3575267791748,30.3478183746338,33.3627128601074,32.4884796142578,29.0841274261475,24.336404800415
21.3155841827393,24.4991626739502,29.763635635376,32.794303894043,32.1631774902344,28.6140689849854,24.1369915008545
23.2293376922607,26.0939884185791,32.4096374511719,33.1745452880859,32.1707077026367,32.0391693115234,27.5243968963623
12.4818935394287,21.1119346618652,26.9212741851807,29.1667938232422,28.9898281097412,24.5110778808594,17.7707595825195
10.6933336257935,19.916202545166,25.1187877655029,27.3503665924072,27.2546195983887,23.2365913391113,16.1384887695313
22.756368637085,25.0487995147705,34.0007019042969,35.8151550292969,33.0718193054199,30.1475925445557,26.3129329681396
18.3327121734619,22.4873352050781,30.2835559844971,29.2633075714111,29.6048259735107,28.0832691192627,22.1641788482666
19.4572334289551,23.0056953430176,31.0675468444824,30.0159950256348,30.2596397399902,28.5928401947021,23.1234798431396
18.7839221954346,22.6679019927979,30.8440952301025,29.8304824829102,30.0944442749023,28.4308948516846,22.6925640106201
19.3271141052246,22.618724822998,31.1592464447021,30.1955509185791,30.1926212310791,28.4436569213867,22.7725887298584
18.2441444396973,22.7189407348633,30.52907371521,29.2378101348877,29.18772315979,27.8569755554199,21.8680553436279
20.1676197052002,22.9644222259521,31.4752807617188,30.9606075286865,30.7167415618896,29.1068363189697,23.7948722839355
15.300666809082,21.3798389434814,28.3934173583984,28.799919128418,28.9066925048828,26.4130821228027,19.5631446838379
19.2373313903809,22.4120235443115,29.7012901306152,29.4187717437744,29.9107666015625,28.009220123291,22.5503196716309
15.1561250686646,21.0119895935059,27.6102638244629,29.3146896362305,28.9673690795898,26.0017871856689,19.1792621612549
16.4331398010254,21.4252758026123,28.1974639892578,28.7052879333496,29.1518497467041,26.7365818023682,20.2141418457031
19.7527694702148,22.7963905334473,30.3078422546387,29.8235321044922,30.0878410339355,28.4643898010254,23.1235485076904
15.9744644165039,21.2560939788818,27.8363246917725,28.7503070831299,29.025749206543,26.4676036834717,19.9192409515381
17.320426940918,21.6720352172852,28.7495861053467,28.3170108795166,29.1015033721924,27.258960723877,21.2851448059082
20.7834758758545,22.838623046875,30.7689151763916,30.6221256256104,30.4852752685547,29.0645980834961,24.195873260498
15.1638336181641,20.9224185943604,27.8648338317871,28.5293560028076,28.679515838623,26.0715007781982,19.4441928863525
15.9641065597534,21.2545776367188,27.9918460845947,28.8679313659668,29.053674697876,26.56516456604,19.9800834655762
17.4002952575684,21.6416168212891,30.2725887298584,28.7811698913574,28.5157604217529,26.9638385772705,20.5824909210205
16.9747734069824,21.0586681365967,29.8215808868408,28.3504180908203,27.7999782562256,26.0289402008057,20.2534732818604
17.0215091705322,21.8191204071045,30.1442337036133,28.5637874603271,28.6064300537109,27.0572261810303,20.5164966583252
20.5888957977295,23.2321262359619,32.8976554870605,32.1718254089355,30.4472637176514,28.0269088745117,23.4792385101318
20.0807971954346,22.6045532226563,32.5230751037598,31.835054397583,29.9302520751953,27.1698474884033,23.0303173065186
19.8217067718506,22.5690574645996,32.4298706054688,31.454122543335,29.8044776916504,27.2553043365479,22.7735843658447
21.7837963104248,23.6310043334961,32.9462051391602,33.8508071899414,31.7412185668945,28.851016998291,24.6608428955078
22.1946678161621,24.3508949279785,31.5468139648438,32.3212509155273,31.0659141540527,30.1720371246338,25.6799983978271
22.0129623413086,24.278434753418,31.5102462768555,32.1936073303223,31.0815410614014,30.0381469726563,25.5391864776611
25.8811855316162,28.276948928833,31.6117401123047,33.154468536377,32.1288032531738,31.9811916351318,29.0925598144531
25.9824485778809,28.4284210205078,31.7369613647461,33.5053520202637,32.5112075805664,32.1754112243652,29.25927734375
25.6505184173584,28.1393127441406,31.5523376464844,33.3670501708984,32.2634963989258,31.9004459381104,28.9403839111328
25.8257141113281,28.3612632751465,31.9038124084473,33.2517166137695,32.2823028564453,32.1293067932129,28.9095363616943
11.1841669082642,21.1217746734619,26.2498340606689,28.8489780426025,28.5957546234131,24.1812801361084,17.4251079559326
12.6215972900391,20.8941612243652,26.793176651001,28.9981498718262,29.0301265716553,24.4757423400879,17.8460578918457
9.17814922332764,21.7312202453613,23.8791904449463,25.9192028045654,26.0742835998535,20.4422492980957,12.1718988418579
9.47149276733398,21.4878463745117,23.9999618530273,26.1694164276123,26.2735443115234,20.4765567779541,12.6531782150269
10.0954437255859,21.6177730560303,24.5828685760498,26.5426387786865,26.5413074493408,20.8899765014648,13.2549295425415
9.72050857543945,21.0386753082275,24.0010032653809,26.1359767913818,26.0182991027832,20.2477378845215,12.9200801849365
8.54300117492676,20.6113166809082,23.0135955810547,25.5997848510742,25.4245662689209,19.5512599945068,11.8737659454346
12.4344282150269,22.2178211212158,26.3100814819336,27.4369583129883,27.0750293731689,22.3672180175781,14.5419073104858
19.4227256774902,22.8708953857422,31.3358631134033,30.4532203674316,29.6612510681152,27.8191013336182,22.3369121551514
19.1264801025391,22.802282333374,31.3562297821045,30.2495708465576,29.4567966461182,27.594482421875,22.1323299407959
22.5573768615723,24.8949146270752,32.2014961242676,32.8400077819824,31.4621734619141,30.6619873046875,25.7749919891357
22.5942325592041,25.1017742156982,32.1444473266602,32.8526573181152,31.5691452026367,31.0312385559082,26.4160289764404
22.4486446380615,24.735013961792,32.2025337219238,32.724422454834,31.2590923309326,30.3746585845947,25.3648300170898
17.3092098236084,21.0532817840576,30.6773738861084,30.158166885376,28.9355373382568,26.1568050384521,21.901668548584
17.935905456543,22.317590713501,31.1646499633789,29.5300540924072,28.6047306060791,26.2892284393311,20.3482055664063
18.6047801971436,21.6389389038086,31.7336139678955,31.3387241363525,29.5128898620605,26.2948265075684,22.1227436065674
10.0336503982544,20.8978462219238,24.4536418914795,25.9114933013916,26.4864521026611,20.5785903930664,12.5997943878174
8.28332138061523,20.6053848266602,23.1387500762939,24.6167278289795,25.2436962127686,19.6342029571533,11.1781892776489
12.6181592941284,21.7896347045898,26.4759044647217,27.8348350524902,27.4141635894775,22.3597774505615,15.3116064071655
10.3140735626221,21.1205101013184,25.0494728088379,26.2831325531006,26.1190910339355,21.1156120300293,13.4235649108887
11.8382320404053,21.6161937713623,25.9568996429443,27.4853992462158,27.0781116485596,21.8814449310303,14.6500120162964
11.5893383026123,21.5608921051025,25.2994499206543,27.0646171569824,28.1524600982666,21.0740375518799,12.7596559524536
10.4826488494873,20.978199005127,24.5049152374268,26.079568862915,27.1219787597656,20.6781215667725,12.3722591400146
12.080267906189,21.3374347686768,24.8374652862549,26.6503067016602,27.8585357666016,20.5305824279785,11.8026943206787
9.61960887908936,20.2938289642334,23.6595687866211,25.0508117675781,26.1014366149902,19.984899520874,11.3255739212036
10.9070558547974,21.0884494781494,25.3379230499268,26.745189666748,26.5342617034912,20.9448528289795,13.7602834701538
9.16804695129395,20.4591197967529,23.5142459869385,24.9627132415771,25.7207527160645,19.9875411987305,11.4422760009766
10.5620346069336,22.0586490631104,25.3680381774902,26.9064884185791,26.9383754730225,21.6523952484131,13.7530946731567
16.5016670227051,21.6675624847412,28.6292591094971,29.8270606994629,30.224552154541,27.2996292114258,20.5689964294434
13.3507499694824,20.8861598968506,27.3018703460693,27.9570751190186,26.9149932861328,21.6900424957275,15.0158309936523
13.1211576461792,21.1815795898438,27.1096630096436,27.7612323760986,27.0000782012939,21.8963108062744,15.0090341567993
12.7030744552612,21.4324989318848,26.781982421875,27.4751434326172,26.9216651916504,22.0178737640381,14.8859748840332
11.7069025039673,20.642391204834,25.7195281982422,27.8194847106934,27.640926361084,23.590404510498,16.6068744659424
28.4474430084229,30.1774196624756,30.5675201416016,33.2049102783203,33.1795272827148,30.9993362426758,27.9524383544922
19.7483253479004,23.1614952087402,29.2845268249512,31.4324607849121,27.4760932922363,27.6868629455566,19.4366912841797
16.6911430358887,19.5813388824463,27.3279323577881,27.4651737213135,25.3612632751465,25.62965965271,16.9850463867188
19.8523330688477,23.1532249450684,29.2846660614014,31.407096862793,27.4462909698486,27.8288326263428,19.4922580718994
17.6121425628662,20.7839221954346,28.3089847564697,28.6446208953857,25.7217464447021,26.4637985229492,18.2085514068604
16.9405345916748,20.5468273162842,28.1454811096191,28.4423999786377,25.5347003936768,26.2541236877441,17.6347484588623
20.2681407928467,23.1506404876709,29.5676212310791,31.329080581665,27.7848148345947,28.3329086303711,19.9690799713135
20.0367412567139,22.3401985168457,29.3088874816895,29.8996925354004,27.2399635314941,27.5306453704834,19.4954566955566
20.7121829986572,23.5229167938232,29.7174701690674,31.5527458190918,27.9808177947998,28.5259037017822,20.3056755065918
21.2908916473389,24.0519981384277,29.9664421081543,31.7676696777344,28.7111167907715,28.5781993865967,20.5699024200439
21.3047294616699,24.4031963348389,29.8223857879639,32.5454406738281,28.8094158172607,28.8955554962158,21.5654926300049
16.9912567138672,19.9894256591797,27.8302307128906,27.7563056945801,25.511116027832,25.967529296875,17.5443115234375
19.7590560913086,22.5182571411133,29.3890686035156,30.3382930755615,27.1799392700195,27.6902770996094,19.4423637390137
20.4113903045654,22.6858158111572,29.2608013153076,30.2216396331787,27.5507297515869,28.0266094207764,19.7234764099121
20.7666091918945,22.8836269378662,29.1689147949219,30.0903186798096,27.6504611968994,27.998176574707,19.7378978729248
20.9161109924316,23.6176109313965,29.7301330566406,31.5608329772949,28.5147438049316,28.7491283416748,20.4743118286133
19.412015914917,21.8094997406006,29.1789436340332,29.5159969329834,26.8492603302002,26.9945011138916,19.1694774627686
21.570369720459,24.3335132598877,29.4985179901123,31.6322574615479,28.4736557006836,28.3520374298096,21.0200710296631
18.8641662597656,22.2769355773926,28.9013328552246,30.11838722229,26.6053218841553,27.0296669006348,18.773063659668
22.3146915435791,24.1834716796875,29.6655502319336,31.6043910980225,28.6117343902588,28.2081565856934,21.3098564147949
20.8390846252441,23.6708354949951,29.590160369873,32.0111503601074,28.1706485748291,28.4660186767578,20.3887424468994
18.4490242004395,21.063777923584,28.7231330871582,28.9486026763916,26.3295192718506,26.633113861084,18.67018699646
19.0619125366211,22.919734954834,29.3474216461182,31.1396026611328,27.1587677001953,27.3330307006836,18.9833946228027
18.51100730896,22.3896064758301,29.0725860595703,30.3747653961182,26.6467380523682,26.9788513183594,18.6063270568848
17.7983722686768,21.4658889770508,28.6946182250977,29.3162822723389,25.9772338867188,26.6461181640625,18.267068862915
19.1977767944336,21.3593120574951,28.8614387512207,29.1344833374023,26.5816440582275,26.6380939483643,19.1568126678467
21.2397766113281,23.845043182373,29.8476524353027,31.3860912322998,28.593318939209,28.5550842285156,20.3512573242188
21.3792877197266,24.1884231567383,29.484619140625,31.616828918457,28.4289608001709,28.344934463501,20.8744716644287
17.2464771270752,20.0847225189209,27.8731517791748,27.8599662780762,25.7353115081787,25.994945526123,17.480037689209
18.4815216064453,20.769832611084,28.656494140625,28.8156642913818,26.3272304534912,26.4649143218994,18.8244972229004
18.0734443664551,21.7211532592773,28.6667652130127,29.6324901580811,26.1823081970215,26.7044448852539,18.2636013031006
18.0880317687988,20.9441566467285,28.5359649658203,28.7914371490479,26.1357383728027,26.6880855560303,18.4888725280762
17.0459442138672,20.2474250793457,28.0486469268799,28.0462856292725,25.4637756347656,26.1723155975342,17.8190441131592
18.9755325317383,21.5705261230469,29.0220317840576,29.4381008148193,26.6826763153076,26.9293079376221,18.9710597991943
20.066520690918,22.9701519012451,29.5200843811035,30.704381942749,27.3972454071045,28.0164337158203,19.7919521331787
20.1410045623779,22.9554100036621,29.4432048797607,30.7687377929688,27.3904209136963,27.8948955535889,19.7124118804932
20.7405624389648,23.5779666900635,29.6549510955811,31.7960205078125,28.0439910888672,28.5114765167236,20.3285083770752
21.3751068115234,24.3783054351807,29.8475742340088,32.5479354858398,28.5919437408447,28.809741973877,21.3155918121338
20.8579635620117,23.7763442993164,29.5025939941406,31.8190860748291,28.5113792419434,28.4986114501953,20.8414878845215
18.6819076538086,21.6782855987549,28.8603420257568,29.6157989501953,26.6474342346191,27.1783847808838,18.9073619842529
19.0934028625488,22.5269374847412,29.0172634124756,30.4664611816406,26.7617225646973,27.1684322357178,18.9420680999756
17.0108337402344,19.840160369873,27.5966663360596,27.666934967041,25.6254844665527,25.8316669464111,17.1945152282715
19.4501476287842,22.154613494873,29.335319519043,30.0473003387451,27.0998935699463,27.5126495361328,19.2809352874756
18.1319160461426,21.9851036071777,29.0687446594238,30.0218334197998,26.4620895385742,26.8327865600586,18.4469871520996
22.0629081726074,25.08544921875,30.2221202850342,33.1983032226563,29.1643543243408,29.0975379943848,22.1199283599854
20.9128570556641,23.7774295806885,29.7641487121582,31.8736019134521,28.0811576843262,28.6236877441406,20.5051746368408
20.4676113128662,23.2966861724854,29.608528137207,31.5895252227783,28.0127906799316,28.48850440979,20.1186180114746
20.2743091583252,22.8202743530273,29.2898006439209,30.6787185668945,27.6566696166992,28.1158695220947,19.7483730316162
16.8714427947998,20.3166389465332,27.9826431274414,28.12158203125,25.5364284515381,26.1410350799561,17.4887294769287
18.6992206573486,22.0536022186279,28.8513336181641,29.9290866851807,26.7452144622803,27.2306671142578,18.7748928070068
21.2238883972168,24.3568096160889,29.3959255218506,31.7992839813232,28.4232978820801,28.4331474304199,21.1976699829102
19.9626941680908,22.579044342041,29.3416042327881,30.2768459320068,27.2575168609619,27.6654090881348,19.4952697753906
20.5031661987305,23.5458068847656,29.7721672058105,31.9788703918457,28.2572574615479,28.4438323974609,20.24338722229
22.2660827636719,25.3458423614502,30.3669261932373,33.1788787841797,29.277946472168,29.0774173736572,22.3874549865723
21.5516796112061,24.2652473449707,30.0311717987061,31.6210021972656,28.7390842437744,28.5055847167969,20.5005130767822
17.6663627624512,21.4217185974121,28.7780838012695,29.229175567627,25.8791217803955,26.5687026977539,18.2959403991699
20.4985656738281,23.3457698822021,29.655553817749,31.4145698547363,27.8535671234131,28.4090251922607,20.1426448822021
20.4902477264404,23.1891269683838,29.5004978179932,31.2461776733398,27.8848190307617,28.3391876220703,20.0633602142334
21.9501991271973,25.0543346405029,30.268985748291,33.1535034179688,29.252233505249,29.2945804595947,22.1263236999512
16.6223087310791,20.162389755249,27.6874141693115,27.9473781585693,25.2501354217529,25.9109497070313,17.2536792755127
19.6193103790283,22.6177597045898,29.3265552520752,30.4193115234375,27.2291622161865,27.8430080413818,19.5107231140137
20.0297241210938,22.1064167022705,29.0348510742188,29.5125827789307,27.0449600219727,27.2083587646484,19.4608669281006
18.4445056915283,22.1064395904541,28.8791236877441,30.0188446044922,26.4398517608643,26.8410949707031,18.4742107391357
21.3159465789795,24.4306125640869,29.6328754425049,32.2693367004395,28.7519989013672,28.771110534668,21.5510578155518
22.167366027832,24.5553569793701,30.017297744751,31.7316703796387,28.5380001068115,28.3692264556885,21.1454906463623
17.4055366516113,20.8181285858154,28.4274749755859,28.7755184173584,25.7611026763916,26.496940612793,18.1000118255615
16.6946468353271,20.0393314361572,27.6587181091309,27.877010345459,25.4066772460938,25.9083290100098,17.208423614502
19.0503883361816,21.9572429656982,29.089822769165,29.9102630615234,26.9664363861084,27.4171562194824,19.1406593322754
19.0651378631592,20.6922435760498,27.6518325805664,28.123628616333,26.3292541503906,25.309419631958,19.0758075714111
18.7506885528564,20.4656944274902,27.6957702636719,28.0831108093262,26.1969509124756,25.1690349578857,19.0699367523193
19.0583095550537,20.9457149505615,28.4656944274902,28.6175060272217,26.2342891693115,26.184455871582,19.0587749481201
19.3978366851807,21.0214366912842,27.6395092010498,28.2749252319336,26.3716201782227,25.5031356811523,19.1020278930664
20.0561962127686,21.6225452423096,27.8549842834473,28.5257778167725,26.6586780548096,26.3859519958496,18.8581295013428
19.2592678070068,20.9152946472168,28.0851383209229,28.5046577453613,26.3131427764893,25.9446659088135,19.0448627471924
19.1155834197998,20.8062896728516,27.9591674804688,28.3808860778809,26.2265319824219,25.6948337554932,18.9459686279297
19.6214027404785,21.2880897521973,27.9084587097168,28.4307518005371,26.394214630127,26.0599784851074,18.9159450531006
22.5927543640137,24.3234176635742,29.5897617340088,30.846607208252,28.5729312896729,27.8957691192627,20.4658660888672
21.9343204498291,22.5704307556152,27.6384811401367,28.9360256195068,27.1437339782715,25.720344543457,19.1919994354248
19.8857975006104,21.3713569641113,27.727352142334,28.4828319549561,26.703052520752,25.646017074585,19.0915966033936
22.784351348877,24.5396957397461,29.3625926971436,30.8905029296875,28.4806442260742,27.2058334350586,20.5722236633301
17.951416015625,19.9818859100342,27.2549133300781,27.8702621459961,25.6659374237061,25.0538330078125,18.3239841461182
21.0703887939453,21.9752502441406,27.40212059021,28.5544357299805,26.8913173675537,25.3134155273438,18.8646240234375
18.6801586151123,20.368350982666,27.8870468139648,28.0860290527344,26.0263595581055,25.4183883666992,18.8897762298584
22.5462970733643,24.9223918914795,29.8472194671631,31.4888916015625,28.7035388946533,28.0654220581055,20.8391780853271
19.9187774658203,21.5112781524658,27.9079914093018,28.5513038635254,26.7071990966797,25.8927135467529,18.9598560333252
20.8123664855957,21.9242782592773,27.6647701263428,28.7170162200928,27.0081596374512,25.7867774963379,18.9632530212402
20.4461517333984,21.9844360351563,27.9630317687988,28.8444786071777,27.1070041656494,26.7752304077148,18.9111309051514
20.5336570739746,21.6150207519531,27.3622779846191,28.3589973449707,26.7262744903564,25.3472156524658,18.7979698181152
19.2607460021973,20.9964580535889,27.8838386535645,28.3764610290527,26.3023414611816,25.6681270599365,18.9362525939941
22.9993324279785,23.891773223877,28.8156661987305,30.4162902832031,28.4482250213623,26.8436660766602,20.1858062744141
18.7338409423828,20.4887008666992,28.4319515228271,28.4235229492188,26.1685447692871,26.0297966003418,18.9873600006104
19.6280136108398,21.0677108764648,27.6159267425537,28.2292194366455,26.4968910217285,25.5117092132568,19.0923080444336
22.3128852844238,24.4955654144287,29.8552131652832,31.1531562805176,28.7574787139893,28.2918510437012,20.5329895019531
18.2056903839111,20.1633281707764,27.4860000610352,27.9544544219971,25.7945461273193,25.1311855316162,18.5901126861572
18.2729835510254,19.7912406921387,28.0111274719238,27.9894466400146,25.9414520263672,25.480396270752,18.5595207214355
17.7529449462891,19.8471946716309,27.0953712463379,27.8316497802734,25.6457786560059,24.9836483001709,18.1195602416992
19.9139270782471,21.4405193328857,27.8033237457275,28.5617618560791,26.69407081604,25.7219181060791,19.028564453125
18.2485885620117,20.1197872161865,27.6588649749756,27.9390258789063,25.855052947998,25.1467952728271,18.6406288146973
18.9856986999512,20.7472534179688,27.8071479797363,28.2593269348145,26.1603107452393,25.5174312591553,18.8926525115967
18.8755493164063,20.7877731323242,28.6020774841309,28.7062225341797,26.3112125396729,26.2697143554688,19.0753974914551
22.6485900878906,23.6563873291016,28.6627769470215,30.1528053283691,28.1645622253418,26.714147567749,20.0043792724609
18.364351272583,19.9799270629883,28.2744445800781,28.166934967041,26.0998210906982,25.7345371246338,18.7047500610352
22.4929866790771,24.5530986785889,29.8618125915527,31.6867294311523,28.6469764709473,28.1271553039551,21.1405925750732
18.7535018920898,20.3431491851807,28.1410522460938,28.2065811157227,26.0774421691895,25.6741809844971,18.9256000518799
20.152774810791,21.3957023620605,27.6347522735596,28.359260559082,26.689977645874,25.4549560546875,18.9580917358398
21.2670726776123,22.0704574584961,27.3841533660889,28.5801086425781,26.8849239349365,25.4566230773926,18.9655990600586
21.6193675994873,22.5524806976318,27.9209842681885,29.1318111419678,27.456880569458,26.1531314849854,19.2314739227295
18.083833694458,20.0029029846191,27.4916667938232,27.9124183654785,25.7700004577637,25.1403331756592,18.4632263183594
22.008092880249,24.1810054779053,29.8280487060547,31.0394744873047,28.6999816894531,28.5119495391846,20.3539962768555
21.1759414672852,22.1073474884033,27.5038509368896,28.6943035125732,27.0425815582275,25.1831665039063,18.931604385376
20.8894996643066,22.9117736816406,29.1429996490479,29.9135475158691,27.6862907409668,27.8754997253418,19.7770977020264
18.6875495910645,20.5400810241699,27.6641120910645,28.0870971679688,25.9919700622559,25.2912940979004,18.8702259063721
19.6826839447021,21.5899600982666,28.6774311065674,29.0518894195557,26.6441173553467,26.6762142181396,19.3088893890381
23.161111831665,25.3467750549316,29.7648143768311,31.5896053314209,28.7641582489014,27.6666660308838,20.9428310394287
20.5497436523438,21.629545211792,27.5445442199707,28.2938022613525,26.68581199646,25.1921806335449,18.7268466949463
18.9291229248047,20.60036277771,28.2144107818604,28.372594833374,26.1487255096436,25.9457569122314,19.032075881958
18.4872417449951,20.3122711181641,27.3549156188965,27.780294418335,25.7025852203369,24.9730453491211,18.7332878112793
16.4878997802734,21.9678001403809,28.7861995697021,30.7909507751465,26.7222518920898,26.670726776123,17.285961151123
16.8361587524414,22.357852935791,28.8441715240479,30.7766609191895,26.9526634216309,26.96071434021,17.7584495544434
15.1035356521606,19.8273048400879,26.9611949920654,27.8774833679199,24.8640441894531,25.4457912445068,16.0615844726563
15.5422658920288,21.5054531097412,28.542013168335,30.1479835510254,25.9711685180664,25.8591613769531,16.663703918457
16.4690418243408,21.1548442840576,28.4400520324707,29.2776985168457,25.6263256072998,26.5892677307129,17.0590534210205
15.8983116149902,20.8827896118164,28.1316623687744,28.6888618469238,25.3137531280518,26.3238487243652,16.6403522491455
16.1898078918457,21.9826526641846,29.0027027130127,30.4779891967773,26.2823905944824,26.7136917114258,17.066930770874
15.2871799468994,20.424877166748,27.6621875762939,28.1917629241943,24.8699645996094,25.9036426544189,16.2501411437988
15.8337907791138,20.5548534393311,27.8448696136475,28.3349113464355,25.1219024658203,26.1754302978516,16.593412399292
14.8743181228638,21.3369064331055,28.4552516937256,30.1099300384521,25.0495986938477,25.1562461853027,15.7441682815552
15.3390254974365,20.7661151885986,28.0004692077637,28.5821132659912,25.0133171081543,25.9964389801025,16.3184375762939
15.4487438201904,21.4584312438965,28.755163192749,30.1510677337646,25.5231704711914,25.7625370025635,16.5280418395996
15.34250831604,21.455171585083,28.7757129669189,30.2659111022949,25.8375587463379,25.7608127593994,16.571496963501
16.4577598571777,22.1885967254639,28.8568058013916,30.6244163513184,26.6484184265137,26.593189239502,17.3869724273682
17.3231315612793,21.4715061187744,28.7046871185303,29.3569755554199,25.8920936584473,26.7974052429199,17.8907012939453
14.6181783676147,20.3511753082275,27.6760997772217,28.4399185180664,24.4248142242432,25.4583568572998,15.5702753067017
15.0397157669067,21.4737930297852,28.7631950378418,30.4539642333984,25.2661628723145,25.161075592041,16.0191593170166
14.7345581054688,19.9718265533447,27.2470073699951,27.9668827056885,24.4934883117676,25.4826793670654,15.7963800430298
14.7238349914551,21.3592147827148,28.3345317840576,30.0393867492676,24.8822994232178,25.1523361206055,15.5058240890503
15.3547039031982,19.8949546813965,27.0855922698975,27.863826751709,24.951416015625,25.4915657043457,16.2724456787109
17.1516857147217,21.0996055603027,28.440824508667,28.8369731903076,25.5501747131348,26.2986164093018,17.8641338348389
15.2418956756592,21.59006690979,28.9038162231445,30.4392433166504,25.8673439025879,25.4801006317139,16.4646816253662
16.7325878143311,22.4007873535156,29.4680633544922,31.1019992828369,26.9331245422363,27.203088760376,17.4447994232178
15.8042306900024,20.2133769989014,27.510232925415,27.968786239624,24.8680744171143,25.8036670684814,16.5975303649902
17.9679374694824,22.1146640777588,29.2487335205078,30.8412914276123,26.9177055358887,27.0826263427734,18.3280506134033
14.127158164978,20.678955078125,27.8107585906982,29.4293537139893,24.390567779541,24.6734218597412,15.0306901931763
15.8821229934692,20.0132961273193,27.2643585205078,27.7058506011963,24.6323776245117,25.4085235595703,16.5863838195801
14.2614870071411,20.7712287902832,27.7056541442871,29.0525341033936,24.2144660949707,24.758508682251,15.073802947998
15.2360134124756,20.153751373291,27.4441070556641,27.94504737854,24.8041725158691,25.8091583251953,16.2521724700928
14.7234754562378,20.2196960449219,27.508113861084,28.2058944702148,24.4333915710449,25.5085582733154,15.704309463501
15.0872831344604,20.806941986084,28.1198692321777,28.8535404205322,24.9676837921143,25.9109897613525,16.2147789001465
17.5863208770752,23.5928993225098,29.8930053710938,31.1848239898682,27.3015403747559,27.8328895568848,18.7561454772949
16.0386772155762,21.8939533233643,29.14967918396,30.5896797180176,26.2215690612793,26.4552783966064,17.0457801818848
15.731369972229,21.018253326416,28.284517288208,28.9515781402588,25.2340545654297,26.1145458221436,16.6129531860352
16.0782737731934,21.8702564239502,28.9492816925049,30.5598735809326,26.3560791015625,26.4305438995361,17.0773582458496
15.623872756958,21.435661315918,28.5156345367432,29.6943359375,25.5745296478271,26.2554664611816,16.7046413421631
14.6097278594971,20.5720596313477,27.8224868774414,28.8066883087158,24.4329147338867,25.3441143035889,15.495677947998
15.6332120895386,21.2679882049561,28.471227645874,29.3385143280029,25.4282779693604,26.207483291626,16.6912307739258
16.3171215057373,22.7682800292969,29.7369213104248,31.1097450256348,26.6744174957275,26.3230171203613,17.3653163909912
17.8934421539307,22.113410949707,29.3772602081299,31.1677017211914,27.2184619903564,27.2723789215088,18.2543811798096
14.1488170623779,19.52760887146,26.8580741882324,27.711498260498,24.1155548095703,25.0148296356201,15.1924457550049
15.1851930618286,21.2151298522949,28.3836841583252,29.6139450073242,25.0719680786133,25.6487979888916,16.0730800628662
15.025785446167,21.4232482910156,28.7955360412598,30.4048290252686,25.4864273071289,25.1736907958984,16.1265296936035
17.1638870239258,21.6420803070068,29.0690784454346,30.2892265319824,26.3857383728027,27.0612487792969,17.6372203826904
16.8818874359131,20.8029098510742,28.1753425598145,28.5677795410156,25.3373222351074,26.0652084350586,17.6328964233398
16.8951416015625,21.9228668212891,29.0479049682617,30.4677753448486,26.435510635376,26.7569465637207,17.3024578094482
17.7372226715088,22.0310039520264,29.4807415008545,31.4896049499512,27.4865589141846,27.3629627227783,17.9838714599609
17.5572948455811,21.81565284729,29.1917037963867,30.2577686309814,26.5229358673096,27.3104991912842,17.9782810211182
16.7407817840576,20.9305114746094,28.1568775177002,28.6962108612061,25.3515796661377,26.334228515625,17.3919467926025
17.518087387085,21.9320163726807,29.3871231079102,31.0539836883545,27.0557079315186,27.3083114624023,17.8937320709229
14.7071971893311,20.9359741210938,28.0160007476807,29.2060203552246,24.5223789215088,25.2497653961182,15.4837856292725
18.2639541625977,22.5532073974609,29.5080547332764,31.5433502197266,27.532283782959,27.3451843261719,18.3633251190186
16.7093963623047,21.2103023529053,28.4349994659424,29.1519718170166,25.6879730224609,26.7240314483643,17.235466003418
17.8439197540283,21.9278011322021,29.2702541351318,30.64328956604,26.8609924316406,27.1964054107666,18.3082027435303
14.7442312240601,20.9621620178223,28.3312549591064,30.328197479248,25.1142272949219,24.7275447845459,15.703685760498
16.9685096740723,22.3712615966797,29.3567390441895,31.3091278076172,27.2258586883545,27.3093795776367,17.5838184356689
17.540111541748,22.0827751159668,29.361837387085,31.2381153106689,27.235258102417,27.1516284942627,17.8428726196289
17.4512615203857,22.2361068725586,29.3141078948975,31.1519794464111,27.1949157714844,27.1603164672852,17.6955680847168
16.2722301483154,21.5463447570801,28.6996746063232,29.7791175842285,25.7274799346924,26.4140357971191,16.9368324279785
14.1062726974487,19.6757678985596,27.0091457366943,27.823902130127,23.9260845184326,24.9159660339355,15.0221118927002
15.8803415298462,22.4095573425293,29.85866355896,31.2898406982422,26.3062534332275,25.8784790039063,16.9953708648682
17.058837890625,22.9092082977295,29.2662086486816,30.7994689941406,27.0377311706543,27.1928081512451,18.0899448394775
17.6509437561035,21.7646369934082,29.0650634765625,29.8368663787842,26.3295459747314,27.0428504943848,18.1830768585205
14.7862577438354,21.2640113830566,28.4727573394775,30.2292671203613,24.9921264648438,25.0509243011475,15.7544183731079
14.1414527893066,20.5086250305176,27.914737701416,29.662073135376,24.6197719573975,24.5760192871094,15.1586475372314
17.2482471466064,23.1776447296143,29.4038619995117,30.8727779388428,27.0942344665527,27.5367317199707,18.479175567627
14.8148965835571,21.2113761901855,28.2005825042725,29.605598449707,24.7149181365967,25.1854114532471,15.5071420669556
15.4945383071899,21.790506362915,29.3721103668213,30.9792251586914,25.5834197998047,25.3145351409912,16.4575252532959
15.1129665374756,21.337423324585,28.4897003173828,29.92799949646,25.1002254486084,25.4080429077148,15.9472713470459
16.8284339904785,22.397891998291,29.2765769958496,30.8069362640381,26.7373600006104,27.0966644287109,17.3541831970215
16.7907390594482,21.4755249023438,28.873779296875,30.1596775054932,26.127908706665,26.6200008392334,17.2902793884277
17.0045394897461,22.3636093139648,28.9046020507813,30.9431934356689,27.1399326324463,27.1776371002197,17.8802108764648
15.0846815109253,21.3380661010742,28.6755065917969,30.1822147369385,25.4185428619385,25.3467693328857,16.2063064575195
17.4763069152832,21.5326519012451,28.7847347259521,29.2338275909424,25.8985996246338,26.605598449707,18.1129684448242
15.784912109375,21.9962425231934,28.9943656921387,30.4945182800293,26.2260990142822,25.9846382141113,16.9244403839111
15.2586574554443,21.5498867034912,28.960636138916,30.7044773101807,25.3708419799805,25.1391258239746,16.209545135498
16.2491989135742,21.9263172149658,28.8875770568848,30.1784496307373,26.1063499450684,26.6698722839355,17.0435428619385
16.1642818450928,21.0961742401123,28.4165916442871,29.2774677276611,25.4426078796387,26.3126201629639,16.8713932037354
17.5215740203857,22.623477935791,29.5674057006836,31.5110206604004,27.6146049499512,27.5887966156006,17.7498207092285
17.6276378631592,21.87646484375,29.3268165588379,30.7817192077637,26.906421661377,27.3471164703369,18.0277996063232
15.5315389633179,21.4483470916748,28.576244354248,29.9231090545654,25.4918327331543,25.9633903503418,16.527193069458
14.2373027801514,20.3026733398438,27.4747467041016,28.4917678833008,24.0006542205811,24.9651260375977,15.0212898254395
14.7458581924438,19.7148208618164,26.9230575561523,27.8225154876709,24.6311664581299,25.3940448760986,15.785117149353
15.5380563735962,21.9565715789795,29.6069717407227,31.127311706543,25.8670063018799,25.487211227417,16.5862312316895
14.0879821777344,19.8630256652832,27.1979713439941,28.0480270385742,23.8453731536865,24.8928318023682,14.9044256210327
15.0862493515015,20.9582843780518,28.2027359008789,29.2247314453125,24.9961528778076,25.8130035400391,16.1338958740234
18.5375232696533,23.8333110809326,29.507568359375,31.9007663726807,27.8815517425537,27.8996200561523,19.9229297637939
18.109058380127,23.7407093048096,29.742977142334,31.9548225402832,27.9343776702881,28.1861057281494,19.6414375305176
17.9131488800049,23.6246700286865,30.1058502197266,32.7669677734375,28.648998260498,28.7421321868896,19.7081527709961
19.4841117858887,24.9166030883789,31.6378078460693,34.1760444641113,30.0935192108154,29.803409576416,22.0748863220215
19.4633331298828,23.987813949585,29.1307411193848,31.2949829101563,27.5021514892578,27.5648155212402,20.3261642456055
17.8070678710938,23.4329013824463,29.6212711334229,32.3095893859863,28.260066986084,28.367769241333,19.5103225708008
20.4075469970703,25.8255310058594,31.4096717834473,34.279224395752,30.2411270141602,29.2439956665039,22.3817749023438
22.4660987854004,23.616569519043,28.1719703674316,29.900110244751,27.8803157806396,25.4770832061768,20.9034099578857
23.5227890014648,25.6403045654297,28.9519557952881,31.8002262115479,29.4904651641846,27.5551376342773,21.9203281402588
23.2827892303467,25.1724300384521,29.2605113983154,31.2713756561279,28.7241115570068,27.4040775299072,21.0241985321045
23.2213649749756,25.9134311676025,29.6472549438477,31.7471122741699,29.3173885345459,28.0961856842041,22.2571258544922
22.919075012207,24.1232967376709,28.2242584228516,29.9756278991699,28.0749111175537,25.6544437408447,21.0867385864258
23.5854797363281,25.5301856994629,29.0085678100586,31.9482097625732,29.4549350738525,27.1083030700684,22.0019187927246
23.1268520355225,24.2403221130371,28.6979637145996,30.7338714599609,28.7476692199707,26.5092582702637,20.9200706481934
23.0740737915039,24.2663078308105,28.6335182189941,30.31272315979,28.4426517486572,26.1603698730469,20.7399635314941
23.715747833252,25.4699611663818,28.8444557189941,31.7375392913818,29.3093318939209,26.905345916748,22.1145038604736
23.408863067627,25.498119354248,28.9216651916504,31.8535652160645,29.4328460693359,27.2389469146729,21.8021240234375
23.7632331848145,25.8946762084961,29.116397857666,31.9160213470459,29.6944808959961,27.9519538879395,22.1346950531006
22.9278869628906,24.4927444458008,29.5225162506104,31.7694244384766,29.0042304992676,28.0615787506104,21.4357624053955
23.830135345459,25.5678730010986,28.9546127319336,31.8781356811523,29.454252243042,27.0627269744873,22.1802368164063
22.7905559539795,24.1449813842773,28.3990745544434,30.046236038208,28.1478500366211,25.8003692626953,20.928316116333
26.872896194458,27.6572170257568,30.1853542327881,33.0333976745605,31.33251953125,30.9447803497314,27.1779079437256
26.7862510681152,27.561206817627,30.2340660095215,33.1564407348633,31.3859424591064,30.7934684753418,27.0497398376465
26.669864654541,27.4014339447021,30.0851860046387,32.9736061096191,31.3238849639893,30.6826591491699,26.9149551391602
26.4775466918945,27.3529987335205,30.4628047943115,33.4409675598145,31.4819469451904,30.7335891723633,26.5520915985107
26.8791484832764,27.6382751464844,30.3803768157959,33.3619003295898,31.5345325469971,30.8595333099365,27.051851272583
26.7772388458252,27.599573135376,30.5227851867676,33.4294662475586,31.539852142334,30.7943630218506,26.8123016357422
26.4374465942383,27.3613109588623,30.4881019592285,33.5687789916992,31.5057678222656,30.7412338256836,26.5052051544189
26.6755886077881,27.5176773071289,30.5555572509766,33.5407295227051,31.574291229248,30.806734085083,26.7252349853516
26.8702087402344,27.6646957397461,30.3655624389648,33.273307800293,31.457462310791,30.7845039367676,26.9120559692383
26.5055274963379,27.3989162445068,30.482702255249,33.4826049804688,31.522533416748,30.7638339996338,26.5791339874268
16.8418235778809,19.9797954559326,26.6301460266113,28.1688137054443,25.4841575622559,25.3306083679199,17.8518390655518
17.761833190918,20.0040321350098,27.6286659240723,28.0943546295166,26.2616119384766,25.2813339233398,18.5769348144531
14.2895393371582,17.2529125213623,24.3211917877197,25.5415096282959,24.0623092651367,23.2511234283447,17.4583148956299
16.6523342132568,19.904354095459,26.4418334960938,28.157096862793,25.2961292266846,25.050500869751,17.6541938781738
18.0811519622803,20.3419742584229,27.9879245758057,28.4118556976318,26.6806621551514,25.7021007537842,19.1044101715088
17.9281616210938,20.2192802429199,27.855993270874,28.4689197540283,26.869873046875,25.6400985717773,19.1666107177734
16.4459991455078,19.525806427002,26.1586666107178,27.4467735290527,25.2501621246338,25.2029991149902,18.1690330505371
14.7812471389771,17.4889392852783,24.7513885498047,25.9190902709961,24.4762325286865,23.4909572601318,17.6996250152588
15.8700084686279,18.9112453460693,25.6340522766113,26.8459396362305,24.897346496582,24.5831642150879,17.9508209228516
13.0969276428223,19.1204395294189,25.394359588623,27.4217567443848,23.386079788208,22.6023979187012,13.659987449646
13.8304653167725,20.4828910827637,26.7163391113281,29.0918064117432,24.3800029754639,23.2271995544434,14.9632596969604
14.3638725280762,20.4877700805664,27.4348888397217,28.6474475860596,24.1034526824951,24.4599628448486,14.8509168624878
14.1875276565552,20.3417720794678,27.2911586761475,28.7189388275146,24.130241394043,24.1617488861084,14.9063596725464
14.1703109741211,19.5866184234619,26.5575942993164,28.4399795532227,24.2384471893311,23.8919506072998,14.5585508346558
14.2467136383057,20.7014751434326,27.1444816589355,29.4772129058838,24.6657371520996,24.0023593902588,15.2543163299561
13.3818264007568,20.0061531066895,25.6635131835938,28.289644241333,24.6616802215576,21.9745311737061,14.0474071502686
13.5224447250366,19.8755664825439,26.9362106323242,28.5339183807373,23.815258026123,23.892692565918,14.5127286911011
14.1629838943481,19.3894920349121,26.6235408782959,28.3485660552979,24.1423892974854,24.2445697784424,14.8079671859741
13.6571626663208,19.2350578308105,26.4305801391602,27.5786056518555,23.4870738983154,24.0950222015381,14.3040046691895
14.3337774276733,20.5584602355957,27.5466327667236,28.704080581665,24.1100196838379,24.8692150115967,14.9894847869873
13.7908296585083,19.1436367034912,26.4209270477295,27.3535461425781,23.7947444915771,24.6094722747803,14.7491083145142
13.8623638153076,19.749210357666,26.9780540466309,28.0083980560303,23.6214046478271,24.4765777587891,14.5465202331543
13.782811164856,19.1011085510254,26.2538223266602,27.6865253448486,23.6618213653564,23.9856224060059,14.4709672927856
13.6877727508545,20.1160125732422,27.238187789917,28.7721900939941,23.961576461792,24.1635932922363,14.6333684921265
13.7054176330566,19.7010231018066,26.1876316070557,28.3992919921875,24.0372695922852,23.2652053833008,14.5065898895264
14.0717029571533,20.7748870849609,27.3269386291504,29.6918067932129,24.6466598510742,23.863000869751,15.458399772644
14.2276802062988,19.9200057983398,27.0195388793945,28.5084095001221,24.0348262786865,24.0219058990479,14.5766897201538
13.5955753326416,20.1650485992432,27.1088314056396,29.4281826019287,24.3411293029785,24.027811050415,14.9973554611206
14.1745910644531,20.6406898498535,27.5400657653809,28.8498840332031,24.116174697876,24.6443386077881,14.9486618041992
13.9964447021484,19.506404876709,26.388391494751,28.2278423309326,24.0167083740234,23.6007976531982,14.4812164306641
13.0270833969116,19.0332660675049,25.3312492370605,27.399866104126,23.3442535400391,22.3487854003906,13.5451946258545
13.616096496582,19.2423343658447,26.5003261566162,27.3778743743896,23.4480075836182,24.3334693908691,14.4089984893799
12.9958810806274,19.3742866516113,26.5645904541016,28.6209907531738,23.7276763916016,23.9004039764404,14.4082469940186
14.1891927719116,20.0063800811768,27.0219631195068,28.4357261657715,24.0328960418701,23.9426708221436,14.6794300079346
13.4816865921021,19.799259185791,27.1801662445068,29.0628757476807,24.1650104522705,24.1796321868896,14.6655244827271
13.882472038269,19.1866073608398,26.3775596618652,27.488899230957,23.7197132110596,24.2729320526123,14.5692358016968
13.1590824127197,19.4528751373291,25.3165283203125,27.5742893218994,23.8171043395996,21.9444770812988,13.8261890411377
13.5122213363647,19.6241092681885,25.8019428253174,28.0240612030029,23.8264446258545,22.904167175293,14.3031930923462
14.1149187088013,20.5093078613281,27.4232044219971,29.3077201843262,24.48854637146,24.2527751922607,15.1127052307129
14.0369930267334,20.1560325622559,26.8782196044922,28.8775615692139,24.3199405670166,23.8288383483887,14.8479804992676
14.09827709198,19.664945602417,26.8515090942383,28.3549251556396,23.9553604125977,24.0537166595459,14.5308122634888
13.9765291213989,20.2306060791016,27.4871082305908,29.7310199737549,24.6004199981689,24.3508758544922,15.1715974807739
14.0531024932861,19.6973247528076,26.7118759155273,28.3433132171631,24.0426826477051,23.7497158050537,14.5882253646851
13.1967172622681,19.0542087554932,25.3572063446045,27.5341205596924,23.4948043823242,22.5273036956787,13.844690322876
13.9622497558594,19.6543712615967,26.8507328033447,28.0894794464111,23.7343635559082,24.2304515838623,14.4742679595947
13.768518447876,20.1846237182617,26.365255355835,28.5846900939941,24.2169494628906,23.1721820831299,14.7624034881592
14.1059722900391,20.4539451599121,26.759744644165,29.0948390960693,24.4910869598389,23.7139129638672,15.0869703292847
13.7771186828613,20.4054985046387,26.4787101745605,28.6714820861816,24.3309345245361,22.9054393768311,14.8072080612183
14.2111892700195,20.0429096221924,27.156946182251,28.441333770752,23.954402923584,24.3548965454102,14.6649141311646
14.1521406173706,20.4603385925293,27.4199657440186,28.700569152832,24.0484104156494,24.3384838104248,14.8609447479248
13.99143409729,20.6526393890381,27.3815326690674,29.7767486572266,24.6765766143799,24.0593223571777,15.3348779678345
25.5738697052002,26.9475154876709,29.9363403320313,32.805980682373,30.837854385376,29.9371585845947,25.5476856231689
26.430591583252,27.6047496795654,30.4232273101807,33.1967315673828,31.5323810577393,30.5412082672119,26.430305480957
26.3159255981445,27.2884407043457,30.3765735626221,33.2473983764648,31.4096755981445,30.5529632568359,26.4263439178467
26.0689735412598,27.4040546417236,30.257568359375,33.1040573120117,31.3901329040527,30.2758541107178,26.1339225769043
26.8191680908203,27.648588180542,29.7160415649414,33.4004020690918,31.4014110565186,29.9783344268799,25.5673389434814
25.5887050628662,27.1558227539063,30.1828784942627,33.2251167297363,31.1191272735596,29.7340259552002,25.452880859375
26.3842258453369,27.4465065002441,30.3893299102783,33.2333030700684,31.4707145690918,30.5641212463379,26.4459209442139
25.9327278137207,27.2336158752441,30.1650733947754,33.0039749145508,31.2166938781738,30.2367515563965,25.9774436950684
25.8445987701416,27.248815536499,30.1841259002686,33.1913261413574,31.2898693084717,30.0244922637939,25.8358249664307
26.0481796264648,27.2255439758301,30.1711101531982,33.0457420349121,31.280647277832,30.4074172973633,26.0937614440918
26.6618347167969,27.7685089111328,30.5294361114502,33.357234954834,31.5358829498291,30.6171455383301,26.6605243682861
20.4352226257324,23.5173530578613,29.1371097564697,31.4119510650635,27.699104309082,28.1086483001709,19.8055553436279
20.6538314819336,24.8084278106689,29.1899719238281,32.1865463256836,28.4979038238525,28.1096382141113,21.528299331665
20.7486228942871,24.6689414978027,29.0343055725098,32.213794708252,28.392219543457,28.1594505310059,21.5853424072266
23.5435428619385,26.2205696105957,30.529857635498,32.2389297485352,29.3881034851074,29.0283012390137,23.30908203125
20.142406463623,24.5946235656738,29.5455551147461,31.6487464904785,27.8543014526367,27.9170360565186,20.5688171386719
19.6102848052979,24.0837173461914,29.3344974517822,31.2470512390137,27.3845024108887,27.8753643035889,20.2938041687012
20.8164615631104,24.0937881469727,29.264404296875,31.7516918182373,27.7594585418701,27.981481552124,20.6453609466553
17.5946502685547,23.4436092376709,29.4980697631836,31.1641063690186,27.3015232086182,27.8042068481445,18.8642597198486
20.141773223877,24.0224609375,29.1626796722412,31.3538761138916,27.5874042510986,27.7863159179688,20.3591899871826
19.0986671447754,24.1188716888428,29.7059993743896,31.5435485839844,27.6324195861816,27.7828330993652,20.0049991607666
19.8246631622314,24.1137886047363,29.3997478485107,31.3309993743896,27.6308517456055,28.1942386627197,20.2308731079102
21.6498336791992,24.5262908935547,30.0428333282471,32.8732261657715,28.7553234100342,28.7189998626709,20.9985485076904
17.4810676574707,22.6612415313721,30.3874092102051,31.7496776580811,27.5598449707031,27.207914352417,18.2827796936035
15.4411935806274,21.2318630218506,29.6200428009033,31.258264541626,25.6760101318359,25.1861724853516,16.8589782714844
15.9265565872192,21.5711040496826,29.7650260925293,31.1005764007568,26.0118770599365,25.6149101257324,17.110818862915
17.0577487945557,21.9181175231934,30.2712821960449,31.5123672485352,27.4662990570068,26.7850856781006,17.999584197998
16.0472679138184,22.7002067565918,30.0518932342529,31.345142364502,26.3471069335938,26.0446300506592,17.3354148864746
16.5532398223877,22.7187957763672,30.0887031555176,31.0878658294678,26.4897880554199,26.4397754669189,17.7750129699707
17.3833045959473,23.3237457275391,29.8780918121338,31.100549697876,27.1068706512451,27.3644866943359,18.4149913787842
15.8871269226074,21.5984039306641,29.7883148193359,31.6300392150879,25.8433265686035,25.0908546447754,16.8707237243652
17.6229972839355,23.0672359466553,30.5397090911865,31.8693237304688,27.5388889312744,27.3519897460938,18.4759044647217
16.1307277679443,22.5951194763184,30.1798305511475,31.4216613769531,26.2869186401367,26.1621131896973,17.4099731445313
15.7199783325195,22.3526496887207,29.9705142974854,31.3572635650635,26.033712387085,25.734317779541,17.2049350738525
16.3147583007813,22.9141502380371,30.2162227630615,31.5361328125,26.52467918396,26.3905029296875,17.5802688598633
17.6031932830811,23.2810363769531,30.4811248779297,31.8106727600098,27.4693241119385,27.4974632263184,18.8068923950195
17.6088581085205,23.464334487915,29.9832458496094,32.0181312561035,27.9653778076172,28.2574024200439,19.2126197814941
17.2412815093994,22.4589710235596,30.4411277770996,31.5573902130127,27.3358192443848,26.8945636749268,17.9867362976074
17.3044090270996,22.8205871582031,30.5097560882568,31.4705276489258,27.113151550293,26.9601974487305,18.1358242034912
15.3455610275269,20.8079128265381,29.1064910888672,32.1972427368164,26.1984443664551,24.9417285919189,16.6774234771729
17.7436332702637,23.5415668487549,30.3958740234375,32.3730735778809,28.1236515045166,28.2772274017334,19.4864978790283
17.3130054473877,22.1708946228027,30.2740993499756,31.6345920562744,27.5740394592285,27.0587615966797,18.3382873535156
15.4277324676514,21.090446472168,29.329948425293,31.2373142242432,25.4079971313477,24.7701053619385,16.5130882263184
17.547981262207,23.4618721008301,30.0197677612305,31.3069667816162,27.2957592010498,27.5352516174316,18.5922813415527
15.691743850708,21.677282333374,29.7129001617432,30.9991130828857,25.6784019470215,25.3639430999756,16.9047183990479
17.1106986999512,22.6812286376953,30.638988494873,31.6888999938965,26.9713077545166,26.8071460723877,18.0162601470947
17.7786464691162,23.7746849060059,29.9863586425781,31.6921138763428,27.673921585083,28.3518562316895,19.1683940887451
17.6386604309082,23.5775413513184,29.9631595611572,31.4668312072754,27.4276466369629,27.9703559875488,18.8566036224365
17.6071300506592,23.4343147277832,29.7373275756836,32.0392227172852,28.0436592102051,28.4119262695313,19.2041702270508
17.2999992370605,21.8099555969238,30.4231357574463,31.7517566680908,27.737979888916,27.0880126953125,18.4913291931152
15.5049695968628,21.3676567077637,29.60817527771,31.192138671875,25.5594501495361,25.0009269714355,16.7610740661621
16.2331581115723,22.2428302764893,30.1026744842529,31.2731189727783,26.1617622375488,26.0307941436768,17.4066734313965
16.8807411193848,22.7816162109375,30.4246120452881,31.3387966156006,26.6524257659912,26.6560363769531,18.0316963195801
18.0161609649658,23.9085559844971,30.0576286315918,31.9471759796143,27.9397754669189,28.476110458374,19.4658069610596
17.5976142883301,23.4102840423584,30.2236328125,31.7105197906494,27.5223121643066,27.7278442382813,18.9744243621826
16.9547004699707,23.1145153045654,30.1486835479736,31.2856578826904,26.8582916259766,26.7619571685791,17.9430961608887
17.2621402740479,23.1990737915039,30.1447143554688,31.1041469573975,26.9467353820801,27.0660343170166,18.4041614532471
17.8438720703125,23.4891567230225,30.665225982666,32.5075721740723,28.1047039031982,28.0548667907715,19.3804664611816
15.6438608169556,21.8044242858887,29.8133449554443,31.340690612793,25.7506732940674,25.1426410675049,16.868860244751
17.3275833129883,23.0932941436768,30.5037326812744,31.408712387085,27.01828956604,27.0464973449707,18.3740425109863
25.4255676269531,26.5707473754883,29.9782199859619,31.8859977722168,30.128849029541,27.848295211792,24.6988639831543
13.1527500152588,20.3400440216064,25.8729839324951,29.4602279663086,24.9640674591064,21.9777698516846,14.4132871627808
12.0215911865234,20.2163219451904,23.9485244750977,28.9210891723633,26.0106468200684,20.7048358917236,12.8484058380127
13.5739879608154,20.616735458374,26.2584629058838,29.1425552368164,25.2650928497314,22.3339672088623,14.5890474319458
13.5083560943604,21.1374588012695,26.5711421966553,31.3123149871826,24.98046875,22.1365184783936,14.6344289779663
12.274206161499,20.0078868865967,25.0323429107666,28.3524112701416,25.585599899292,21.3928108215332,13.8068170547485
11.6712808609009,19.2780475616455,24.1851043701172,28.0477333068848,24.9011192321777,20.669017791748,13.2078619003296
11.828519821167,19.5887470245361,24.2659397125244,27.4068908691406,25.6144905090332,20.8158912658691,13.0648994445801
11.199577331543,19.0074272155762,23.3726806640625,27.5553035736084,24.8917617797852,20.1847114562988,12.6792850494385
13.9944543838501,20.8000030517578,26.7909603118896,30.0564193725586,25.3129272460938,22.7448749542236,14.9876947402954
13.9035634994507,20.6287631988525,26.578498840332,29.1498069763184,24.8469505310059,22.5587673187256,14.8432846069336
13.8266954421997,20.5577449798584,26.8140239715576,30.0728149414063,25.039737701416,22.5342464447021,14.9095907211304
12.3707437515259,19.9053192138672,25.1793079376221,28.5538673400879,25.0110721588135,21.3180675506592,13.8998422622681
11.7276344299316,19.5413570404053,24.2957057952881,27.7601337432861,25.4883594512939,20.8832912445068,13.1512155532837
12.2241706848145,20.6059474945068,24.7350540161133,30.4085140228271,26.0877723693848,20.6478462219238,12.8463096618652
12.4298839569092,20.3778743743896,24.9794864654541,29.7355079650879,25.3968677520752,21.2839756011963,14.1559772491455
19.7118244171143,20.8663578033447,27.5179481506348,28.0417919158936,26.4324684143066,25.3222312927246,19.0479907989502
19.8952331542969,21.1285362243652,27.4152927398682,28.0179080963135,26.5353126525879,25.3363800048828,19.0716037750244
20.4964962005615,21.5508708953857,27.112361907959,28.0252246856689,26.4623737335205,24.8002300262451,19.058406829834
20.6473922729492,21.7045421600342,27.0320205688477,28.1660346984863,26.4243488311768,24.6753082275391,19.1738796234131
21.1239700317383,22.089054107666,27.2249889373779,28.4112205505371,26.6095161437988,24.7542400360107,19.5058784484863
20.0756340026855,20.6161994934082,27.160472869873,27.8766899108887,26.3228454589844,25.1313591003418,19.5799598693848
20.5656642913818,21.6776237487793,27.6210556030273,28.3935966491699,26.7799224853516,25.4091701507568,19.0418376922607
18.647346496582,20.3056945800781,27.8825798034668,28.2133769989014,26.529670715332,25.402889251709,19.2143001556396
21.6059265136719,22.1347675323486,27.8042602539063,28.2347660064697,26.6336917877197,25.0094451904297,19.6953411102295
21.1359767913818,22.126766204834,27.4377937316895,28.4639701843262,26.7226543426514,24.8452777862549,19.7157173156738
18.239444732666,20.2795524597168,28.0360469818115,28.3014183044434,26.5682163238525,25.5992622375488,19.1056632995605
20.8904037475586,21.9004230499268,27.1513500213623,28.3242301940918,26.5840759277344,24.8223152160645,19.3772983551025
19.8318462371826,20.8326797485352,27.6095447540283,28.0697021484375,26.3649063110352,25.2884960174561,19.1827869415283
20.1161937713623,21.0317287445068,27.333137512207,27.9184951782227,26.4255504608154,25.1180973052979,19.1390247344971
18.9527492523193,20.4635524749756,27.9247894287109,28.2259387969971,26.4844169616699,25.4613246917725,19.1452827453613
21.2983055114746,22.2789325714111,27.3449096679688,28.5462036132813,26.7649936676025,24.7056846618652,19.689416885376
19.5509262084961,20.1696243286133,27.1590747833252,27.7943553924561,26.2121868133545,24.9750919342041,19.5391578674316
20.1184749603271,21.2876949310303,27.2253437042236,27.9467849731445,26.5700778961182,25.0875759124756,19.0638599395752
20.9835720062256,21.8556118011475,27.3663749694824,28.3164672851563,26.5883731842041,24.8714771270752,19.4389057159424
20.6223430633545,21.2205867767334,27.4634170532227,28.1318855285645,26.6115283966064,25.3330860137939,19.6118469238281
19.7689628601074,21.1199321746826,27.5546760559082,28.1297721862793,26.5310897827148,25.4655075073242,19.0898818969727
20.5212631225586,21.7066135406494,27.3390407562256,28.2238883972168,26.7382984161377,25.1841220855713,19.1209945678711
21.1040458679199,22.1469078063965,27.647518157959,28.6997394561768,27.0658874511719,25.3455276489258,19.0540237426758
18.5618419647217,20.1205406188965,27.8070964813232,28.1196346282959,26.4619312286377,25.1235980987549,19.3994903564453
19.0207233428955,20.5644702911377,27.8822269439697,28.3062362670898,26.640754699707,25.5016098022461,19.2503280639648
21.8845806121826,22.6315994262695,28.1824283599854,28.9708671569824,27.3092269897461,25.4984798431396,20.3056926727295
20.8266906738281,21.8676605224609,27.4970283508301,28.4336833953857,26.8021430969238,25.0703353881836,18.7168865203857
19.5591430664063,20.7755012512207,27.7435340881348,28.2197437286377,26.4935665130615,25.4435958862305,19.1327838897705
19.0742683410645,20.2585716247559,27.6601886749268,28.0214557647705,26.3757266998291,25.1308097839355,19.4807052612305
19.5280170440674,20.3980770111084,27.4438419342041,27.9451675415039,26.3095016479492,25.1240177154541,19.4737567901611
20.0722045898438,21.2623310089111,27.2675018310547,27.9555549621582,26.5185661315918,25.1776676177979,19.0382137298584
20.764347076416,21.5163307189941,27.4232730865479,28.1330986022949,26.6376686096191,25.1569957733154,19.3493633270264
19.2727184295654,20.7788715362549,27.6938552856445,28.1991748809814,26.5242671966553,25.4556293487549,19.1007785797119
19.815824508667,20.4486808776855,26.5429286956787,27.7541542053223,26.2512226104736,25.0038719177246,19.2911376953125
18.1820449829102,20.1834125518799,27.8890438079834,28.2017860412598,26.4617805480957,25.3787956237793,18.9552822113037
19.1253395080566,20.530689239502,27.9496803283691,28.2252902984619,26.4653720855713,25.3543720245361,19.2377529144287
20.1453018188477,20.919677734375,27.5397872924805,28.0768814086914,26.4843502044678,25.3340682983398,19.5713901519775
21.0265007019043,26.4458065032959,31.8898334503174,34.8382263183594,30.7633876800537,29.7433338165283,23.0632266998291
20.9127769470215,26.2510757446289,31.6696300506592,34.5177421569824,30.4231185913086,29.4007396697998,22.6412181854248
20.2200756072998,20.8859062194824,28.1657180786133,29.5457305908203,26.8590545654297,25.0742416381836,20.9385986328125
19.9543552398682,20.4616928100586,27.5933704376221,29.0142955780029,26.4426326751709,24.6416664123535,20.5542526245117
15.0347785949707,21.5790786743164,28.4305629730225,31.7694435119629,25.8779525756836,24.3795833587646,15.9788866043091
13.0127620697021,19.4539031982422,26.14772605896,28.9090633392334,23.8392715454102,22.9592113494873,14.5419731140137
14.4604301452637,21.4323253631592,27.5658702850342,30.8937606811523,25.3958301544189,23.3614673614502,15.3612928390503
15.1761960983276,21.2650203704834,29.146598815918,33.635311126709,26.6540603637695,24.6926937103271,16.2553844451904
15.499927520752,21.1942234039307,29.1609077453613,33.0002632141113,26.4975490570068,24.9363422393799,16.6287994384766
15.9559698104858,21.7277507781982,29.7780017852783,31.791898727417,26.0455112457275,25.2891998291016,16.9759654998779
14.9155607223511,21.7473545074463,28.2081604003906,31.9046249389648,25.7261390686035,23.8780651092529,15.6347646713257
13.4296579360962,20.1679515838623,26.3663883209229,29.1665210723877,24.1535701751709,22.9956188201904,14.7037858963013
13.0586519241333,19.6944580078125,26.0065250396729,28.9051399230957,23.9030227661133,22.489559173584,14.3770561218262
15.0306310653687,21.6495342254639,28.5109634399414,32.4100456237793,26.0601482391357,24.4624710083008,15.8850746154785
15.7043895721436,21.371618270874,29.170747756958,31.7904186248779,26.0221977233887,25.0109081268311,16.762825012207
13.8409938812256,19.9208316802979,26.8629970550537,29.7652282714844,24.386302947998,23.2797012329102,15.0616636276245
15.2559022903442,21.2897491455078,28.8539562225342,30.9425601959229,25.459566116333,24.8269290924072,16.166955947876
14.925630569458,20.7470741271973,28.0983562469482,30.7422466278076,25.235408782959,24.1941299438477,15.9533863067627
14.4287796020508,20.5288047790527,27.6848468780518,30.2484931945801,24.8602542877197,24.1696796417236,15.4388799667358
13.5320997238159,19.8297672271729,26.7866859436035,29.5092964172363,24.2530326843262,23.6595840454102,14.9284210205078
15.1456108093262,21.669828414917,28.5079555511475,33.0686874389648,26.2324123382568,23.5625610351563,15.3645973205566
13.5969905853271,20.4467678070068,26.4735622406006,29.3117446899414,24.3644046783447,22.8008556365967,14.7227354049683
15.3655443191528,21.6058597564697,28.8549251556396,32.0431327819824,26.0796699523926,24.6422538757324,16.3572731018066
14.7760820388794,21.5937843322754,28.0550212860107,31.2992076873779,25.669002532959,23.9915008544922,15.711480140686
15.4162225723267,21.2048606872559,28.8795509338379,31.1543045043945,25.5842838287354,24.7626876831055,16.3812122344971
15.8020677566528,21.845100402832,29.8011455535889,31.5668239593506,25.8955059051514,25.3630695343018,16.7640075683594
23.8135662078857,26.2661533355713,29.854944229126,32.2160911560059,29.6480808258057,28.1309661865234,22.9586601257324
24.5122222900391,26.6150531768799,30.0040740966797,32.7016143798828,30.0351257324219,28.5016670227051,23.508602142334
23.6245651245117,26.1849594116211,29.7418251037598,32.0287628173828,29.5516490936279,28.0398845672607,22.7561988830566
23.8855800628662,26.2468414306641,29.8472881317139,32.2780647277832,29.6586093902588,28.1442375183105,23.0544586181641
23.7578048706055,26.1457290649414,29.892204284668,32.136417388916,29.5325031280518,28.2001037597656,23.0398406982422
25.1382160186768,26.1917572021484,28.9276103973389,31.7699584960938,29.512544631958,26.9015159606934,23.0503425598145
23.2505512237549,25.9248008728027,29.6403350830078,31.6492118835449,29.2674560546875,27.9163570404053,22.360668182373
23.6509857177734,25.5887088775635,28.9699382781982,31.8641567230225,29.4477310180664,26.9922847747803,22.0602169036865
24.1132011413574,26.3301200866699,29.9430656433105,32.3896369934082,29.7437381744385,28.35085105896,23.2897338867188
23.3715362548828,26.0159339904785,29.5329532623291,31.7691707611084,29.3783416748047,27.8962955474854,22.4309692382813
27.784818649292,29.8536167144775,32.3771171569824,34.810001373291,33.2460632324219,31.8213272094727,28.4395904541016
13.1888885498047,17.7044639587402,24.2191925048828,26.5422782897949,23.107608795166,22.5940227508545,13.8449821472168
15.8344774246216,19.2727146148682,26.3176803588867,27.2787742614746,24.699047088623,24.8361358642578,16.3918495178223
15.0948600769043,18.7840442657471,25.640287399292,26.8008575439453,24.2343215942383,24.0309753417969,15.7323122024536
14.8122634887695,18.7426433563232,25.6345653533936,26.9968013763428,24.1709060668945,23.8113479614258,15.6454257965088
16.0667991638184,19.8986530303955,27.0941410064697,27.5651302337646,24.6906757354736,25.2728900909424,16.695707321167
13.1246967315674,16.5442810058594,24.5318183898926,25.7296180725098,23.3604106903076,22.7281818389893,15.3249263763428
13.1067342758179,17.5578365325928,24.1193599700928,26.465950012207,23.034049987793,22.5101013183594,13.8053112030029
13.9821662902832,18.2099990844727,25.1058330535889,26.8917751312256,23.6132259368896,23.5434989929199,15.5432262420654
16.2282466888428,19.243860244751,26.8906898498535,27.3134117126465,24.977029800415,25.323221206665,16.8163986206055
13.4917221069336,16.8214511871338,24.8824729919434,25.9037094116211,23.4567642211914,22.9425659179688,15.5626707077026
13.5271043777466,18.3308887481689,25.2452869415283,27.0845546722412,23.1482563018799,23.150842666626,14.0733137130737
25.3651847839355,27.0187683105469,30.0752582550049,32.9396133422852,30.7599277496338,29.6269836425781,25.1710910797119
25.4299602508545,26.6866359710693,30.0107135772705,31.9109058380127,30.17453956604,27.9109115600586,24.78244972229
25.1785717010498,25.9960193634033,29.7861480712891,31.6971092224121,29.8774604797363,27.5809516906738,24.5435695648193
25.0156555175781,26.9781169891357,30.1800842285156,32.7568321228027,30.507194519043,29.38037109375,24.5295600891113
16.80078125,19.8890037536621,26.7704410552979,27.9250736236572,25.709300994873,25.5591316223145,18.1796321868896
14.1257572174072,18.0971412658691,25.4398498535156,26.9111442565918,23.8393688201904,23.7380294799805,15.688196182251
20.7204990386963,26.2557010650635,32.4311790466309,35.2578163146973,31.179292678833,30.0685577392578,23.6176242828369
20.6493606567383,22.9927272796631,29.3668956756592,30.6261596679688,27.8220081329346,28.356315612793,19.884069442749
21.476390838623,23.8931217193604,29.78977394104,31.1339988708496,28.5760307312012,28.4806728363037,20.2510032653809
20.9431858062744,23.4801998138428,29.6950588226318,31.2562847137451,28.3414249420166,28.7412872314453,20.2441844940186
20.7691535949707,23.617208480835,29.5447463989258,31.7311611175537,28.4587306976318,28.5928287506104,20.6488704681396
20.2391891479492,23.1562843322754,29.6027164459229,31.0130805969238,27.5906753540039,28.2502059936523,19.9732189178467
21.7921886444092,24.5447387695313,30.0357608795166,31.856517791748,28.6687030792236,28.5510482788086,20.9099388122559
18.1791648864746,20.5802421569824,28.5919990539551,28.7674179077148,26.3834686279297,26.535249710083,18.551290512085
22.298131942749,23.0734596252441,28.2754878997803,29.6267967224121,27.8998317718506,26.487829208374,19.5617122650146
18.1602039337158,19.9614696502686,27.3980293273926,27.8186550140381,25.9671974182129,24.8587303161621,18.8016834259033
19.2270374298096,20.9794406890869,27.711389541626,28.2816123962402,26.2914390563965,25.5053672790527,19.0001430511475
22.2946109771729,23.9808864593506,29.4068336486816,30.566577911377,28.3705902099609,27.970027923584,20.1787376403809
18.9308013916016,20.681526184082,27.5810375213623,28.0418243408203,26.059700012207,25.2606716156006,18.9542846679688
20.0605087280273,21.7938785552979,28.2128162384033,28.8398876190186,26.7962265014648,26.7315044403076,19.1468772888184
23.0161437988281,24.8322372436523,29.1962547302246,31.0306625366211,28.5592174530029,27.1367053985596,20.7598876953125
18.4309997558594,19.9685478210449,27.9171657562256,27.9956455230713,25.9254837036133,25.3561668395996,18.627742767334
19.0571098327637,20.7181015014648,27.6061344146729,28.0824432373047,26.1854038238525,25.275239944458,19.042407989502
18.0769214630127,22.4349822998047,29.262264251709,31.5468940734863,27.7989768981934,27.2210083007813,18.1730823516846
16.7830333709717,22.0897388458252,28.7715930938721,30.9207820892334,26.9873790740967,26.92018699646,17.5755214691162
17.7900485992432,22.1758670806885,29.46755027771,31.6236038208008,27.6194286346436,27.3706569671631,18.0114116668701
18.6407623291016,24.2432918548584,31.21213722229,33.7010459899902,29.1139678955078,29.0542545318604,20.4730091094971
18.350606918335,23.7565898895264,31.0327987670898,33.4142303466797,28.9746570587158,28.5668087005615,19.937406539917
17.9676399230957,23.5749931335449,30.8216171264648,33.0091400146484,28.5373573303223,28.3388214111328,19.639368057251
19.7663879394531,25.2947120666504,31.4554634094238,34.2030487060547,30.1768836975098,29.3412971496582,22.0863800048828
23.5115928649902,26.0464878082275,29.507848739624,32.0402145385742,29.5559501647949,28.146556854248,22.0030460357666
23.2974071502686,25.9322566986084,29.4970989227295,31.8650531768799,29.3884105682373,28.0836410522461,22.0229396820068
26.8325805664063,27.6142997741699,30.0221996307373,32.4408836364746,31.1516265869141,31.0551795959473,27.4463787078857
26.8934173583984,27.68137550354,30.1015033721924,32.6775665283203,31.1372489929199,31.0684432983398,27.4813957214355
26.5608520507813,27.6272525787354,30.0768661499023,32.4228096008301,31.0798873901367,30.9506416320801,27.4498329162598
26.6681518554688,27.7771625518799,30.1291694641113,32.7605934143066,31.4292011260986,31.2211437225342,27.5415534973145
16.3081665039063,19.4869365692139,26.079833984375,27.5120449066162,25.1410751342773,25.1082782745361,17.9943008422852
17.0410327911377,20.1213436126709,27.0670337677002,28.2996826171875,25.775936126709,25.6934127807617,18.0694808959961
11.8450698852539,19.3580875396729,24.2526435852051,27.4084815979004,25.679536819458,20.857593536377,13.0479021072388
11.8926296234131,19.2509632110596,24.2890529632568,27.6047744750977,25.5288848876953,21.0501155853271,13.2826766967773
12.2944631576538,19.4387435913086,24.7091617584229,27.919828414917,25.3769664764404,21.4717197418213,13.6397829055786
11.8633222579956,18.6797790527344,24.0110149383545,27.3762378692627,24.83815574646,20.9838733673096,13.2257499694824
11.2717208862305,18.0734157562256,23.0559120178223,26.6836357116699,24.5839290618896,19.9856414794922,12.320915222168
13.6846570968628,20.2206497192383,26.0764064788818,28.2752361297607,24.4547939300537,22.4037685394287,14.4512338638306
19.5134220123291,24.129674911499,29.4793434143066,31.34499168396,27.5769100189209,28.0609970092773,20.1986122131348
19.1756916046143,23.9895782470703,29.7498016357422,31.5196590423584,27.9930114746094,28.0679759979248,19.7212238311768
23.3763637542725,26.1764125823975,30.5106239318848,32.1712684631348,29.4110774993896,28.8282432556152,22.9354839324951
23.6341342926025,26.3033638000488,30.4620609283447,32.196964263916,29.4975814819336,28.7620754241943,23.1572856903076
23.1453685760498,26.0231189727783,30.5405616760254,32.2737846374512,29.3069534301758,29.0497436523438,22.9301338195801
17.3458213806152,21.5546054840088,30.5175285339355,32.1740226745605,28.0224113464355,26.9833316802979,18.2685279846191
16.882303237915,23.154260635376,29.9983348846436,31.2094058990479,26.8780746459961,26.7163391113281,17.8179912567139
17.6262397766113,22.825511932373,30.4388828277588,32.2524642944336,27.9367389678955,27.5831890106201,18.7591857910156
11.8369140625,19.6875152587891,24.1439342498779,28.6889228820801,25.3033618927002,20.8438835144043,13.5814170837402
10.6929445266724,18.5816707611084,22.8322277069092,26.5877132415771,24.5822887420654,19.7526760101318,11.9357576370239
13.8405027389526,20.6017227172852,26.8686714172363,30.4119720458984,24.9522533416748,22.4399452209473,14.7111310958862
12.4542465209961,19.8749351501465,25.0376472473145,28.9066886901855,24.8856601715088,21.2847709655762,13.9530801773071
13.479772567749,20.3743782043457,26.3453674316406,30.0953102111816,24.8600406646729,22.0743160247803,14.5619077682495
12.6029090881348,20.7772464752197,24.8781394958496,30.0765590667725,26.2530269622803,21.408166885376,13.6799659729004
11.9755630493164,20.0534610748291,24.2820796966553,28.969409942627,25.6417350769043,21.0256099700928,13.5254182815552
12.1744823455811,20.4693565368652,24.113655090332,29.6411113739014,26.327465057373,20.48020362854,12.6471271514893
11.181658744812,19.3225059509277,23.303991317749,27.8058643341064,25.0847854614258,20.1870613098145,12.6188020706177
12.5488805770874,20.0522632598877,25.1862525939941,29.5660381317139,24.6787223815918,21.3436508178711,14.1819305419922
11.1652669906616,19.096565246582,23.1313209533691,27.43723487854,24.9792137145996,20.0803127288818,12.5266342163086
12.8657426834106,20.22043800354,25.5940723419189,28.5511817932129,25.39040184021,21.8361186981201,14.1818952560425
21.1383323669434,21.6668453216553,27.6811103820801,28.325626373291,26.8198928833008,25.429630279541,19.6879920959473
12.8558120727539,19.6472816467285,25.7143878936768,28.9073047637939,23.85959815979,22.3848609924316,14.0492610931396
13.2990074157715,20.12428855896,26.0295429229736,29.6769618988037,24.3468265533447,22.5707187652588,14.2681455612183
13.4450769424438,20.2188472747803,26.2156944274902,29.8186492919922,24.6058254241943,22.4224414825439,14.4793043136597
14.7202014923096,18.7165203094482,25.6555557250977,27.2386779785156,24.1839370727539,23.9510097503662,15.8590745925903
25.3673286437988,30.8375186920166,33.1388244628906,32.9325485229492,32.400016784668,33.145076751709,28.7182922363281
13.9468259811401,28.5843715667725,30.3965606689453,30.1433258056641,30.0662803649902,27.2340850830078,17.7261981964111
10.0503406524658,24.7016487121582,26.0786075592041,28.0114841461182,27.775562286377,23.9694004058838,14.1289978027344
14.0010004043579,28.7266120910645,30.3023338317871,29.9330635070801,29.8693542480469,27.4228324890137,17.8662910461426
11.7255344390869,26.6047592163086,27.8259658813477,28.1967754364014,28.4613723754883,25.486011505127,15.561993598938
10.5885181427002,25.7656669616699,27.3235912322998,28.2009620666504,27.8675003051758,24.6752433776855,14.8929252624512
14.4960432052612,29.1372394561768,30.0864772796631,29.4805812835693,29.5983982086182,27.9241485595703,18.3970241546631
13.9178304672241,28.6484851837158,29.1460704803467,28.5079956054688,29.1240882873535,27.7147216796875,18.0568618774414
14.8954315185547,29.1414928436279,30.4097900390625,29.4022941589355,29.6060962677002,28.2956733703613,19.1567611694336
15.6021118164063,29.4289398193359,30.8948001861572,30.5612926483154,30.0486507415771,28.3985576629639,19.9527397155762
16.0144939422607,29.2610244750977,31.3365707397461,30.8541946411133,30.1901550292969,28.466869354248,20.0248718261719
10.7488508224487,25.376802444458,26.8195915222168,28.0451049804688,28.1433277130127,24.950813293457,14.7517461776733
13.8622713088989,28.7577457427979,29.4253253936768,28.6929798126221,29.4107685089111,27.7636280059814,17.8391876220703
14.3271131515503,28.7540073394775,29.4644527435303,28.7517108917236,29.0850048065186,27.7678699493408,18.6730136871338
14.3918466567993,28.8834762573242,29.4296398162842,29.1247291564941,29.163236618042,27.542610168457,18.7125015258789
15.0623464584351,29.1762351989746,30.5662956237793,30.0311431884766,29.7035694122314,28.2352256774902,19.6859035491943
12.8754806518555,28.2573719024658,28.9310665130615,28.6896018981934,29.3104496002197,27.4597320556641,17.2096748352051
16.3687038421631,28.8645153045654,30.9381484985352,30.6394271850586,29.8761653900146,27.8659267425537,19.7489242553711
12.8858337402344,28.0706443786621,28.9428329467773,28.7906455993652,28.9095153808594,26.5258331298828,16.8306446075439
17.0069904327393,29.1037063598633,31.0010814666748,30.6958236694336,30.571174621582,28.6740112304688,20.1495151519775
15.2295055389404,29.1426258087158,30.8512592315674,30.1768836975098,30.1278686523438,28.4539089202881,19.2857837677002
11.7363338470459,27.0530281066895,28.2003059387207,28.553897857666,29.2376461029053,26.3553562164307,16.2010040283203
13.3166799545288,28.2262840270996,29.9018650054932,29.7127265930176,29.8248615264893,26.600528717041,16.9545059204102
12.6645174026489,27.8430118560791,29.3336925506592,29.1280422210693,29.2805118560791,26.1153907775879,16.4292392730713
12.0637054443359,26.9924201965332,28.4718074798584,28.6005878448486,28.6684436798096,25.4981670379639,15.7521734237671
12.5669584274292,27.8540000915527,28.6749038696289,28.6623554229736,29.1966743469238,27.1370410919189,17.0823230743408
15.3324127197266,29.3975658416748,30.6053085327148,30.3794765472412,29.9156188964844,28.3193817138672,19.9104537963867
16.1300182342529,28.8364963531494,30.8647041320801,30.5877876281738,29.8236274719238,27.8423156738281,19.6855640411377
10.7022314071655,25.2979259490967,26.7790603637695,28.4263324737549,28.5381164550781,24.8944988250732,14.8882236480713
11.643985748291,27.0732574462891,28.2397556304932,28.7281684875488,29.3228855133057,26.5783882141113,16.4646663665771
12.2086668014526,27.3284664154053,28.6779098510742,28.5890083312988,28.6668300628662,25.783519744873,16.1097946166992
11.870023727417,26.7811222076416,27.8790836334229,28.2563076019287,28.7419033050537,25.9612522125244,15.8754482269287
10.9682836532593,25.8437347412109,27.2070236206055,27.9354496002197,28.0309162139893,25.0716552734375,14.9564352035522
12.2999143600464,27.7811489105225,28.6370811462402,28.6026210784912,29.2773838043213,26.9350204467773,16.6890621185303
14.4260721206665,29.0938873291016,29.6348476409912,28.8803825378418,29.4808921813965,27.9038963317871,18.0391693115234
14.5517816543579,28.9351406097412,29.7899494171143,28.7975635528564,29.2866439819336,27.8899745941162,18.3590240478516
15.0171232223511,29.1061935424805,30.6055240631104,29.7415866851807,29.8649005889893,28.3526744842529,19.1629867553711
15.8653516769409,29.2162227630615,31.2597599029541,30.6551780700684,30.2426567077637,28.5601997375488,19.9176979064941
15.4239816665649,28.9779567718506,30.8806476593018,30.3556442260742,29.7565422058105,28.1047229766846,19.7046585083008
12.632884979248,27.6149501800537,28.5995388031006,28.5556373596191,29.0924758911133,26.5707035064697,16.5694541931152
13.0884304046631,28.2255897521973,29.2439441680908,29.06005859375,29.1411056518555,26.6680850982666,17.0448684692383
10.2986669540405,25.0201606750488,26.3466663360596,28.2682266235352,28.1837100982666,24.3199996948242,14.4591932296753
13.1101541519165,28.4680461883545,29.1432952880859,28.7436923980713,29.4799404144287,27.6292037963867,17.376049041748
12.2694597244263,27.3783531188965,29.2320709228516,29.1580829620361,29.0580863952637,25.5232105255127,16.0466079711914
16.5359630584717,29.4094429016113,31.5510101318359,31.2592735290527,30.3934135437012,28.6091766357422,20.1866397857666
15.0421772003174,29.0861930847168,30.6661472320557,29.6609344482422,29.8056964874268,28.4375457763672,19.4679622650146
14.7446937561035,29.1867027282715,30.3557739257813,29.6277198791504,29.7018775939941,28.1516647338867,18.7322616577148
14.4328460693359,28.7909755706787,29.8563060760498,28.8937816619873,29.17626953125,27.9389171600342,18.7687301635742
10.5139045715332,25.4234828948975,26.9184436798096,27.9508876800537,27.7635498046875,24.6520767211914,14.6237525939941
12.8699445724487,27.8597316741943,28.9274444580078,28.7501068115234,29.012903213501,26.6491107940674,16.6492462158203
16.03444480896,28.8267021179199,31.010555267334,30.7096767425537,29.5729389190674,27.6392593383789,19.7179203033447
14.1599521636963,28.738733291626,29.46457862854,28.5398902893066,29.1710262298584,27.8003711700439,18.1302509307861
14.6098337173462,29.2293548583984,30.8118324279785,30.2438716888428,30.2058067321777,28.2011661529541,18.7740325927734
16.6848239898682,29.5017013549805,31.681999206543,31.34521484375,30.2441844940186,28.5248146057129,20.3326873779297
15.7826433181763,29.4903564453125,30.8249034881592,30.7399215698242,30.2031764984131,28.5698947906494,20.1765804290771
11.9738140106201,26.7773475646973,28.4399261474609,28.8038082122803,28.6437816619873,25.2176570892334,15.5492477416992
14.8559379577637,29.2112979888916,30.233736038208,29.3815956115723,29.6273250579834,28.1652584075928,18.7227725982666
14.6264152526855,28.9126625061035,30.1786403656006,29.19970703125,29.3675231933594,28.128116607666,19.0515537261963
16.5501480102539,29.4882144927979,31.6214962005615,31.2822322845459,30.4706363677979,28.7791748046875,20.341236114502
10.0941591262817,25.1636600494385,26.6373519897461,27.9677791595459,27.5619945526123,24.2438735961914,14.3722038269043
13.7828931808472,28.7262420654297,29.3378734588623,28.9009017944336,29.4926204681396,27.6263942718506,17.5294399261475
13.7093181610107,28.5009613037109,28.9049129486084,28.5398006439209,29.0581474304199,27.4663219451904,17.9929122924805
12.4820642471313,27.7209796905518,29.0151386260986,28.8428993225098,28.9660034179688,26.0658073425293,16.4096736907959
16.1093864440918,29.0388622283936,31.219482421875,30.8575897216797,29.8644561767578,28.0655975341797,19.9369983673096
16.873384475708,29.273588180542,31.0241775512695,30.740083694458,30.6735172271729,28.7944145202637,20.145866394043
11.3449630737305,26.3546752929688,27.8951797485352,28.472526550293,28.392822265625,25.1431732177734,15.3965997695923
10.1349544525146,24.9591941833496,26.4695224761963,27.9477024078369,27.6326446533203,24.242374420166,14.3078279495239
12.8206357955933,28.0419578552246,28.8998718261719,28.7110023498535,29.361385345459,27.1530876159668,16.9431438446045
12.1432886123657,26.4799194335938,27.6083126068115,28.3708515167236,28.201530456543,25.7707672119141,17.1292495727539
11.9976015090942,26.0302639007568,27.2505683898926,28.4459629058838,28.0938510894775,25.5383815765381,16.7486000061035
12.4804487228394,27.4690742492676,28.1862316131592,28.1522159576416,28.6537437438965,26.7522716522217,17.1269474029541
12.5964851379395,27.099458694458,28.0187358856201,28.1806716918945,28.1412811279297,25.8913536071777,17.4274559020996
13.402232170105,27.7025947570801,28.4275379180908,28.3023853302002,28.2119312286377,26.1309776306152,17.4535274505615
12.4794588088989,27.3218612670898,28.2464714050293,28.2585697174072,28.5518817901611,26.413236618042,17.178882598877
12.2549171447754,27.0937080383301,28.1694164276123,28.2478218078613,28.3593559265137,26.1605834960938,16.9647579193115
12.9526519775391,27.5592174530029,28.3180484771729,28.1127147674561,28.25417137146,26.1764125823975,17.3572425842285
16.5212421417236,29.5723247528076,30.3677043914795,30.5968837738037,30.5836982727051,28.3850250244141,20.5364418029785
14.993803024292,27.9883499145508,28.5588760375977,28.8243942260742,28.6350936889648,26.464900970459,18.6316223144531
13.1202430725098,27.5955619812012,28.4095230102539,28.3131523132324,28.3299522399902,26.0486335754395,17.7496509552002
17.0115737915039,29.4484748840332,30.5861129760742,30.8181896209717,30.875358581543,28.2854633331299,20.7495517730713
11.6066579818726,25.2292938232422,26.3013648986816,28.1443023681641,27.6809749603271,25.036693572998,15.7542505264282
14.0318613052368,27.778995513916,28.3196849822998,28.5203857421875,28.3952865600586,26.097620010376,18.0611743927002
11.7652311325073,26.428466796875,27.6132640838623,28.3172588348389,28.2694778442383,25.9053707122803,16.5780563354492
16.9273586273193,29.4279479980469,30.9984722137451,30.9945850372314,30.762414932251,28.8457260131836,20.5197486877441
13.277416229248,27.7390899658203,28.6330051422119,28.3953170776367,28.4108638763428,26.0779914855957,17.5394535064697
13.9142274856567,27.9776268005371,28.6526832580566,28.7052764892578,28.5050849914551,26.2500247955322,18.0893001556396
13.8117027282715,27.9485607147217,28.673864364624,28.788293838501,28.4264450073242,26.3128643035889,17.7069149017334
13.6020231246948,27.6809043884277,28.2846069335938,28.2805519104004,28.1756992340088,25.9459571838379,17.8593349456787
12.460675239563,27.2481288909912,28.2277050018311,28.1623840332031,28.2824535369873,26.0637035369873,17.1267738342285
16.6364994049072,28.7459678649902,29.6776657104492,30.0316123962402,29.9335479736328,27.4193325042725,20.0143547058105
11.9262390136719,26.8491096496582,27.947582244873,28.2792472839355,28.7519435882568,26.4703330993652,16.8664436340332
12.6812496185303,27.0552082061768,27.9691638946533,28.2302150726318,28.1671657562256,25.9487800598145,17.4563007354736
16.4312934875488,29.7086372375488,30.6880378723145,30.8849868774414,30.5549716949463,28.7289028167725,20.5844917297363
11.8323583602905,25.5735416412354,26.7332057952881,28.3071746826172,27.9073944091797,25.3627338409424,16.0388813018799
11.179292678833,25.6054420471191,27.1202507019043,28.2565975189209,28.5561008453369,25.68678855896,16.3431262969971
11.3582410812378,25.0116748809814,26.0374355316162,28.0743637084961,27.5311470031738,24.7778701782227,15.5104751586914
13.1975908279419,27.6745719909668,28.5438480377197,28.3955593109131,28.4135131835938,26.0801849365234,17.669900894165
11.6023693084717,25.7641410827637,26.9730587005615,28.3711948394775,28.0806522369385,25.4440231323242,16.14013671875
12.234902381897,26.8794822692871,27.9761486053467,28.237642288208,28.2022323608398,25.9577770233154,16.876277923584
12.1615962982178,27.2556858062744,28.2607173919678,28.4203796386719,28.9329776763916,26.7309017181396,16.9333610534668
16.1529884338379,28.5713863372803,29.5883140563965,29.942907333374,29.9318561553955,27.1998825073242,19.8218574523926
11.3305549621582,25.906810760498,27.4307403564453,28.3154125213623,28.7318115234375,25.9880561828613,16.492919921875
16.926233291626,29.2937393188477,31.0571689605713,30.8492050170898,30.7809104919434,28.9576930999756,20.4023361206055
11.7822914123535,26.5386371612549,27.7242012023926,28.273120880127,28.5167121887207,26.156400680542,16.7110214233398
13.2172632217407,27.4325065612793,28.1044635772705,28.141918182373,28.1411762237549,25.957067489624,17.5885639190674
14.1287117004395,27.8325347900391,28.3673267364502,28.562068939209,28.3746185302734,26.2254772186279,18.22239112854
14.642614364624,28.2305431365967,28.8142700195313,29.117748260498,28.8865871429443,26.6490421295166,18.7067012786865
11.5319995880127,25.4674186706543,26.6228332519531,28.2743549346924,27.9448394775391,25.2549991607666,15.9245157241821
15.9468383789063,29.7325210571289,30.5648822784424,30.7535152435303,30.2490310668945,28.5330600738525,20.194372177124
14.3123235702515,27.7741394042969,28.4235019683838,28.8152713775635,28.6342525482178,26.2489261627197,18.1127147674561
14.4093332290649,29.0435485839844,29.4538326263428,29.2612895965576,29.2888698577881,27.549165725708,18.6666126251221
12.1976451873779,26.3544616699219,27.5504570007324,28.3082580566406,28.0649814605713,25.7401466369629,16.5713920593262
13.2879791259766,28.0713005065918,28.5267009735107,28.2997245788574,28.8134117126465,27.1013832092285,17.698070526123
17.421667098999,29.2265224456787,31.0587043762207,30.9718647003174,30.7765235900879,28.6324081420898,20.4326171875
13.6277542114258,27.5717658996582,28.0788764953613,28.1030883789063,28.1032295227051,25.8899688720703,17.5968055725098
12.1557731628418,27.0475788116455,27.9608612060547,28.151517868042,28.5538349151611,26.4719066619873,17.0165233612061
12.1073980331421,25.9359893798828,27.1245498657227,28.0239601135254,27.739444732666,25.4213790893555,16.425012588501
12.0655641555786,26.5708160400391,28.5371608734131,29.0830745697021,28.5695667266846,24.0848751068115,15.0520067214966
12.7113800048828,27.2362632751465,28.9616889953613,29.3859767913818,28.8910675048828,24.4643955230713,15.5198917388916
9.12853622436523,24.4424076080322,26.7263469696045,27.7772903442383,27.1410884857178,22.8241577148438,13.8865261077881
11.2355318069458,25.8833122253418,28.1758117675781,28.3676795959473,27.657886505127,23.8800239562988,14.4111442565918
11.0466279983521,26.0729026794434,28.2774467468262,28.3611602783203,27.7812519073486,23.9700965881348,14.8989286422729
10.1681575775146,25.5762767791748,27.9167366027832,28.1141700744629,27.3471164703369,23.5596218109131,14.3821687698364
11.3141098022461,26.2103710174561,28.4599304199219,28.9218635559082,27.8594551086426,24.0332813262939,14.8545780181885
9.22974872589111,25.0002460479736,27.4006042480469,27.8577518463135,26.9987888336182,23.173770904541,13.7035064697266
10.0549545288086,25.3043403625488,27.536657333374,27.9925575256348,27.2053642272949,23.5722408294678,14.2969408035278
9.16757392883301,25.17702293396,27.9291286468506,28.1623649597168,26.9365692138672,23.3294506072998,13.7001447677612
9.33486652374268,25.2403583526611,27.7455539703369,27.9838809967041,27.1070003509521,23.2790431976318,13.8015689849854
10.2057437896729,25.5263404846191,28.0723476409912,28.3248996734619,27.1815032958984,24.018087387085,14.3665418624878
10.6951475143433,25.6326503753662,28.1767234802246,28.3571739196777,27.400354385376,23.9739742279053,14.3159427642822
12.2802104949951,26.726879119873,28.6880130767822,28.9696292877197,28.3658447265625,24.2923526763916,15.0870161056519
11.8175115585327,26.6932773590088,28.5124263763428,28.8916110992432,28.5311241149902,24.8283824920654,15.48805809021
8.19313716888428,24.7087421417236,27.3232803344727,27.6404685974121,26.7237014770508,22.9386558532715,13.1578521728516
9.71313381195068,25.366117477417,28.1837253570557,28.40598487854,27.1129570007324,23.3969383239746,13.9397449493408
8.51733493804932,24.5442695617676,26.9600791931152,27.5396251678467,26.7427291870117,22.7231559753418,13.1314496994019
8.48649883270264,25.0975131988525,27.9141902923584,28.338939666748,27.1802101135254,23.0638046264648,13.3293104171753
9.37949085235596,24.5993194580078,26.6941299438477,27.8639678955078,27.139820098877,22.9716033935547,13.9581089019775
11.2903900146484,26.3580913543701,28.0415954589844,28.6156425476074,28.3115577697754,24.7953681945801,15.2602300643921
10.8951187133789,25.5886650085449,28.3610248565674,28.3518657684326,27.2966594696045,23.7875747680664,14.2568244934082
12.0542469024658,26.6272315979004,28.742712020874,29.4261932373047,28.6024074554443,24.3041839599609,15.2029705047607
9.94775485992432,25.1194515228271,27.1269130706787,27.8515644073486,27.0781402587891,23.5535984039307,14.2575654983521
12.4720516204834,27.4317474365234,29.3934936523438,29.3661880493164,29.5184516906738,25.5227546691895,15.970588684082
7.38408613204956,24.5099201202393,27.4765720367432,28.090015411377,26.9942302703857,22.7232093811035,12.6094217300415
9.89136505126953,25.0397548675537,26.7847919464111,27.6771030426025,26.9889659881592,23.5421237945557,14.1172208786011
7.11180782318115,24.3634605407715,27.4014492034912,27.8506565093994,26.7581100463867,22.8996315002441,12.6611194610596
9.22775840759277,24.7699432373047,27.152379989624,27.77490234375,26.9684562683105,23.1667461395264,13.78830909729
8.39607334136963,24.6540641784668,27.1286296844482,27.5469417572021,26.6691608428955,22.7757797241211,13.0523929595947
9.09881019592285,25.2006816864014,27.941089630127,28.1178073883057,27.1119899749756,23.367115020752,13.753173828125
13.9187574386597,28.2668914794922,30.0244846343994,29.967077255249,29.3093967437744,25.4001979827881,16.3842716217041
11.1507749557495,26.0625629425049,28.4277019500732,28.8791370391846,27.8242530822754,24.2565784454346,14.7667274475098
10.0845794677734,25.6582698822021,28.1451873779297,28.1063270568848,27.3722820281982,23.4923305511475,14.2992477416992
11.550669670105,26.1929397583008,28.4045925140381,28.8577327728271,28.0514450073242,24.129186630249,14.7606401443481
10.2902956008911,25.7178688049316,28.2818603515625,28.4910221099854,27.3529090881348,23.7201271057129,14.3805160522461
8.01060104370117,24.7735385894775,27.5559406280518,27.8389148712158,26.8372116088867,23.2694206237793,13.2703828811646
10.1734313964844,25.7214603424072,28.3376235961914,28.3550472259521,27.4469413757324,23.6567821502686,14.3397445678711
12.5025510787964,26.3972244262695,29.1586437225342,29.0985450744629,28.0105953216553,24.2870788574219,15.0575084686279
12.5560922622681,27.3838214874268,29.4032764434814,29.4697399139404,29.6053161621094,25.3861179351807,16.0351696014404
7.82544803619385,24.0670948028564,26.5244998931885,27.243631362915,26.4786033630371,22.2734718322754,12.6003389358521
9.00655555725098,25.2532176971436,28.0900497436523,28.310474395752,27.1227798461914,23.7039966583252,13.8546667098999
10.3452205657959,25.3765296936035,28.1797733306885,28.3100357055664,27.1009998321533,23.5843124389648,14.0988359451294
11.7992553710938,26.6693210601807,28.8312091827393,28.8788166046143,28.6224346160889,24.5671501159668,15.5116338729858
10.8501615524292,26.0356254577637,27.7089710235596,28.418815612793,28.0218944549561,24.5750827789307,15.0034446716309
11.9354887008667,26.6006278991699,28.6452484130859,28.9839286804199,28.6817169189453,24.1366691589355,15.3478527069092
12.5683336257935,27.2525081634521,29.2594451904297,29.3856620788574,29.6462364196777,24.9992599487305,15.9747314453125
12.1403608322144,26.8880443572998,29.0114040374756,29.1735134124756,28.8850841522217,24.8629302978516,15.6921691894531
11.1697959899902,26.1016120910645,27.8592472076416,28.364465713501,27.8967456817627,24.3938236236572,15.0632991790771
12.2386074066162,26.983341217041,29.0504417419434,29.180980682373,29.2256774902344,24.8482284545898,15.8546199798584
7.78373527526855,24.8184928894043,27.7374954223633,28.0444240570068,26.9686794281006,23.4910869598389,13.2060718536377
12.9992218017578,27.8345413208008,29.7292594909668,29.7055816650391,29.9685039520264,25.7565650939941,16.3772048950195
11.2547645568848,26.1144237518311,28.2060317993164,28.5067138671875,27.9036331176758,24.1809215545654,15.0010147094727
12.2905921936035,27.1918506622314,29.3189525604248,29.4310913085938,29.3439960479736,25.2696361541748,15.9010744094849
8.63767433166504,24.9586315155029,27.8878479003906,28.5954532623291,27.0149517059326,22.7379932403564,12.8742837905884
12.3725547790527,26.8840656280518,28.827320098877,29.5713138580322,29.1118392944336,24.3294353485107,15.4127597808838
12.4330472946167,27.0494594573975,29.0490665435791,29.3637523651123,29.491678237915,24.7461929321289,15.9283409118652
12.5524473190308,26.998556137085,28.8976879119873,29.4904098510742,29.5149745941162,24.5442295074463,15.8223333358765
11.0621500015259,26.2029819488525,28.4664001464844,28.5152263641357,27.9056701660156,23.8120937347412,14.8466749191284
7.56762266159058,24.084997177124,26.6045455932617,27.1259021759033,26.3260555267334,22.31494140625,12.4318504333496
11.8825750350952,26.0001277923584,28.9320201873779,29.1306190490723,27.78005027771,24.0734119415283,14.8290195465088
13.1477251052856,27.5718631744385,29.3710594177246,29.435094833374,28.828161239624,24.9117908477783,15.7675790786743
12.0780982971191,26.9958896636963,28.9780368804932,29.2482280731201,28.9242324829102,25.016845703125,15.7172470092773
8.77277755737305,25.1330699920654,28.0771045684814,28.3656024932861,27.025411605835,23.046989440918,13.4332885742188
7.57248544692993,24.5389442443848,27.6304550170898,28.1763515472412,26.8381423950195,22.6435470581055,12.5354928970337
13.4778966903687,28.1525001525879,29.7522296905518,29.8663654327393,29.2491626739502,25.2182350158691,16.1467800140381
8.13102436065674,24.9221382141113,27.9193954467773,28.2042903900146,27.1055374145508,23.3599414825439,13.3496675491333
10.3132257461548,25.4357986450195,28.4060173034668,28.7302513122559,27.2909145355225,23.5335292816162,14.1947183609009
9.11670875549316,25.2370338439941,27.9782810211182,28.2254447937012,27.0439262390137,23.6173629760742,13.8704957962036
12.2129011154175,26.686616897583,28.6529006958008,29.2355785369873,28.6301307678223,24.1350002288818,15.3555107116699
11.4929847717285,26.4432640075684,28.62082862854,28.6564121246338,28.3773002624512,24.1933822631836,15.2203254699707
12.9350671768188,27.4939880371094,29.1106204986572,29.8759593963623,29.4621124267578,24.5029582977295,15.7960472106934
10.0483074188232,25.3373355865479,28.0287971496582,28.1816825866699,27.0388221740723,23.8086261749268,14.1074123382568
11.8813571929932,26.7875576019287,28.5073738098145,28.9274444580078,28.665843963623,25.0068817138672,15.5185813903809
11.7214765548706,26.0904884338379,28.5880336761475,28.5742301940918,27.7084503173828,24.0321292877197,14.6395616531372
9.45242404937744,25.2559337615967,28.2649726867676,28.6448135375977,27.1466579437256,23.2297515869141,13.6864109039307
11.3864593505859,26.2882270812988,28.5200996398926,28.810604095459,27.963550567627,23.8967132568359,14.9549436569214
10.7055358886719,25.9896430969238,28.2984733581543,28.225887298584,27.6186561584473,23.7511978149414,14.7216444015503
12.8160190582275,27.1264343261719,28.9783325195313,29.7798385620117,29.8658599853516,24.520092010498,15.9102153778076
12.2384386062622,27.0011749267578,29.1088581085205,29.2445411682129,29.188871383667,24.9801998138428,15.8033723831177
10.0795049667358,25.5683898925781,28.1213684082031,28.4153804779053,27.2102127075195,23.8008918762207,14.3040838241577
7.31685304641724,24.4639759063721,27.1199569702148,27.4375915527344,26.5674362182617,22.9254512786865,12.7576665878296
8.68221664428711,24.3571949005127,26.6963329315186,27.6135330200195,26.9241199493408,22.6643123626709,13.4311828613281
11.1754598617554,25.6731052398682,28.5434322357178,28.9263134002686,27.517110824585,23.7831439971924,14.5477867126465
7.35710334777832,24.207145690918,26.7633895874023,27.1437187194824,26.3481254577637,22.4880352020264,12.519642829895
9.06639862060547,25.2083415985107,28.0002517700195,28.2364349365234,27.0778503417969,23.5485095977783,13.8078994750977
14.5503740310669,29.6897029876709,31.077917098999,31.7151508331299,30.8394470214844,26.2054748535156,17.9175815582275
14.3635921478271,29.62575340271,30.8822231292725,31.1903076171875,30.4063835144043,25.779317855835,17.3738765716553
14.4471921920776,29.1377201080322,31.550968170166,31.3829402923584,30.5520782470703,25.4004707336426,16.9980773925781
16.9575462341309,30.2069282531738,33.4086952209473,33.186393737793,31.1804370880127,26.9577865600586,18.821662902832
15.1535186767578,28.9530467987061,31.1246299743652,31.8007164001465,30.5299282073975,26.5566673278809,18.2471332550049
14.2255792617798,29.2317543029785,31.0744781494141,31.2999267578125,30.4818496704102,25.3121852874756,17.0430545806885
18.3042945861816,30.5326194763184,32.6923446655273,32.9652862548828,31.9131832122803,27.5631370544434,19.7742958068848
16.2071971893311,27.9129390716553,29.3043556213379,29.8273468017578,29.2586135864258,26.7481060028076,20.0601177215576
17.7948398590088,29.0174102783203,31.3725032806396,31.4030075073242,31.0356216430664,28.8845119476318,21.747594833374
17.4534854888916,29.0566501617432,30.9264087677002,30.8866729736328,30.657922744751,28.4329395294189,20.6558437347412
17.6581420898438,29.5240898132324,31.7750930786133,31.9323291778564,31.027681350708,28.9732646942139,21.8111381530762
17.0311107635498,27.9415760040283,29.5455551147461,29.9351253509521,29.2469539642334,27.1307411193848,20.2405014038086
17.3117904663086,29.1736354827881,31.4844360351563,31.6405982971191,31.1555919647217,28.651439666748,21.8575458526611
17.0011119842529,28.8424739837646,30.2029628753662,30.4795703887939,30.0483875274658,27.4394435882568,20.5412197113037
16.9170360565186,28.3582439422607,29.8725929260254,30.1379928588867,29.6885299682617,27.3012962341309,20.229211807251
17.3349285125732,29.1171264648438,31.4596195220947,31.6354274749756,31.0452728271484,28.5641784667969,21.8365612030029
17.3691787719727,29.0120754241943,31.29563331604,31.419246673584,31.0492496490479,28.6534729003906,21.7191982269287
18.2076663970947,29.2124176025391,31.5792045593262,31.5692558288574,31.1696968078613,29.2131843566895,21.8566589355469
17.0907573699951,29.1461486816406,31.1897392272949,30.922420501709,30.734302520752,28.9049377441406,20.6654758453369
17.6368427276611,29.2528686523438,31.5220718383789,31.5912189483643,31.0822830200195,28.6448993682861,21.9077377319336
16.763334274292,27.9758071899414,29.593147277832,29.9351253509521,29.4378128051758,27.1222229003906,20.2114696502686
23.7799663543701,32.1006851196289,33.0774383544922,33.9975547790527,33.7321624755859,31.363130569458,26.5938415527344
23.2262763977051,31.951789855957,33.0993270874023,33.9563293457031,33.7001190185547,31.3500919342041,26.1955718994141
23.1328277587891,31.8435974121094,33.0412445068359,33.859073638916,33.6189308166504,31.3661613464355,26.3532104492188
22.307746887207,31.8080272674561,33.0998191833496,33.2313690185547,33.2241668701172,31.1084423065186,25.4718322753906
23.0416717529297,32.0152931213379,33.2046813964844,33.8467216491699,33.7094879150391,31.3731670379639,26.0464572906494
22.7809257507324,31.9857845306396,33.1940841674805,33.4247856140137,33.3956069946289,31.3280467987061,25.7921276092529
22.3113059997559,31.8795547485352,33.3694534301758,33.6745872497559,33.5459899902344,30.9849891662598,25.3869705200195
22.648567199707,31.9301071166992,33.3055572509766,33.6019897460938,33.5278625488281,31.2114486694336,25.6045951843262
22.9819793701172,31.9571685791016,33.216194152832,33.6083679199219,33.5369987487793,31.4544525146484,26.1848487854004
22.4061794281006,31.8649387359619,33.2297897338867,33.476131439209,33.4047203063965,31.0984230041504,25.4891834259033
9.74956703186035,24.1385555267334,25.7392234802246,28.882999420166,28.0411949157715,23.1564521789551,13.9760389328003
11.3486661911011,24.8909683227539,26.3444995880127,29.0080642700195,28.1514511108398,24.742166519165,15.6456451416016
7.22997426986694,21.7427978515625,23.5769138336182,27.3040027618408,26.4842891693115,21.9113788604736,13.2841901779175
9.4975004196167,24.0775814056396,25.6469993591309,28.9891929626465,27.9422588348389,22.9401664733887,13.7011289596558
11.6953172683716,25.1243591308594,26.8479900360107,29.6061553955078,28.6778888702393,25.0886325836182,16.0801677703857
11.4139518737793,24.6930809020996,26.6493186950684,29.4885444641113,28.855354309082,24.9760856628418,16.0761871337891
9.27333354949951,23.8741931915283,25.7873344421387,28.7561283111572,27.8864517211914,23.1246662139893,14.1193552017212
7.75277948379517,22.2808475494385,24.0708789825439,27.4033508300781,26.7381191253662,22.2799606323242,13.6526556015015
8.66323375701904,23.4018478393555,25.3345146179199,28.4017429351807,27.4681091308594,22.8389148712158,13.8370923995972
7.84111928939819,24.6735496520996,25.6051349639893,27.201940536499,26.0676097869873,20.5934753417969,9.80620765686035
7.737144947052,25.6362190246582,26.8692359924316,27.5670280456543,26.4374141693115,21.8229160308838,10.8416166305542
7.28484106063843,24.8591785430908,26.5997047424316,27.6624183654785,26.617618560791,22.7552375793457,12.1754169464111
6.86530303955078,24.8998241424561,26.2511959075928,27.763599395752,26.674732208252,22.5606784820557,12.0172643661499
7.49191665649414,25.1514682769775,25.8443298339844,27.5583267211914,26.546630859375,21.9236145019531,11.1027669906616
7.69282865524292,25.7810306549072,26.7391967773438,28.064416885376,27.0690021514893,22.179708480835,11.5677185058594
7.51643323898315,25.0662879943848,26.7875099182129,27.3036060333252,26.1599140167236,20.1365547180176,8.92002296447754
6.09746074676514,24.3177261352539,26.4503116607666,27.7117862701416,26.4981746673584,22.362377166748,12.0665102005005
7.8515248298645,24.8200664520264,26.3135738372803,27.8077220916748,26.9259376525879,22.256275177002,11.3763751983643
7.0237283706665,23.9044628143311,25.9484119415283,26.9823017120361,26.2804336547852,22.1537113189697,11.7031803131104
7.28651857376099,24.6813774108887,27.0066108703613,27.5918941497803,26.6366958618164,22.9786682128906,12.5377368927002
7.46902894973755,23.6984157562256,26.1261520385742,27.0345134735107,26.3263645172119,22.0343322753906,12.3246383666992
6.90495443344116,24.051944732666,26.4804763793945,26.9951839447021,26.2758121490479,22.4312362670898,12.1084842681885
7.3862771987915,24.2832431793213,25.9744052886963,27.2479763031006,26.468656539917,22.1174182891846,11.4560070037842
6.41522312164307,24.1625366210938,26.9350185394287,27.8679122924805,26.6501064300537,22.5589427947998,12.2346611022949
7.10971641540527,24.9985466003418,25.7996292114258,27.1792984008789,26.3170166015625,21.5877876281738,10.7638025283813
7.51489496231079,25.8425731658936,26.9988307952881,28.1385307312012,27.0180606842041,22.1983032226563,11.8147392272949
7.33189678192139,24.8050212860107,26.1569042205811,27.5308055877686,26.5507831573486,22.3286228179932,11.5595092773438
6.62739419937134,25.0461368560791,26.5470523834229,28.0171756744385,26.99387550354,22.3395519256592,12.1830415725708
6.90497064590454,24.5065879821777,27.0180912017822,27.845027923584,26.675256729126,22.9263191223145,12.4727277755737
7.03803682327271,25.0336780548096,25.634485244751,27.2497081756592,26.3119792938232,21.8964500427246,10.977484703064
7.79322910308838,24.5656929016113,25.4937496185303,27.1597785949707,25.9212036132813,20.431770324707,9.56132411956787
7.00338506698608,23.660192489624,26.1057796478271,26.7887516021729,26.1016750335693,22.0346565246582,11.9700336456299
5.93488883972168,24.134744644165,26.2731685638428,27.3550567626953,26.1774787902832,21.8027191162109,11.6649503707886
7.11645603179932,24.9365501403809,26.0197219848633,27.5327758789063,26.4882545471191,22.3107872009277,11.6393184661865
6.60001564025879,24.1758804321289,26.9591579437256,27.7203197479248,26.4095840454102,22.1185703277588,11.9593105316162
7.59551811218262,23.9134140014648,26.1577529907227,27.2578582763672,26.5337982177734,22.1671466827393,12.1211814880371
7.45385599136353,24.6799411773682,26.213659286499,26.6545810699463,25.3854789733887,20.1895637512207,9.18620872497559
7.68279218673706,25.2315788269043,26.247314453125,27.3385257720947,26.3527297973633,21.3684501647949,10.2783041000366
6.89961814880371,25.2221508026123,26.4723072052002,28.065071105957,27.0586471557617,22.6164722442627,12.217845916748
7.06724691390991,25.2117958068848,26.0086097717285,27.5672512054443,26.6563034057617,22.0851173400879,11.4730911254883
7.31106042861938,24.5567111968994,26.0867671966553,27.4126358032227,26.5725955963135,22.2981033325195,11.4542961120605
7.6857705116272,24.6112976074219,27.1876049041748,28.1116638183594,26.6137294769287,22.1591854095459,12.2442407608032
7.0790867805481,24.9791679382324,25.8014335632324,27.3873386383057,26.4307746887207,22.1013317108154,11.3331613540649
7.32475614547729,24.7052173614502,25.5967693328857,26.9313583374023,25.9592304229736,20.9593734741211,9.92012977600098
7.01138257980347,24.1886901855469,26.1707534790039,27.1459407806396,26.4019546508789,22.3964710235596,11.7339563369751
7.84928512573242,25.5938968658447,26.7559852600098,27.4889869689941,26.4372615814209,21.6748600006104,10.5359506607056
7.81850910186768,25.7239170074463,26.7414398193359,27.8737602233887,26.838888168335,22.0148811340332,11.1108837127686
7.90780925750732,25.5567855834961,26.8818035125732,27.3103561401367,26.0967845916748,21.5380573272705,10.4023542404175
7.13530254364014,24.502290725708,26.4136238098145,27.3519115447998,26.5126457214355,22.5953483581543,11.8789339065552
6.84580850601196,24.7107734680176,26.5906200408936,27.8309688568115,26.6748600006104,22.7801284790039,12.3107938766479
7.21141052246094,25.5683345794678,26.7579021453857,28.2410736083984,27.232458114624,22.3921413421631,12.1640825271606
20.5279178619385,31.0170383453369,32.7213249206543,32.7524108886719,32.1696319580078,30.1119842529297,24.4678497314453
21.5648021697998,30.9976425170898,32.6327857971191,32.7309608459473,32.6888008117676,30.8879795074463,25.115873336792
21.8118515014648,31.3516120910645,32.7977752685547,32.8302879333496,32.7639770507813,30.9437961578369,25.2010765075684
21.0230503082275,30.8762836456299,32.5895576477051,32.83154296875,32.5724067687988,30.6852226257324,24.8224315643311
22.0793743133545,31.0173377990723,33.0520820617676,33.3086700439453,33.2276229858398,31.7260417938232,25.6167335510254
20.1749439239502,30.9565582275391,32.8957786560059,33.0934600830078,32.3171081542969,30.1681613922119,24.3314514160156
21.6963443756104,31.2304401397705,32.7161750793457,32.7690048217773,32.6974411010742,30.9268131256104,25.1696720123291
20.7909355163574,30.9394435882568,32.601245880127,32.6997909545898,32.4011611938477,30.5380897521973,24.7533760070801
20.5742645263672,30.9753246307373,32.7665901184082,32.9961738586426,32.4472732543945,30.4312763214111,24.5917949676514
21.1601753234863,31.06374168396,32.6684684753418,32.6948013305664,32.5026588439941,30.637903213501,24.9158210754395
22.239595413208,31.4177169799805,32.8801574707031,32.9862098693848,32.8458938598633,31.0660190582275,25.4844017028809
15.0661163330078,28.6091976165771,30.7678108215332,30.9564228057861,30.4885559082031,27.5453414916992,18.480749130249
16.8048763275146,28.9598426818848,31.6012687683105,32.5366439819336,30.7691307067871,27.4834403991699,19.5020313262939
16.8685760498047,29.0184860229492,31.7914047241211,32.6766357421875,30.8416023254395,27.5179634094238,19.4987888336182
18.0518455505371,30.1588325500488,32.627872467041,32.9342956542969,31.3456611633301,29.1619453430176,22.2053070068359
15.2964811325073,29.2222213745117,31.2551860809326,31.7835121154785,30.8974914550781,27.4483337402344,19.1098575592041
14.5778007507324,29.195764541626,31.2191543579102,31.4825916290283,30.4412250518799,27.3655014038086,18.7589473724365
16.249382019043,28.4920349121094,30.8259258270264,31.333532333374,31.0300674438477,27.7858028411865,19.2550773620605
13.6997318267822,28.9593143463135,30.2529258728027,30.8198890686035,29.9356079101563,25.4682521820068,16.6509952545166
15.1875257492065,28.7841663360596,30.7545127868652,31.1771850585938,30.619836807251,27.2858600616455,18.9023952484131
14.8368330001831,29.4274196624756,31.1399993896484,31.762580871582,30.8038711547852,26.4716663360596,18.2319355010986
14.8255586624146,29.2788772583008,31.2483196258545,31.4830989837646,30.557523727417,27.3826103210449,18.7446556091309
16.0833339691162,29.3693542480469,31.5288333892822,31.0516128540039,30.781774520874,28.7481670379639,19.8348388671875
13.733419418335,26.0012187957764,30.6674880981445,29.8849048614502,28.5407371520996,24.5010242462158,15.8794116973877
11.5761365890503,24.4858646392822,28.062105178833,28.6159267425537,27.4609889984131,23.2709980010986,14.4371709823608
12.193133354187,24.9999752044678,28.6596851348877,28.565486907959,27.4296569824219,23.4974803924561,14.9951753616333
13.3158988952637,25.1098728179932,30.1605739593506,29.3862209320068,28.2544002532959,24.5743656158447,15.6195182800293
12.4625568389893,26.0278701782227,29.109992980957,29.1287021636963,27.8157424926758,24.1149711608887,15.0259437561035
13.3099536895752,26.5337333679199,29.5369262695313,29.1233882904053,28.0093898773193,24.4402523040771,15.4853324890137
13.8546981811523,27.5411567687988,29.8446941375732,29.6935977935791,28.9244270324707,24.9109115600586,15.9921407699585
10.9216260910034,25.1723251342773,28.342866897583,28.7700309753418,27.4229640960693,23.4694309234619,14.3421297073364
13.9040126800537,26.6699733734131,30.7252769470215,29.9157905578613,28.7191734313965,24.7652778625488,16.11598777771
12.6897687911987,26.0964260101318,29.2158012390137,29.0653762817383,27.8596477508545,24.187801361084,15.2173166275024
12.0620031356812,25.6056880950928,28.9144191741943,28.8754539489746,27.5346012115479,23.9432334899902,14.9449644088745
12.9704742431641,26.3701457977295,29.4592914581299,29.3293952941895,28.1244258880615,24.3698234558105,15.3534154891968
13.9754467010498,27.2103729248047,30.6365661621094,29.7677822113037,28.7709083557129,25.0728645324707,16.2542381286621
14.2251272201538,28.2747859954834,30.78098487854,30.4135570526123,29.6865158081055,25.090856552124,16.5371417999268
13.4204206466675,25.5941581726074,30.2337627410889,29.5799541473389,28.3986778259277,24.4580192565918,15.8503379821777
13.6353034973145,26.2600841522217,30.2473239898682,29.4890918731689,28.3436527252197,24.6027221679688,15.9846782684326
11.1968908309937,24.1717739105225,27.7059898376465,28.9620246887207,27.964376449585,23.0370960235596,14.0042877197266
14.3603391647339,28.1997184753418,31.1332893371582,30.4396286010742,29.5648860931396,25.3430671691895,16.6223659515381
13.6026582717896,25.4632911682129,30.5814723968506,29.6422729492188,28.291805267334,24.6263198852539,15.6776475906372
10.5794563293457,24.7639541625977,27.8820362091064,28.4537448883057,27.1300258636475,23.0149002075195,13.8377141952515
14.2873554229736,27.571849822998,30.1524696350098,29.8558330535889,29.0730857849121,24.8905735015869,16.1856594085693
11.8882217407227,25.1330299377441,28.410099029541,28.5030059814453,27.3411865234375,23.5030498504639,14.8470344543457
13.5228586196899,26.1608791351318,30.0031547546387,29.4374980926514,28.2728729248047,24.5820407867432,15.9831972122192
14.2556734085083,28.8639430999756,30.4001712799072,30.4462242126465,29.7342834472656,25.3852386474609,16.718770980835
14.13707447052,28.1282081604004,30.1522274017334,30.0745658874512,29.364559173584,25.112377166748,16.3477592468262
14.1497011184692,28.8023681640625,30.7505550384521,30.7650279998779,30.0277214050293,25.1390056610107,16.6997032165527
13.8212013244629,25.2916011810303,30.6607398986816,29.5496597290039,28.279541015625,24.9460201263428,15.7066478729248
11.2406368255615,24.7788619995117,28.0537223815918,28.4882202148438,27.2295780181885,23.260721206665,14.4150791168213
12.7114238739014,25.8716888427734,29.0676803588867,28.88405418396,27.7126541137695,24.0381698608398,15.2818565368652
13.5913677215576,26.5074062347412,29.7749309539795,29.2163677215576,28.0261249542236,24.569486618042,15.8174543380737
14.4436454772949,29.4140338897705,30.7287292480469,30.8484115600586,30.1429138183594,25.6544170379639,17.1078491210938
14.1612091064453,27.5914058685303,30.5182228088379,29.8268585205078,29.0253086090088,25.1167678833008,16.3365211486816
13.6830997467041,26.9175395965576,29.7621479034424,29.530200958252,28.5051288604736,24.655933380127,15.7039394378662
14.0020189285278,27.1048240661621,30.0733394622803,29.4751071929932,28.5377197265625,24.8279113769531,16.0342979431152
14.4195775985718,27.892240524292,31.3507785797119,30.5040626525879,29.3664665222168,25.3143558502197,16.5823268890381
11.3211307525635,25.079381942749,28.3784885406494,28.5334529876709,27.1550731658936,23.4667568206787,14.6697454452515
13.8394346237183,26.8056640625,30.2304229736328,29.4560451507568,28.4088191986084,24.8180408477783,16.0885715484619
21.4914779663086,28.3194637298584,31.1166667938232,30.4358501434326,31.7107772827148,30.2795448303223,23.5175952911377
7.03347730636597,24.7589015960693,27.0028820037842,27.4617729187012,26.6074142456055,19.8069515228271,9.28152275085449
7.5201563835144,24.014720916748,25.9929790496826,27.2361240386963,27.8593101501465,16.7730255126953,9.00177097320557
7.20891618728638,25.368070602417,27.3657264709473,27.62744140625,26.7171688079834,20.4457550048828,9.25881862640381
7.65484762191772,23.7061405181885,26.5709667205811,28.1902046203613,28.0819568634033,19.9682598114014,10.3112478256226
7.08000755310059,24.3110179901123,26.7709789276123,27.4873123168945,27.0781860351563,18.8915710449219,8.18941593170166
6.68347072601318,23.5854606628418,25.9530296325684,26.9737129211426,26.6867218017578,18.2429332733154,7.99884080886841
8.00907897949219,24.1956615447998,26.5689067840576,27.4151878356934,27.4149208068848,17.6965999603271,7.74498653411865
6.95501708984375,23.424488067627,25.5700664520264,26.6684074401855,26.7375621795654,17.1935977935791,7.90267419815063
7.66142559051514,25.7127494812012,27.6352348327637,27.9105052947998,26.8545303344727,20.8413066864014,9.86226177215576
7.79920721054077,25.5996150970459,27.1614475250244,27.4799327850342,26.2237091064453,21.1303291320801,9.95260334014893
7.72952938079834,25.4406509399414,27.4602241516113,27.8143005371094,26.5703601837158,20.9968795776367,9.97032642364502
6.62499189376831,24.1082878112793,26.5584602355957,27.1599311828613,26.5429763793945,19.0920085906982,8.44706344604492
7.43782615661621,24.0477199554443,26.3722267150879,27.2811298370361,27.108606338501,17.9856624603271,7.82676649093628
6.81762981414795,23.7912921905518,25.8388576507568,27.6204643249512,28.1548175811768,17.3247108459473,9.77122592926025
7.20061492919922,24.2846508026123,26.5097179412842,27.6142768859863,27.8232364654541,18.6795768737793,9.71515369415283
12.7743864059448,26.1201953887939,27.5663166046143,28.4254417419434,28.4852905273438,25.9865779876709,17.2184886932373
12.8603534698486,26.6151313781738,27.7197170257568,28.3026008605957,28.336217880249,26.0893745422363,17.4390811920166
13.1530332565308,27.0192565917969,27.5100421905518,28.1708736419678,28.1431465148926,25.7719249725342,17.6584663391113
13.244776725769,27.1069278717041,27.5431308746338,28.1776218414307,27.9842872619629,25.7703857421875,17.9202671051025
14.3325862884521,27.4657535552979,28.2672100067139,28.5605335235596,28.3775024414063,26.1763668060303,18.477108001709
12.8495349884033,25.7738704681396,27.3391571044922,28.5379848480225,28.4288520812988,25.6601009368896,17.0620269775391
13.6156568527222,27.4510307312012,28.0509986877441,28.3308219909668,28.2863636016846,26.0895481109619,17.5287132263184
12.0739755630493,25.5890712738037,27.0767154693604,29.0340404510498,28.3450164794922,25.4675636291504,16.4785919189453
14.092963218689,27.2784938812256,27.648889541626,28.8232975006104,28.5874557495117,26.0316677093506,18.0308246612549
14.0183734893799,27.4416618347168,28.1310005187988,28.6525287628174,28.4087467193604,26.166971206665,18.5188217163086
11.9864902496338,25.2650566101074,26.9367408752441,29.4618110656738,28.5676212310791,25.2105712890625,16.2444953918457
13.6779251098633,27.3460178375244,27.8225555419922,28.3881931304932,28.145206451416,26.0045490264893,18.1407623291016
13.0643129348755,25.9997234344482,27.5066833496094,28.5356674194336,28.6223926544189,25.8649311065674,17.1088542938232
13.0445823669434,26.338586807251,27.5302047729492,28.3362884521484,28.478666305542,25.925989151001,17.4009799957275
12.5946950912476,25.6267185211182,27.2629222869873,29.1222648620605,28.6313648223877,25.6063976287842,16.6666240692139
14.6919231414795,27.6336326599121,28.5986595153809,28.7307472229004,28.4830169677734,26.1795902252197,18.7579936981201
12.2775001525879,25.1651439666748,26.9298133850098,28.6267013549805,28.4137992858887,25.3848152160645,16.8262538909912
12.9103670120239,26.7189388275146,27.5511245727539,28.226318359375,28.3121814727783,25.983419418335,17.6506786346436
13.6229772567749,27.2796211242676,27.8158187866211,28.4866466522217,28.3213844299316,25.9883193969727,18.0343894958496
13.4052038192749,26.5236892700195,27.7829284667969,28.687629699707,28.6844596862793,26.0222225189209,17.4964065551758
12.8007020950317,26.8741035461426,27.8639335632324,28.3058948516846,28.227180480957,26.0652961730957,17.3906555175781
13.4641742706299,27.2198238372803,27.7701530456543,28.2750930786133,28.2483367919922,26.0041370391846,17.5865364074707
14.170786857605,27.8382530212402,28.272045135498,28.6599559783936,28.6299457550049,26.1766662597656,17.7415504455566
11.854868888855,24.8015975952148,26.8095111846924,29.1412487030029,28.8295421600342,25.2580032348633,16.6962070465088
12.1754674911499,25.9718627929688,27.4157409667969,28.9414100646973,28.4945278167725,25.7866535186768,16.8613262176514
14.6900930404663,28.0147399902344,28.562707901001,29.3282661437988,29.0783081054688,26.668909072876,18.8635768890381
13.9950504302979,27.625732421875,28.1301612854004,28.4224338531494,28.4009056091309,26.0748977661133,17.6510581970215
12.7854404449463,25.9605941772461,27.5302066802979,28.6884479522705,28.6314678192139,25.9569263458252,17.0393829345703
12.2179651260376,25.1589641571045,26.9988212585449,28.9822788238525,28.7157382965088,25.4363899230957,16.9055862426758
12.5472898483276,25.4492664337158,27.1515617370605,28.7414112091064,28.5858097076416,25.5602054595947,16.9345836639404
12.9874238967896,26.806978225708,27.6462211608887,28.1797504425049,28.2048587799072,25.987699508667,17.5051765441895
13.4987211227417,26.9708805084229,27.7530937194824,28.52903175354,28.5941829681396,26.05299949646,17.7004489898682
12.2625131607056,26.3290615081787,27.6334018707275,28.5705318450928,28.4209728240967,25.9501132965088,17.1992416381836
12.9057235717773,25.7781028747559,26.693265914917,28.4876174926758,28.3512535095215,25.028787612915,16.6619415283203
11.7860841751099,25.249490737915,26.7707767486572,29.1469612121582,28.2976741790771,25.1100196838379,16.0788612365723
12.6947326660156,25.5154724121094,27.2544193267822,29.0893630981445,28.7942008972168,25.5744552612305,16.8068695068359
13.1200504302979,26.1184768676758,27.6203632354736,28.7065353393555,28.677885055542,25.8887157440186,17.3328514099121
19.3794994354248,31.1516132354736,32.7353324890137,34.335807800293,32.666130065918,27.9694995880127,20.3091926574707
18.7159252166748,30.7819004058838,32.7048149108887,33.2569885253906,32.2494621276855,27.8574066162109,20.1616497039795
14.5599431991577,24.7446842193604,27.071590423584,29.6102447509766,29.2553157806396,25.0964965820313,18.2342376708984
14.1856060028076,24.4254035949707,26.7395839691162,29.3238639831543,28.8205642700195,24.5865535736084,17.6325149536133
8.81385803222656,25.6973991394043,27.9027633666992,29.4335193634033,28.7457962036133,23.3343105316162,12.7017107009888
6.60794496536255,24.0327911376953,26.1441879272461,27.281156539917,26.0801486968994,21.3775844573975,11.3778963088989
8.50886917114258,25.9593124389648,28.3326625823975,28.6835670471191,28.0044460296631,21.8171615600586,11.1669874191284
9.07803249359131,24.75754737854,27.3838977813721,29.5661373138428,28.765007019043,23.3180294036865,13.2135581970215
10.0096855163574,24.7851028442383,27.6679077148438,29.2783718109131,28.3200798034668,23.2064895629883,13.552170753479
10.6505918502808,25.4394474029541,28.562370300293,29.1014080047607,27.813024520874,23.6370544433594,14.1921110153198
8.71928405761719,25.6092357635498,27.8711986541748,29.148645401001,28.7819728851318,22.2169284820557,11.5298070907593
7.04343032836914,24.8789234161377,26.5173225402832,27.4264984130859,26.3355350494385,21.483211517334,10.9456834793091
6.88356876373291,24.1108589172363,26.3552265167236,27.3743667602539,26.2899532318115,21.4047298431396,11.193736076355
8.70373439788818,25.3948268890381,27.5595798492432,29.3559741973877,28.7452869415283,22.9318428039551,12.1044902801514
9.92715549468994,25.2812252044678,27.9448318481445,28.9800777435303,27.8090705871582,23.1781368255615,13.3988265991211
7.53137826919556,24.3680458068848,26.7783050537109,27.8018436431885,26.5432243347168,21.9906883239746,12.0399961471558
9.51723289489746,25.1435451507568,28.0421619415283,28.7358436584473,27.171178817749,22.9084892272949,13.2934999465942
8.64866256713867,24.9534702301025,27.5149211883545,28.4914817810059,27.1056537628174,22.5507431030273,12.722487449646
8.30431938171387,24.7679386138916,27.2629814147949,28.2537708282471,26.7171478271484,22.1296997070313,12.4141645431519
7.24897861480713,24.3538093566895,26.5953712463379,27.7196922302246,26.3647193908691,21.7763481140137,11.8646831512451
8.82959270477295,24.5569248199463,27.1097946166992,29.3624477386475,29.2799892425537,21.7460289001465,11.460991859436
7.52935457229614,25.1601085662842,26.8181400299072,27.410213470459,26.2753429412842,21.4282722473145,10.4679403305054
9.10605430603027,25.7519569396973,28.0096702575684,29.5164451599121,28.7629699707031,23.4788703918457,13.1438426971436
8.69827747344971,25.7879257202148,28.2184600830078,29.2392978668213,28.5839920043945,22.8861827850342,12.0871171951294
9.63279914855957,25.1790962219238,27.9837837219238,28.7777519226074,27.3242301940918,22.9332618713379,13.2829179763794
10.6486797332764,25.4861183166504,28.5294628143311,29.0561237335205,27.6087665557861,23.6203994750977,14.295069694519
18.5363292694092,29.7079010009766,32.0066452026367,32.2929878234863,31.4900856018066,29.3601951599121,22.5456352233887
19.0285186767578,30.1548385620117,32.5746307373047,32.843189239502,32.0612907409668,29.7642593383789,23.2870960235596
18.0727920532227,29.5681858062744,31.7385387420654,32.0632553100586,31.2750015258789,29.1089782714844,22.2979354858398
18.799861907959,29.8176002502441,32.2211647033691,32.4987297058105,31.6780185699463,29.5676727294922,22.7872714996338
18.7222805023193,30.1549816131592,32.4150390625,32.6716766357422,31.6638469696045,29.4749584197998,22.8194484710693
19.6092586517334,29.0141735076904,30.9887199401855,31.2067451477051,31.2600193023682,30.2215480804443,23.0057029724121
17.646656036377,29.5112457275391,31.6312618255615,31.8909816741943,31.0092124938965,28.9001979827881,21.987476348877
17.1468524932861,29.1224613189697,31.419075012207,31.6781978607178,31.1542415618896,28.6939525604248,21.8669052124023
18.886661529541,30.2390193939209,32.5480613708496,32.7995223999023,31.8679866790771,29.606014251709,23.0965995788574
17.7552757263184,29.4485778808594,31.5911350250244,31.9030342102051,31.1433544158936,28.9392490386963,22.0762767791748
25.16237449646,31.9975872039795,33.4488754272461,34.5282821655273,35.1310958862305,30.3912563323975,26.8500537872314
6.86540412902832,23.9586181640625,25.2478942871094,27.2489395141602,26.1146965026855,20.9856071472168,10.373330116272
8.79734039306641,24.0321502685547,25.5194568634033,27.9890918731689,27.1898994445801,22.9976634979248,13.467677116394
8.01210403442383,23.4688396453857,25.0713653564453,27.5016460418701,26.7663669586182,22.2915134429932,12.7355222702026
7.82781028747559,23.4103393554688,25.3208904266357,27.8643817901611,26.7958297729492,22.3325748443604,12.7882394790649
9.60491943359375,24.8327865600586,26.2461490631104,27.7964401245117,27.138557434082,23.5151805877686,13.8181505203247
6.95499992370605,21.1444282531738,23.1392421722412,26.5004405975342,26.0375366210938,21.221363067627,12.4577713012695
6.7675085067749,23.9160957336426,25.1683502197266,27.188497543335,26.021993637085,20.895959854126,10.231183052063
7.52500009536743,23.3148384094238,25.0161666870117,27.5762901306152,26.4758071899414,21.7586669921875,11.8195161819458
9.44452953338623,24.307638168335,25.6863193511963,27.832935333252,27.3468589782715,23.6019172668457,13.7781171798706
7.22841644287109,21.3880195617676,23.2683410644531,26.8144092559814,26.2186279296875,21.410083770752,12.6985931396484
7.39511775970459,24.3310527801514,25.3286190032959,27.0158023834229,26.0423583984375,21.1151523590088,10.4203319549561
20.0444736480713,31.0030860900879,32.852783203125,33.0035934448242,32.1399002075195,29.9393901824951,24.224609375
21.4746036529541,28.2647838592529,31.161506652832,30.3845996856689,31.738094329834,30.2948417663574,23.5948543548584
20.9904766082764,28.239631652832,30.7588748931885,30.3958950042725,31.8977794647217,30.2770557403564,23.5259742736816
19.778112411499,30.9590930938721,32.9596710205078,33.0696983337402,32.1040878295898,29.8348255157471,23.8753414154053
9.78817081451416,24.109920501709,25.8738918304443,28.9028968811035,28.017822265625,23.4107303619385,14.2069568634033
7.57416677474976,22.7868041992188,24.9409103393555,27.6625366210938,26.6459674835205,21.9523468017578,12.479471206665
20.0241756439209,32.3154106140137,34.0203742980957,34.2582969665527,33.2637062072754,28.6870880126953,20.4506130218506
14.4981164932251,28.8736400604248,29.7856464385986,29.1220874786377,29.2198047637939,27.8450202941895,18.9864921569824
15.413966178894,29.5250053405762,30.5396480560303,30.5418033599854,30.013011932373,28.381031036377,19.9936180114746
14.8806257247925,29.1476898193359,30.3065032958984,29.745885848999,29.5605850219727,28.1387729644775,19.5147800445557
15.1083927154541,29.0089550018311,30.7348976135254,30.0851249694824,29.7098293304443,28.2232456207275,19.6388530731201
14.6245584487915,29.2083282470703,29.8375968933105,29.1366062164307,29.5393047332764,27.9524555206299,18.2279434204102
16.3489456176758,29.3025932312012,31.0120506286621,30.8173999786377,30.3669338226318,28.5428237915039,20.0724506378174
11.2696666717529,26.5550003051758,27.9922485351563,28.8927421569824,29.5321769714355,26.2418327331543,16.1420974731445
15.6443815231323,28.4237632751465,29.0382041931152,29.417724609375,29.3284912109375,26.9623527526855,19.3141117095947
11.6214208602905,25.2938003540039,26.506778717041,28.395622253418,27.7284049987793,24.9831237792969,16.0142784118652
12.5208177566528,27.0820159912109,28.0727138519287,28.1739044189453,28.1812229156494,25.9128971099854,17.2347450256348
16.1060466766357,29.3107070922852,30.0399169921875,30.2578125,30.0608959197998,27.9689540863037,19.9270706176758
12.3014106750488,26.535005569458,27.6278247833252,28.1383647918701,28.0101165771484,25.7068710327148,16.93186378479
13.4164276123047,28.0372695922852,28.5460834503174,28.4673233032227,28.4862804412842,26.6264705657959,17.7677536010742
17.2586612701416,29.0196971893311,30.659351348877,30.774393081665,30.5444164276123,28.1173191070557,20.47922706604
11.3626670837402,25.7717742919922,27.0464992523193,28.2824192047119,28.3870964050293,25.6429996490479,16.3370971679688
12.2563991546631,26.6092014312744,27.6617431640625,28.1855773925781,28.0659675598145,25.7286338806152,17.1329517364502
13.0800142288208,27.7536773681641,29.790355682373,30.211877822876,30.3082046508789,25.2928333282471,16.4387493133545
12.5270099639893,27.0306129455566,28.7844944000244,29.4258098602295,29.044246673584,24.2350730895996,15.4492979049683
12.7216682434082,27.3348751068115,29.3214359283447,29.5353870391846,29.8083553314209,25.0028743743896,16.1297779083252
15.6872510910034,29.5664157867432,32.8061637878418,32.3586463928223,30.7298583984375,25.9794158935547,17.6121368408203
15.1425247192383,28.210111618042,32.2622718811035,31.4754619598389,29.8698425292969,25.4105911254883,16.981725692749
14.9009628295898,28.3874797821045,31.9772853851318,31.2228832244873,29.702579498291,25.3429412841797,16.7757873535156
17.7529621124268,30.3943557739258,33.0275917053223,32.9399642944336,31.5335121154785,27.2494430541992,19.2060050964355
18.2468528747559,29.5508613586426,31.9731845855713,32.0788536071777,31.3815765380859,29.1671867370605,21.7817211151123
17.8927783966064,29.4882907867432,31.8439502716064,31.9410991668701,31.1540012359619,29.01975440979,21.6207294464111
23.8984489440918,31.50710105896,32.3291625976563,33.1731643676758,32.9302139282227,30.7372531890869,27.2053527832031
23.9815998077393,31.7820911407471,32.584358215332,33.4515419006348,33.3631019592285,30.9589519500732,26.895393371582
23.7740612030029,31.3875942230225,32.2888641357422,33.2729263305664,33.2051391601563,30.6610260009766,26.8437347412109
23.8594970703125,31.4668807983398,32.3763198852539,33.3210601806641,32.798957824707,30.8962173461914,27.7172412872314
9.26283359527588,23.6984405517578,25.4789981842041,28.6868286132813,27.6837635040283,22.8784999847412,13.9023122787476
10.0698146820068,24.2714157104492,25.9944915771484,28.9835205078125,28.2425346374512,23.6036396026611,14.3810214996338
8.11333751678467,24.1224899291992,26.5784797668457,27.5438137054443,27.2728691101074,18.0570621490479,7.63130474090576
7.72902297973633,23.9643898010254,26.4346218109131,27.3898448944092,26.8887691497803,18.5511837005615,7.6964225769043
7.42877244949341,24.1941375732422,26.6201400756836,27.3815078735352,26.6210536956787,19.1662311553955,8.0268611907959
7.31360578536987,23.5934867858887,25.9640312194824,26.867073059082,26.0708141326904,18.7766895294189,7.58124589920044
7.33026266098022,22.881031036377,25.5618228912354,26.6267566680908,26.0629959106445,17.6574993133545,7.03572082519531
7.77191209793091,25.3141460418701,26.851583480835,27.1279067993164,25.8358249664307,20.801420211792,9.64069271087646
14.5928583145142,29.3603744506836,31.250431060791,31.6641407012939,30.4361705780029,27.2461795806885,18.5832710266113
14.5803756713867,29.2346019744873,31.0072612762451,32.0488700866699,30.7705078125,26.7395992279053,17.8539257049561
17.8176231384277,29.9883155822754,32.4978561401367,32.6717224121094,31.1686344146729,29.1439094543457,22.0850811004639
18.0980491638184,30.1261558532715,32.4374237060547,32.6971321105957,31.3200168609619,29.1938438415527,22.3735866546631
17.6878128051758,29.9365310668945,32.6347923278809,32.8545303344727,31.0721836090088,29.0364017486572,21.7778606414795
13.9719161987305,25.2299137115479,30.2583656311035,29.5406455993652,28.5756282806396,24.8952484130859,15.7952060699463
13.4644269943237,26.7754001617432,29.535852432251,29.4357070922852,28.3976669311523,24.5633106231689,15.5566377639771
13.9710874557495,26.4964790344238,31.0912017822266,30.3077831268311,28.8058414459229,24.6904754638672,16.0041923522949
7.09980583190918,23.7991409301758,25.8735084533691,27.2565250396729,27.3750705718994,17.916971206665,9.11843872070313
6.85341835021973,23.1358203887939,25.1833209991455,26.1457767486572,26.3567066192627,16.2552547454834,7.1333589553833
7.69168472290039,25.0622062683105,27.4841842651367,27.853084564209,26.9336471557617,20.307954788208,9.92253875732422
6.73678874969482,23.9905700683594,26.3611183166504,27.256685256958,26.7142887115479,19.0019187927246,8.68111705780029
7.28300476074219,24.6433410644531,27.1184368133545,27.5708026885986,26.4833221435547,19.7175407409668,9.61419677734375
7.48759031295776,24.3542022705078,26.5184364318848,28.005054473877,28.432767868042,17.9100093841553,9.89216804504395
7.25122117996216,23.9355087280273,26.0175151824951,27.4530258178711,27.6944828033447,17.7013187408447,9.36323261260986
7.18076705932617,23.9838085174561,25.8234043121338,27.3708744049072,28.0818881988525,16.6494922637939,9.38539886474609
6.87825393676758,23.2692623138428,25.236270904541,26.7001285552979,26.8821220397949,16.6616096496582,8.19980049133301
6.7429518699646,23.949836730957,26.4113159179688,27.2125072479248,26.5741996765137,18.9627838134766,9.31901359558105
6.92059993743896,23.2657585144043,25.2662353515625,26.5277214050293,26.7624130249023,16.617733001709,7.97724533081055
7.00513029098511,24.717378616333,27.0749340057373,27.4895973205566,26.7646789550781,19.6958751678467,8.59211349487305
13.8344440460205,27.1168460845947,28.0407409667969,28.821325302124,28.8919353485107,26.2866668701172,17.8163089752197
6.59510660171509,23.9714813232422,26.2645721435547,27.1932048797607,26.152587890625,21.0229110717773,10.5759315490723
7.15071725845337,24.5144500732422,27.0600051879883,27.6356372833252,26.8124103546143,21.1646900177002,10.3442945480347
7.42230081558228,24.8798484802246,27.1178913116455,27.6160984039307,26.527904510498,20.9272556304932,9.91601943969727
7.92744112014771,23.4600849151611,25.4457912445068,28.0464324951172,26.8786239624023,22.2518520355225,12.7087001800537
